12 0.7732793522267206 0.35294117647058826 0.7773279352226721 0.35784313725490197 0.7935222672064778 0.35784313725490197 0.805668016194332 0.3480392156862745 0.8340080971659919 0.3480392156862745 0.8461538461538461 0.3627450980392157 0.8623481781376519 0.3627450980392157 0.8866396761133604 0.39215686274509803 0.8906882591093117 0.39215686274509803 0.8947368421052632 0.39705882352941174 0.9109311740890689 0.39705882352941174 0.9109311740890689 0.4019607843137255 0.9149797570850202 0.4068627450980392 0.9149797570850202 0.4264705882352941 0.9109311740890689 0.43137254901960786 0.9068825910931174 0.44607843137254904 0.8906882591093117 0.46568627450980393 0.8866396761133604 0.46568627450980393 0.8825910931174089 0.47058823529411764 0.8785425101214575 0.46568627450980393 0.8663967611336032 0.46568627450980393 0.8623481781376519 0.46078431372549017 0.854251012145749 0.46078431372549017 0.8502024291497976 0.45588235294117646 0.8259109311740891 0.45588235294117646 0.8259109311740891 0.45098039215686275 0.8340080971659919 0.4362745098039216 0.8340080971659919 0.43137254901960786 0.8299595141700404 0.4264705882352941 0.8299595141700404 0.4019607843137255 0.8259109311740891 0.39705882352941174 0.8137651821862348 0.4117647058823529 0.8097165991902834 0.4264705882352941 0.8016194331983806 0.4362745098039216 0.8016194331983806 0.44607843137254904 0.7854251012145749 0.44607843137254904 0.7773279352226721 0.45588235294117646 0.7773279352226721 0.46078431372549017 0.7611336032388664 0.46078431372549017 0.7611336032388664 0.45588235294117646 0.757085020242915 0.45098039215686275 0.757085020242915 0.4411764705882353 0.7530364372469636 0.4362745098039216 0.7408906882591093 0.43137254901960786 0.7165991902834008 0.4019607843137255 0.7165991902834008 0.39705882352941174 0.7246963562753036 0.38235294117647056 0.7246963562753036 0.3627450980392157 0.7327935222672065 0.35294117647058826 0.7692307692307693 0.35294117647058826
12 0.5789473684210527 0.6519607843137255 0.5789473684210527 0.6862745098039216 0.5708502024291497 0.7009803921568627 0.5425101214574899 0.7009803921568627 0.5344129554655871 0.6911764705882353 0.5344129554655871 0.6862745098039216 0.5222672064777328 0.6715686274509803 0.5222672064777328 0.6568627450980392 0.5506072874493927 0.6568627450980392 0.5546558704453441 0.6519607843137255 0.5748987854251012 0.6519607843137255
12 0.29959514170040485 0.3284313725490196 0.30364372469635625 0.3333333333333333 0.3319838056680162 0.3333333333333333 0.3360323886639676 0.3284313725490196 0.340080971659919 0.3284313725490196 0.3481781376518219 0.3382352941176471 0.3481781376518219 0.35294117647058826 0.340080971659919 0.3627450980392157 0.340080971659919 0.36764705882352944 0.3481781376518219 0.37745098039215685 0.3481781376518219 0.38235294117647056 0.3562753036437247 0.39215686274509803 0.3562753036437247 0.39705882352941174 0.3522267206477733 0.4019607843137255 0.3522267206477733 0.4117647058823529 0.3481781376518219 0.4166666666666667 0.3481781376518219 0.4215686274509804 0.3441295546558704 0.4215686274509804 0.340080971659919 0.4264705882352941 0.32793522267206476 0.4264705882352941 0.32388663967611336 0.43137254901960786 0.32793522267206476 0.4362745098039216 0.340080971659919 0.4411764705882353 0.340080971659919 0.45098039215686275 0.32793522267206476 0.46568627450980393 0.32388663967611336 0.46568627450980393 0.31983805668016196 0.47058823529411764 0.31983805668016196 0.47549019607843135 0.3157894736842105 0.47549019607843135 0.3117408906882591 0.4803921568627451 0.3076923076923077 0.4803921568627451 0.30364372469635625 0.47549019607843135 0.291497975708502 0.47549019607843135 0.2834008097165992 0.4852941176470588 0.2834008097165992 0.49019607843137253 0.291497975708502 0.5049019607843137 0.291497975708502 0.5588235294117647 0.2793522267206478 0.5588235294117647 0.27530364372469635 0.553921568627451 0.26720647773279355 0.553921568627451 0.2631578947368421 0.5490196078431373 0.2591093117408907 0.553921568627451 0.2550607287449393 0.5490196078431373 0.25101214574898784 0.5490196078431373 0.24696356275303644 0.5441176470588235 0.2388663967611336 0.5441176470588235 0.23481781376518218 0.5392156862745098 0.22267206477732793 0.5392156862745098 0.21052631578947367 0.553921568627451 0.20647773279352227 0.553921568627451 0.20242914979757085 0.5588235294117647 0.1902834008097166 0.553921568627451 0.1902834008097166 0.5490196078431373 0.17813765182186234 0.5343137254901961 0.17408906882591094 0.5343137254901961 0.17408906882591094 0.5294117647058824 0.1700404858299595 0.5245098039215687 0.1700404858299595 0.5196078431372549 0.16194331983805668 0.5098039215686274 0.16194331983805668 0.5049019607843137 0.15789473684210525 0.5 0.15789473684210525 0.49019607843137253 0.14979757085020243 0.4803921568627451 0.14979757085020243 0.47549019607843135 0.145748987854251 0.47058823529411764 0.1417004048582996 0.47058823529411764 0.14979757085020243 0.47058823529411764 0.15789473684210525 0.45588235294117646 0.15384615384615385 0.45098039215686275 0.1417004048582996 0.45588235294117646 0.145748987854251 0.45098039215686275 0.145748987854251 0.4411764705882353 0.14979757085020243 0.4362745098039216 0.145748987854251 0.43137254901960786 0.13360323886639677 0.43137254901960786 0.13360323886639677 0.4166666666666667 0.13765182186234817 0.4117647058823529 0.13765182186234817 0.4019607843137255 0.145748987854251 0.4117647058823529 0.14979757085020243 0.4068627450980392 0.14979757085020243 0.39215686274509803 0.15384615384615385 0.3872549019607843 0.15789473684210525 0.3872549019607843 0.15789473684210525 0.39705882352941174 0.16194331983805668 0.4019607843137255 0.1659919028340081 0.39705882352941174 0.1700404858299595 0.39705882352941174 0.17408906882591094 0.39215686274509803 0.1700404858299595 0.3872549019607843 0.1659919028340081 0.3872549019607843 0.1659919028340081 0.37254901960784315 0.1659919028340081 0.37745098039215685 0.1700404858299595 0.38235294117647056 0.18218623481781376 0.38235294117647056 0.1862348178137652 0.37745098039215685 0.1862348178137652 0.36764705882352944 0.18218623481781376 0.3627450980392157 0.17813765182186234 0.3627450980392157 0.1902834008097166 0.3480392156862745 0.20242914979757085 0.3480392156862745 0.20647773279352227 0.35294117647058826 0.21862348178137653 0.35294117647058826 0.22672064777327935 0.3382352941176471 0.25101214574898784 0.3382352941176471 0.2550607287449393 0.3431372549019608 0.2631578947368421 0.3431372549019608 0.26720647773279355 0.3382352941176471 0.27530364372469635 0.3382352941176471 0.2793522267206478 0.3333333333333333 0.2874493927125506 0.3333333333333333 0.291497975708502 0.3284313725490196 0.29554655870445345 0.3284313725490196
12 0.611336032388664 0.20098039215686275 0.6072874493927125 0.20588235294117646 0.611336032388664 0.2107843137254902 0.6153846153846154 0.2107843137254902 0.611336032388664 0.21568627450980393 0.6153846153846154 0.22058823529411764 0.6194331983805668 0.22058823529411764 0.6234817813765182 0.21568627450980393 0.6234817813765182 0.2107843137254902 0.6234817813765182 0.21568627450980393 0.6275303643724697 0.22058823529411764 0.6356275303643725 0.20588235294117646 0.6396761133603239 0.2107843137254902 0.6518218623481782 0.2107843137254902 0.6558704453441295 0.21568627450980393 0.6680161943319838 0.21568627450980393 0.680161943319838 0.23039215686274508 0.6842105263157895 0.23039215686274508 0.6842105263157895 0.23529411764705882 0.6882591093117408 0.24019607843137256 0.6882591093117408 0.24509803921568626 0.6963562753036437 0.25980392156862747 0.6963562753036437 0.27941176470588236 0.6842105263157895 0.29411764705882354 0.6842105263157895 0.3088235294117647 0.6720647773279352 0.3235294117647059 0.6680161943319838 0.3235294117647059 0.6680161943319838 0.31862745098039214 0.659919028340081 0.3088235294117647 0.6518218623481782 0.3088235294117647 0.6477732793522267 0.30392156862745096 0.6396761133603239 0.30392156862745096 0.6356275303643725 0.29901960784313725 0.631578947368421 0.29901960784313725 0.6234817813765182 0.28921568627450983 0.6032388663967612 0.28921568627450983 0.5991902834008097 0.29411764705882354 0.582995951417004 0.29411764705882354 0.5870445344129555 0.28921568627450983 0.5870445344129555 0.27450980392156865 0.582995951417004 0.2696078431372549 0.582995951417004 0.25980392156862747 0.5748987854251012 0.25 0.5748987854251012 0.22549019607843138 0.5910931174089069 0.22549019607843138 0.5951417004048583 0.22058823529411764 0.6072874493927125 0.22058823529411764 0.611336032388664 0.21568627450980393 0.6072874493927125 0.2107843137254902 0.6032388663967612 0.2107843137254902 0.6072874493927125 0.20588235294117646
12 0.6963562753036437 0.07352941176470588 0.7044534412955465 0.08823529411764706 0.7044534412955465 0.09803921568627451 0.708502024291498 0.10294117647058823 0.708502024291498 0.10784313725490197 0.7125506072874493 0.11274509803921569 0.7165991902834008 0.12745098039215685 0.7206477732793523 0.1323529411764706 0.7246963562753036 0.1323529411764706 0.7327935222672065 0.14215686274509803 0.7408906882591093 0.14215686274509803 0.7408906882591093 0.14705882352941177 0.7489878542510121 0.1568627450980392 0.7611336032388664 0.1568627450980392 0.7651821862348178 0.16176470588235295 0.7692307692307693 0.16176470588235295 0.7732793522267206 0.16666666666666666 0.7773279352226721 0.16666666666666666 0.7894736842105263 0.17647058823529413 0.7975708502024291 0.17647058823529413 0.8016194331983806 0.18137254901960784 0.8137651821862348 0.18137254901960784 0.8178137651821862 0.18627450980392157 0.8259109311740891 0.18627450980392157 0.8380566801619433 0.20098039215686275 0.8380566801619433 0.20588235294117646 0.8421052631578947 0.2107843137254902 0.8421052631578947 0.22058823529411764 0.8461538461538461 0.22549019607843138 0.8461538461538461 0.23039215686274508 0.8421052631578947 0.23529411764705882 0.8421052631578947 0.25 0.8380566801619433 0.2549019607843137 0.8137651821862348 0.2549019607843137 0.8097165991902834 0.25980392156862747 0.7935222672064778 0.25980392156862747 0.7894736842105263 0.2549019607843137 0.7854251012145749 0.2549019607843137 0.7813765182186235 0.25980392156862747 0.757085020242915 0.25980392156862747 0.7530364372469636 0.2549019607843137 0.7449392712550608 0.2647058823529412 0.7449392712550608 0.25980392156862747 0.7489878542510121 0.25980392156862747 0.7530364372469636 0.2549019607843137 0.7530364372469636 0.24019607843137256 0.7489878542510121 0.23529411764705882 0.7489878542510121 0.23039215686274508 0.7408906882591093 0.22058823529411764 0.7408906882591093 0.20588235294117646 0.728744939271255 0.19607843137254902 0.7246963562753036 0.20098039215686275 0.7206477732793523 0.20098039215686275 0.7165991902834008 0.19607843137254902 0.7044534412955465 0.19607843137254902 0.7004048582995951 0.19117647058823528 0.6963562753036437 0.19117647058823528 0.6882591093117408 0.17647058823529413 0.6882591093117408 0.16176470588235295 0.6680161943319838 0.14215686274509803 0.6680161943319838 0.11764705882352941 0.6720647773279352 0.11274509803921569 0.6680161943319838 0.10784313725490197 0.6720647773279352 0.10294117647058823 0.6720647773279352 0.08823529411764706 0.6761133603238867 0.08333333333333333 0.6761133603238867 0.0784313725490196 0.6923076923076923 0.0784313725490196
12 0.5182186234817814 0.29411764705882354 0.5222672064777328 0.29901960784313725 0.5465587044534413 0.29901960784313725 0.5506072874493927 0.30392156862745096 0.5587044534412956 0.30392156862745096 0.562753036437247 0.3088235294117647 0.5789473684210527 0.3088235294117647 0.582995951417004 0.3137254901960784 0.6072874493927125 0.3137254901960784 0.611336032388664 0.31862745098039214 0.6153846153846154 0.31862745098039214 0.6194331983805668 0.3235294117647059 0.6275303643724697 0.3235294117647059 0.6396761133603239 0.3333333333333333 0.6396761133603239 0.3382352941176471 0.6437246963562753 0.3431372549019608 0.6437246963562753 0.36764705882352944 0.6396761133603239 0.37254901960784315 0.6396761133603239 0.3872549019607843 0.6275303643724697 0.4019607843137255 0.6275303643724697 0.4117647058823529 0.6234817813765182 0.4166666666666667 0.6234817813765182 0.4215686274509804 0.6194331983805668 0.4264705882352941 0.6072874493927125 0.4264705882352941 0.6032388663967612 0.43137254901960786 0.5910931174089069 0.43137254901960786 0.5870445344129555 0.4362745098039216 0.5708502024291497 0.4166666666666667 0.5668016194331984 0.4166666666666667 0.5546558704453441 0.4019607843137255 0.5506072874493927 0.4019607843137255 0.5344129554655871 0.38235294117647056 0.5263157894736842 0.38235294117647056 0.5182186234817814 0.37254901960784315 0.5182186234817814 0.35784313725490197 0.5141700404858299 0.35294117647058826 0.5060728744939271 0.35294117647058826 0.5020242914979757 0.3480392156862745 0.4939271255060729 0.3480392156862745 0.4898785425101215 0.3431372549019608 0.4939271255060729 0.3431372549019608 0.4979757085020243 0.3382352941176471 0.4898785425101215 0.3284313725490196 0.4898785425101215 0.3088235294117647 0.4939271255060729 0.3088235294117647 0.4979757085020243 0.30392156862745096 0.5020242914979757 0.30392156862745096 0.5101214574898786 0.29411764705882354 0.5141700404858299 0.29411764705882354
12 0.4574898785425101 0.17647058823529413 0.46558704453441296 0.17647058823529413 0.47368421052631576 0.16666666666666666 0.4777327935222672 0.16666666666666666 0.4817813765182186 0.16176470588235295 0.4939271255060729 0.16176470588235295 0.4979757085020243 0.1568627450980392 0.5101214574898786 0.1568627450980392 0.5141700404858299 0.16176470588235295 0.5303643724696356 0.16176470588235295 0.5344129554655871 0.16666666666666666 0.5425101214574899 0.16666666666666666 0.5465587044534413 0.1715686274509804 0.5546558704453441 0.1715686274509804 0.562753036437247 0.18137254901960784 0.562753036437247 0.23039215686274508 0.5587044534412956 0.23529411764705882 0.5506072874493927 0.23529411764705882 0.5465587044534413 0.23039215686274508 0.5425101214574899 0.23039215686274508 0.5303643724696356 0.22058823529411764 0.5222672064777328 0.22058823529411764 0.5182186234817814 0.22549019607843138 0.5101214574898786 0.22549019607843138 0.5060728744939271 0.23039215686274508 0.4898785425101215 0.23039215686274508 0.48582995951417 0.23529411764705882 0.4817813765182186 0.23529411764705882 0.46963562753036436 0.24509803921568626 0.46558704453441296 0.24509803921568626 0.46558704453441296 0.24019607843137256 0.4574898785425101 0.23039215686274508 0.4493927125506073 0.23039215686274508 0.44129554655870445 0.22058823529411764 0.44129554655870445 0.21568627450980393 0.44534412955465585 0.2107843137254902 0.44534412955465585 0.20588235294117646 0.4534412955465587 0.19607843137254902 0.4534412955465587 0.18627450980392157 0.4574898785425101 0.18137254901960784
12 0.5384615384615384 0.22549019607843138 0.5465587044534413 0.23529411764705882 0.5506072874493927 0.23529411764705882 0.5546558704453441 0.24019607843137256 0.5546558704453441 0.27941176470588236 0.5465587044534413 0.28921568627450983 0.5060728744939271 0.28921568627450983 0.5020242914979757 0.29411764705882354 0.4817813765182186 0.29411764705882354 0.4777327935222672 0.28921568627450983 0.4777327935222672 0.2647058823529412 0.47368421052631576 0.25980392156862747 0.47368421052631576 0.24509803921568626 0.4777327935222672 0.24019607843137256 0.4777327935222672 0.23529411764705882 0.48582995951417 0.23529411764705882 0.4898785425101215 0.23039215686274508 0.5020242914979757 0.23039215686274508 0.5060728744939271 0.22549019607843138 0.5344129554655871 0.22549019607843138
12 0.708502024291498 0.3431372549019608 0.7125506072874493 0.3480392156862745 0.7165991902834008 0.3480392156862745 0.7246963562753036 0.35784313725490197 0.7246963562753036 0.37254901960784315 0.7125506072874493 0.3872549019607843 0.6842105263157895 0.3872549019607843 0.680161943319838 0.39215686274509803 0.6518218623481782 0.39215686274509803 0.6477732793522267 0.3872549019607843 0.6477732793522267 0.36764705882352944 0.6558704453441295 0.35784313725490197 0.6680161943319838 0.35294117647058826 0.6761133603238867 0.3431372549019608 0.7044534412955465 0.3431372549019608
12 0.728744939271255 0.2107843137254902 0.7327935222672065 0.21568627450980393 0.7368421052631579 0.21568627450980393 0.7408906882591093 0.22058823529411764 0.7408906882591093 0.22549019607843138 0.7489878542510121 0.23529411764705882 0.7489878542510121 0.24019607843137256 0.757085020242915 0.2549019607843137 0.757085020242915 0.2647058823529412 0.7489878542510121 0.2647058823529412 0.7449392712550608 0.2696078431372549 0.7368421052631579 0.2696078431372549 0.7327935222672065 0.27450980392156865 0.728744939271255 0.27450980392156865 0.7206477732793523 0.28431372549019607 0.7165991902834008 0.28431372549019607 0.708502024291498 0.27450980392156865 0.708502024291498 0.2647058823529412 0.7044534412955465 0.25980392156862747 0.7044534412955465 0.24509803921568626 0.7004048582995951 0.24019607843137256 0.7004048582995951 0.23039215686274508 0.708502024291498 0.22058823529411764 0.708502024291498 0.21568627450980393 0.7125506072874493 0.2107843137254902 0.7246963562753036 0.2107843137254902
12 0.4777327935222672 0.35784313725490197 0.5060728744939271 0.35784313725490197 0.5141700404858299 0.36764705882352944 0.5141700404858299 0.37254901960784315 0.5263157894736842 0.3872549019607843 0.5303643724696356 0.3872549019607843 0.5384615384615384 0.39705882352941174 0.5425101214574899 0.39705882352941174 0.5506072874493927 0.4068627450980392 0.5546558704453441 0.4068627450980392 0.5708502024291497 0.4264705882352941 0.5748987854251012 0.4264705882352941 0.5748987854251012 0.43137254901960786 0.5789473684210527 0.4362745098039216 0.5708502024291497 0.44607843137254904 0.5668016194331984 0.44607843137254904 0.5546558704453441 0.45588235294117646 0.4817813765182186 0.45588235294117646 0.4777327935222672 0.46078431372549017 0.46153846153846156 0.46078431372549017 0.4574898785425101 0.45588235294117646 0.4574898785425101 0.44607843137254904 0.46153846153846156 0.4411764705882353 0.46153846153846156 0.43137254901960786 0.46558704453441296 0.4264705882352941 0.46558704453441296 0.4117647058823529 0.4777327935222672 0.39705882352941174 0.4777327935222672 0.3627450980392157
12 0.7854251012145749 0.6715686274509803 0.7894736842105263 0.6764705882352942 0.8016194331983806 0.6813725490196079 0.8137651821862348 0.696078431372549 0.8178137651821862 0.696078431372549 0.8218623481781376 0.7009803921568627 0.8299595141700404 0.7009803921568627 0.8421052631578947 0.7107843137254902 0.8421052631578947 0.7156862745098039 0.8461538461538461 0.7205882352941176 0.8461538461538461 0.75 0.8380566801619433 0.7598039215686274 0.8380566801619433 0.7647058823529411 0.8340080971659919 0.7696078431372549 0.8218623481781376 0.7745098039215687 0.8016194331983806 0.7990196078431373 0.7854251012145749 0.7990196078431373 0.7813765182186235 0.803921568627451 0.7530364372469636 0.803921568627451 0.7489878542510121 0.8088235294117647 0.7327935222672065 0.8088235294117647 0.728744939271255 0.8137254901960784 0.7125506072874493 0.8137254901960784 0.6963562753036437 0.7941176470588235 0.6761133603238867 0.7941176470588235 0.6720647773279352 0.7990196078431373 0.6639676113360324 0.7990196078431373 0.659919028340081 0.7843137254901961 0.6639676113360324 0.7794117647058824 0.6639676113360324 0.7745098039215687 0.6761133603238867 0.7598039215686274 0.6761133603238867 0.7549019607843137 0.680161943319838 0.75 0.6842105263157895 0.7352941176470589 0.6963562753036437 0.7205882352941176 0.7004048582995951 0.7205882352941176 0.7044534412955465 0.7156862745098039 0.7327935222672065 0.7156862745098039 0.7368421052631579 0.7107843137254902 0.7489878542510121 0.7058823529411765 0.757085020242915 0.696078431372549 0.757085020242915 0.6911764705882353 0.7611336032388664 0.6911764705882353 0.7651821862348178 0.6862745098039216 0.7651821862348178 0.6813725490196079 0.7692307692307693 0.6764705882352942 0.7813765182186235 0.6715686274509803
12 0.8380566801619433 0.35294117647058826 0.8421052631578947 0.36764705882352944 0.8340080971659919 0.37745098039215685 0.8340080971659919 0.38235294117647056 0.8178137651821862 0.4019607843137255 0.8178137651821862 0.4068627450980392 0.8137651821862348 0.4117647058823529 0.8137651821862348 0.4166666666666667 0.8097165991902834 0.4215686274509804 0.8097165991902834 0.4264705882352941 0.805668016194332 0.43137254901960786 0.805668016194332 0.4362745098039216 0.8016194331983806 0.4411764705882353 0.7975708502024291 0.45588235294117646 0.7854251012145749 0.45588235294117646 0.7813765182186235 0.46078431372549017 0.7611336032388664 0.46078431372549017 0.757085020242915 0.45588235294117646 0.757085020242915 0.44607843137254904 0.7449392712550608 0.43137254901960786 0.7408906882591093 0.43137254901960786 0.7165991902834008 0.4019607843137255 0.7165991902834008 0.39705882352941174 0.7246963562753036 0.38235294117647056 0.7246963562753036 0.37254901960784315 0.728744939271255 0.36764705882352944 0.728744939271255 0.35784313725490197 0.7327935222672065 0.35784313725490197 0.7368421052631579 0.35294117647058826 0.7732793522267206 0.35294117647058826 0.7773279352226721 0.35784313725490197 0.7935222672064778 0.35784313725490197 0.7975708502024291 0.35294117647058826 0.805668016194332 0.35294117647058826 0.8097165991902834 0.3480392156862745 0.8299595141700404 0.3480392156862745 0.8340080971659919 0.35294117647058826
12 0.8299595141700404 0.3480392156862745 0.8340080971659919 0.35294117647058826 0.8380566801619433 0.35294117647058826 0.8461538461538461 0.3627450980392157 0.8623481781376519 0.3627450980392157 0.8906882591093117 0.39705882352941174 0.9068825910931174 0.39705882352941174 0.9149797570850202 0.4068627450980392 0.9149797570850202 0.4264705882352941 0.9109311740890689 0.43137254901960786 0.9068825910931174 0.44607843137254904 0.8866396761133604 0.47058823529411764 0.8866396761133604 0.5098039215686274 0.8825910931174089 0.5147058823529411 0.8825910931174089 0.5196078431372549 0.8785425101214575 0.5196078431372549 0.8744939271255061 0.5245098039215687 0.8704453441295547 0.5245098039215687 0.8582995951417004 0.5343137254901961 0.8502024291497976 0.5343137254901961 0.8461538461538461 0.5392156862745098 0.8259109311740891 0.5392156862745098 0.8218623481781376 0.5343137254901961 0.8178137651821862 0.5343137254901961 0.8178137651821862 0.5098039215686274 0.8218623481781376 0.5049019607843137 0.8218623481781376 0.46078431372549017 0.8259109311740891 0.45588235294117646 0.8259109311740891 0.44607843137254904 0.8299595141700404 0.4411764705882353 0.8299595141700404 0.4068627450980392 0.8259109311740891 0.4019607843137255 0.8218623481781376 0.4019607843137255 0.8137651821862348 0.4117647058823529 0.8137651821862348 0.4215686274509804 0.805668016194332 0.4362745098039216 0.805668016194332 0.44607843137254904 0.7975708502024291 0.45588235294117646 0.7854251012145749 0.45588235294117646 0.7813765182186235 0.46078431372549017 0.7611336032388664 0.46078431372549017 0.7611336032388664 0.45588235294117646 0.757085020242915 0.45098039215686275 0.757085020242915 0.4411764705882353 0.7530364372469636 0.4362745098039216 0.7408906882591093 0.43137254901960786 0.7206477732793523 0.4068627450980392 0.7206477732793523 0.3872549019607843 0.728744939271255 0.37254901960784315 0.728744939271255 0.35784313725490197 0.7327935222672065 0.35784313725490197 0.7368421052631579 0.35294117647058826 0.7692307692307693 0.35294117647058826 0.7732793522267206 0.35784313725490197 0.7935222672064778 0.35784313725490197 0.805668016194332 0.3480392156862745 0.8259109311740891 0.3480392156862745
12 0.2874493927125506 0.17647058823529413 0.291497975708502 0.18137254901960784 0.29959514170040485 0.18137254901960784 0.30364372469635625 0.17647058823529413 0.3360323886639676 0.17647058823529413 0.3441295546558704 0.18627450980392157 0.3562753036437247 0.19117647058823528 0.3562753036437247 0.19607843137254902 0.3603238866396761 0.20098039215686275 0.3603238866396761 0.20588235294117646 0.3643724696356275 0.2107843137254902 0.3684210526315789 0.22549019607843138 0.3643724696356275 0.23039215686274508 0.3643724696356275 0.23529411764705882 0.3603238866396761 0.23039215686274508 0.3562753036437247 0.23039215686274508 0.3522267206477733 0.23529411764705882 0.3522267206477733 0.24019607843137256 0.3441295546558704 0.24019607843137256 0.340080971659919 0.23529411764705882 0.3360323886639676 0.24019607843137256 0.32388663967611336 0.23039215686274508 0.30364372469635625 0.23039215686274508 0.29959514170040485 0.22549019607843138 0.2834008097165992 0.22549019607843138 0.2793522267206478 0.23039215686274508 0.2591093117408907 0.23039215686274508 0.2550607287449393 0.22549019607843138 0.2550607287449393 0.2107843137254902 0.26720647773279355 0.19607843137254902 0.26720647773279355 0.18137254901960784 0.27125506072874495 0.17647058823529413 0.2834008097165992 0.17647058823529413
12 0.42105263157894735 0.6225490196078431 0.4251012145748988 0.6274509803921569 0.4291497975708502 0.6225490196078431 0.4331983805668016 0.6225490196078431 0.44129554655870445 0.6323529411764706 0.4574898785425101 0.6323529411764706 0.46558704453441296 0.6470588235294118 0.4493927125506073 0.6666666666666666 0.44129554655870445 0.6666666666666666 0.43724696356275305 0.6715686274509803 0.4331983805668016 0.6715686274509803 0.42105263157894735 0.6813725490196079 0.41700404858299595 0.6813725490196079 0.4048582995951417 0.6715686274509803 0.4048582995951417 0.6519607843137255 0.4008097165991903 0.6470588235294118 0.3967611336032389 0.6519607843137255 0.39271255060728744 0.6519607843137255 0.39271255060728744 0.6421568627450981 0.38866396761133604 0.6372549019607843 0.38866396761133604 0.6323529411764706 0.3967611336032389 0.6470588235294118 0.4048582995951417 0.6470588235294118 0.4089068825910931 0.6421568627450981 0.4089068825910931 0.6274509803921569 0.41295546558704455 0.6225490196078431 0.41700404858299595 0.6225490196078431
12 0.44534412955465585 0.6813725490196079 0.4534412955465587 0.6911764705882353 0.46558704453441296 0.6911764705882353 0.46963562753036436 0.696078431372549 0.4777327935222672 0.696078431372549 0.4817813765182186 0.7009803921568627 0.4939271255060729 0.7009803921568627 0.4979757085020243 0.7058823529411765 0.5060728744939271 0.7058823529411765 0.5101214574898786 0.7107843137254902 0.5141700404858299 0.7058823529411765 0.5384615384615384 0.7058823529411765 0.5506072874493927 0.7205882352941176 0.5506072874493927 0.7549019607843137 0.5465587044534413 0.7598039215686274 0.5465587044534413 0.7745098039215687 0.5384615384615384 0.7843137254901961 0.5303643724696356 0.7843137254901961 0.5263157894736842 0.7892156862745098 0.5141700404858299 0.7892156862745098 0.5101214574898786 0.7941176470588235 0.47368421052631576 0.7941176470588235 0.46963562753036436 0.7892156862745098 0.4534412955465587 0.7892156862745098 0.4493927125506073 0.7843137254901961 0.42105263157894735 0.7843137254901961 0.41700404858299595 0.7794117647058824 0.41295546558704455 0.7794117647058824 0.4008097165991903 0.7696078431372549 0.39271255060728744 0.7696078431372549 0.38866396761133604 0.7647058823529411 0.38866396761133604 0.7401960784313726 0.38461538461538464 0.7352941176470589 0.38461538461538464 0.7107843137254902 0.4008097165991903 0.6911764705882353 0.4048582995951417 0.6911764705882353 0.4089068825910931 0.6862745098039216 0.4251012145748988 0.6862745098039216 0.4291497975708502 0.6813725490196079 0.44129554655870445 0.6813725490196079
12 0.19635627530364372 0.47058823529411764 0.07692307692307693 0.08823529411764706
12 0.43724696356275305 0.3627450980392157 0.43724696356275305 0.36764705882352944 0.44129554655870445 0.37254901960784315 0.4534412955465587 0.37254901960784315 0.4574898785425101 0.36764705882352944 0.4574898785425101 0.37254901960784315 0.46153846153846156 0.37745098039215685 0.46558704453441296 0.37745098039215685 0.46558704453441296 0.38235294117647056 0.46963562753036436 0.3872549019607843 0.46558704453441296 0.39215686274509803 0.46558704453441296 0.39705882352941174 0.46153846153846156 0.39705882352941174 0.4574898785425101 0.4019607843137255 0.4574898785425101 0.4117647058823529 0.4534412955465587 0.4166666666666667 0.4534412955465587 0.4264705882352941 0.4493927125506073 0.4264705882352941 0.4291497975708502 0.45098039215686275 0.4291497975708502 0.46078431372549017 0.41295546558704455 0.4803921568627451 0.41295546558704455 0.49019607843137253 0.4089068825910931 0.4950980392156863 0.3765182186234818 0.4950980392156863 0.3724696356275304 0.49019607843137253 0.3603238866396761 0.49019607843137253 0.3522267206477733 0.47549019607843135 0.3522267206477733 0.4411764705882353 0.3562753036437247 0.4362745098039216 0.3562753036437247 0.4215686274509804 0.3603238866396761 0.4166666666666667 0.3603238866396761 0.4117647058823529 0.3765182186234818 0.3872549019607843 0.3805668016194332 0.3872549019607843 0.38461538461538464 0.38235294117647056 0.3967611336032389 0.38235294117647056 0.4008097165991903 0.3872549019607843 0.4089068825910931 0.37745098039215685 0.41700404858299595 0.37745098039215685 0.4251012145748988 0.36764705882352944 0.4331983805668016 0.36764705882352944
12 0.2874493927125506 0.17647058823529413 0.291497975708502 0.18137254901960784 0.29959514170040485 0.18137254901960784 0.30364372469635625 0.17647058823529413 0.340080971659919 0.17647058823529413 0.3441295546558704 0.18137254901960784 0.3481781376518219 0.18137254901960784 0.3603238866396761 0.19607843137254902 0.3603238866396761 0.20098039215686275 0.3684210526315789 0.2107843137254902 0.3805668016194332 0.2107843137254902 0.38461538461538464 0.21568627450980393 0.38866396761133604 0.21568627450980393 0.39271255060728744 0.22058823529411764 0.39271255060728744 0.23529411764705882 0.38866396761133604 0.24019607843137256 0.38461538461538464 0.24019607843137256 0.3805668016194332 0.24509803921568626 0.3765182186234818 0.24509803921568626 0.3643724696356275 0.2549019607843137 0.3603238866396761 0.2549019607843137 0.3562753036437247 0.25 0.3441295546558704 0.2549019607843137 0.3481781376518219 0.25 0.3441295546558704 0.24509803921568626 0.3319838056680162 0.24019607843137256 0.32388663967611336 0.23039215686274508 0.30364372469635625 0.23039215686274508 0.29959514170040485 0.22549019607843138 0.2834008097165992 0.22549019607843138 0.2793522267206478 0.23039215686274508 0.2591093117408907 0.23039215686274508 0.2550607287449393 0.22549019607843138 0.25101214574898784 0.22549019607843138 0.25101214574898784 0.21568627450980393 0.26720647773279355 0.19607843137254902 0.26720647773279355 0.18137254901960784 0.27125506072874495 0.17647058823529413 0.2834008097165992 0.17647058823529413
12 0.7368421052631579 0.37254901960784315 0.7327935222672065 0.37745098039215685 0.7368421052631579 0.38235294117647056 0.757085020242915 0.38235294117647056 0.7611336032388664 0.3872549019607843 0.7854251012145749 0.3872549019607843 0.7894736842105263 0.38235294117647056 0.8016194331983806 0.38235294117647056 0.805668016194332 0.3872549019607843 0.8218623481781376 0.3872549019607843 0.8218623481781376 0.39215686274509803 0.8178137651821862 0.39705882352941174 0.8178137651821862 0.4068627450980392 0.8137651821862348 0.4117647058823529 0.8137651821862348 0.4215686274509804 0.805668016194332 0.43137254901960786 0.805668016194332 0.4362745098039216 0.8016194331983806 0.4411764705882353 0.7975708502024291 0.45588235294117646 0.7935222672064778 0.46078431372549017 0.7773279352226721 0.46078431372549017 0.7732793522267206 0.46568627450980393 0.7692307692307693 0.46078431372549017 0.7611336032388664 0.46078431372549017 0.757085020242915 0.44607843137254904 0.7489878542510121 0.4362745098039216 0.7449392712550608 0.4362745098039216 0.7246963562753036 0.4117647058823529 0.7246963562753036 0.3872549019607843 0.7327935222672065 0.37745098039215685
12 0.25101214574898784 0.3431372549019608 0.2631578947368421 0.35784313725490197 0.26720647773279355 0.35294117647058826 0.27125506072874495 0.35784313725490197 0.27530364372469635 0.35784313725490197 0.2834008097165992 0.36764705882352944 0.291497975708502 0.36764705882352944 0.29959514170040485 0.35784313725490197 0.30364372469635625 0.35784313725490197 0.3076923076923077 0.3627450980392157 0.31983805668016196 0.3627450980392157 0.32388663967611336 0.36764705882352944 0.340080971659919 0.36764705882352944 0.3441295546558704 0.37254901960784315 0.3441295546558704 0.37745098039215685 0.3522267206477733 0.3872549019607843 0.3522267206477733 0.4068627450980392 0.340080971659919 0.4215686274509804 0.32793522267206476 0.4215686274509804 0.32388663967611336 0.4264705882352941 0.3157894736842105 0.4264705882352941 0.3117408906882591 0.43137254901960786 0.3076923076923077 0.4264705882352941 0.29959514170040485 0.4264705882352941 0.29554655870445345 0.43137254901960786 0.29554655870445345 0.44607843137254904 0.291497975708502 0.45098039215686275 0.291497975708502 0.45588235294117646 0.2834008097165992 0.46568627450980393 0.26720647773279355 0.46568627450980393 0.2631578947368421 0.47058823529411764 0.2591093117408907 0.46568627450980393 0.2550607287449393 0.46568627450980393 0.24696356275303644 0.45588235294117646 0.2388663967611336 0.45588235294117646 0.23076923076923078 0.46568627450980393 0.23076923076923078 0.47549019607843135 0.22672064777327935 0.4803921568627451 0.20242914979757085 0.4803921568627451 0.19838056680161945 0.4852941176470588 0.19433198380566802 0.4852941176470588 0.17408906882591094 0.5098039215686274 0.16194331983805668 0.5 0.16194331983805668 0.49019607843137253 0.15789473684210525 0.4852941176470588 0.15789473684210525 0.46078431372549017 0.16194331983805668 0.45588235294117646 0.16194331983805668 0.45098039215686275 0.1700404858299595 0.4411764705882353 0.1700404858299595 0.43137254901960786 0.17813765182186234 0.4215686274509804 0.18218623481781376 0.4264705882352941 0.1902834008097166 0.4264705882352941 0.19433198380566802 0.43137254901960786 0.20647773279352227 0.43137254901960786 0.21052631578947367 0.4264705882352941 0.23076923076923078 0.4264705882352941 0.23481781376518218 0.4215686274509804 0.21052631578947367 0.39215686274509803 0.20647773279352227 0.39215686274509803 0.20647773279352227 0.3872549019607843 0.1902834008097166 0.36764705882352944 0.1902834008097166 0.35784313725490197 0.1862348178137652 0.35294117647058826 0.19838056680161945 0.3480392156862745 0.20242914979757085 0.35294117647058826 0.21052631578947367 0.35294117647058826 0.2145748987854251 0.35784313725490197 0.21862348178137653 0.35784313725490197 0.22672064777327935 0.3480392156862745 0.22672064777327935 0.3431372549019608 0.23076923076923078 0.3382352941176471 0.242914979757085 0.3382352941176471 0.24696356275303644 0.3431372549019608
12 0.7125506072874493 0.4117647058823529 0.7165991902834008 0.4166666666666667 0.7206477732793523 0.4166666666666667 0.7408906882591093 0.4411764705882353 0.7449392712550608 0.4411764705882353 0.7489878542510121 0.44607843137254904 0.7489878542510121 0.45098039215686275 0.7449392712550608 0.45588235294117646 0.7368421052631579 0.45588235294117646 0.7327935222672065 0.45098039215686275 0.7206477732793523 0.45098039215686275 0.7165991902834008 0.44607843137254904 0.6963562753036437 0.44607843137254904 0.6923076923076923 0.4411764705882353 0.6882591093117408 0.4411764705882353 0.6842105263157895 0.4362745098039216 0.680161943319838 0.4215686274509804 0.6882591093117408 0.4117647058823529 0.708502024291498 0.4117647058823529
12 0.47368421052631576 0.14215686274509803 0.5060728744939271 0.14215686274509803 0.5101214574898786 0.14705882352941177 0.5141700404858299 0.14705882352941177 0.5222672064777328 0.16176470588235295 0.5303643724696356 0.16176470588235295 0.5344129554655871 0.16666666666666666 0.5425101214574899 0.16666666666666666 0.5465587044534413 0.1715686274509804 0.5546558704453441 0.1715686274509804 0.562753036437247 0.18137254901960784 0.562753036437247 0.23529411764705882 0.5587044534412956 0.24019607843137256 0.5587044534412956 0.27941176470588236 0.5546558704453441 0.28431372549019607 0.5587044534412956 0.28921568627450983 0.562753036437247 0.28921568627450983 0.5060728744939271 0.28921568627450983 0.5020242914979757 0.29411764705882354 0.4898785425101215 0.29411764705882354 0.48582995951417 0.29901960784313725 0.4817813765182186 0.29901960784313725 0.4777327935222672 0.29411764705882354 0.4777327935222672 0.27941176470588236 0.46963562753036436 0.2696078431372549 0.46558704453441296 0.2696078431372549 0.46153846153846156 0.2647058823529412 0.4534412955465587 0.2647058823529412 0.4493927125506073 0.25980392156862747 0.4493927125506073 0.24019607843137256 0.44534412955465585 0.23529411764705882 0.44534412955465585 0.23039215686274508 0.43724696356275305 0.22058823529411764 0.44129554655870445 0.21568627450980393 0.44129554655870445 0.2107843137254902 0.44534412955465585 0.20588235294117646 0.44534412955465585 0.20098039215686275 0.4534412955465587 0.18627450980392157 0.4534412955465587 0.17647058823529413 0.4574898785425101 0.1715686274509804 0.4574898785425101 0.16666666666666666 0.46558704453441296 0.16666666666666666 0.46963562753036436 0.16176470588235295 0.47368421052631576 0.16176470588235295 0.4777327935222672 0.1568627450980392 0.4777327935222672 0.14705882352941177
12 0.7327935222672065 0.16176470588235295 0.7449392712550608 0.1568627450980392 0.7489878542510121 0.16176470588235295 0.7611336032388664 0.16176470588235295 0.7651821862348178 0.16666666666666666 0.7692307692307693 0.16666666666666666 0.7732793522267206 0.1715686274509804 0.7773279352226721 0.1715686274509804 0.7813765182186235 0.17647058823529413 0.7854251012145749 0.17647058823529413 0.7975708502024291 0.18627450980392157 0.8218623481781376 0.18627450980392157 0.8340080971659919 0.20098039215686275 0.8340080971659919 0.20588235294117646 0.8421052631578947 0.22058823529411764 0.8421052631578947 0.25 0.8380566801619433 0.2549019607843137 0.8097165991902834 0.2549019607843137 0.805668016194332 0.25980392156862747 0.7975708502024291 0.25980392156862747 0.7935222672064778 0.2549019607843137 0.7773279352226721 0.2549019607843137 0.7732793522267206 0.25980392156862747 0.7651821862348178 0.25980392156862747 0.7611336032388664 0.2549019607843137 0.7611336032388664 0.25 0.7530364372469636 0.24019607843137256 0.7530364372469636 0.23529411764705882 0.7489878542510121 0.23039215686274508 0.7489878542510121 0.22549019607843138 0.7408906882591093 0.2107843137254902 0.7408906882591093 0.20098039215686275 0.7368421052631579 0.19607843137254902 0.7368421052631579 0.17647058823529413 0.7327935222672065 0.1715686274509804 0.7327935222672065 0.16666666666666666
12 0.631578947368421 0.6274509803921569 0.6275303643724697 0.6323529411764706 0.6275303643724697 0.6372549019607843 0.6234817813765182 0.6421568627450981 0.6234817813765182 0.6470588235294118 0.6194331983805668 0.6519607843137255 0.6194331983805668 0.6568627450980392 0.6153846153846154 0.6617647058823529 0.611336032388664 0.6764705882352942 0.5991902834008097 0.6764705882352942 0.5870445344129555 0.6617647058823529 0.5910931174089069 0.6568627450980392 0.5910931174089069 0.6470588235294118 0.5991902834008097 0.6372549019607843 0.611336032388664 0.6372549019607843 0.6153846153846154 0.6323529411764706 0.6275303643724697 0.6323529411764706
12 0.2388663967611336 0.22549019607843138 0.25101214574898784 0.23529411764705882 0.2834008097165992 0.23529411764705882 0.2874493927125506 0.23039215686274508 0.29554655870445345 0.23039215686274508 0.29959514170040485 0.23529411764705882 0.3157894736842105 0.23529411764705882 0.31983805668016196 0.24019607843137256 0.31983805668016196 0.24509803921568626 0.3157894736842105 0.24509803921568626 0.3117408906882591 0.25 0.3076923076923077 0.25 0.30364372469635625 0.2549019607843137 0.29959514170040485 0.2549019607843137 0.29554655870445345 0.25980392156862747 0.2834008097165992 0.2647058823529412 0.27125506072874495 0.27941176470588236 0.26720647773279355 0.27941176470588236 0.2591093117408907 0.28921568627450983 0.2591093117408907 0.29411764705882354 0.2550607287449393 0.29411764705882354 0.25101214574898784 0.29901960784313725 0.25101214574898784 0.3088235294117647 0.24696356275303644 0.3137254901960784 0.24696356275303644 0.31862745098039214 0.242914979757085 0.3235294117647059 0.23481781376518218 0.3235294117647059 0.22672064777327935 0.3137254901960784 0.22267206477732793 0.3137254901960784 0.22267206477732793 0.3088235294117647 0.21052631578947367 0.29411764705882354 0.20242914979757085 0.29411764705882354 0.19838056680161945 0.28921568627450983 0.19433198380566802 0.28921568627450983 0.19433198380566802 0.27450980392156865 0.19838056680161945 0.2696078431372549 0.19838056680161945 0.2647058823529412 0.21052631578947367 0.25 0.2145748987854251 0.25 0.23481781376518218 0.23039215686274508
12 0.7449392712550608 0.5931372549019608 0.7530364372469636 0.6029411764705882 0.757085020242915 0.5980392156862745 0.757085020242915 0.5931372549019608 0.7611336032388664 0.5980392156862745 0.7692307692307693 0.5980392156862745 0.7692307692307693 0.6225490196078431 0.7651821862348178 0.6274509803921569 0.7692307692307693 0.6323529411764706 0.7692307692307693 0.6421568627450981 0.7732793522267206 0.6470588235294118 0.7732793522267206 0.6568627450980392 0.7692307692307693 0.6617647058823529 0.7692307692307693 0.6666666666666666 0.7611336032388664 0.6764705882352942 0.7611336032388664 0.6813725490196079 0.7530364372469636 0.6911764705882353 0.7530364372469636 0.696078431372549 0.7489878542510121 0.7009803921568627 0.7449392712550608 0.7009803921568627 0.7327935222672065 0.7107843137254902 0.7004048582995951 0.7107843137254902 0.7004048582995951 0.7009803921568627 0.7044534412955465 0.696078431372549 0.7044534412955465 0.6666666666666666 0.708502024291498 0.6617647058823529 0.7044534412955465 0.6568627450980392 0.7044534412955465 0.6470588235294118 0.7004048582995951 0.6421568627450981 0.708502024291498 0.6274509803921569 0.708502024291498 0.6176470588235294 0.7165991902834008 0.6078431372549019 0.7206477732793523 0.6078431372549019 0.7246963562753036 0.6029411764705882 0.7246963562753036 0.5980392156862745 0.7327935222672065 0.5882352941176471 0.7368421052631579 0.5882352941176471 0.7408906882591093 0.5931372549019608
12 0.44534412955465585 0.30392156862745096 0.4574898785425101 0.30392156862745096 0.4574898785425101 0.3235294117647059 0.46963562753036436 0.3333333333333333 0.46963562753036436 0.3382352941176471 0.4574898785425101 0.35294117647058826 0.46558704453441296 0.3627450980392157 0.46558704453441296 0.36764705882352944 0.46963562753036436 0.37254901960784315 0.46963562753036436 0.38235294117647056 0.47368421052631576 0.3872549019607843 0.4574898785425101 0.4068627450980392 0.4574898785425101 0.4117647058823529 0.4534412955465587 0.4166666666666667 0.4534412955465587 0.4264705882352941 0.44129554655870445 0.43137254901960786 0.4331983805668016 0.4411764705882353 0.4331983805668016 0.44607843137254904 0.4251012145748988 0.45588235294117646 0.4251012145748988 0.46078431372549017 0.41295546558704455 0.47549019607843135 0.41295546558704455 0.4852941176470588 0.4048582995951417 0.4950980392156863 0.38461538461538464 0.4950980392156863 0.3805668016194332 0.49019607843137253 0.3603238866396761 0.49019607843137253 0.3562753036437247 0.4852941176470588 0.3522267206477733 0.4852941176470588 0.3522267206477733 0.47549019607843135 0.3481781376518219 0.47058823529411764 0.3522267206477733 0.46568627450980393 0.3481781376518219 0.46078431372549017 0.3441295546558704 0.46078431372549017 0.3319838056680162 0.47058823529411764 0.32388663967611336 0.47058823529411764 0.31983805668016196 0.47549019607843135 0.3076923076923077 0.47549019607843135 0.29959514170040485 0.46568627450980393 0.2834008097165992 0.4852941176470588 0.2793522267206478 0.4852941176470588 0.2834008097165992 0.4852941176470588 0.291497975708502 0.47549019607843135 0.2834008097165992 0.46568627450980393 0.2591093117408907 0.46568627450980393 0.25101214574898784 0.45588235294117646 0.25101214574898784 0.44607843137254904 0.242914979757085 0.4362745098039216 0.2388663967611336 0.4411764705882353 0.2388663967611336 0.45588235294117646 0.23481781376518218 0.45588235294117646 0.2388663967611336 0.45098039215686275 0.2388663967611336 0.4411764705882353 0.24696356275303644 0.43137254901960786 0.23481781376518218 0.4166666666666667 0.23076923076923078 0.4166666666666667 0.23076923076923078 0.4117647058823529 0.22672064777327935 0.4068627450980392 0.22267206477732793 0.4068627450980392 0.22267206477732793 0.4019607843137255 0.2145748987854251 0.39215686274509803 0.20647773279352227 0.4019607843137255 0.21052631578947367 0.4068627450980392 0.2145748987854251 0.4068627450980392 0.2145748987854251 0.4166666666666667 0.21052631578947367 0.4215686274509804 0.19838056680161945 0.4166666666666667 0.19838056680161945 0.4117647058823529 0.1902834008097166 0.4019607843137255 0.17813765182186234 0.4117647058823529 0.18218623481781376 0.4264705882352941 0.1700404858299595 0.4264705882352941 0.17408906882591094 0.4215686274509804 0.16194331983805668 0.4117647058823529 0.15384615384615385 0.4215686274509804 0.15789473684210525 0.4264705882352941 0.15789473684210525 0.4362745098039216 0.14979757085020243 0.44607843137254904 0.145748987854251 0.46078431372549017 0.1417004048582996 0.45588235294117646 0.145748987854251 0.45588235294117646 0.14979757085020243 0.45098039215686275 0.145748987854251 0.44607843137254904 0.15384615384615385 0.4362745098039216 0.145748987854251 0.4215686274509804 0.13765182186234817 0.4215686274509804 0.1417004048582996 0.4166666666666667 0.1417004048582996 0.4068627450980392 0.145748987854251 0.4068627450980392 0.14979757085020243 0.4019607843137255 0.145748987854251 0.39705882352941174 0.14979757085020243 0.38235294117647056 0.15384615384615385 0.38235294117647056 0.16194331983805668 0.37254901960784315 0.1659919028340081 0.37745098039215685 0.1700404858299595 0.37745098039215685 0.1700404858299595 0.38235294117647056 0.17408906882591094 0.3872549019607843 0.17813765182186234 0.3872549019607843 0.1862348178137652 0.37745098039215685 0.1862348178137652 0.35294117647058826 0.1902834008097166 0.3480392156862745 0.20242914979757085 0.3480392156862745 0.2145748987854251 0.35784313725490197 0.22267206477732793 0.3480392156862745 0.22267206477732793 0.3431372549019608 0.23481781376518218 0.3333333333333333 0.2388663967611336 0.3333333333333333 0.242914979757085 0.3382352941176471 0.2550607287449393 0.3382352941176471 0.2591093117408907 0.3431372549019608 0.2631578947368421 0.3382352941176471 0.27125506072874495 0.3382352941176471 0.2834008097165992 0.3284313725490196 0.31983805668016196 0.3284313725490196 0.32793522267206476 0.31862745098039214 0.3360323886639676 0.31862745098039214 0.340080971659919 0.3137254901960784 0.3441295546558704 0.31862745098039214 0.3481781376518219 0.3137254901960784 0.3522267206477733 0.3137254901960784 0.3562753036437247 0.31862745098039214 0.3684210526315789 0.3235294117647059 0.3805668016194332 0.3382352941176471 0.3805668016194332 0.3431372549019608 0.38461538461538464 0.3480392156862745 0.4008097165991903 0.3480392156862745 0.4048582995951417 0.3431372549019608 0.4291497975708502 0.3431372549019608 0.4331983805668016 0.3382352941176471 0.4291497975708502 0.3333333333333333 0.4291497975708502 0.3284313725490196 0.4251012145748988 0.3235294117647059 0.42105263157894735 0.3235294117647059 0.42105263157894735 0.31862745098039214 0.4251012145748988 0.3137254901960784 0.4251012145748988 0.3088235294117647 0.44129554655870445 0.3088235294117647
12 0.46963562753036436 0.27941176470588236 0.46963562753036436 0.29901960784313725 0.46558704453441296 0.30392156862745096 0.46558704453441296 0.3137254901960784 0.46153846153846156 0.31862745098039214 0.46153846153846156 0.3235294117647059 0.46558704453441296 0.3284313725490196 0.46558704453441296 0.3382352941176471 0.4534412955465587 0.3382352941176471 0.4493927125506073 0.3431372549019608 0.4493927125506073 0.3480392156862745 0.4534412955465587 0.35294117647058826 0.44534412955465585 0.35294117647058826 0.44129554655870445 0.35784313725490197 0.4251012145748988 0.35784313725490197 0.41295546558704455 0.36764705882352944 0.38866396761133604 0.36764705882352944 0.38461538461538464 0.3627450980392157 0.38461538461538464 0.3284313725490196 0.38866396761133604 0.3235294117647059 0.38866396761133604 0.31862745098039214 0.4008097165991903 0.30392156862745096 0.4008097165991903 0.29901960784313725 0.3967611336032389 0.29411764705882354 0.4008097165991903 0.29411764705882354 0.4048582995951417 0.29901960784313725 0.41295546558704455 0.29901960784313725 0.41700404858299595 0.30392156862745096 0.4251012145748988 0.30392156862745096 0.4291497975708502 0.29901960784313725 0.4291497975708502 0.28921568627450983 0.4331983805668016 0.28431372549019607 0.44534412955465585 0.29901960784313725 0.4493927125506073 0.29411764705882354 0.4534412955465587 0.29411764705882354 0.46153846153846156 0.27941176470588236 0.46558704453441296 0.27941176470588236
12 0.6842105263157895 0.5686274509803921 0.6882591093117408 0.5735294117647058 0.7044534412955465 0.5735294117647058 0.708502024291498 0.5784313725490197 0.7165991902834008 0.5784313725490197 0.7206477732793523 0.5833333333333334 0.7327935222672065 0.5833333333333334 0.7368421052631579 0.5882352941176471 0.7449392712550608 0.5882352941176471 0.7489878542510121 0.5931372549019608 0.7530364372469636 0.5931372549019608 0.7611336032388664 0.6029411764705882 0.7611336032388664 0.6127450980392157 0.7651821862348178 0.6176470588235294 0.7611336032388664 0.6225490196078431 0.7611336032388664 0.6421568627450981 0.7692307692307693 0.6519607843137255 0.7692307692307693 0.6568627450980392 0.7773279352226721 0.6666666666666666 0.7854251012145749 0.6666666666666666 0.7935222672064778 0.6764705882352942 0.7975708502024291 0.6764705882352942 0.8097165991902834 0.6911764705882353 0.8137651821862348 0.6911764705882353 0.8218623481781376 0.7009803921568627 0.8299595141700404 0.7009803921568627 0.8340080971659919 0.7058823529411765 0.8380566801619433 0.7058823529411765 0.8461538461538461 0.7156862745098039 0.8461538461538461 0.7450980392156863 0.8421052631578947 0.75 0.8421052631578947 0.7549019607843137 0.8340080971659919 0.7647058823529411 0.8340080971659919 0.7696078431372549 0.8218623481781376 0.7745098039215687 0.805668016194332 0.7941176470588235 0.8016194331983806 0.7941176470588235 0.7975708502024291 0.7990196078431373 0.7854251012145749 0.7990196078431373 0.7813765182186235 0.803921568627451 0.7449392712550608 0.803921568627451 0.7408906882591093 0.8088235294117647 0.7327935222672065 0.8088235294117647 0.728744939271255 0.8137254901960784 0.7165991902834008 0.8137254901960784 0.6923076923076923 0.7941176470588235 0.680161943319838 0.7941176470588235 0.6761133603238867 0.7990196078431373 0.6639676113360324 0.7990196078431373 0.659919028340081 0.7941176470588235 0.659919028340081 0.7794117647058824 0.6558704453441295 0.7745098039215687 0.6558704453441295 0.7696078431372549 0.6518218623481782 0.7647058823529411 0.6477732793522267 0.7647058823529411 0.6396761133603239 0.7549019607843137 0.6356275303643725 0.7598039215686274 0.6356275303643725 0.7647058823529411 0.6396761133603239 0.7696078431372549 0.6356275303643725 0.7745098039215687 0.631578947368421 0.7696078431372549 0.6234817813765182 0.7696078431372549 0.6194331983805668 0.7745098039215687 0.6234817813765182 0.7794117647058824 0.6234817813765182 0.7892156862745098 0.6194331983805668 0.7892156862745098 0.611336032388664 0.7990196078431373 0.5991902834008097 0.7990196078431373 0.5951417004048583 0.803921568627451 0.5748987854251012 0.803921568627451 0.5708502024291497 0.7990196078431373 0.5668016194331984 0.7990196078431373 0.5668016194331984 0.7941176470588235 0.5587044534412956 0.7843137254901961 0.562753036437247 0.7892156862745098 0.5708502024291497 0.7745098039215687 0.5668016194331984 0.7696078431372549 0.562753036437247 0.7696078431372549 0.562753036437247 0.7647058823529411 0.5668016194331984 0.7598039215686274 0.5668016194331984 0.7450980392156863 0.5748987854251012 0.7352941176470589 0.5789473684210527 0.7352941176470589 0.582995951417004 0.7401960784313726 0.582995951417004 0.7598039215686274 0.5870445344129555 0.7647058823529411 0.5910931174089069 0.7598039215686274 0.5910931174089069 0.7450980392156863 0.6032388663967612 0.7352941176470589 0.5910931174089069 0.7205882352941176 0.5870445344129555 0.7205882352941176 0.5870445344129555 0.6715686274509803 0.5951417004048583 0.6715686274509803 0.5991902834008097 0.6764705882352942 0.611336032388664 0.6764705882352942 0.6194331983805668 0.6666666666666666 0.6194331983805668 0.6617647058823529 0.6234817813765182 0.6568627450980392 0.6275303643724697 0.6421568627450981 0.6518218623481782 0.6127450980392157 0.6518218623481782 0.6078431372549019 0.6558704453441295 0.6029411764705882 0.659919028340081 0.5882352941176471 0.6720647773279352 0.5735294117647058 0.680161943319838 0.5735294117647058
12 0.3076923076923077 0.553921568627451 0.3117408906882591 0.553921568627451 0.3117408906882591 0.5588235294117647 0.31983805668016196 0.5735294117647058 0.31983805668016196 0.5833333333333334 0.32793522267206476 0.5931372549019608 0.32793522267206476 0.5980392156862745 0.3319838056680162 0.6029411764705882 0.3360323886639676 0.6029411764705882 0.3522267206477733 0.6225490196078431 0.3562753036437247 0.6225490196078431 0.3603238866396761 0.6274509803921569 0.38461538461538464 0.6274509803921569 0.4008097165991903 0.6078431372549019 0.4089068825910931 0.6078431372549019 0.41295546558704455 0.6127450980392157 0.42105263157894735 0.6127450980392157 0.4251012145748988 0.6176470588235294 0.4291497975708502 0.6176470588235294 0.44129554655870445 0.6323529411764706 0.44129554655870445 0.6372549019607843 0.4291497975708502 0.6519607843137255 0.4251012145748988 0.6666666666666666 0.42105263157894735 0.6666666666666666 0.41700404858299595 0.6715686274509803 0.4048582995951417 0.6666666666666666 0.3805668016194332 0.696078431372549 0.3765182186234818 0.696078431372549 0.3684210526315789 0.7058823529411765 0.3643724696356275 0.7058823529411765 0.3522267206477733 0.7156862745098039 0.3360323886639676 0.7156862745098039 0.31983805668016196 0.696078431372549 0.31983805668016196 0.6862745098039216 0.3157894736842105 0.6813725490196079 0.3157894736842105 0.6715686274509803 0.29554655870445345 0.6470588235294118 0.29554655870445345 0.6225490196078431 0.291497975708502 0.6176470588235294 0.291497975708502 0.6029411764705882 0.29959514170040485 0.5882352941176471 0.29959514170040485 0.5784313725490197 0.30364372469635625 0.5735294117647058 0.30364372469635625 0.5637254901960784 0.3076923076923077 0.5588235294117647
12 0.5546558704453441 0.5637254901960784 0.5668016194331984 0.5784313725490197 0.5668016194331984 0.5833333333333334 0.5708502024291497 0.5882352941176471 0.5708502024291497 0.6029411764705882 0.5748987854251012 0.6078431372549019 0.5748987854251012 0.6127450980392157 0.582995951417004 0.6274509803921569 0.582995951417004 0.6323529411764706 0.5708502024291497 0.6470588235294118 0.5587044534412956 0.6470588235294118 0.5546558704453441 0.6519607843137255 0.5344129554655871 0.6519607843137255 0.5182186234817814 0.6323529411764706 0.5182186234817814 0.6274509803921569 0.5101214574898786 0.6176470588235294 0.5101214574898786 0.6127450980392157 0.5020242914979757 0.5980392156862745 0.5060728744939271 0.5833333333333334 0.5263157894736842 0.5637254901960784 0.5303643724696356 0.5637254901960784 0.5344129554655871 0.5588235294117647 0.5465587044534413 0.5588235294117647 0.5506072874493927 0.5637254901960784
12 0.8502024291497976 0.46078431372549017 0.8623481781376519 0.47058823529411764 0.8785425101214575 0.47058823529411764 0.8825910931174089 0.47549019607843135 0.8825910931174089 0.4803921568627451 0.8866396761133604 0.4852941176470588 0.8866396761133604 0.5098039215686274 0.8825910931174089 0.5147058823529411 0.8825910931174089 0.5196078431372549 0.8785425101214575 0.5196078431372549 0.8704453441295547 0.5294117647058824 0.8623481781376519 0.5294117647058824 0.8582995951417004 0.5343137254901961 0.8502024291497976 0.5343137254901961 0.8461538461538461 0.5392156862745098 0.8218623481781376 0.5392156862745098 0.8178137651821862 0.5343137254901961 0.8178137651821862 0.5196078431372549 0.8218623481781376 0.5147058823529411 0.8218623481781376 0.5049019607843137 0.8259109311740891 0.5 0.8259109311740891 0.4803921568627451 0.8421052631578947 0.46078431372549017 0.8461538461538461 0.46078431372549017
12 0.6518218623481782 0.30392156862745096 0.6558704453441295 0.30392156862745096 0.659919028340081 0.29901960784313725 0.659919028340081 0.28921568627450983 0.6639676113360324 0.28431372549019607 0.6639676113360324 0.2696078431372549 0.659919028340081 0.2647058823529412 0.659919028340081 0.25980392156862747 0.6558704453441295 0.2549019607843137 0.6558704453441295 0.25 0.6477732793522267 0.23529411764705882 0.6477732793522267 0.22058823529411764 0.6518218623481782 0.21568627450980393 0.6720647773279352 0.21568627450980393 0.6761133603238867 0.2107843137254902 0.680161943319838 0.2107843137254902 0.680161943319838 0.22058823529411764 0.6842105263157895 0.22549019607843138 0.6842105263157895 0.23039215686274508 0.6882591093117408 0.23529411764705882 0.6882591093117408 0.24019607843137256 0.6963562753036437 0.2549019607843137 0.6963562753036437 0.2647058823529412 0.7004048582995951 0.2696078431372549 0.7004048582995951 0.27450980392156865 0.6963562753036437 0.27941176470588236 0.6963562753036437 0.28921568627450983 0.6923076923076923 0.28921568627450983 0.6842105263157895 0.29901960784313725 0.6842105263157895 0.3137254901960784 0.6761133603238867 0.3235294117647059 0.6680161943319838 0.3235294117647059 0.6639676113360324 0.31862745098039214 0.6639676113360324 0.3137254901960784 0.6558704453441295 0.30392156862745096
12 0.44534412955465585 0.47058823529411764 0.4574898785425101 0.4852941176470588 0.46558704453441296 0.4852941176470588 0.47368421052631576 0.4950980392156863 0.4777327935222672 0.4950980392156863 0.4777327935222672 0.5 0.4898785425101215 0.5147058823529411 0.4898785425101215 0.5392156862745098 0.4939271255060729 0.5441176470588235 0.4939271255060729 0.553921568627451 0.4979757085020243 0.5588235294117647 0.4898785425101215 0.5686274509803921 0.4817813765182186 0.5686274509803921 0.4777327935222672 0.5735294117647058 0.47368421052631576 0.5735294117647058 0.46558704453441296 0.5833333333333334 0.46153846153846156 0.5980392156862745 0.44534412955465585 0.6176470588235294 0.43724696356275305 0.6176470588235294 0.4331983805668016 0.6127450980392157 0.4251012145748988 0.6127450980392157 0.42105263157894735 0.6078431372549019 0.4008097165991903 0.6078431372549019 0.3967611336032389 0.6127450980392157 0.39271255060728744 0.6127450980392157 0.38461538461538464 0.6225490196078431 0.3643724696356275 0.6225490196078431 0.3603238866396761 0.6176470588235294 0.3522267206477733 0.6176470588235294 0.340080971659919 0.6029411764705882 0.3360323886639676 0.6029411764705882 0.32793522267206476 0.5931372549019608 0.32793522267206476 0.5882352941176471 0.31983805668016196 0.5735294117647058 0.31983805668016196 0.5637254901960784 0.3076923076923077 0.5490196078431373 0.3076923076923077 0.5441176470588235 0.30364372469635625 0.5392156862745098 0.3076923076923077 0.5343137254901961 0.3076923076923077 0.5294117647058824 0.3157894736842105 0.5196078431372549 0.31983805668016196 0.5049019607843137 0.32793522267206476 0.4950980392156863 0.3441295546558704 0.4950980392156863 0.3481781376518219 0.5 0.38866396761133604 0.5 0.39271255060728744 0.5049019607843137 0.4048582995951417 0.5049019607843137 0.41700404858299595 0.4950980392156863 0.41700404858299595 0.4852941176470588 0.42105263157894735 0.4803921568627451 0.42105263157894735 0.47549019607843135 0.4251012145748988 0.47549019607843135 0.4291497975708502 0.47058823529411764 0.44129554655870445 0.47058823529411764
12 0.2388663967611336 0.5490196078431373 0.242914979757085 0.553921568627451 0.25101214574898784 0.553921568627451 0.2550607287449393 0.5588235294117647 0.26720647773279355 0.5588235294117647 0.27125506072874495 0.5637254901960784 0.2793522267206478 0.5637254901960784 0.291497975708502 0.5784313725490197 0.291497975708502 0.5882352941176471 0.2874493927125506 0.5931372549019608 0.2874493927125506 0.6421568627450981 0.2834008097165992 0.6421568627450981 0.2793522267206478 0.6372549019607843 0.27530364372469635 0.6372549019607843 0.27125506072874495 0.6323529411764706 0.2591093117408907 0.6274509803921569 0.2550607287449393 0.6225490196078431 0.242914979757085 0.6225490196078431 0.2388663967611336 0.6176470588235294 0.2145748987854251 0.6176470588235294 0.20242914979757085 0.6078431372549019 0.20242914979757085 0.6029411764705882 0.19433198380566802 0.5882352941176471 0.19433198380566802 0.5637254901960784 0.20647773279352227 0.5637254901960784 0.21052631578947367 0.5588235294117647 0.2145748987854251 0.5588235294117647 0.22672064777327935 0.5441176470588235 0.23076923076923078 0.5441176470588235 0.23481781376518218 0.5490196078431373
12 0.44534412955465585 0.47058823529411764 0.4574898785425101 0.4852941176470588 0.46558704453441296 0.4852941176470588 0.4777327935222672 0.5 0.4777327935222672 0.5049019607843137 0.4898785425101215 0.5147058823529411 0.4898785425101215 0.5392156862745098 0.4939271255060729 0.5441176470588235 0.4939271255060729 0.5637254901960784 0.4898785425101215 0.5686274509803921 0.4817813765182186 0.5686274509803921 0.46558704453441296 0.5882352941176471 0.46558704453441296 0.5931372549019608 0.4534412955465587 0.6078431372549019 0.4534412955465587 0.6127450980392157 0.44129554655870445 0.6225490196078431 0.44129554655870445 0.6323529411764706 0.4331983805668016 0.6421568627450981 0.4291497975708502 0.6568627450980392 0.41700404858299595 0.6715686274509803 0.41295546558704455 0.6666666666666666 0.4048582995951417 0.6666666666666666 0.38461538461538464 0.6911764705882353 0.3805668016194332 0.6911764705882353 0.3603238866396761 0.7107843137254902 0.3522267206477733 0.7107843137254902 0.3481781376518219 0.7156862745098039 0.340080971659919 0.7156862745098039 0.31983805668016196 0.6911764705882353 0.31983805668016196 0.6813725490196079 0.3157894736842105 0.6764705882352942 0.3117408906882591 0.6617647058823529 0.29959514170040485 0.6470588235294118 0.29959514170040485 0.6323529411764706 0.29554655870445345 0.6274509803921569 0.29554655870445345 0.5980392156862745 0.29959514170040485 0.5931372549019608 0.29959514170040485 0.5833333333333334 0.30364372469635625 0.5784313725490197 0.30364372469635625 0.5637254901960784 0.3076923076923077 0.5588235294117647 0.3076923076923077 0.5490196078431373 0.30364372469635625 0.5441176470588235 0.30364372469635625 0.5392156862745098 0.3076923076923077 0.5343137254901961 0.3076923076923077 0.5245098039215687 0.31983805668016196 0.5098039215686274 0.31983805668016196 0.5049019607843137 0.3319838056680162 0.4950980392156863 0.340080971659919 0.4950980392156863 0.3441295546558704 0.5 0.3805668016194332 0.5 0.38461538461538464 0.5049019607843137 0.4089068825910931 0.5049019607843137 0.41700404858299595 0.4950980392156863 0.42105263157894735 0.4803921568627451 0.4291497975708502 0.47058823529411764 0.44129554655870445 0.47058823529411764
12 0.5101214574898786 0.20588235294117646 0.5141700404858299 0.20588235294117646 0.5182186234817814 0.2107843137254902 0.5263157894736842 0.2107843137254902 0.5263157894736842 0.21568627450980393 0.5303643724696356 0.22058823529411764 0.5344129554655871 0.22058823529411764 0.5425101214574899 0.23039215686274508 0.5546558704453441 0.23529411764705882 0.5546558704453441 0.2647058823529412 0.5587044534412956 0.2696078431372549 0.5587044534412956 0.27941176470588236 0.5546558704453441 0.28431372549019607 0.5546558704453441 0.28921568627450983 0.5465587044534413 0.28921568627450983 0.5425101214574899 0.29411764705882354 0.5344129554655871 0.29411764705882354 0.5303643724696356 0.28921568627450983 0.5060728744939271 0.28921568627450983 0.5020242914979757 0.29411764705882354 0.4939271255060729 0.29411764705882354 0.4898785425101215 0.29901960784313725 0.4817813765182186 0.29901960784313725 0.47368421052631576 0.28921568627450983 0.47368421052631576 0.27450980392156865 0.46963562753036436 0.2696078431372549 0.46558704453441296 0.2696078431372549 0.46558704453441296 0.2647058823529412 0.46153846153846156 0.25980392156862747 0.46153846153846156 0.24509803921568626 0.4574898785425101 0.24019607843137256 0.4534412955465587 0.24509803921568626 0.4493927125506073 0.24019607843137256 0.4493927125506073 0.23039215686274508 0.4534412955465587 0.23039215686274508 0.4574898785425101 0.22549019607843138 0.47368421052631576 0.22549019607843138 0.4777327935222672 0.23039215686274508 0.4939271255060729 0.23039215686274508 0.4979757085020243 0.22549019607843138 0.5060728744939271 0.22549019607843138 0.5141700404858299 0.2107843137254902
12 0.7631578947368421 0.33578431372549017 0.06882591093117409 0.04411764705882353
12 0.680161943319838 0.06372549019607843 0.6882591093117408 0.07352941176470588 0.6923076923076923 0.06862745098039216 0.7004048582995951 0.06862745098039216 0.7125506072874493 0.11274509803921569 0.7206477732793523 0.12254901960784313 0.7206477732793523 0.12745098039215685 0.7246963562753036 0.1323529411764706 0.728744939271255 0.1323529411764706 0.728744939271255 0.17647058823529413 0.7327935222672065 0.18137254901960784 0.7327935222672065 0.19607843137254902 0.728744939271255 0.19607843137254902 0.7246963562753036 0.20098039215686275 0.7125506072874493 0.20098039215686275 0.708502024291498 0.19607843137254902 0.7004048582995951 0.19607843137254902 0.6882591093117408 0.18137254901960784 0.6882591093117408 0.17647058823529413 0.6842105263157895 0.1715686274509804 0.6842105263157895 0.16176470588235295 0.6761133603238867 0.15196078431372548 0.6720647773279352 0.15196078431372548 0.6680161943319838 0.14705882352941177 0.6680161943319838 0.12745098039215685 0.6639676113360324 0.12254901960784313 0.6680161943319838 0.11764705882352941 0.6680161943319838 0.11274509803921569 0.6639676113360324 0.10784313725490197 0.6720647773279352 0.09313725490196079 0.6720647773279352 0.0784313725490196 0.680161943319838 0.06862745098039216
12 0.562753036437247 0.06372549019607843 0.5748987854251012 0.07352941176470588 0.6072874493927125 0.07352941176470588 0.611336032388664 0.0784313725490196 0.6194331983805668 0.0784313725490196 0.6437246963562753 0.09803921568627451 0.6477732793522267 0.10294117647058823 0.6477732793522267 0.11274509803921569 0.6518218623481782 0.11764705882352941 0.6518218623481782 0.1323529411764706 0.6477732793522267 0.13725490196078433 0.6518218623481782 0.14215686274509803 0.6518218623481782 0.1715686274509804 0.6437246963562753 0.1715686274509804 0.6396761133603239 0.16666666666666666 0.5910931174089069 0.16666666666666666 0.5870445344129555 0.16176470588235295 0.5748987854251012 0.16176470588235295 0.5708502024291497 0.16666666666666666 0.5506072874493927 0.16666666666666666 0.5465587044534413 0.16176470588235295 0.5344129554655871 0.16176470588235295 0.5303643724696356 0.1568627450980392 0.5182186234817814 0.15196078431372548 0.5060728744939271 0.13725490196078433 0.4898785425101215 0.13725490196078433 0.48582995951417 0.14215686274509803 0.48582995951417 0.14705882352941177 0.4817813765182186 0.14705882352941177 0.4777327935222672 0.15196078431372548 0.46558704453441296 0.1568627450980392 0.46153846153846156 0.15196078431372548 0.4574898785425101 0.13725490196078433 0.46153846153846156 0.13725490196078433 0.46963562753036436 0.12745098039215685 0.46963562753036436 0.12254901960784313 0.48582995951417 0.09803921568627451 0.48582995951417 0.09313725490196079 0.4939271255060729 0.0784313725490196 0.4939271255060729 0.06862745098039216 0.5060728744939271 0.05392156862745098 0.5182186234817814 0.05392156862745098 0.5222672064777328 0.058823529411764705 0.5546558704453441 0.058823529411764705 0.5587044534412956 0.06372549019607843
12 0.6072874493927125 0.07352941176470588 0.611336032388664 0.0784313725490196 0.6234817813765182 0.0784313725490196 0.6356275303643725 0.09313725490196079 0.6396761133603239 0.09313725490196079 0.6477732793522267 0.10294117647058823 0.6477732793522267 0.11274509803921569 0.6518218623481782 0.11764705882352941 0.6518218623481782 0.16666666666666666 0.6477732793522267 0.1715686274509804 0.6437246963562753 0.1715686274509804 0.6396761133603239 0.16666666666666666 0.5910931174089069 0.16666666666666666 0.5870445344129555 0.16176470588235295 0.5748987854251012 0.1568627450980392 0.5708502024291497 0.15196078431372548 0.5708502024291497 0.14705882352941177 0.562753036437247 0.13725490196078433 0.562753036437247 0.12745098039215685 0.5748987854251012 0.11274509803921569 0.5748987854251012 0.08823529411764706 0.5708502024291497 0.08333333333333333 0.5708502024291497 0.0784313725490196 0.5748987854251012 0.07352941176470588 0.6032388663967612 0.07352941176470588
12 0.3522267206477733 0.31862745098039214 0.3481781376518219 0.3235294117647059 0.3522267206477733 0.3284313725490196 0.3522267206477733 0.3382352941176471 0.3562753036437247 0.3431372549019608 0.3562753036437247 0.35294117647058826 0.3522267206477733 0.35784313725490197 0.3522267206477733 0.36764705882352944 0.3481781376518219 0.37254901960784315 0.3481781376518219 0.37745098039215685 0.3562753036437247 0.39215686274509803 0.3562753036437247 0.4068627450980392 0.3481781376518219 0.4215686274509804 0.340080971659919 0.4215686274509804 0.3360323886639676 0.4264705882352941 0.32388663967611336 0.4264705882352941 0.3117408906882591 0.4362745098039216 0.3076923076923077 0.43137254901960786 0.29959514170040485 0.43137254901960786 0.29554655870445345 0.4264705882352941 0.291497975708502 0.4117647058823529 0.27530364372469635 0.39215686274509803 0.27125506072874495 0.39215686274509803 0.2631578947368421 0.38235294117647056 0.2591093117408907 0.38235294117647056 0.2550607287449393 0.37745098039215685 0.2388663967611336 0.37745098039215685 0.23481781376518218 0.37254901960784315 0.23076923076923078 0.37254901960784315 0.21862348178137653 0.35784313725490197 0.21862348178137653 0.35294117647058826 0.22672064777327935 0.3431372549019608 0.22672064777327935 0.3382352941176471 0.2550607287449393 0.3382352941176471 0.2591093117408907 0.3431372549019608 0.2631578947368421 0.3431372549019608 0.27530364372469635 0.3333333333333333 0.2874493927125506 0.3333333333333333 0.291497975708502 0.3284313725490196 0.32793522267206476 0.3284313725490196 0.3319838056680162 0.3235294117647059 0.3481781376518219 0.3235294117647059
12 0.6153846153846154 0.28431372549019607 0.6194331983805668 0.28921568627450983 0.631578947368421 0.29411764705882354 0.6396761133603239 0.30392156862745096 0.6437246963562753 0.30392156862745096 0.6518218623481782 0.3137254901960784 0.6518218623481782 0.3235294117647059 0.6234817813765182 0.3235294117647059 0.6153846153846154 0.3137254901960784 0.6032388663967612 0.3137254901960784 0.5991902834008097 0.3088235294117647 0.5870445344129555 0.3088235294117647 0.5870445344129555 0.29411764705882354 0.5910931174089069 0.29411764705882354 0.5951417004048583 0.28921568627450983 0.611336032388664 0.28921568627450983
12 0.5910931174089069 0.06862745098039216 0.5951417004048583 0.07352941176470588 0.6153846153846154 0.07352941176470588 0.6194331983805668 0.0784313725490196 0.631578947368421 0.08333333333333333 0.6477732793522267 0.10294117647058823 0.6477732793522267 0.10784313725490197 0.6518218623481782 0.11274509803921569 0.6518218623481782 0.12254901960784313 0.6396761133603239 0.1323529411764706 0.6356275303643725 0.12745098039215685 0.6275303643724697 0.12745098039215685 0.6234817813765182 0.12254901960784313 0.611336032388664 0.12254901960784313 0.6072874493927125 0.11764705882352941 0.5870445344129555 0.11764705882352941 0.582995951417004 0.12254901960784313 0.5789473684210527 0.11764705882352941 0.5789473684210527 0.0784313725490196 0.5748987854251012 0.07352941176470588 0.5870445344129555 0.06862745098039216
12 0.8299595141700404 0.3480392156862745 0.8421052631578947 0.35784313725490197 0.8421052631578947 0.36764705882352944 0.8299595141700404 0.38235294117647056 0.8259109311740891 0.38235294117647056 0.8218623481781376 0.3872549019607843 0.8097165991902834 0.3872549019607843 0.805668016194332 0.38235294117647056 0.7813765182186235 0.38235294117647056 0.7692307692307693 0.39215686274509803 0.7651821862348178 0.39215686274509803 0.7449392712550608 0.37254901960784315 0.7327935222672065 0.36764705882352944 0.728744939271255 0.3627450980392157 0.728744939271255 0.35784313725490197 0.7327935222672065 0.35784313725490197 0.7368421052631579 0.35294117647058826 0.7732793522267206 0.35294117647058826 0.7773279352226721 0.35784313725490197 0.7935222672064778 0.35784313725490197 0.805668016194332 0.3480392156862745 0.8259109311740891 0.3480392156862745
12 0.6518218623481782 0.4166666666666667 0.6558704453441295 0.4215686274509804 0.6639676113360324 0.4215686274509804 0.6680161943319838 0.4264705882352941 0.6720647773279352 0.4264705882352941 0.6882591093117408 0.44607843137254904 0.6923076923076923 0.44607843137254904 0.6963562753036437 0.45098039215686275 0.7044534412955465 0.45098039215686275 0.708502024291498 0.45588235294117646 0.7246963562753036 0.45588235294117646 0.728744939271255 0.46078431372549017 0.7327935222672065 0.46078431372549017 0.7368421052631579 0.46568627450980393 0.7449392712550608 0.46568627450980393 0.7489878542510121 0.47058823529411764 0.7651821862348178 0.47058823529411764 0.7611336032388664 0.47549019607843135 0.7611336032388664 0.4852941176470588 0.7651821862348178 0.49019607843137253 0.7692307692307693 0.49019607843137253 0.7732793522267206 0.4852941176470588 0.7773279352226721 0.49019607843137253 0.7773279352226721 0.5 0.7854251012145749 0.5098039215686274 0.7854251012145749 0.5147058823529411 0.7894736842105263 0.5196078431372549 0.7894736842105263 0.5343137254901961 0.7854251012145749 0.5392156862745098 0.7854251012145749 0.5441176470588235 0.7773279352226721 0.5588235294117647 0.7773279352226721 0.5686274509803921 0.7732793522267206 0.5735294117647058 0.7732793522267206 0.5784313725490197 0.7692307692307693 0.5784313725490197 0.7651821862348178 0.5833333333333334 0.7611336032388664 0.5784313725490197 0.757085020242915 0.5833333333333334 0.7449392712550608 0.5735294117647058 0.7327935222672065 0.5735294117647058 0.728744939271255 0.5686274509803921 0.7206477732793523 0.5686274509803921 0.708502024291498 0.5588235294117647 0.7044534412955465 0.5637254901960784 0.7004048582995951 0.5637254901960784 0.6963562753036437 0.5588235294117647 0.6842105263157895 0.5588235294117647 0.680161943319838 0.5637254901960784 0.659919028340081 0.5637254901960784 0.6558704453441295 0.5588235294117647 0.6437246963562753 0.5588235294117647 0.6396761133603239 0.553921568627451 0.6356275303643725 0.553921568627451 0.631578947368421 0.5490196078431373 0.6275303643724697 0.5490196078431373 0.6234817813765182 0.5441176470588235 0.6194331983805668 0.5441176470588235 0.6153846153846154 0.5392156862745098 0.6032388663967612 0.5343137254901961 0.5951417004048583 0.5245098039215687 0.5910931174089069 0.5245098039215687 0.5748987854251012 0.5049019607843137 0.5708502024291497 0.5049019607843137 0.5668016194331984 0.5 0.5668016194331984 0.4950980392156863 0.5587044534412956 0.4852941176470588 0.5587044534412956 0.47058823529411764 0.5748987854251012 0.45098039215686275 0.582995951417004 0.45098039215686275 0.5870445344129555 0.44607843137254904 0.5910931174089069 0.44607843137254904 0.5951417004048583 0.4411764705882353 0.6032388663967612 0.4411764705882353 0.6072874493927125 0.4362745098039216 0.6194331983805668 0.4362745098039216 0.6275303643724697 0.4264705882352941 0.631578947368421 0.4264705882352941 0.6356275303643725 0.4215686274509804 0.6477732793522267 0.4166666666666667
12 0.5222672064777328 0.05392156862745098 0.5263157894736842 0.058823529411764705 0.5546558704453441 0.058823529411764705 0.5587044534412956 0.06372549019607843 0.562753036437247 0.06372549019607843 0.5668016194331984 0.06862745098039216 0.5748987854251012 0.06862745098039216 0.5789473684210527 0.07352941176470588 0.582995951417004 0.06862745098039216 0.5910931174089069 0.06862745098039216 0.5951417004048583 0.07352941176470588 0.6072874493927125 0.07352941176470588 0.611336032388664 0.0784313725490196 0.6194331983805668 0.0784313725490196 0.6234817813765182 0.08333333333333333 0.6275303643724697 0.08333333333333333 0.6356275303643725 0.09313725490196079 0.6396761133603239 0.09313725490196079 0.6518218623481782 0.10784313725490197 0.6518218623481782 0.11274509803921569 0.659919028340081 0.12254901960784313 0.6639676113360324 0.12254901960784313 0.6639676113360324 0.12745098039215685 0.6680161943319838 0.1323529411764706 0.6680161943319838 0.14215686274509803 0.6639676113360324 0.14705882352941177 0.6639676113360324 0.15196078431372548 0.6680161943319838 0.1568627450980392 0.6882591093117408 0.1568627450980392 0.6923076923076923 0.16176470588235295 0.6963562753036437 0.16176470588235295 0.6963562753036437 0.16666666666666666 0.6680161943319838 0.16666666666666666 0.659919028340081 0.17647058823529413 0.659919028340081 0.18137254901960784 0.6639676113360324 0.18627450980392157 0.6680161943319838 0.18137254901960784 0.6680161943319838 0.18627450980392157 0.6639676113360324 0.18627450980392157 0.659919028340081 0.18137254901960784 0.6518218623481782 0.18137254901960784 0.6396761133603239 0.1715686274509804 0.5789473684210527 0.1715686274509804 0.5668016194331984 0.18627450980392157 0.5668016194331984 0.19117647058823528 0.5546558704453441 0.18627450980392157 0.5465587044534413 0.1715686274509804 0.5384615384615384 0.1715686274509804 0.5344129554655871 0.16666666666666666 0.5222672064777328 0.16666666666666666 0.5141700404858299 0.1568627450980392 0.4979757085020243 0.1568627450980392 0.48582995951417 0.16666666666666666 0.4777327935222672 0.16666666666666666 0.47368421052631576 0.1715686274509804 0.46963562753036436 0.1715686274509804 0.46558704453441296 0.17647058823529413 0.46558704453441296 0.18137254901960784 0.4574898785425101 0.18137254901960784 0.4534412955465587 0.18627450980392157 0.44534412955465585 0.18627450980392157 0.44534412955465585 0.18137254901960784 0.43724696356275305 0.1715686274509804 0.4331983805668016 0.17647058823529413 0.4331983805668016 0.18137254901960784 0.4251012145748988 0.19117647058823528 0.4291497975708502 0.19607843137254902 0.4331983805668016 0.19607843137254902 0.4291497975708502 0.20098039215686275 0.4291497975708502 0.20588235294117646 0.41700404858299595 0.22058823529411764 0.41700404858299595 0.22549019607843138 0.4089068825910931 0.23529411764705882 0.4008097165991903 0.23529411764705882 0.3967611336032389 0.24019607843137256 0.39271255060728744 0.24019607843137256 0.38866396761133604 0.24509803921568626 0.38866396761133604 0.25 0.3765182186234818 0.25 0.3684210526315789 0.25980392156862747 0.3684210526315789 0.2696078431372549 0.3765182186234818 0.27941176470588236 0.3765182186234818 0.28431372549019607 0.3805668016194332 0.28921568627450983 0.39271255060728744 0.28921568627450983 0.38461538461538464 0.29901960784313725 0.38461538461538464 0.30392156862745096 0.3805668016194332 0.3088235294117647 0.3562753036437247 0.3088235294117647 0.3522267206477733 0.30392156862745096 0.340080971659919 0.30392156862745096 0.3360323886639676 0.29901960784313725 0.32793522267206476 0.29901960784313725 0.32388663967611336 0.30392156862745096 0.3157894736842105 0.30392156862745096 0.3117408906882591 0.3088235294117647 0.3117408906882591 0.3137254901960784 0.30364372469635625 0.3137254901960784 0.29959514170040485 0.31862745098039214 0.29554655870445345 0.31862745098039214 0.291497975708502 0.3137254901960784 0.2793522267206478 0.3137254901960784 0.27125506072874495 0.3235294117647059 0.26720647773279355 0.3235294117647059 0.2631578947368421 0.3284313725490196 0.25101214574898784 0.3284313725490196 0.24696356275303644 0.3235294117647059 0.23481781376518218 0.3235294117647059 0.22672064777327935 0.3137254901960784 0.22672064777327935 0.3088235294117647 0.21862348178137653 0.29411764705882354 0.21052631578947367 0.29411764705882354 0.20647773279352227 0.28921568627450983 0.19838056680161945 0.28921568627450983 0.19838056680161945 0.27450980392156865 0.20242914979757085 0.2696078431372549 0.20242914979757085 0.2647058823529412 0.2145748987854251 0.25 0.22672064777327935 0.24509803921568626 0.24696356275303644 0.22058823529411764 0.24696356275303644 0.21568627450980393 0.25101214574898784 0.2107843137254902 0.2550607287449393 0.2107843137254902 0.26720647773279355 0.19607843137254902 0.26720647773279355 0.17647058823529413 0.27530364372469635 0.16666666666666666 0.2793522267206478 0.16666666666666666 0.2834008097165992 0.1715686274509804 0.291497975708502 0.1715686274509804 0.29554655870445345 0.17647058823529413 0.29959514170040485 0.17647058823529413 0.30364372469635625 0.1715686274509804 0.32793522267206476 0.1715686274509804 0.3319838056680162 0.16666666666666666 0.3360323886639676 0.16666666666666666 0.3441295546558704 0.1568627450980392 0.3441295546558704 0.14705882352941177 0.3481781376518219 0.14705882352941177 0.3522267206477733 0.15196078431372548 0.3603238866396761 0.14215686274509803 0.3522267206477733 0.1323529411764706 0.3481781376518219 0.13725490196078433 0.340080971659919 0.13725490196078433 0.3441295546558704 0.13725490196078433 0.3481781376518219 0.1323529411764706 0.3522267206477733 0.1323529411764706 0.3603238866396761 0.14215686274509803 0.3643724696356275 0.13725490196078433 0.3643724696356275 0.1323529411764706 0.3684210526315789 0.12745098039215685 0.3603238866396761 0.11764705882352941 0.3562753036437247 0.12254901960784313 0.3562753036437247 0.11764705882352941 0.3522267206477733 0.11274509803921569 0.3522267206477733 0.10294117647058823 0.3481781376518219 0.09803921568627451 0.340080971659919 0.09803921568627451 0.340080971659919 0.09313725490196079 0.3522267206477733 0.09313725490196079 0.3562753036437247 0.08823529411764706 0.3643724696356275 0.08823529411764706 0.3684210526315789 0.08333333333333333 0.3765182186234818 0.08333333333333333 0.3805668016194332 0.0784313725490196 0.38866396761133604 0.0784313725490196 0.39271255060728744 0.07352941176470588 0.42105263157894735 0.07352941176470588 0.4251012145748988 0.0784313725490196 0.4331983805668016 0.0784313725490196 0.44129554655870445 0.08823529411764706 0.44534412955465585 0.08823529411764706 0.4574898785425101 0.10294117647058823 0.46963562753036436 0.10294117647058823 0.47368421052631576 0.09803921568627451 0.4777327935222672 0.09803921568627451 0.4939271255060729 0.0784313725490196 0.4939271255060729 0.06862745098039216 0.5060728744939271 0.05392156862745098 0.5182186234817814 0.05392156862745098
12 0.611336032388664 0.11764705882352941 0.6194331983805668 0.12745098039215685 0.6275303643724697 0.12745098039215685 0.631578947368421 0.1323529411764706 0.6356275303643725 0.1323529411764706 0.6396761133603239 0.13725490196078433 0.6396761133603239 0.14215686274509803 0.6477732793522267 0.15196078431372548 0.6518218623481782 0.16666666666666666 0.6477732793522267 0.1715686274509804 0.6437246963562753 0.16666666666666666 0.5910931174089069 0.16666666666666666 0.582995951417004 0.1568627450980392 0.5789473684210527 0.1568627450980392 0.5748987854251012 0.15196078431372548 0.5708502024291497 0.15196078431372548 0.562753036437247 0.16176470588235295 0.562753036437247 0.16666666666666666 0.5546558704453441 0.1568627450980392 0.5587044534412956 0.1568627450980392 0.562753036437247 0.16176470588235295 0.5708502024291497 0.15196078431372548 0.5708502024291497 0.1323529411764706 0.5748987854251012 0.12745098039215685 0.5951417004048583 0.12745098039215685 0.5991902834008097 0.12254901960784313 0.6072874493927125 0.12254901960784313
12 0.291497975708502 0.23039215686274508 0.29554655870445345 0.23529411764705882 0.3157894736842105 0.23529411764705882 0.31983805668016196 0.24019607843137256 0.32388663967611336 0.24019607843137256 0.3360323886639676 0.25 0.3441295546558704 0.25 0.3522267206477733 0.25980392156862747 0.3643724696356275 0.2647058823529412 0.3724696356275304 0.27450980392156865 0.3724696356275304 0.28431372549019607 0.3765182186234818 0.28921568627450983 0.3765182186234818 0.29411764705882354 0.3724696356275304 0.29901960784313725 0.3724696356275304 0.3137254901960784 0.3643724696356275 0.3137254901960784 0.3603238866396761 0.3088235294117647 0.3319838056680162 0.3088235294117647 0.31983805668016196 0.3235294117647059 0.2834008097165992 0.3235294117647059 0.2793522267206478 0.3284313725490196 0.27125506072874495 0.3284313725490196 0.26720647773279355 0.3333333333333333 0.242914979757085 0.3333333333333333 0.2388663967611336 0.3284313725490196 0.23481781376518218 0.3284313725490196 0.22267206477732793 0.3137254901960784 0.22267206477732793 0.3088235294117647 0.21052631578947367 0.29411764705882354 0.20242914979757085 0.29411764705882354 0.19433198380566802 0.28431372549019607 0.19838056680161945 0.2696078431372549 0.2145748987854251 0.25 0.21862348178137653 0.25 0.23076923076923078 0.24019607843137256 0.242914979757085 0.24019607843137256 0.24696356275303644 0.23529411764705882 0.2874493927125506 0.23529411764705882
12 0.4939271255060729 0.5735294117647058 0.4979757085020243 0.5784313725490197 0.4979757085020243 0.6078431372549019 0.5060728744939271 0.6225490196078431 0.5060728744939271 0.6323529411764706 0.5141700404858299 0.6421568627450981 0.5182186234817814 0.6421568627450981 0.5182186234817814 0.6666666666666666 0.5141700404858299 0.6715686274509803 0.5101214574898786 0.6715686274509803 0.5020242914979757 0.6862745098039216 0.48582995951417 0.6862745098039216 0.47368421052631576 0.6715686274509803 0.47368421052631576 0.6666666666666666 0.46558704453441296 0.6568627450980392 0.46558704453441296 0.6421568627450981 0.46153846153846156 0.6372549019607843 0.46153846153846156 0.6127450980392157 0.46558704453441296 0.6078431372549019 0.46558704453441296 0.5980392156862745 0.47368421052631576 0.5882352941176471 0.47368421052631576 0.5833333333333334 0.4777327935222672 0.5784313725490197 0.4898785425101215 0.5735294117647058
12 0.19433198380566802 0.35294117647058826 0.20647773279352227 0.35294117647058826 0.2145748987854251 0.3627450980392157 0.21862348178137653 0.3627450980392157 0.23076923076923078 0.37745098039215685 0.23481781376518218 0.37745098039215685 0.2388663967611336 0.38235294117647056 0.2591093117408907 0.38235294117647056 0.26720647773279355 0.39215686274509803 0.27125506072874495 0.39215686274509803 0.291497975708502 0.4166666666666667 0.291497975708502 0.45588235294117646 0.2793522267206478 0.46568627450980393 0.2591093117408907 0.46568627450980393 0.25101214574898784 0.45098039215686275 0.25101214574898784 0.4362745098039216 0.20242914979757085 0.37745098039215685 0.20242914979757085 0.37254901960784315 0.19433198380566802 0.35784313725490197
12 0.17408906882591094 0.40931372549019607 0.08906882591093117 0.2107843137254902
12 0.8178137651821862 0.18627450980392157 0.8218623481781376 0.19117647058823528 0.8259109311740891 0.19117647058823528 0.8340080971659919 0.20098039215686275 0.8340080971659919 0.20588235294117646 0.8380566801619433 0.2107843137254902 0.8380566801619433 0.22058823529411764 0.8421052631578947 0.22549019607843138 0.8421052631578947 0.24019607843137256 0.8380566801619433 0.24509803921568626 0.8380566801619433 0.2549019607843137 0.7894736842105263 0.2549019607843137 0.7854251012145749 0.25 0.7732793522267206 0.2549019607843137 0.7732793522267206 0.23529411764705882 0.7854251012145749 0.22058823529411764 0.7935222672064778 0.22058823529411764 0.8016194331983806 0.2107843137254902 0.8016194331983806 0.20588235294117646 0.7975708502024291 0.20098039215686275 0.8097165991902834 0.18627450980392157 0.8137651821862348 0.18627450980392157
12 0.9271255060728745 0.9362745098039216 0.9352226720647774 0.9264705882352942 0.9352226720647774 0.9215686274509803 0.9433198380566802 0.9117647058823529 0.9473684210526315 0.9117647058823529 0.9635627530364372 0.9313725490196079 0.9635627530364372 0.946078431372549 0.951417004048583 0.9607843137254902 0.9433198380566802 0.9607843137254902 0.9433198380566802 0.9558823529411765 0.9311740890688259 0.9411764705882353
12 0.7368421052631579 0.4019607843137255 0.7408906882591093 0.4068627450980392 0.7449392712550608 0.4068627450980392 0.7489878542510121 0.4019607843137255 0.7530364372469636 0.4019607843137255 0.7611336032388664 0.39215686274509803 0.7732793522267206 0.39215686274509803 0.7773279352226721 0.3872549019607843 0.7854251012145749 0.3872549019607843 0.7894736842105263 0.38235294117647056 0.8016194331983806 0.38235294117647056 0.805668016194332 0.3872549019607843 0.8218623481781376 0.3872549019607843 0.8218623481781376 0.39215686274509803 0.8178137651821862 0.39705882352941174 0.8178137651821862 0.4117647058823529 0.8137651821862348 0.4166666666666667 0.8137651821862348 0.4215686274509804 0.8097165991902834 0.4264705882352941 0.805668016194332 0.4411764705882353 0.7975708502024291 0.45098039215686275 0.7975708502024291 0.46078431372549017 0.7773279352226721 0.46078431372549017 0.7732793522267206 0.46568627450980393 0.7692307692307693 0.46078431372549017 0.7611336032388664 0.46078431372549017 0.7611336032388664 0.45588235294117646 0.757085020242915 0.45098039215686275 0.757085020242915 0.4411764705882353 0.7530364372469636 0.4362745098039216 0.7408906882591093 0.43137254901960786 0.728744939271255 0.4166666666666667 0.7327935222672065 0.4117647058823529 0.7327935222672065 0.4068627450980392
12 0.4979757085020243 0.058823529411764705 0.5020242914979757 0.058823529411764705 0.5060728744939271 0.05392156862745098 0.5182186234817814 0.05392156862745098 0.5222672064777328 0.058823529411764705 0.5546558704453441 0.058823529411764705 0.5587044534412956 0.06372549019607843 0.562753036437247 0.06372549019607843 0.5668016194331984 0.06862745098039216 0.5748987854251012 0.06862745098039216 0.5789473684210527 0.07352941176470588 0.582995951417004 0.06862745098039216 0.5870445344129555 0.07352941176470588 0.6032388663967612 0.07352941176470588 0.6072874493927125 0.0784313725490196 0.6153846153846154 0.0784313725490196 0.6194331983805668 0.08333333333333333 0.6275303643724697 0.08333333333333333 0.6356275303643725 0.09313725490196079 0.6396761133603239 0.09313725490196079 0.6477732793522267 0.10294117647058823 0.6477732793522267 0.10784313725490197 0.659919028340081 0.12254901960784313 0.6680161943319838 0.12254901960784313 0.6720647773279352 0.11764705882352941 0.6720647773279352 0.12254901960784313 0.6761133603238867 0.12745098039215685 0.680161943319838 0.12745098039215685 0.6761133603238867 0.1323529411764706 0.6842105263157895 0.14215686274509803 0.6923076923076923 0.14215686274509803 0.6963562753036437 0.14705882352941177 0.7044534412955465 0.14705882352941177 0.708502024291498 0.15196078431372548 0.728744939271255 0.15196078431372548 0.728744939271255 0.1568627450980392 0.7327935222672065 0.16176470588235295 0.7530364372469636 0.16176470588235295 0.757085020242915 0.16666666666666666 0.7651821862348178 0.16666666666666666 0.7692307692307693 0.1715686274509804 0.7732793522267206 0.1715686274509804 0.7813765182186235 0.18137254901960784 0.7894736842105263 0.18137254901960784 0.7935222672064778 0.18627450980392157 0.8137651821862348 0.18627450980392157 0.8178137651821862 0.19117647058823528 0.8218623481781376 0.19117647058823528 0.8340080971659919 0.20588235294117646 0.8340080971659919 0.21568627450980393 0.8380566801619433 0.22058823529411764 0.8380566801619433 0.28431372549019607 0.8421052631578947 0.28921568627450983 0.8421052631578947 0.3088235294117647 0.8461538461538461 0.3137254901960784 0.8461538461538461 0.3235294117647059 0.854251012145749 0.3333333333333333 0.8582995951417004 0.3333333333333333 0.8623481781376519 0.3382352941176471 0.8623481781376519 0.36764705882352944 0.8704453441295547 0.37745098039215685 0.8744939271255061 0.37745098039215685 0.8866396761133604 0.39215686274509803 0.8906882591093117 0.39215686274509803 0.8947368421052632 0.39705882352941174 0.902834008097166 0.39705882352941174 0.9149797570850202 0.4117647058823529 0.9149797570850202 0.4215686274509804 0.9109311740890689 0.4264705882352941 0.9109311740890689 0.4362745098039216 0.8947368421052632 0.45588235294117646 0.8947368421052632 0.46078431372549017 0.8866396761133604 0.47549019607843135 0.8866396761133604 0.4852941176470588 0.8906882591093117 0.49019607843137253 0.8906882591093117 0.4950980392156863 0.8866396761133604 0.5 0.8866396761133604 0.5098039215686274 0.8825910931174089 0.5147058823529411 0.8825910931174089 0.5196078431372549 0.8744939271255061 0.5294117647058824 0.8704453441295547 0.5294117647058824 0.8663967611336032 0.5343137254901961 0.8502024291497976 0.5343137254901961 0.8461538461538461 0.5392156862745098 0.8259109311740891 0.5392156862745098 0.8218623481781376 0.5441176470588235 0.8218623481781376 0.5490196078431373 0.8259109311740891 0.553921568627451 0.8299595141700404 0.553921568627451 0.8299595141700404 0.5588235294117647 0.8340080971659919 0.5637254901960784 0.8380566801619433 0.5637254901960784 0.8502024291497976 0.5784313725490197 0.8623481781376519 0.5833333333333334 0.8704453441295547 0.5931372549019608 0.8785425101214575 0.5931372549019608 0.8785425101214575 0.5980392156862745 0.8825910931174089 0.6029411764705882 0.8785425101214575 0.5980392156862745 0.8744939271255061 0.5980392156862745 0.8663967611336032 0.5882352941176471 0.8582995951417004 0.5882352941176471 0.8502024291497976 0.5784313725490197 0.8461538461538461 0.5784313725490197 0.8340080971659919 0.5686274509803921 0.8259109311740891 0.5686274509803921 0.8178137651821862 0.5588235294117647 0.805668016194332 0.5588235294117647 0.7935222672064778 0.5735294117647058 0.7935222672064778 0.5784313725490197 0.7813765182186235 0.5882352941176471 0.7813765182186235 0.6127450980392157 0.7773279352226721 0.6176470588235294 0.7773279352226721 0.6421568627450981 0.7813765182186235 0.6470588235294118 0.7773279352226721 0.6519607843137255 0.7773279352226721 0.6568627450980392 0.7854251012145749 0.6666666666666666 0.7894736842105263 0.6666666666666666 0.7975708502024291 0.6764705882352942 0.8016194331983806 0.6764705882352942 0.8016194331983806 0.6813725490196079 0.805668016194332 0.6862745098039216 0.8178137651821862 0.6911764705882353 0.8299595141700404 0.7058823529411765 0.8380566801619433 0.7058823529411765 0.8380566801619433 0.7107843137254902 0.8461538461538461 0.7254901960784313 0.8461538461538461 0.7303921568627451 0.8421052631578947 0.7352941176470589 0.8421052631578947 0.7549019607843137 0.8259109311740891 0.7745098039215687 0.8218623481781376 0.7745098039215687 0.805668016194332 0.7941176470588235 0.8016194331983806 0.7941176470588235 0.7975708502024291 0.7990196078431373 0.7854251012145749 0.7990196078431373 0.7813765182186235 0.803921568627451 0.7408906882591093 0.803921568627451 0.7368421052631579 0.8088235294117647 0.728744939271255 0.8088235294117647 0.7246963562753036 0.8137254901960784 0.7165991902834008 0.8137254901960784 0.7125506072874493 0.8088235294117647 0.7004048582995951 0.803921568627451 0.6923076923076923 0.7941176470588235 0.680161943319838 0.7941176470588235 0.6761133603238867 0.7990196078431373 0.6639676113360324 0.7990196078431373 0.659919028340081 0.7941176470588235 0.659919028340081 0.7892156862745098 0.6518218623481782 0.7794117647058824 0.6396761133603239 0.7794117647058824 0.6356275303643725 0.7843137254901961 0.631578947368421 0.7843137254901961 0.6234817813765182 0.7941176470588235 0.6194331983805668 0.7941176470588235 0.6072874493927125 0.803921568627451 0.5951417004048583 0.803921568627451 0.5910931174089069 0.8088235294117647 0.5789473684210527 0.8088235294117647 0.5748987854251012 0.803921568627451 0.5708502024291497 0.803921568627451 0.5506072874493927 0.7794117647058824 0.5425101214574899 0.7794117647058824 0.5384615384615384 0.7843137254901961 0.5263157894736842 0.7843137254901961 0.5222672064777328 0.7892156862745098 0.4534412955465587 0.7892156862745098 0.4493927125506073 0.7843137254901961 0.4251012145748988 0.7843137254901961 0.42105263157894735 0.7794117647058824 0.41295546558704455 0.7794117647058824 0.4089068825910931 0.7745098039215687 0.3967611336032389 0.7696078431372549 0.3967611336032389 0.7647058823529411 0.38866396761133604 0.75 0.38866396761133604 0.7401960784313726 0.38461538461538464 0.7352941176470589 0.38461538461538464 0.7107843137254902 0.3765182186234818 0.7009803921568627 0.3724696356275304 0.7058823529411765 0.3643724696356275 0.7058823529411765 0.3522267206477733 0.7156862745098039 0.3360323886639676 0.7156862745098039 0.32793522267206476 0.7058823529411765 0.3157894736842105 0.7009803921568627 0.3117408906882591 0.7058823529411765 0.3117408906882591 0.7107843137254902 0.3157894736842105 0.7156862745098039 0.3117408906882591 0.7205882352941176 0.3157894736842105 0.7254901960784313 0.3157894736842105 0.7303921568627451 0.3117408906882591 0.7303921568627451 0.3076923076923077 0.7254901960784313 0.3076923076923077 0.6911764705882353 0.30364372469635625 0.6862745098039216 0.30364372469635625 0.6666666666666666 0.29959514170040485 0.6617647058823529 0.29959514170040485 0.6568627450980392 0.291497975708502 0.6470588235294118 0.2874493927125506 0.6470588235294118 0.27530364372469635 0.6323529411764706 0.27125506072874495 0.6323529411764706 0.26720647773279355 0.6274509803921569 0.2591093117408907 0.6274509803921569 0.24696356275303644 0.6176470588235294 0.23076923076923078 0.6176470588235294 0.22672064777327935 0.6127450980392157 0.22267206477732793 0.6127450980392157 0.21862348178137653 0.6176470588235294 0.2145748987854251 0.6127450980392157 0.20647773279352227 0.6127450980392157 0.19838056680161945 0.5980392156862745 0.19838056680161945 0.5882352941176471 0.19433198380566802 0.5833333333333334 0.19433198380566802 0.5735294117647058 0.1902834008097166 0.5686274509803921 0.1902834008097166 0.5588235294117647 0.15789473684210525 0.5196078431372549 0.15384615384615385 0.5196078431372549 0.1417004048582996 0.5049019607843137 0.1417004048582996 0.5 0.13360323886639677 0.49019607843137253 0.13360323886639677 0.4803921568627451 0.12955465587044535 0.47549019607843135 0.12955465587044535 0.47058823529411764 0.13360323886639677 0.46568627450980393 0.13360323886639677 0.45588235294117646 0.12955465587044535 0.45098039215686275 0.13360323886639677 0.44607843137254904 0.13360323886639677 0.39705882352941174 0.1417004048582996 0.38235294117647056 0.1417004048582996 0.36764705882352944 0.145748987854251 0.3627450980392157 0.145748987854251 0.35784313725490197 0.15384615384615385 0.3480392156862745 0.15384615384615385 0.3431372549019608 0.15789473684210525 0.3431372549019608 0.16194331983805668 0.3382352941176471 0.16194331983805668 0.3333333333333333 0.1700404858299595 0.3235294117647059 0.17408906882591094 0.3235294117647059 0.1862348178137652 0.3088235294117647 0.1902834008097166 0.3088235294117647 0.19433198380566802 0.30392156862745096 0.19433198380566802 0.29901960784313725 0.19838056680161945 0.29411764705882354 0.19433198380566802 0.28921568627450983 0.19433198380566802 0.28431372549019607 0.19838056680161945 0.27941176470588236 0.19838056680161945 0.2696078431372549 0.21862348178137653 0.24509803921568626 0.22267206477732793 0.24509803921568626 0.2631578947368421 0.19607843137254902 0.2631578947368421 0.19117647058823528 0.26720647773279355 0.18627450980392157 0.26720647773279355 0.16666666666666666 0.27530364372469635 0.15196078431372548 0.27530364372469635 0.14215686274509803 0.2793522267206478 0.13725490196078433 0.2793522267206478 0.12745098039215685 0.2874493927125506 0.11764705882352941 0.2874493927125506 0.11274509803921569 0.29959514170040485 0.09803921568627451 0.30364372469635625 0.09803921568627451 0.3076923076923077 0.09313725490196079 0.3360323886639676 0.09313725490196079 0.340080971659919 0.08823529411764706 0.3562753036437247 0.08823529411764706 0.3603238866396761 0.08333333333333333 0.3724696356275304 0.08333333333333333 0.3765182186234818 0.0784313725490196 0.38461538461538464 0.0784313725490196 0.38866396761133604 0.07352941176470588 0.41700404858299595 0.07352941176470588 0.42105263157894735 0.0784313725490196 0.4251012145748988 0.0784313725490196 0.4291497975708502 0.08333333333333333 0.44129554655870445 0.08823529411764706 0.44534412955465585 0.09313725490196079 0.4493927125506073 0.09313725490196079 0.4534412955465587 0.09803921568627451 0.47368421052631576 0.09803921568627451 0.4777327935222672 0.09313725490196079 0.4817813765182186 0.09313725490196079 0.4898785425101215 0.08333333333333333 0.4939271255060729 0.06862745098039216 0.4979757085020243 0.06372549019607843
12 0.41700404858299595 0.06372549019607843 0.4251012145748988 0.07352941176470588 0.4291497975708502 0.07352941176470588 0.4331983805668016 0.0784313725490196 0.44129554655870445 0.0784313725490196 0.44129554655870445 0.08333333333333333 0.44534412955465585 0.08823529411764706 0.4493927125506073 0.08823529411764706 0.46153846153846156 0.09803921568627451 0.46558704453441296 0.11274509803921569 0.4534412955465587 0.12745098039215685 0.4493927125506073 0.14215686274509803 0.44129554655870445 0.15196078431372548 0.42105263157894735 0.15196078431372548 0.41295546558704455 0.14215686274509803 0.3967611336032389 0.14215686274509803 0.39271255060728744 0.13725490196078433 0.38866396761133604 0.13725490196078433 0.38461538461538464 0.1323529411764706 0.38461538461538464 0.12745098039215685 0.3724696356275304 0.11274509803921569 0.3684210526315789 0.11764705882352941 0.3603238866396761 0.11764705882352941 0.3562753036437247 0.11274509803921569 0.3562753036437247 0.10784313725490197 0.3481781376518219 0.09803921568627451 0.340080971659919 0.09803921568627451 0.3360323886639676 0.09313725490196079 0.32793522267206476 0.09313725490196079 0.32388663967611336 0.08823529411764706 0.3360323886639676 0.0784313725490196 0.3684210526315789 0.0784313725490196 0.3724696356275304 0.08333333333333333 0.3765182186234818 0.0784313725490196 0.38461538461538464 0.0784313725490196 0.38866396761133604 0.07352941176470588 0.38866396761133604 0.06862745098039216 0.4008097165991903 0.06862745098039216 0.4048582995951417 0.06372549019607843 0.4089068825910931 0.06372549019607843 0.41295546558704455 0.06862745098039216
12 0.805668016194332 0.19117647058823528 0.8218623481781376 0.19117647058823528 0.8380566801619433 0.21568627450980393 0.8380566801619433 0.22549019607843138 0.8421052631578947 0.23039215686274508 0.8421052631578947 0.24019607843137256 0.8380566801619433 0.24509803921568626 0.8380566801619433 0.2549019607843137 0.7935222672064778 0.2549019607843137 0.7894736842105263 0.25 0.7813765182186235 0.25 0.7773279352226721 0.2549019607843137 0.7732793522267206 0.2549019607843137 0.7732793522267206 0.24019607843137256 0.7813765182186235 0.23039215686274508 0.7813765182186235 0.22549019607843138 0.7894736842105263 0.22549019607843138 0.7935222672064778 0.22058823529411764 0.7975708502024291 0.22058823529411764 0.805668016194332 0.2107843137254902 0.805668016194332 0.20588235294117646 0.8016194331983806 0.20098039215686275 0.805668016194332 0.19607843137254902
12 0.6437246963562753 0.6519607843137255 0.6477732793522267 0.6568627450980392 0.6518218623481782 0.6519607843137255 0.6639676113360324 0.6519607843137255 0.6680161943319838 0.6568627450980392 0.6761133603238867 0.6568627450980392 0.6842105263157895 0.6666666666666666 0.6882591093117408 0.6666666666666666 0.7004048582995951 0.6764705882352942 0.6963562753036437 0.6813725490196079 0.6963562753036437 0.6862745098039216 0.7004048582995951 0.6911764705882353 0.6963562753036437 0.696078431372549 0.6963562753036437 0.7058823529411765 0.6882591093117408 0.7156862745098039 0.6882591093117408 0.7205882352941176 0.680161943319838 0.7303921568627451 0.680161943319838 0.7352941176470589 0.6720647773279352 0.7450980392156863 0.6720647773279352 0.75 0.6680161943319838 0.7549019607843137 0.6558704453441295 0.7549019607843137 0.6437246963562753 0.7450980392156863 0.6356275303643725 0.7450980392156863 0.631578947368421 0.7401960784313726 0.6194331983805668 0.7401960784313726 0.6153846153846154 0.7352941176470589 0.6032388663967612 0.7303921568627451 0.5870445344129555 0.7107843137254902 0.5870445344129555 0.6911764705882353 0.582995951417004 0.6862745098039216 0.5910931174089069 0.6715686274509803 0.6032388663967612 0.6813725490196079 0.611336032388664 0.6813725490196079 0.6194331983805668 0.6715686274509803 0.6234817813765182 0.6568627450980392 0.631578947368421 0.6470588235294118 0.6356275303643725 0.6470588235294118 0.6396761133603239 0.6519607843137255
12 0.46963562753036436 0.47058823529411764 0.47368421052631576 0.47058823529411764 0.4777327935222672 0.46568627450980393 0.5303643724696356 0.46568627450980393 0.5344129554655871 0.47058823529411764 0.5384615384615384 0.47058823529411764 0.5384615384615384 0.49019607843137253 0.5344129554655871 0.49019607843137253 0.5222672064777328 0.5 0.5101214574898786 0.5 0.4979757085020243 0.5098039215686274 0.48582995951417 0.5 0.4817813765182186 0.4852941176470588 0.47368421052631576 0.47549019607843135
12 0.43724696356275305 0.08823529411764706 0.44129554655870445 0.09313725490196079 0.44534412955465585 0.09313725490196079 0.44534412955465585 0.10294117647058823 0.4493927125506073 0.10784313725490197 0.4534412955465587 0.12254901960784313 0.4493927125506073 0.12745098039215685 0.4493927125506073 0.14215686274509803 0.44534412955465585 0.14215686274509803 0.43724696356275305 0.15196078431372548 0.43724696356275305 0.1568627450980392 0.4251012145748988 0.1568627450980392 0.42105263157894735 0.16176470588235295 0.42105263157894735 0.16666666666666666 0.4331983805668016 0.18137254901960784 0.4291497975708502 0.18627450980392157 0.4291497975708502 0.19607843137254902 0.41700404858299595 0.19607843137254902 0.41295546558704455 0.20098039215686275 0.41700404858299595 0.20588235294117646 0.41700404858299595 0.2107843137254902 0.38866396761133604 0.24509803921568626 0.38866396761133604 0.25 0.3724696356275304 0.25 0.3684210526315789 0.2549019607843137 0.3603238866396761 0.2549019607843137 0.3562753036437247 0.25 0.3481781376518219 0.25 0.3441295546558704 0.24509803921568626 0.3319838056680162 0.24019607843137256 0.32388663967611336 0.23039215686274508 0.3076923076923077 0.23039215686274508 0.30364372469635625 0.22549019607843138 0.2793522267206478 0.22549019607843138 0.27530364372469635 0.23039215686274508 0.2550607287449393 0.23039215686274508 0.24696356275303644 0.22058823529411764 0.25101214574898784 0.21568627450980393 0.25101214574898784 0.2107843137254902 0.2550607287449393 0.20588235294117646 0.2591093117408907 0.20588235294117646 0.26720647773279355 0.19607843137254902 0.26720647773279355 0.1715686274509804 0.27125506072874495 0.16666666666666666 0.27125506072874495 0.1568627450980392 0.2793522267206478 0.14215686274509803 0.2793522267206478 0.1323529411764706 0.2874493927125506 0.12254901960784313 0.2874493927125506 0.11764705882352941 0.30364372469635625 0.09803921568627451 0.31983805668016196 0.09803921568627451 0.32388663967611336 0.09313725490196079 0.3522267206477733 0.09313725490196079 0.3562753036437247 0.08823529411764706 0.3643724696356275 0.08823529411764706 0.3684210526315789 0.08333333333333333 0.3765182186234818 0.08333333333333333 0.3805668016194332 0.0784313725490196 0.38866396761133604 0.0784313725490196 0.39271255060728744 0.07352941176470588 0.41295546558704455 0.07352941176470588 0.41700404858299595 0.0784313725490196 0.4251012145748988 0.0784313725490196 0.4331983805668016 0.08823529411764706
12 0.902834008097166 0.39215686274509803 0.9149797570850202 0.4019607843137255 0.9149797570850202 0.43137254901960786 0.9109311740890689 0.4362745098039216 0.9109311740890689 0.4411764705882353 0.8866396761133604 0.47058823529411764 0.8825910931174089 0.47058823529411764 0.8785425101214575 0.46568627450980393 0.8663967611336032 0.46568627450980393 0.854251012145749 0.45588235294117646 0.8461538461538461 0.45588235294117646 0.8380566801619433 0.44607843137254904 0.8380566801619433 0.4264705882352941 0.8340080971659919 0.4215686274509804 0.8340080971659919 0.38235294117647056 0.8461538461538461 0.36764705882352944 0.8502024291497976 0.36764705882352944 0.854251012145749 0.3627450980392157 0.8663967611336032 0.3627450980392157 0.8906882591093117 0.39215686274509803 0.8987854251012146 0.39215686274509803
12 0.46558704453441296 0.12254901960784313 0.46963562753036436 0.12745098039215685 0.4898785425101215 0.12745098039215685 0.5020242914979757 0.13725490196078433 0.5101214574898786 0.13725490196078433 0.5263157894736842 0.1568627450980392 0.4898785425101215 0.1568627450980392 0.48582995951417 0.16176470588235295 0.4777327935222672 0.16176470588235295 0.47368421052631576 0.16666666666666666 0.46963562753036436 0.16666666666666666 0.46153846153846156 0.17647058823529413 0.4493927125506073 0.17647058823529413 0.44129554655870445 0.16666666666666666 0.44129554655870445 0.1568627450980392 0.4574898785425101 0.13725490196078433 0.4574898785425101 0.12745098039215685 0.46153846153846156 0.12745098039215685
12 0.5101214574898786 0.3627450980392157 0.5141700404858299 0.37745098039215685 0.5222672064777328 0.3872549019607843 0.5263157894736842 0.3872549019607843 0.5384615384615384 0.4019607843137255 0.5384615384615384 0.45098039215686275 0.5222672064777328 0.45098039215686275 0.5182186234817814 0.45588235294117646 0.4817813765182186 0.45588235294117646 0.4777327935222672 0.46078431372549017 0.46153846153846156 0.46078431372549017 0.46153846153846156 0.45588235294117646 0.4574898785425101 0.45098039215686275 0.4574898785425101 0.44607843137254904 0.46153846153846156 0.4411764705882353 0.46153846153846156 0.43137254901960786 0.46558704453441296 0.4264705882352941 0.46558704453441296 0.4166666666666667 0.4817813765182186 0.3872549019607843 0.4777327935222672 0.38235294117647056 0.4777327935222672 0.3627450980392157 0.4817813765182186 0.35784313725490197 0.5020242914979757 0.35784313725490197 0.5060728744939271 0.3627450980392157
12 0.708502024291498 0.5735294117647058 0.7125506072874493 0.5784313725490197 0.7206477732793523 0.5784313725490197 0.7246963562753036 0.5833333333333334 0.7368421052631579 0.5833333333333334 0.7408906882591093 0.5882352941176471 0.7489878542510121 0.5882352941176471 0.757085020242915 0.5980392156862745 0.757085020242915 0.6372549019607843 0.7530364372469636 0.6421568627450981 0.7530364372469636 0.6519607843137255 0.7489878542510121 0.6568627450980392 0.7489878542510121 0.6666666666666666 0.7449392712550608 0.6666666666666666 0.7408906882591093 0.6715686274509803 0.7408906882591093 0.6764705882352942 0.728744939271255 0.6911764705882353 0.728744939271255 0.696078431372549 0.7246963562753036 0.6911764705882353 0.7125506072874493 0.6911764705882353 0.7206477732793523 0.6911764705882353 0.7246963562753036 0.6862745098039216 0.7206477732793523 0.6813725490196079 0.708502024291498 0.6813725490196079 0.7044534412955465 0.6862745098039216 0.7044534412955465 0.696078431372549 0.7004048582995951 0.7009803921568627 0.7004048582995951 0.7058823529411765 0.6842105263157895 0.7254901960784313 0.6842105263157895 0.7303921568627451 0.6761133603238867 0.7401960784313726 0.6761133603238867 0.7450980392156863 0.6680161943319838 0.7598039215686274 0.659919028340081 0.7598039215686274 0.6558704453441295 0.7549019607843137 0.6518218623481782 0.7549019607843137 0.6437246963562753 0.7450980392156863 0.6356275303643725 0.7450980392156863 0.631578947368421 0.7401960784313726 0.6194331983805668 0.7401960784313726 0.6153846153846154 0.7352941176470589 0.6032388663967612 0.7303921568627451 0.5951417004048583 0.7205882352941176 0.5910931174089069 0.7205882352941176 0.5910931174089069 0.7156862745098039 0.5870445344129555 0.7107843137254902 0.5870445344129555 0.696078431372549 0.582995951417004 0.6911764705882353 0.582995951417004 0.6862745098039216 0.5870445344129555 0.6813725490196079 0.5870445344129555 0.6715686274509803 0.5951417004048583 0.6715686274509803 0.5991902834008097 0.6764705882352942 0.611336032388664 0.6764705882352942 0.6194331983805668 0.6666666666666666 0.6194331983805668 0.6617647058823529 0.6234817813765182 0.6568627450980392 0.6234817813765182 0.6470588235294118 0.631578947368421 0.6372549019607843 0.631578947368421 0.6323529411764706 0.6356275303643725 0.6323529411764706 0.6437246963562753 0.6225490196078431 0.6437246963562753 0.6176470588235294 0.6518218623481782 0.6078431372549019 0.6518218623481782 0.6029411764705882 0.6558704453441295 0.5980392156862745 0.6558704453441295 0.5931372549019608 0.6639676113360324 0.5784313725490197 0.6680161943319838 0.5784313725490197 0.680161943319838 0.5686274509803921 0.6923076923076923 0.5686274509803921 0.6963562753036437 0.5735294117647058 0.7044534412955465 0.5735294117647058
12 0.41700404858299595 0.06862745098039216 0.42105263157894735 0.07352941176470588 0.4291497975708502 0.07352941176470588 0.4331983805668016 0.0784313725490196 0.43724696356275305 0.0784313725490196 0.4534412955465587 0.09803921568627451 0.4534412955465587 0.10294117647058823 0.4574898785425101 0.10784313725490197 0.4574898785425101 0.11764705882352941 0.4493927125506073 0.1323529411764706 0.4493927125506073 0.14215686274509803 0.44129554655870445 0.15196078431372548 0.4251012145748988 0.15196078431372548 0.41295546558704455 0.14215686274509803 0.4008097165991903 0.14215686274509803 0.3967611336032389 0.13725490196078433 0.39271255060728744 0.13725490196078433 0.38461538461538464 0.12745098039215685 0.38461538461538464 0.11764705882352941 0.3805668016194332 0.11274509803921569 0.3724696356275304 0.11274509803921569 0.3684210526315789 0.10784313725490197 0.3684210526315789 0.09313725490196079 0.3765182186234818 0.08333333333333333 0.3805668016194332 0.08333333333333333 0.39271255060728744 0.06862745098039216 0.41295546558704455 0.06862745098039216
12 0.5587044534412956 0.5 0.5668016194331984 0.5098039215686274 0.5708502024291497 0.5098039215686274 0.5951417004048583 0.5392156862745098 0.5991902834008097 0.5392156862745098 0.6072874493927125 0.5490196078431373 0.611336032388664 0.5490196078431373 0.6234817813765182 0.5637254901960784 0.6234817813765182 0.5686274509803921 0.631578947368421 0.5833333333333334 0.631578947368421 0.6176470588235294 0.6275303643724697 0.6176470588235294 0.6153846153846154 0.6274509803921569 0.5951417004048583 0.6274509803921569 0.5870445344129555 0.6372549019607843 0.582995951417004 0.6372549019607843 0.582995951417004 0.6225490196078431 0.5748987854251012 0.6127450980392157 0.5748987854251012 0.6078431372549019 0.5708502024291497 0.6029411764705882 0.5708502024291497 0.5931372549019608 0.5668016194331984 0.5882352941176471 0.5668016194331984 0.5784313725490197 0.5506072874493927 0.5588235294117647 0.5303643724696356 0.5588235294117647 0.5263157894736842 0.5637254901960784 0.5222672064777328 0.5637254901960784 0.5141700404858299 0.5735294117647058 0.5101214574898786 0.5735294117647058 0.5060728744939271 0.5686274509803921 0.5060728744939271 0.5588235294117647 0.4979757085020243 0.5441176470588235 0.4979757085020243 0.5196078431372549 0.5101214574898786 0.5049019607843137 0.5222672064777328 0.5049019607843137 0.5263157894736842 0.5 0.5344129554655871 0.5 0.5384615384615384 0.4950980392156863 0.5506072874493927 0.4950980392156863 0.5546558704453441 0.5
12 0.5587044534412956 0.06372549019607843 0.5708502024291497 0.07352941176470588 0.6032388663967612 0.07352941176470588 0.6072874493927125 0.0784313725490196 0.6194331983805668 0.0784313725490196 0.6234817813765182 0.08333333333333333 0.6275303643724697 0.08333333333333333 0.6356275303643725 0.09313725490196079 0.6396761133603239 0.09313725490196079 0.6477732793522267 0.10294117647058823 0.6518218623481782 0.11764705882352941 0.659919028340081 0.12745098039215685 0.659919028340081 0.15196078431372548 0.6639676113360324 0.1568627450980392 0.6639676113360324 0.16666666666666666 0.659919028340081 0.1715686274509804 0.6639676113360324 0.18627450980392157 0.659919028340081 0.19117647058823528 0.6558704453441295 0.18627450980392157 0.6518218623481782 0.18627450980392157 0.6477732793522267 0.18137254901960784 0.6437246963562753 0.18137254901960784 0.631578947368421 0.1715686274509804 0.582995951417004 0.1715686274509804 0.562753036437247 0.19607843137254902 0.5668016194331984 0.19117647058823528 0.5587044534412956 0.18137254901960784 0.5506072874493927 0.18137254901960784 0.5425101214574899 0.1715686274509804 0.5263157894736842 0.1715686274509804 0.5182186234817814 0.16176470588235295 0.5141700404858299 0.16176470588235295 0.5101214574898786 0.1568627450980392 0.4898785425101215 0.1568627450980392 0.48582995951417 0.16176470588235295 0.47368421052631576 0.16666666666666666 0.46558704453441296 0.17647058823529413 0.46153846153846156 0.17647058823529413 0.4574898785425101 0.1715686274509804 0.46153846153846156 0.1715686274509804 0.46558704453441296 0.16666666666666666 0.46558704453441296 0.16176470588235295 0.46153846153846156 0.1568627450980392 0.4574898785425101 0.1568627450980392 0.46153846153846156 0.15196078431372548 0.4574898785425101 0.14705882352941177 0.4574898785425101 0.1323529411764706 0.46153846153846156 0.1323529411764706 0.4817813765182186 0.10784313725490197 0.4817813765182186 0.10294117647058823 0.48582995951417 0.09803921568627451 0.4898785425101215 0.08333333333333333 0.4939271255060729 0.0784313725490196 0.4979757085020243 0.06372549019607843 0.5020242914979757 0.058823529411764705 0.5141700404858299 0.05392156862745098 0.5182186234817814 0.058823529411764705 0.5506072874493927 0.058823529411764705 0.5546558704453441 0.06372549019607843
12 0.8299595141700404 0.25980392156862747 0.8380566801619433 0.2696078431372549 0.8380566801619433 0.28431372549019607 0.8421052631578947 0.28921568627450983 0.8421052631578947 0.3088235294117647 0.8461538461538461 0.3137254901960784 0.8461538461538461 0.3235294117647059 0.854251012145749 0.3333333333333333 0.8582995951417004 0.3333333333333333 0.8582995951417004 0.3382352941176471 0.8502024291497976 0.35294117647058826 0.8421052631578947 0.35294117647058826 0.8340080971659919 0.3431372549019608 0.805668016194332 0.3431372549019608 0.8016194331983806 0.3480392156862745 0.7935222672064778 0.3480392156862745 0.7894736842105263 0.3431372549019608 0.7935222672064778 0.3382352941176471 0.7935222672064778 0.3333333333333333 0.7894736842105263 0.3284313725490196 0.7894736842105263 0.29901960784313725 0.7854251012145749 0.29411764705882354 0.7854251012145749 0.28921568627450983 0.7813765182186235 0.28431372549019607 0.7813765182186235 0.27450980392156865 0.7773279352226721 0.2696078431372549 0.7813765182186235 0.2696078431372549 0.7854251012145749 0.2647058823529412 0.8097165991902834 0.2647058823529412 0.8137651821862348 0.25980392156862747 0.8259109311740891 0.25980392156862747
12 0.5182186234817814 0.05392156862745098 0.5222672064777328 0.058823529411764705 0.5506072874493927 0.058823529411764705 0.5546558704453441 0.06372549019607843 0.562753036437247 0.06372549019607843 0.5748987854251012 0.07352941176470588 0.6032388663967612 0.07352941176470588 0.6072874493927125 0.0784313725490196 0.6194331983805668 0.0784313725490196 0.6234817813765182 0.08333333333333333 0.6275303643724697 0.08333333333333333 0.6477732793522267 0.10294117647058823 0.6518218623481782 0.11764705882352941 0.659919028340081 0.12745098039215685 0.6558704453441295 0.1323529411764706 0.659919028340081 0.13725490196078433 0.659919028340081 0.16666666666666666 0.6558704453441295 0.1715686274509804 0.6558704453441295 0.18137254901960784 0.6518218623481782 0.18137254901960784 0.6396761133603239 0.1715686274509804 0.5789473684210527 0.1715686274509804 0.5668016194331984 0.18627450980392157 0.5668016194331984 0.19117647058823528 0.562753036437247 0.19607843137254902 0.562753036437247 0.2107843137254902 0.5587044534412956 0.21568627450980393 0.562753036437247 0.22058823529411764 0.562753036437247 0.23529411764705882 0.5587044534412956 0.24019607843137256 0.562753036437247 0.24509803921568626 0.562753036437247 0.2549019607843137 0.5546558704453441 0.2696078431372549 0.5708502024291497 0.28921568627450983 0.5668016194331984 0.28921568627450983 0.562753036437247 0.29411764705882354 0.5546558704453441 0.29411764705882354 0.5506072874493927 0.28921568627450983 0.5020242914979757 0.28921568627450983 0.4979757085020243 0.29411764705882354 0.4898785425101215 0.29411764705882354 0.48582995951417 0.29901960784313725 0.4817813765182186 0.29411764705882354 0.4777327935222672 0.29411764705882354 0.4777327935222672 0.27450980392156865 0.46558704453441296 0.2647058823529412 0.46558704453441296 0.25980392156862747 0.46153846153846156 0.2549019607843137 0.46153846153846156 0.24509803921568626 0.4574898785425101 0.24019607843137256 0.4493927125506073 0.25 0.4493927125506073 0.23039215686274508 0.44534412955465585 0.22549019607843138 0.4493927125506073 0.22058823529411764 0.46153846153846156 0.22549019607843138 0.46558704453441296 0.22058823529411764 0.4574898785425101 0.2107843137254902 0.46153846153846156 0.2107843137254902 0.46558704453441296 0.20588235294117646 0.46963562753036436 0.2107843137254902 0.47368421052631576 0.20588235294117646 0.47368421052631576 0.20098039215686275 0.46963562753036436 0.19607843137254902 0.4574898785425101 0.19607843137254902 0.46153846153846156 0.19117647058823528 0.4574898785425101 0.18627450980392157 0.44534412955465585 0.18137254901960784 0.44534412955465585 0.17647058823529413 0.44129554655870445 0.1715686274509804 0.43724696356275305 0.1568627450980392 0.4291497975708502 0.14705882352941177 0.42105263157894735 0.14705882352941177 0.41700404858299595 0.14215686274509803 0.4048582995951417 0.13725490196078433 0.4089068825910931 0.1323529411764706 0.4048582995951417 0.12745098039215685 0.4008097165991903 0.12745098039215685 0.3967611336032389 0.1323529411764706 0.39271255060728744 0.12745098039215685 0.38866396761133604 0.12745098039215685 0.38461538461538464 0.12254901960784313 0.38461538461538464 0.11764705882352941 0.3765182186234818 0.10784313725490197 0.3724696356275304 0.11274509803921569 0.3724696356275304 0.10784313725490197 0.3603238866396761 0.09803921568627451 0.3684210526315789 0.08823529411764706 0.3765182186234818 0.08823529411764706 0.38866396761133604 0.0784313725490196 0.4089068825910931 0.0784313725490196 0.41295546558704455 0.08333333333333333 0.41700404858299595 0.08333333333333333 0.42105263157894735 0.0784313725490196 0.42105263157894735 0.08333333333333333 0.4251012145748988 0.08823529411764706 0.4331983805668016 0.08823529411764706 0.4331983805668016 0.09313725490196079 0.44534412955465585 0.10784313725490197 0.4493927125506073 0.10294117647058823 0.4534412955465587 0.10294117647058823 0.46153846153846156 0.11764705882352941 0.46558704453441296 0.11274509803921569 0.46558704453441296 0.10784313725490197 0.4777327935222672 0.10294117647058823 0.48582995951417 0.09313725490196079 0.48582995951417 0.08823529411764706 0.4939271255060729 0.0784313725490196 0.4939271255060729 0.06862745098039216 0.5020242914979757 0.058823529411764705 0.5141700404858299 0.05392156862745098
12 0.5991902834008097 0.22549019607843138 0.6072874493927125 0.23529411764705882 0.6396761133603239 0.23529411764705882 0.6437246963562753 0.24019607843137256 0.6477732793522267 0.24019607843137256 0.6477732793522267 0.24509803921568626 0.659919028340081 0.25980392156862747 0.659919028340081 0.2647058823529412 0.6639676113360324 0.2696078431372549 0.6639676113360324 0.27941176470588236 0.659919028340081 0.28431372549019607 0.6558704453441295 0.29901960784313725 0.6396761133603239 0.29901960784313725 0.6356275303643725 0.29411764705882354 0.631578947368421 0.29411764705882354 0.6234817813765182 0.28431372549019607 0.5951417004048583 0.28431372549019607 0.5870445344129555 0.27450980392156865 0.5870445344129555 0.25 0.582995951417004 0.24509803921568626 0.5789473684210527 0.24509803921568626 0.5789473684210527 0.23529411764705882 0.582995951417004 0.23039215686274508 0.5951417004048583 0.22549019607843138
12 0.3076923076923077 0.553921568627451 0.3157894736842105 0.5637254901960784 0.3157894736842105 0.5735294117647058 0.31983805668016196 0.5784313725490197 0.32388663967611336 0.5931372549019608 0.3319838056680162 0.6029411764705882 0.3360323886639676 0.6029411764705882 0.3522267206477733 0.6225490196078431 0.3562753036437247 0.6225490196078431 0.3603238866396761 0.6274509803921569 0.3724696356275304 0.6274509803921569 0.38461538461538464 0.6421568627450981 0.3805668016194332 0.6470588235294118 0.39271255060728744 0.6617647058823529 0.3967611336032389 0.6617647058823529 0.3967611336032389 0.6715686274509803 0.39271255060728744 0.6764705882352942 0.39271255060728744 0.6813725490196079 0.38461538461538464 0.6911764705882353 0.3805668016194332 0.6911764705882353 0.3684210526315789 0.7058823529411765 0.3643724696356275 0.7058823529411765 0.3522267206477733 0.7156862745098039 0.3360323886639676 0.7156862745098039 0.31983805668016196 0.696078431372549 0.3117408906882591 0.6666666666666666 0.29959514170040485 0.6519607843137255 0.29959514170040485 0.6470588235294118 0.29554655870445345 0.6421568627450981 0.29554655870445345 0.5931372549019608 0.29959514170040485 0.5882352941176471 0.29959514170040485 0.5784313725490197 0.30364372469635625 0.5735294117647058 0.30364372469635625 0.5637254901960784 0.3076923076923077 0.5588235294117647
12 0.5182186234817814 0.05392156862745098 0.5222672064777328 0.058823529411764705 0.5546558704453441 0.058823529411764705 0.5587044534412956 0.06372549019607843 0.562753036437247 0.06372549019607843 0.5668016194331984 0.06862745098039216 0.5748987854251012 0.06862745098039216 0.5789473684210527 0.07352941176470588 0.6032388663967612 0.07352941176470588 0.6072874493927125 0.0784313725490196 0.6153846153846154 0.0784313725490196 0.6194331983805668 0.08333333333333333 0.6275303643724697 0.08333333333333333 0.6396761133603239 0.09803921568627451 0.6437246963562753 0.09803921568627451 0.6437246963562753 0.10294117647058823 0.659919028340081 0.12254901960784313 0.659919028340081 0.13725490196078433 0.6639676113360324 0.14215686274509803 0.659919028340081 0.14705882352941177 0.659919028340081 0.15196078431372548 0.6680161943319838 0.16666666666666666 0.659919028340081 0.17647058823529413 0.6639676113360324 0.18137254901960784 0.6761133603238867 0.17647058823529413 0.6680161943319838 0.18627450980392157 0.6639676113360324 0.18627450980392157 0.659919028340081 0.19117647058823528 0.659919028340081 0.19607843137254902 0.659919028340081 0.18627450980392157 0.6558704453441295 0.18137254901960784 0.6518218623481782 0.18627450980392157 0.6396761133603239 0.1715686274509804 0.5789473684210527 0.1715686274509804 0.5748987854251012 0.17647058823529413 0.5748987854251012 0.18137254901960784 0.5668016194331984 0.19117647058823528 0.5668016194331984 0.19607843137254902 0.562753036437247 0.20098039215686275 0.562753036437247 0.2107843137254902 0.5506072874493927 0.2107843137254902 0.5506072874493927 0.20588235294117646 0.5546558704453441 0.20098039215686275 0.5546558704453441 0.19117647058823528 0.5506072874493927 0.18627450980392157 0.5465587044534413 0.18627450980392157 0.5465587044534413 0.17647058823529413 0.5425101214574899 0.1715686274509804 0.5384615384615384 0.1715686274509804 0.5344129554655871 0.17647058823529413 0.5344129554655871 0.18137254901960784 0.5263157894736842 0.19117647058823528 0.5303643724696356 0.19607843137254902 0.5263157894736842 0.20098039215686275 0.5263157894736842 0.21568627450980393 0.5303643724696356 0.22058823529411764 0.5344129554655871 0.22058823529411764 0.5465587044534413 0.23039215686274508 0.562753036437247 0.23039215686274508 0.562753036437247 0.23529411764705882 0.5587044534412956 0.24019607843137256 0.562753036437247 0.24509803921568626 0.562753036437247 0.2647058823529412 0.5587044534412956 0.2647058823529412 0.5546558704453441 0.2696078431372549 0.5668016194331984 0.28431372549019607 0.5708502024291497 0.28431372549019607 0.5748987854251012 0.28921568627450983 0.582995951417004 0.28921568627450983 0.5870445344129555 0.28431372549019607 0.582995951417004 0.27941176470588236 0.5870445344129555 0.27450980392156865 0.582995951417004 0.2696078431372549 0.582995951417004 0.2647058823529412 0.5789473684210527 0.25980392156862747 0.5789473684210527 0.2549019607843137 0.5708502024291497 0.24019607843137256 0.5708502024291497 0.23529411764705882 0.5748987854251012 0.23039215686274508 0.5870445344129555 0.23039215686274508 0.5910931174089069 0.22549019607843138 0.5991902834008097 0.22549019607843138 0.6032388663967612 0.23039215686274508 0.6356275303643725 0.23039215686274508 0.6396761133603239 0.22549019607843138 0.6437246963562753 0.22549019607843138 0.6518218623481782 0.21568627450980393 0.6558704453441295 0.21568627450980393 0.659919028340081 0.2107843137254902 0.6720647773279352 0.20588235294117646 0.6761133603238867 0.20098039215686275 0.6761133603238867 0.19607843137254902 0.6882591093117408 0.19607843137254902 0.7004048582995951 0.2107843137254902 0.7165991902834008 0.2107843137254902 0.7206477732793523 0.21568627450980393 0.728744939271255 0.21568627450980393 0.7368421052631579 0.22549019607843138 0.7408906882591093 0.22549019607843138 0.7449392712550608 0.22058823529411764 0.7449392712550608 0.19117647058823528 0.7408906882591093 0.18627450980392157 0.7368421052631579 0.18627450980392157 0.7408906882591093 0.18137254901960784 0.7408906882591093 0.17647058823529413 0.7368421052631579 0.1715686274509804 0.7368421052631579 0.16176470588235295 0.7489878542510121 0.16176470588235295 0.7530364372469636 0.16666666666666666 0.7611336032388664 0.16666666666666666 0.7651821862348178 0.1715686274509804 0.7692307692307693 0.1715686274509804 0.7773279352226721 0.18137254901960784 0.7854251012145749 0.18137254901960784 0.7975708502024291 0.19117647058823528 0.8178137651821862 0.19117647058823528 0.8218623481781376 0.19607843137254902 0.8259109311740891 0.19607843137254902 0.8259109311740891 0.20098039215686275 0.8340080971659919 0.2107843137254902 0.8299595141700404 0.21568627450980393 0.8259109311740891 0.21568627450980393 0.8137651821862348 0.23039215686274508 0.8137651821862348 0.23529411764705882 0.8178137651821862 0.24019607843137256 0.8178137651821862 0.25 0.8137651821862348 0.25 0.8097165991902834 0.2549019607843137 0.7935222672064778 0.2549019607843137 0.7894736842105263 0.25 0.7651821862348178 0.25 0.7651821862348178 0.24509803921568626 0.7611336032388664 0.24019607843137256 0.7530364372469636 0.24019607843137256 0.7449392712550608 0.25 0.7489878542510121 0.2549019607843137 0.7530364372469636 0.2549019607843137 0.7489878542510121 0.25980392156862747 0.7368421052631579 0.25980392156862747 0.7327935222672065 0.2549019607843137 0.7327935222672065 0.25 0.7449392712550608 0.25 0.7489878542510121 0.24509803921568626 0.7449392712550608 0.24019607843137256 0.7368421052631579 0.24019607843137256 0.7368421052631579 0.23039215686274508 0.7327935222672065 0.22549019607843138 0.7246963562753036 0.22549019607843138 0.7206477732793523 0.23039215686274508 0.7206477732793523 0.24019607843137256 0.7125506072874493 0.24019607843137256 0.7044534412955465 0.2549019607843137 0.708502024291498 0.25980392156862747 0.708502024291498 0.2696078431372549 0.708502024291498 0.2647058823529412 0.7044534412955465 0.25980392156862747 0.7044534412955465 0.25 0.6923076923076923 0.24019607843137256 0.6923076923076923 0.22549019607843138 0.6882591093117408 0.22058823529411764 0.6761133603238867 0.21568627450980393 0.6720647773279352 0.22058823529411764 0.6720647773279352 0.22549019607843138 0.6761133603238867 0.23039215686274508 0.6842105263157895 0.23039215686274508 0.6842105263157895 0.25 0.6923076923076923 0.25980392156862747 0.6963562753036437 0.25980392156862747 0.6963562753036437 0.2647058823529412 0.6882591093117408 0.27941176470588236 0.6882591093117408 0.28921568627450983 0.680161943319838 0.29901960784313725 0.680161943319838 0.29411764705882354 0.6761133603238867 0.28921568627450983 0.6720647773279352 0.28921568627450983 0.6680161943319838 0.29411764705882354 0.659919028340081 0.29411764705882354 0.6518218623481782 0.3088235294117647 0.6477732793522267 0.30392156862745096 0.6356275303643725 0.30392156862745096 0.6275303643724697 0.29411764705882354 0.6032388663967612 0.29411764705882354 0.5991902834008097 0.29901960784313725 0.582995951417004 0.29901960784313725 0.582995951417004 0.29411764705882354 0.5789473684210527 0.28921568627450983 0.5668016194331984 0.28921568627450983 0.562753036437247 0.29411764705882354 0.5506072874493927 0.29411764705882354 0.5465587044534413 0.28921568627450983 0.5425101214574899 0.29411764705882354 0.5384615384615384 0.29411764705882354 0.5344129554655871 0.28921568627450983 0.5020242914979757 0.28921568627450983 0.4979757085020243 0.29411764705882354 0.4898785425101215 0.29411764705882354 0.48582995951417 0.29901960784313725 0.4777327935222672 0.29901960784313725 0.4777327935222672 0.27941176470588236 0.46963562753036436 0.2696078431372549 0.46558704453441296 0.2696078431372549 0.46558704453441296 0.2549019607843137 0.46153846153846156 0.25 0.46558704453441296 0.24509803921568626 0.46153846153846156 0.24019607843137256 0.4493927125506073 0.23529411764705882 0.4493927125506073 0.23039215686274508 0.44534412955465585 0.22549019607843138 0.4493927125506073 0.23039215686274508 0.46963562753036436 0.23039215686274508 0.4777327935222672 0.22058823529411764 0.4777327935222672 0.21568627450980393 0.4817813765182186 0.21568627450980393 0.48582995951417 0.2107843137254902 0.4898785425101215 0.2107843137254902 0.4898785425101215 0.22058823529411764 0.4939271255060729 0.22549019607843138 0.5060728744939271 0.22058823529411764 0.5141700404858299 0.2107843137254902 0.5101214574898786 0.20588235294117646 0.5060728744939271 0.20588235294117646 0.5101214574898786 0.20098039215686275 0.5020242914979757 0.19117647058823528 0.5020242914979757 0.18627450980392157 0.5060728744939271 0.18627450980392157 0.5141700404858299 0.17647058823529413 0.5182186234817814 0.18137254901960784 0.5222672064777328 0.17647058823529413 0.5222672064777328 0.16666666666666666 0.5141700404858299 0.1568627450980392 0.5020242914979757 0.1568627450980392 0.4939271255060729 0.16666666666666666 0.4898785425101215 0.16666666666666666 0.48582995951417 0.1715686274509804 0.47368421052631576 0.1715686274509804 0.46963562753036436 0.17647058823529413 0.47368421052631576 0.18137254901960784 0.46963562753036436 0.18627450980392157 0.46558704453441296 0.18137254901960784 0.46153846153846156 0.18627450980392157 0.4534412955465587 0.18627450980392157 0.4493927125506073 0.18137254901960784 0.44534412955465585 0.18137254901960784 0.44129554655870445 0.16666666666666666 0.4291497975708502 0.15196078431372548 0.41295546558704455 0.15196078431372548 0.4089068825910931 0.14705882352941177 0.4008097165991903 0.14705882352941177 0.3967611336032389 0.15196078431372548 0.39271255060728744 0.15196078431372548 0.38866396761133604 0.1568627450980392 0.38866396761133604 0.16176470588235295 0.3967611336032389 0.1715686274509804 0.4089068825910931 0.16176470588235295 0.41295546558704455 0.16666666666666666 0.42105263157894735 0.16666666666666666 0.42105263157894735 0.17647058823529413 0.41295546558704455 0.18627450980392157 0.4089068825910931 0.18137254901960784 0.4048582995951417 0.18627450980392157 0.39271255060728744 0.18627450980392157 0.38866396761133604 0.19117647058823528 0.38866396761133604 0.19607843137254902 0.4008097165991903 0.2107843137254902 0.4048582995951417 0.20588235294117646 0.4089068825910931 0.20588235294117646 0.4048582995951417 0.2107843137254902 0.4089068825910931 0.21568627450980393 0.41295546558704455 0.21568627450980393 0.42105263157894735 0.20588235294117646 0.4251012145748988 0.20588235294117646 0.4291497975708502 0.20098039215686275 0.4291497975708502 0.20588235294117646 0.42105263157894735 0.20588235294117646 0.41700404858299595 0.2107843137254902 0.42105263157894735 0.21568627450980393 0.42105263157894735 0.22058823529411764 0.41295546558704455 0.23529411764705882 0.4089068825910931 0.23529411764705882 0.4048582995951417 0.24019607843137256 0.3967611336032389 0.24019607843137256 0.38866396761133604 0.2549019607843137 0.38461538461538464 0.25 0.3805668016194332 0.25 0.3765182186234818 0.2549019607843137 0.3765182186234818 0.2647058823529412 0.3724696356275304 0.2696078431372549 0.3765182186234818 0.27450980392156865 0.38461538461538464 0.27450980392156865 0.38866396761133604 0.2696078431372549 0.39271255060728744 0.27450980392156865 0.4048582995951417 0.27450980392156865 0.4048582995951417 0.28431372549019607 0.4008097165991903 0.28431372549019607 0.39271255060728744 0.29411764705882354 0.39271255060728744 0.3088235294117647 0.38866396761133604 0.3088235294117647 0.38461538461538464 0.3137254901960784 0.3684210526315789 0.3137254901960784 0.3643724696356275 0.3088235294117647 0.32793522267206476 0.3088235294117647 0.3157894736842105 0.31862745098039214 0.27530364372469635 0.31862745098039214 0.2631578947368421 0.3284313725490196 0.25101214574898784 0.3284313725490196 0.24696356275303644 0.3235294117647059 0.23481781376518218 0.3235294117647059 0.22267206477732793 0.3088235294117647 0.22267206477732793 0.30392156862745096 0.2145748987854251 0.29411764705882354 0.20647773279352227 0.29411764705882354 0.20242914979757085 0.28921568627450983 0.19838056680161945 0.28921568627450983 0.19838056680161945 0.27450980392156865 0.20242914979757085 0.2696078431372549 0.20242914979757085 0.2647058823529412 0.21052631578947367 0.2549019607843137 0.2145748987854251 0.2549019607843137 0.22267206477732793 0.24509803921568626 0.23481781376518218 0.24019607843137256 0.242914979757085 0.23039215686274508 0.242914979757085 0.22549019607843138 0.26720647773279355 0.19607843137254902 0.26720647773279355 0.19117647058823528 0.27125506072874495 0.18627450980392157 0.27125506072874495 0.1715686274509804 0.2874493927125506 0.1715686274509804 0.291497975708502 0.17647058823529413 0.30364372469635625 0.17647058823529413 0.3076923076923077 0.1715686274509804 0.3481781376518219 0.1715686274509804 0.3481781376518219 0.17647058823529413 0.3562753036437247 0.18627450980392157 0.3603238866396761 0.18137254901960784 0.3643724696356275 0.18627450980392157 0.3724696356275304 0.18627450980392157 0.3765182186234818 0.19117647058823528 0.3765182186234818 0.20098039215686275 0.3805668016194332 0.20588235294117646 0.38461538461538464 0.20098039215686275 0.38461538461538464 0.19607843137254902 0.39271255060728744 0.18137254901960784 0.3805668016194332 0.16666666666666666 0.3765182186234818 0.16666666666666666 0.3765182186234818 0.16176470588235295 0.3724696356275304 0.1568627450980392 0.3684210526315789 0.1568627450980392 0.3603238866396761 0.14705882352941177 0.3562753036437247 0.14705882352941177 0.3522267206477733 0.15196078431372548 0.3441295546558704 0.15196078431372548 0.3441295546558704 0.14705882352941177 0.3481781376518219 0.14705882352941177 0.3522267206477733 0.15196078431372548 0.3562753036437247 0.14705882352941177 0.3603238866396761 0.14705882352941177 0.3643724696356275 0.14215686274509803 0.3643724696356275 0.13725490196078433 0.3765182186234818 0.12254901960784313 0.3724696356275304 0.11764705882352941 0.3562753036437247 0.11764705882352941 0.3562753036437247 0.10294117647058823 0.3441295546558704 0.09313725490196079 0.3562753036437247 0.09313725490196079 0.3684210526315789 0.08333333333333333 0.3805668016194332 0.08333333333333333 0.39271255060728744 0.07352941176470588 0.41700404858299595 0.07352941176470588 0.42105263157894735 0.0784313725490196 0.4251012145748988 0.0784313725490196 0.4331983805668016 0.08823529411764706 0.44129554655870445 0.08823529411764706 0.4534412955465587 0.10294117647058823 0.4574898785425101 0.10294117647058823 0.46153846153846156 0.10784313725490197 0.46558704453441296 0.10294117647058823 0.47368421052631576 0.10294117647058823 0.4777327935222672 0.09803921568627451 0.4817813765182186 0.09803921568627451 0.4898785425101215 0.08823529411764706 0.4898785425101215 0.08333333333333333 0.4939271255060729 0.0784313725490196 0.4979757085020243 0.06372549019607843 0.5020242914979757 0.058823529411764705 0.5141700404858299 0.05392156862745098
12 0.7732793522267206 0.27450980392156865 0.7773279352226721 0.27941176470588236 0.7813765182186235 0.27941176470588236 0.7813765182186235 0.28431372549019607 0.7854251012145749 0.28921568627450983 0.7854251012145749 0.30392156862745096 0.7894736842105263 0.3088235294117647 0.7894736842105263 0.31862745098039214 0.7854251012145749 0.3235294117647059 0.7813765182186235 0.31862745098039214 0.7732793522267206 0.31862745098039214 0.7692307692307693 0.3137254901960784 0.7489878542510121 0.3137254901960784 0.7368421052631579 0.3284313725490196 0.7206477732793523 0.3284313725490196 0.7125506072874493 0.3137254901960784 0.7165991902834008 0.3088235294117647 0.7165991902834008 0.29901960784313725 0.7246963562753036 0.28921568627450983 0.7246963562753036 0.28431372549019607 0.7327935222672065 0.27450980392156865 0.7408906882591093 0.27450980392156865 0.7449392712550608 0.2696078431372549 0.7651821862348178 0.2696078431372549 0.7692307692307693 0.27450980392156865
12 0.5951417004048583 0.7303921568627451 0.5991902834008097 0.7352941176470589 0.6032388663967612 0.7352941176470589 0.6153846153846154 0.7450980392156863 0.6275303643724697 0.7450980392156863 0.631578947368421 0.75 0.6356275303643725 0.75 0.6396761133603239 0.7549019607843137 0.6477732793522267 0.7549019607843137 0.6518218623481782 0.7598039215686274 0.6518218623481782 0.7647058823529411 0.631578947368421 0.7892156862745098 0.6275303643724697 0.7892156862745098 0.6234817813765182 0.7941176470588235 0.6194331983805668 0.7941176470588235 0.6153846153846154 0.7990196078431373 0.611336032388664 0.7990196078431373 0.5991902834008097 0.8088235294117647 0.5748987854251012 0.8088235294117647 0.5546558704453441 0.7843137254901961 0.5546558704453441 0.7549019607843137 0.5587044534412956 0.75 0.5587044534412956 0.7352941176470589 0.5668016194331984 0.7254901960784313 0.5870445344129555 0.7254901960784313 0.5910931174089069 0.7303921568627451
12 0.20647773279352227 0.4950980392156863 0.20647773279352227 0.5 0.21052631578947367 0.5049019607843137 0.2145748987854251 0.5 0.2145748987854251 0.4950980392156863 0.22267206477732793 0.4950980392156863 0.22267206477732793 0.5049019607843137 0.22672064777327935 0.5098039215686274 0.23481781376518218 0.4950980392156863 0.23481781376518218 0.5 0.2388663967611336 0.5049019607843137 0.25101214574898784 0.5049019607843137 0.2631578947368421 0.4950980392156863 0.2793522267206478 0.4950980392156863 0.2834008097165992 0.5 0.291497975708502 0.5 0.29959514170040485 0.5147058823529411 0.29959514170040485 0.5196078431372549 0.29554655870445345 0.5245098039215687 0.29554655870445345 0.5588235294117647 0.291497975708502 0.5637254901960784 0.2874493927125506 0.5637254901960784 0.27530364372469635 0.553921568627451 0.2591093117408907 0.553921568627451 0.2550607287449393 0.5490196078431373 0.24696356275303644 0.5490196078431373 0.242914979757085 0.5441176470588235 0.23076923076923078 0.5392156862745098 0.23076923076923078 0.5294117647058824 0.22672064777327935 0.5245098039215687 0.22267206477732793 0.5245098039215687 0.22267206477732793 0.5147058823529411 0.2145748987854251 0.5049019607843137 0.21052631578947367 0.5098039215686274 0.21052631578947367 0.5245098039215687 0.20647773279352227 0.5294117647058824 0.20647773279352227 0.5343137254901961 0.19838056680161945 0.5245098039215687 0.19433198380566802 0.5294117647058824 0.19433198380566802 0.5245098039215687 0.19838056680161945 0.5245098039215687 0.20242914979757085 0.5196078431372549 0.20242914979757085 0.5
12 0.5101214574898786 0.049019607843137254 0.5222672064777328 0.058823529411764705 0.5506072874493927 0.058823529411764705 0.5546558704453441 0.06372549019607843 0.5587044534412956 0.06372549019607843 0.5748987854251012 0.08333333333333333 0.5748987854251012 0.11274509803921569 0.5668016194331984 0.12254901960784313 0.5668016194331984 0.12745098039215685 0.562753036437247 0.1323529411764706 0.5587044534412956 0.1323529411764706 0.5546558704453441 0.13725490196078433 0.5465587044534413 0.13725490196078433 0.5425101214574899 0.14215686274509803 0.5182186234817814 0.14215686274509803 0.5060728744939271 0.1323529411764706 0.4979757085020243 0.1323529411764706 0.4939271255060729 0.12745098039215685 0.4817813765182186 0.12745098039215685 0.4777327935222672 0.12254901960784313 0.4777327935222672 0.11764705882352941 0.48582995951417 0.10294117647058823 0.48582995951417 0.09313725490196079 0.4898785425101215 0.08823529411764706 0.4898785425101215 0.0784313725490196 0.4939271255060729 0.07352941176470588 0.4939271255060729 0.06862745098039216 0.5060728744939271 0.05392156862745098
12 0.4048582995951417 0.29411764705882354 0.4048582995951417 0.30392156862745096 0.38866396761133604 0.3235294117647059 0.38461538461538464 0.3235294117647059 0.3805668016194332 0.31862745098039214 0.3805668016194332 0.29901960784313725 0.39271255060728744 0.28921568627450983 0.3967611336032389 0.28921568627450983 0.4008097165991903 0.29411764705882354
12 0.7044534412955465 0.45098039215686275 0.7206477732793523 0.45098039215686275 0.7327935222672065 0.46078431372549017 0.7449392712550608 0.46078431372549017 0.7489878542510121 0.46568627450980393 0.7651821862348178 0.46568627450980393 0.7773279352226721 0.4803921568627451 0.7773279352226721 0.4852941176470588 0.7854251012145749 0.5 0.7854251012145749 0.5098039215686274 0.7935222672064778 0.5245098039215687 0.7935222672064778 0.5392156862745098 0.7813765182186235 0.553921568627451 0.7732793522267206 0.553921568627451 0.7651821862348178 0.5441176470588235 0.7651821862348178 0.5392156862745098 0.7530364372469636 0.5245098039215687 0.7530364372469636 0.5196078431372549 0.7449392712550608 0.5098039215686274 0.7449392712550608 0.5049019607843137 0.7206477732793523 0.47549019607843135 0.7165991902834008 0.47549019607843135 0.7125506072874493 0.47058823529411764 0.7125506072874493 0.46568627450980393 0.7044534412955465 0.45588235294117646
12 0.44129554655870445 0.0784313725490196 0.4534412955465587 0.09313725490196079 0.46558704453441296 0.09313725490196079 0.46558704453441296 0.09803921568627451 0.46963562753036436 0.10294117647058823 0.46963562753036436 0.11274509803921569 0.46558704453441296 0.11764705882352941 0.46558704453441296 0.12254901960784313 0.4534412955465587 0.13725490196078433 0.4493927125506073 0.15196078431372548 0.44129554655870445 0.16176470588235295 0.43724696356275305 0.1568627450980392 0.4251012145748988 0.1568627450980392 0.42105263157894735 0.15196078431372548 0.4089068825910931 0.15196078431372548 0.4048582995951417 0.14705882352941177 0.4008097165991903 0.14705882352941177 0.3967611336032389 0.15196078431372548 0.38866396761133604 0.14215686274509803 0.3765182186234818 0.14215686274509803 0.3724696356275304 0.13725490196078433 0.3684210526315789 0.14215686274509803 0.3684210526315789 0.14705882352941177 0.3643724696356275 0.14705882352941177 0.3684210526315789 0.14215686274509803 0.3603238866396761 0.12745098039215685 0.3481781376518219 0.14215686274509803 0.3522267206477733 0.14705882352941177 0.3481781376518219 0.14705882352941177 0.3441295546558704 0.14215686274509803 0.340080971659919 0.14215686274509803 0.340080971659919 0.1323529411764706 0.3441295546558704 0.12745098039215685 0.340080971659919 0.12254901960784313 0.340080971659919 0.10784313725490197 0.3319838056680162 0.09803921568627451 0.32793522267206476 0.09803921568627451 0.32388663967611336 0.09313725490196079 0.32388663967611336 0.08823529411764706 0.32793522267206476 0.08333333333333333 0.3360323886639676 0.08333333333333333 0.340080971659919 0.0784313725490196 0.38461538461538464 0.0784313725490196 0.39271255060728744 0.06862745098039216 0.4008097165991903 0.06862745098039216 0.4048582995951417 0.06372549019607843 0.4089068825910931 0.06372549019607843 0.41295546558704455 0.06862745098039216 0.42105263157894735 0.06862745098039216 0.4251012145748988 0.07352941176470588 0.4331983805668016 0.07352941176470588 0.43724696356275305 0.0784313725490196