5 0.1267605633802817 0.7777777777777778 0.13028169014084506 0.7833333333333333 0.13732394366197184 0.7833333333333333 0.14084507042253522 0.7888888888888889 0.14084507042253522 0.7944444444444444 0.15140845070422534 0.8111111111111111 0.15845070422535212 0.8 0.1795774647887324 0.8 0.1795774647887324 0.8111111111111111 0.18309859154929578 0.8166666666666667 0.18309859154929578 0.8222222222222222 0.18661971830985916 0.8277777777777777 0.19014084507042253 0.8277777777777777 0.19718309859154928 0.8444444444444444 0.2007042253521127 0.8444444444444444 0.2147887323943662 0.8666666666666667 0.21830985915492956 0.8666666666666667 0.22535211267605634 0.8833333333333333 0.22887323943661972 0.8833333333333333 0.2323943661971831 0.8888888888888888 0.22535211267605634 0.9 0.21830985915492956 0.9 0.2147887323943662 0.8944444444444445 0.2112676056338028 0.8944444444444445 0.20774647887323944 0.9 0.17253521126760563 0.9 0.16901408450704225 0.9055555555555556 0.16549295774647887 0.9 0.1443661971830986 0.9 0.14084507042253522 0.8944444444444445 0.13028169014084506 0.8944444444444445 0.1267605633802817 0.8888888888888888 0.1267605633802817 0.8666666666666667 0.12323943661971831 0.8611111111111112 0.12323943661971831 0.8555555555555555 0.1267605633802817 0.85 0.1267605633802817 0.8277777777777777 0.12323943661971831 0.8222222222222222 0.12323943661971831 0.8111111111111111 0.13028169014084506 0.8111111111111111 0.13732394366197184 0.8 0.13028169014084506 0.7888888888888889 0.12323943661971831 0.7888888888888889 0.12323943661971831 0.7833333333333333
5 0.7112676056338029 0.005555555555555556 0.7147887323943662 0.005555555555555556 0.7183098591549296 0 0.7359154929577465 0 0.7394366197183099 0.005555555555555556 0.7394366197183099 0.016666666666666666 0.7429577464788732 0.022222222222222223 0.7429577464788732 0.027777777777777776 0.75 0.044444444444444446 0.75 0.05555555555555555 0.7605633802816901 0.07222222222222222 0.7640845070422535 0.07222222222222222 0.7676056338028169 0.07777777777777778 0.7746478873239436 0.07777777777777778 0.778169014084507 0.07222222222222222 0.7816901408450704 0.07222222222222222 0.7887323943661971 0.06111111111111111 0.7922535211267606 0.06111111111111111 0.8028169014084507 0.044444444444444446 0.8028169014084507 0.03888888888888889 0.8098591549295775 0.027777777777777776 0.8098591549295775 0.022222222222222223 0.8169014084507042 0.011111111111111112 0.8204225352112676 0.011111111111111112 0.823943661971831 0.005555555555555556 0.8591549295774648 0.005555555555555556 0.8697183098591549 0.022222222222222223 0.8732394366197183 0.022222222222222223 0.8802816901408451 0.03333333333333333 0.9049295774647887 0.03333333333333333 0.9084507042253521 0.027777777777777776 0.9190140845070423 0.027777777777777776 0.9225352112676056 0.03333333333333333 0.926056338028169 0.03333333333333333 0.9295774647887324 0.027777777777777776 0.9436619718309859 0.027777777777777776 0.954225352112676 0.016666666666666666 0.9964788732394366 0.016666666666666666 0.9964788732394366 0.05 0.9929577464788732 0.05555555555555555 0.9929577464788732 0.06111111111111111 0.9894366197183099 0.06111111111111111 0.9859154929577465 0.06666666666666667 0.9859154929577465 0.07222222222222222 0.9823943661971831 0.07777777777777778 0.9788732394366197 0.07777777777777778 0.9683098591549296 0.09444444444444444 0.971830985915493 0.1 0.971830985915493 0.11666666666666667 0.9753521126760564 0.12222222222222222 0.9859154929577465 0.12222222222222222 0.9859154929577465 0.14444444444444443 0.9788732394366197 0.14444444444444443 0.9683098591549296 0.16111111111111112 0.9647887323943662 0.16111111111111112 0.9612676056338029 0.16666666666666666 0.954225352112676 0.16666666666666666 0.9507042253521126 0.16111111111111112 0.9295774647887324 0.16111111111111112 0.926056338028169 0.15555555555555556 0.9190140845070423 0.15555555555555556 0.9154929577464789 0.16111111111111112 0.9119718309859155 0.16111111111111112 0.9084507042253521 0.15555555555555556 0.897887323943662 0.15555555555555556 0.8838028169014085 0.17777777777777778 0.8802816901408451 0.17777777777777778 0.8732394366197183 0.18888888888888888 0.8697183098591549 0.20555555555555555 0.8732394366197183 0.2111111111111111 0.8767605633802817 0.2111111111111111 0.8697183098591549 0.22777777777777777 0.8732394366197183 0.23333333333333334 0.8732394366197183 0.2388888888888889 0.8697183098591549 0.2388888888888889 0.8661971830985915 0.24444444444444444 0.8767605633802817 0.2611111111111111 0.8873239436619719 0.26666666666666666 0.9049295774647887 0.29444444444444445 0.9154929577464789 0.29444444444444445 0.9190140845070423 0.3 0.926056338028169 0.3 0.9577464788732394 0.34444444444444444 0.9577464788732394 0.35 0.9647887323943662 0.3611111111111111 0.9647887323943662 0.36666666666666664 0.971830985915493 0.38333333333333336 0.971830985915493 0.39444444444444443 0.9788732394366197 0.40555555555555556 0.9788732394366197 0.4111111111111111 0.9823943661971831 0.4166666666666667 0.9859154929577465 0.43333333333333335 0.9929577464788732 0.4444444444444444 0.9929577464788732 0.46111111111111114 0.9894366197183099 0.45555555555555555 0.9823943661971831 0.45555555555555555 0.971830985915493 0.4388888888888889 0.971830985915493 0.43333333333333335 0.9683098591549296 0.42777777777777776 0.9647887323943662 0.4111111111111111 0.9577464788732394 0.4 0.9577464788732394 0.3888888888888889 0.9507042253521126 0.37777777777777777 0.9507042253521126 0.37222222222222223 0.9471830985915493 0.36666666666666664 0.9436619718309859 0.35 0.9366197183098591 0.3388888888888889 0.9154929577464789 0.3388888888888889 0.9119718309859155 0.34444444444444444 0.8873239436619719 0.34444444444444444 0.8838028169014085 0.3388888888888889 0.8732394366197183 0.3388888888888889 0.8697183098591549 0.3333333333333333 0.8626760563380281 0.3333333333333333 0.852112676056338 0.32222222222222224 0.8133802816901409 0.32222222222222224 0.8098591549295775 0.31666666666666665 0.8028169014084507 0.31666666666666665 0.7992957746478874 0.3111111111111111 0.795774647887324 0.3111111111111111 0.795774647887324 0.3055555555555556 0.7887323943661971 0.29444444444444445 0.7852112676056338 0.29444444444444445 0.7816901408450704 0.28888888888888886 0.778169014084507 0.28888888888888886 0.7746478873239436 0.2833333333333333 0.7640845070422535 0.2777777777777778 0.7570422535211268 0.26666666666666666 0.7570422535211268 0.2611111111111111 0.75 0.25 0.7464788732394366 0.25 0.7394366197183099 0.2388888888888889 0.7394366197183099 0.23333333333333334 0.7288732394366197 0.21666666666666667 0.7253521126760564 0.21666666666666667 0.704225352112676 0.18333333333333332 0.7007042253521126 0.18333333333333332 0.6936619718309859 0.17222222222222222 0.6936619718309859 0.16666666666666666 0.6971830985915493 0.16111111111111112 0.7007042253521126 0.16111111111111112 0.704225352112676 0.15555555555555556 0.7112676056338029 0.15555555555555556 0.7147887323943662 0.15 0.7147887323943662 0.12777777777777777 0.704225352112676 0.1111111111111111 0.704225352112676 0.10555555555555556 0.6866197183098591 0.07777777777777778 0.6866197183098591 0.06666666666666667 0.6971830985915493 0.05 0.6971830985915493 0.044444444444444446 0.7007042253521126 0.03888888888888889 0.7007042253521126 0.027777777777777776 0.7112676056338029 0.011111111111111112
5 0.1443661971830986 0.4166666666666667 0.15140845070422534 0.42777777777777776 0.15140845070422534 0.4388888888888889 0.15845070422535212 0.45 0.1619718309859155 0.45 0.15845070422535212 0.45 0.15492957746478872 0.4444444444444444 0.14788732394366197 0.46111111111111114 0.14788732394366197 0.4722222222222222 0.14084507042253522 0.48333333333333334 0.11619718309859155 0.48333333333333334 0.11267605633802817 0.4888888888888889 0.10211267605633803 0.49444444444444446 0.09507042253521127 0.5055555555555555 0.09507042253521127 0.5166666666666667 0.09859154929577464 0.5222222222222223 0.09859154929577464 0.5333333333333333 0.09507042253521127 0.5388888888888889 0.09507042253521127 0.5555555555555556 0.0880281690140845 0.5666666666666667 0.0880281690140845 0.5722222222222222 0.08450704225352113 0.5777777777777777 0.08450704225352113 0.5888888888888889 0.08098591549295775 0.5944444444444444 0.08098591549295775 0.6 0.07394366197183098 0.6166666666666667 0.07394366197183098 0.6277777777777778 0.06690140845070422 0.6388888888888888 0.06690140845070422 0.65 0.056338028169014086 0.6666666666666666 0.0528169014084507 0.6666666666666666 0.0528169014084507 0.55 0.04929577464788732 0.5444444444444444 0.04929577464788732 0.5166666666666667 0.045774647887323945 0.5111111111111111 0.04929577464788732 0.49444444444444446 0.0528169014084507 0.4888888888888889 0.056338028169014086 0.4888888888888889 0.05985915492957746 0.48333333333333334 0.07042253521126761 0.4777777777777778 0.08098591549295775 0.46111111111111114 0.08450704225352113 0.46111111111111114 0.09154929577464789 0.45 0.09507042253521127 0.45 0.09859154929577464 0.4444444444444444 0.10211267605633803 0.4444444444444444 0.11267605633802817 0.43333333333333335 0.11619718309859155 0.43333333333333335 0.12323943661971831 0.4222222222222222 0.13380281690140844 0.4222222222222222 0.13732394366197184 0.4166666666666667 0.14084507042253522 0.4166666666666667
5 0.6126760563380281 0.03333333333333333 0.6161971830985915 0.03888888888888889 0.6443661971830986 0.03888888888888889 0.647887323943662 0.044444444444444446 0.6514084507042254 0.044444444444444446 0.6549295774647887 0.05 0.6654929577464789 0.05555555555555555 0.6971830985915493 0.10555555555555556 0.6971830985915493 0.1111111111111111 0.7077464788732394 0.12777777777777777 0.7077464788732394 0.1388888888888889 0.6971830985915493 0.15555555555555556 0.6901408450704225 0.15555555555555556 0.6866197183098591 0.16111111111111112 0.676056338028169 0.16111111111111112 0.6654929577464789 0.15 0.6654929577464789 0.14444444444444443 0.6619718309859155 0.1388888888888889 0.6619718309859155 0.13333333333333333 0.6654929577464789 0.12777777777777777 0.6654929577464789 0.1111111111111111 0.647887323943662 0.08333333333333333 0.6443661971830986 0.08333333333333333 0.6267605633802817 0.05555555555555555 0.6197183098591549 0.05555555555555555 0.6161971830985915 0.06111111111111111 0.6161971830985915 0.06666666666666667 0.6056338028169014 0.06666666666666667 0.602112676056338 0.07222222222222222 0.5950704225352113 0.07222222222222222 0.5915492957746479 0.07777777777777778 0.5845070422535211 0.07777777777777778 0.5809859154929577 0.08333333333333333 0.573943661971831 0.08333333333333333 0.5633802816901409 0.09444444444444444 0.5492957746478874 0.09444444444444444 0.545774647887324 0.1 0.5422535211267606 0.09444444444444444 0.528169014084507 0.09444444444444444 0.528169014084507 0.07222222222222222 0.5352112676056338 0.06111111111111111 0.5422535211267606 0.06111111111111111 0.5528169014084507 0.05 0.5598591549295775 0.05 0.5633802816901409 0.044444444444444446 0.5669014084507042 0.044444444444444446 0.5774647887323944 0.03333333333333333 0.6091549295774648 0.03333333333333333
5 0.24295774647887325 0.75 0.24647887323943662 0.7555555555555555 0.2640845070422535 0.7555555555555555 0.2676056338028169 0.7611111111111111 0.27816901408450706 0.7611111111111111 0.28169014084507044 0.7666666666666667 0.29225352112676056 0.7666666666666667 0.29577464788732394 0.7722222222222223 0.2992957746478873 0.7722222222222223 0.3028169014084507 0.7666666666666667 0.33098591549295775 0.7666666666666667 0.3345070422535211 0.7611111111111111 0.3415492957746479 0.7611111111111111 0.34507042253521125 0.7555555555555555 0.3591549295774648 0.7555555555555555 0.3626760563380282 0.7611111111111111 0.36619718309859156 0.7611111111111111 0.36619718309859156 0.7722222222222223 0.3732394366197183 0.7833333333333333 0.3767605633802817 0.7833333333333333 0.38028169014084506 0.7888888888888889 0.3873239436619718 0.7888888888888889 0.3908450704225352 0.7944444444444444 0.3908450704225352 0.8 0.39436619718309857 0.8055555555555556 0.39436619718309857 0.8111111111111111 0.4014084507042254 0.8222222222222222 0.4014084507042254 0.8277777777777777 0.4154929577464789 0.85 0.4154929577464789 0.8666666666666667 0.41901408450704225 0.8722222222222222 0.41901408450704225 0.8833333333333333 0.4154929577464789 0.8888888888888888 0.4154929577464789 0.8944444444444445 0.40492957746478875 0.9111111111111111 0.40492957746478875 0.9166666666666666 0.4084507042253521 0.9222222222222223 0.426056338028169 0.9222222222222223 0.426056338028169 0.9555555555555556 0.4225352112676056 0.9611111111111111 0.4014084507042254 0.9611111111111111 0.397887323943662 0.9555555555555556 0.3873239436619718 0.9555555555555556 0.38380281690140844 0.95 0.38028169014084506 0.9555555555555556 0.36971830985915494 0.9611111111111111 0.3591549295774648 0.9777777777777777 0.35563380281690143 0.9777777777777777 0.3485915492957746 0.9888888888888889 0.3415492957746479 0.9888888888888889 0.33098591549295775 0.9722222222222222 0.323943661971831 0.9722222222222222 0.31690140845070425 0.9611111111111111 0.31338028169014087 0.9611111111111111 0.30633802816901406 0.95 0.3028169014084507 0.95 0.2992957746478873 0.9444444444444444 0.29225352112676056 0.9444444444444444 0.2887323943661972 0.9388888888888889 0.2852112676056338 0.9444444444444444 0.2746478873239437 0.9277777777777778 0.27816901408450706 0.9277777777777778 0.28169014084507044 0.9222222222222223 0.25704225352112675 0.8833333333333333 0.2535211267605634 0.8833333333333333 0.24647887323943662 0.8722222222222222 0.24647887323943662 0.8666666666666667 0.2323943661971831 0.8444444444444444 0.2323943661971831 0.8388888888888889 0.22535211267605634 0.8277777777777777 0.22535211267605634 0.8222222222222222 0.22183098591549297 0.8166666666666667 0.22183098591549297 0.8111111111111111 0.21830985915492956 0.8055555555555556 0.2147887323943662 0.7888888888888889 0.20774647887323944 0.7777777777777778 0.20774647887323944 0.7666666666666667 0.20422535211267606 0.7611111111111111 0.20422535211267606 0.7555555555555555 0.20774647887323944 0.75 0.23943661971830985 0.75
5 0.47183098591549294 0.3111111111111111 0.4753521126760563 0.31666666666666665 0.4859154929577465 0.31666666666666665 0.4859154929577465 0.32222222222222224 0.4964788732394366 0.3388888888888889 0.4964788732394366 0.34444444444444444 0.5 0.35 0.5 0.3611111111111111 0.4964788732394366 0.36666666666666664 0.4894366197183099 0.36666666666666664 0.4788732394366197 0.37777777777777777 0.47183098591549294 0.37777777777777777 0.4612676056338028 0.3888888888888889 0.45774647887323944 0.3888888888888889 0.4507042253521127 0.37777777777777777 0.4507042253521127 0.37222222222222223 0.4471830985915493 0.36666666666666664 0.44366197183098594 0.35 0.44014084507042256 0.34444444444444444 0.44014084507042256 0.3333333333333333 0.43661971830985913 0.3277777777777778 0.43661971830985913 0.31666666666666665 0.4471830985915493 0.31666666666666665 0.4507042253521127 0.3111111111111111 0.46830985915492956 0.3111111111111111
5 0.38380281690140844 0.15555555555555556 0.3908450704225352 0.15555555555555556 0.397887323943662 0.16666666666666666 0.397887323943662 0.18333333333333332 0.4014084507042254 0.18888888888888888 0.4014084507042254 0.2 0.40492957746478875 0.20555555555555555 0.40492957746478875 0.25555555555555554 0.4084507042253521 0.2611111111111111 0.4084507042253521 0.26666666666666666 0.4154929577464789 0.2777777777777778 0.4154929577464789 0.28888888888888886 0.41901408450704225 0.29444444444444445 0.41901408450704225 0.3055555555555556 0.4225352112676056 0.3111111111111111 0.4225352112676056 0.32222222222222224 0.426056338028169 0.3277777777777778 0.426056338028169 0.34444444444444444 0.4225352112676056 0.34444444444444444 0.41901408450704225 0.3388888888888889 0.40492957746478875 0.3388888888888889 0.397887323943662 0.3277777777777778 0.39436619718309857 0.3277777777777778 0.3908450704225352 0.3111111111111111 0.38380281690140844 0.3 0.38380281690140844 0.28888888888888886 0.3767605633802817 0.2722222222222222 0.3767605633802817 0.2222222222222222 0.38028169014084506 0.21666666666666667 0.38028169014084506 0.17777777777777778 0.38380281690140844 0.17222222222222222 0.38380281690140844 0.16111111111111112
5 0.6232394366197183 0.5333333333333333 0.6267605633802817 0.5333333333333333 0.6373239436619719 0.5222222222222223 0.6443661971830986 0.5222222222222223 0.647887323943662 0.5166666666666667 0.647887323943662 0.49444444444444446 0.6408450704225352 0.4777777777777778 0.6408450704225352 0.4666666666666667 0.6373239436619719 0.46111111111111114 0.6373239436619719 0.45 0.6408450704225352 0.4444444444444444 0.6514084507042254 0.4444444444444444 0.6549295774647887 0.4388888888888889 0.6725352112676056 0.4388888888888889 0.6725352112676056 0.45555555555555555 0.676056338028169 0.46111111111111114 0.676056338028169 0.4722222222222222 0.6795774647887324 0.4777777777777778 0.6795774647887324 0.5111111111111111 0.6830985915492958 0.5166666666666667 0.6830985915492958 0.5222222222222223 0.6936619718309859 0.5388888888888889 0.6971830985915493 0.5388888888888889 0.7147887323943662 0.5666666666666667 0.7253521126760564 0.5722222222222222 0.7323943661971831 0.5833333333333334 0.7253521126760564 0.5944444444444444 0.7183098591549296 0.5944444444444444 0.7147887323943662 0.6 0.7112676056338029 0.6 0.704225352112676 0.6111111111111112 0.7112676056338029 0.6 0.7077464788732394 0.5944444444444444 0.704225352112676 0.5944444444444444 0.6971830985915493 0.6055555555555555 0.6971830985915493 0.6111111111111112 0.6936619718309859 0.6111111111111112 0.6901408450704225 0.6055555555555555 0.6866197183098591 0.6111111111111112 0.6866197183098591 0.6166666666666667 0.6830985915492958 0.6166666666666667 0.6795774647887324 0.6222222222222222 0.676056338028169 0.6166666666666667 0.6795774647887324 0.6111111111111112 0.6795774647887324 0.6 0.6866197183098591 0.6 0.6901408450704225 0.5944444444444444 0.6830985915492958 0.5777777777777777 0.676056338028169 0.5777777777777777 0.6654929577464789 0.5666666666666667 0.6549295774647887 0.5666666666666667 0.6514084507042254 0.5611111111111111 0.6302816901408451 0.5611111111111111 0.6232394366197183 0.55 0.6232394366197183 0.5388888888888889
5 0.8591549295774648 0.005555555555555556 0.8661971830985915 0.016666666666666666 0.8732394366197183 0.016666666666666666 0.8802816901408451 0.027777777777777776 0.8908450704225352 0.027777777777777776 0.8943661971830986 0.022222222222222223 0.9119718309859155 0.022222222222222223 0.9154929577464789 0.027777777777777776 0.9190140845070423 0.027777777777777776 0.9225352112676056 0.022222222222222223 0.9401408450704225 0.022222222222222223 0.9436619718309859 0.016666666666666666 0.9507042253521126 0.016666666666666666 0.954225352112676 0.011111111111111112 0.9577464788732394 0.016666666666666666 0.9612676056338029 0.011111111111111112 0.9894366197183099 0.011111111111111112 0.9929577464788732 0.005555555555555556 0.9929577464788732 0.011111111111111112 0.9964788732394366 0.016666666666666666 0.9964788732394366 0.06111111111111111 0.9929577464788732 0.06666666666666667 0.9929577464788732 0.1 0.9964788732394366 0.10555555555555556 0.9964788732394366 0.12777777777777777 0.9929577464788732 0.13333333333333333 0.9929577464788732 0.14444444444444443 0.9823943661971831 0.15 0.971830985915493 0.16666666666666666 0.9401408450704225 0.16666666666666666 0.9366197183098591 0.16111111111111112 0.9295774647887324 0.16111111111111112 0.926056338028169 0.15555555555555556 0.9154929577464789 0.15555555555555556 0.9119718309859155 0.15 0.9154929577464789 0.14444444444444443 0.926056338028169 0.14444444444444443 0.9295774647887324 0.1388888888888889 0.9295774647887324 0.13333333333333333 0.9366197183098591 0.12222222222222222 0.9366197183098591 0.1111111111111111 0.926056338028169 0.1 0.9190140845070423 0.1 0.9154929577464789 0.10555555555555556 0.9190140845070423 0.1111111111111111 0.9225352112676056 0.1111111111111111 0.9225352112676056 0.11666666666666667 0.9049295774647887 0.11666666666666667 0.9014084507042254 0.1111111111111111 0.897887323943662 0.1111111111111111 0.8873239436619719 0.12777777777777777 0.8873239436619719 0.13333333333333333 0.8802816901408451 0.13333333333333333 0.8767605633802817 0.1388888888888889 0.8802816901408451 0.14444444444444443 0.8732394366197183 0.13333333333333333 0.8556338028169014 0.13333333333333333 0.852112676056338 0.1388888888888889 0.8380281690140845 0.1388888888888889 0.8345070422535211 0.13333333333333333 0.8274647887323944 0.13333333333333333 0.823943661971831 0.12777777777777777 0.8098591549295775 0.12777777777777777 0.8063380281690141 0.12222222222222222 0.8028169014084507 0.12222222222222222 0.7992957746478874 0.11666666666666667 0.7992957746478874 0.1 0.795774647887324 0.09444444444444444 0.7922535211267606 0.09444444444444444 0.7887323943661971 0.1 0.7816901408450704 0.08888888888888889 0.7852112676056338 0.08888888888888889 0.7922535211267606 0.07777777777777778 0.7922535211267606 0.07222222222222222 0.795774647887324 0.07222222222222222 0.7992957746478874 0.06666666666666667 0.7992957746478874 0.044444444444444446 0.8028169014084507 0.044444444444444446 0.8063380281690141 0.03888888888888889 0.8063380281690141 0.03333333333333333 0.8098591549295775 0.027777777777777776 0.8098591549295775 0.016666666666666666 0.8133802816901409 0.016666666666666666 0.823943661971831 0.005555555555555556 0.8556338028169014 0.005555555555555556
5 0.704225352112676 0 0.704225352112676 0.005555555555555556 0.6971830985915493 0.016666666666666666 0.6971830985915493 0.022222222222222223 0.676056338028169 0.05555555555555555 0.6725352112676056 0.05555555555555555 0.6690140845070423 0.05 0.6584507042253521 0.044444444444444446 0.6514084507042254 0.03333333333333333 0.647887323943662 0.03333333333333333 0.647887323943662 0.027777777777777776 0.6443661971830986 0.022222222222222223 0.6443661971830986 0.011111111111111112 0.647887323943662 0.005555555555555556 0.6725352112676056 0.005555555555555556 0.676056338028169 0 0.7007042253521126 0
5 0.9330985915492958 0.35 0.9401408450704225 0.3611111111111111 0.9401408450704225 0.36666666666666664 0.9436619718309859 0.37222222222222223 0.9436619718309859 0.37777777777777777 0.9471830985915493 0.38333333333333336 0.9471830985915493 0.3888888888888889 0.9507042253521126 0.39444444444444443 0.9507042253521126 0.4 0.954225352112676 0.40555555555555556 0.954225352112676 0.4111111111111111 0.9577464788732394 0.4166666666666667 0.9612676056338029 0.43333333333333335 0.9683098591549296 0.4444444444444444 0.9683098591549296 0.45 0.9823943661971831 0.4722222222222222 0.9859154929577465 0.4722222222222222 0.9894366197183099 0.4777777777777778 0.9894366197183099 0.4888888888888889 0.9577464788732394 0.5388888888888889 0.954225352112676 0.5388888888888889 0.9401408450704225 0.5611111111111111 0.9366197183098591 0.5611111111111111 0.9295774647887324 0.5722222222222222 0.9190140845070423 0.5777777777777777 0.9119718309859155 0.5888888888888889 0.9084507042253521 0.5888888888888889 0.9049295774647887 0.5944444444444444 0.9014084507042254 0.5944444444444444 0.8908450704225352 0.6055555555555555 0.8873239436619719 0.6055555555555555 0.8802816901408451 0.6166666666666667 0.8767605633802817 0.6166666666666667 0.8732394366197183 0.6222222222222222 0.8697183098591549 0.6222222222222222 0.8661971830985915 0.6277777777777778 0.8626760563380281 0.6277777777777778 0.8591549295774648 0.6333333333333333 0.8556338028169014 0.6333333333333333 0.852112676056338 0.6388888888888888 0.8485915492957746 0.6388888888888888 0.8380281690140845 0.65 0.8309859154929577 0.65 0.8274647887323944 0.6555555555555556 0.8204225352112676 0.6555555555555556 0.8098591549295775 0.6666666666666666 0.8028169014084507 0.6666666666666666 0.7992957746478874 0.6722222222222223 0.7887323943661971 0.6777777777777778 0.7816901408450704 0.6888888888888889 0.778169014084507 0.6888888888888889 0.7746478873239436 0.6944444444444444 0.7711267605633803 0.6944444444444444 0.7676056338028169 0.7 0.7640845070422535 0.7 0.7605633802816901 0.7055555555555556 0.7570422535211268 0.7055555555555556 0.7535211267605634 0.7111111111111111 0.75 0.7111111111111111 0.7394366197183099 0.7222222222222222 0.7323943661971831 0.7222222222222222 0.721830985915493 0.7333333333333333 0.7147887323943662 0.7333333333333333 0.7077464788732394 0.7444444444444445 0.704225352112676 0.7444444444444445 0.6936619718309859 0.7555555555555555 0.6866197183098591 0.7555555555555555 0.6830985915492958 0.7611111111111111 0.676056338028169 0.7611111111111111 0.6725352112676056 0.7666666666666667 0.6690140845070423 0.7611111111111111 0.6654929577464789 0.7611111111111111 0.6549295774647887 0.7444444444444445 0.6549295774647887 0.7388888888888889 0.6443661971830986 0.7222222222222222 0.6443661971830986 0.7166666666666667 0.6302816901408451 0.6944444444444444 0.6302816901408451 0.6888888888888889 0.6232394366197183 0.6777777777777778 0.6232394366197183 0.6722222222222223 0.6267605633802817 0.6666666666666666 0.6373239436619719 0.6666666666666666 0.6408450704225352 0.6611111111111111 0.6514084507042254 0.6611111111111111 0.6549295774647887 0.6555555555555556 0.6619718309859155 0.6555555555555556 0.6654929577464789 0.65 0.6725352112676056 0.65 0.676056338028169 0.6444444444444445 0.6795774647887324 0.6444444444444445 0.6830985915492958 0.6388888888888888 0.6866197183098591 0.6388888888888888 0.6901408450704225 0.6333333333333333 0.6936619718309859 0.6333333333333333 0.6971830985915493 0.6277777777777778 0.7077464788732394 0.6222222222222222 0.7147887323943662 0.6111111111111112 0.7253521126760564 0.6055555555555555 0.7429577464788732 0.5833333333333334 0.7464788732394366 0.5833333333333334 0.75 0.5777777777777777 0.7605633802816901 0.5722222222222222 0.7676056338028169 0.5611111111111111 0.7711267605633803 0.5611111111111111 0.7852112676056338 0.5388888888888889 0.7887323943661971 0.5388888888888889 0.7992957746478874 0.5222222222222223 0.8028169014084507 0.5222222222222223 0.8274647887323944 0.48333333333333334 0.8309859154929577 0.48333333333333334 0.8380281690140845 0.4722222222222222 0.8380281690140845 0.4666666666666667 0.8485915492957746 0.45 0.852112676056338 0.45 0.8661971830985915 0.42777777777777776 0.8697183098591549 0.42777777777777776 0.8943661971830986 0.3888888888888889 0.897887323943662 0.3888888888888889 0.9154929577464789 0.3611111111111111 0.9190140845070423 0.3611111111111111 0.926056338028169 0.35 0.9295774647887324 0.35
5 0.6619718309859155 0.8 0.6654929577464789 0.8 0.6690140845070423 0.7944444444444444 0.6795774647887324 0.7944444444444444 0.6830985915492958 0.8 0.6936619718309859 0.8 0.6971830985915493 0.8055555555555556 0.704225352112676 0.8055555555555556 0.7077464788732394 0.8111111111111111 0.7253521126760564 0.8111111111111111 0.7288732394366197 0.8166666666666667 0.7464788732394366 0.8166666666666667 0.75 0.8111111111111111 0.7816901408450704 0.8111111111111111 0.7852112676056338 0.8055555555555556 0.8098591549295775 0.8055555555555556 0.8133802816901409 0.8111111111111111 0.8345070422535211 0.8111111111111111 0.8380281690140845 0.8055555555555556 0.8380281690140845 0.8 0.8450704225352113 0.8 0.8556338028169014 0.7888888888888889 0.8626760563380281 0.7888888888888889 0.8697183098591549 0.7777777777777778 0.8802816901408451 0.7722222222222223 0.8908450704225352 0.7555555555555555 0.8943661971830986 0.7555555555555555 0.9049295774647887 0.7444444444444445 0.9154929577464789 0.7444444444444445 0.9190140845070423 0.75 0.926056338028169 0.75 0.9295774647887324 0.7555555555555555 0.9401408450704225 0.7555555555555555 0.9436619718309859 0.75 0.9577464788732394 0.75 0.9612676056338029 0.7444444444444445 0.9753521126760564 0.7444444444444445 0.9788732394366197 0.7388888888888889 0.9859154929577465 0.7388888888888889 0.9894366197183099 0.7333333333333333 0.9929577464788732 0.7333333333333333 0.9929577464788732 0.7388888888888889 0.9964788732394366 0.7444444444444445 0.9964788732394366 0.7555555555555555 0.9929577464788732 0.7611111111111111 0.9964788732394366 0.7666666666666667 0.9964788732394366 0.8 0.9929577464788732 0.8055555555555556 0.9929577464788732 0.8111111111111111 0.9894366197183099 0.8111111111111111 0.9859154929577465 0.8166666666666667 0.9788732394366197 0.8166666666666667 0.9753521126760564 0.8222222222222222 0.9647887323943662 0.8111111111111111 0.954225352112676 0.8111111111111111 0.9436619718309859 0.8277777777777777 0.9366197183098591 0.8277777777777777 0.9295774647887324 0.8444444444444444 0.9295774647887324 0.8611111111111112 0.9330985915492958 0.8666666666666667 0.9683098591549296 0.8666666666666667 0.971830985915493 0.8611111111111112 0.9859154929577465 0.8611111111111112 0.9823943661971831 0.8611111111111112 0.9788732394366197 0.8666666666666667 0.9753521126760564 0.8611111111111112 0.971830985915493 0.8666666666666667 0.971830985915493 0.8722222222222222 0.9612676056338029 0.8777777777777778 0.9436619718309859 0.9 0.9401408450704225 0.9 0.9366197183098591 0.9055555555555556 0.9295774647887324 0.9055555555555556 0.9190140845070423 0.9166666666666666 0.9119718309859155 0.9166666666666666 0.9014084507042254 0.9277777777777778 0.8345070422535211 0.9277777777777778 0.8309859154929577 0.9333333333333333 0.7711267605633803 0.9333333333333333 0.7676056338028169 0.9388888888888889 0.7112676056338029 0.9388888888888889 0.7077464788732394 0.9333333333333333 0.6971830985915493 0.9333333333333333 0.6866197183098591 0.9222222222222223 0.6795774647887324 0.9222222222222223 0.6725352112676056 0.9111111111111111 0.6690140845070423 0.9111111111111111 0.6584507042253521 0.8944444444444445 0.6584507042253521 0.8777777777777778 0.6619718309859155 0.8722222222222222 0.6619718309859155 0.85 0.6584507042253521 0.8444444444444444 0.6549295774647887 0.8277777777777777 0.6584507042253521 0.8222222222222222 0.6584507042253521 0.8111111111111111 0.6619718309859155 0.8055555555555556
5 0 0.45555555555555555 0.0035211267605633804 0.46111111111111114 0.007042253521126761 0.46111111111111114 0.017605633802816902 0.4777777777777778 0.02112676056338028 0.4777777777777778 0.04225352112676056 0.5166666666666667 0.04225352112676056 0.5222222222222223 0.045774647887323945 0.5277777777777778 0.045774647887323945 0.5666666666666667 0.04929577464788732 0.5722222222222222 0.045774647887323945 0.5777777777777777 0.04929577464788732 0.5833333333333334 0.04929577464788732 0.5944444444444444 0.045774647887323945 0.6 0.04929577464788732 0.6055555555555555 0.04929577464788732 0.6388888888888888 0.045774647887323945 0.6444444444444445 0.045774647887323945 0.6722222222222223 0.04225352112676056 0.6777777777777778 0.03873239436619718 0.6777777777777778 0.028169014084507043 0.6611111111111111 0.02464788732394366 0.6444444444444445 0.02112676056338028 0.6388888888888888 0.017605633802816902 0.6388888888888888 0.02112676056338028 0.6333333333333333 0.014084507042253521 0.6222222222222222 0.01056338028169014 0.6222222222222222 0.01056338028169014 0.6166666666666667 0.0035211267605633804 0.6055555555555555 0.0035211267605633804 0.6 0 0.5944444444444444 0 0.46111111111111114
5 0.2535211267605634 0 0.2535211267605634 0.016666666666666666 0.25 0.022222222222222223 0.25 0.05 0.24647887323943662 0.05555555555555555 0.24647887323943662 0.08333333333333333 0.24295774647887325 0.08888888888888889 0.24647887323943662 0.09444444444444444 0.24647887323943662 0.1 0.24295774647887325 0.10555555555555556 0.24647887323943662 0.1111111111111111 0.24295774647887325 0.11666666666666667 0.24295774647887325 0.13333333333333333 0.23943661971830985 0.1388888888888889 0.23591549295774647 0.1388888888888889 0.22183098591549297 0.16111111111111112 0.21830985915492956 0.16111111111111112 0.2147887323943662 0.16666666666666666 0.2112676056338028 0.16111111111111112 0.20422535211267606 0.16111111111111112 0.1936619718309859 0.15 0.18661971830985916 0.15 0.18309859154929578 0.14444444444444443 0.16901408450704225 0.14444444444444443 0.15845070422535212 0.12777777777777777 0.15845070422535212 0.12222222222222222 0.15140845070422534 0.1111111111111111 0.15140845070422534 0.09444444444444444 0.14788732394366197 0.08888888888888889 0.14788732394366197 0.06666666666666667 0.15140845070422534 0.06111111111111111 0.15140845070422534 0.027777777777777776 0.16901408450704225 0 0.25 0
5 0.676056338028169 0.18888888888888888 0.6795774647887324 0.19444444444444445 0.6866197183098591 0.19444444444444445 0.6901408450704225 0.2 0.6936619718309859 0.2 0.6936619718309859 0.20555555555555555 0.6971830985915493 0.2111111111111111 0.6901408450704225 0.2111111111111111 0.6866197183098591 0.21666666666666667 0.6866197183098591 0.2388888888888889 0.6830985915492958 0.24444444444444444 0.6830985915492958 0.25 0.6795774647887324 0.25555555555555554 0.676056338028169 0.2722222222222222 0.6725352112676056 0.2777777777777778 0.6654929577464789 0.2777777777777778 0.6549295774647887 0.26666666666666666 0.647887323943662 0.26666666666666666 0.6302816901408451 0.2388888888888889 0.6302816901408451 0.22777777777777777 0.6338028169014085 0.2222222222222222 0.6373239436619719 0.2222222222222222 0.6549295774647887 0.2 0.6619718309859155 0.2 0.6654929577464789 0.19444444444444445 0.6725352112676056 0.19444444444444445
5 0.8133802816901409 0.9388888888888889 0.8169014084507042 0.9444444444444444 0.8380281690140845 0.9444444444444444 0.8415492957746479 0.95 0.8450704225352113 0.95 0.8556338028169014 0.9666666666666667 0.8556338028169014 0.9722222222222222 0.8591549295774648 0.9777777777777777 0.852112676056338 0.9888888888888889 0.8485915492957746 0.9888888888888889 0.8450704225352113 0.9944444444444445 0.8274647887323944 0.9944444444444445 0.823943661971831 0.9888888888888889 0.8169014084507042 0.9888888888888889 0.8133802816901409 0.9833333333333333 0.7992957746478874 0.9833333333333333 0.795774647887324 0.9888888888888889 0.795774647887324 0.9833333333333333 0.7922535211267606 0.9777777777777777 0.7887323943661971 0.9777777777777777 0.7852112676056338 0.9833333333333333 0.7852112676056338 0.9888888888888889 0.7887323943661971 0.9944444444444445 0.7852112676056338 0.9888888888888889 0.7816901408450704 0.9888888888888889 0.7711267605633803 0.9777777777777777 0.7676056338028169 0.9833333333333333 0.7676056338028169 0.9722222222222222 0.7605633802816901 0.9611111111111111 0.7570422535211268 0.9611111111111111 0.7535211267605634 0.9555555555555556 0.7535211267605634 0.95 0.7570422535211268 0.9444444444444444 0.7816901408450704 0.9444444444444444 0.7852112676056338 0.9388888888888889 0.8098591549295775 0.9388888888888889
5 0.5985915492957746 0.31666666666666665 0.602112676056338 0.32222222222222224 0.602112676056338 0.3277777777777778 0.6056338028169014 0.3333333333333333 0.6056338028169014 0.34444444444444444 0.6091549295774648 0.35 0.6091549295774648 0.36666666666666664 0.6126760563380281 0.37222222222222223 0.6126760563380281 0.3888888888888889 0.6161971830985915 0.39444444444444443 0.6161971830985915 0.40555555555555556 0.6197183098591549 0.4111111111111111 0.6197183098591549 0.4222222222222222 0.6232394366197183 0.42777777777777776 0.6232394366197183 0.43333333333333335 0.6267605633802817 0.4388888888888889 0.6267605633802817 0.4444444444444444 0.6338028169014085 0.46111111111111114 0.6338028169014085 0.4722222222222222 0.6373239436619719 0.4777777777777778 0.6373239436619719 0.48333333333333334 0.6408450704225352 0.4888888888888889 0.6408450704225352 0.5 0.6443661971830986 0.5055555555555555 0.6373239436619719 0.5166666666666667 0.6302816901408451 0.5166666666666667 0.6232394366197183 0.5277777777777778 0.6126760563380281 0.5333333333333333 0.5950704225352113 0.5555555555555556 0.5845070422535211 0.5611111111111111 0.5774647887323944 0.5722222222222222 0.573943661971831 0.5722222222222222 0.5563380281690141 0.5944444444444444 0.5528169014084507 0.5944444444444444 0.5492957746478874 0.6 0.545774647887324 0.6 0.5422535211267606 0.6055555555555555 0.5387323943661971 0.6055555555555555 0.5352112676056338 0.6111111111111112 0.5316901408450704 0.6111111111111112 0.5211267605633803 0.6222222222222222 0.5140845070422535 0.6222222222222222 0.5105633802816901 0.6277777777777778 0.5 0.6277777777777778 0.4964788732394366 0.6333333333333333 0.4859154929577465 0.6333333333333333 0.4823943661971831 0.6388888888888888 0.46830985915492956 0.6388888888888888 0.4647887323943662 0.6444444444444445 0.4507042253521127 0.6444444444444445 0.4471830985915493 0.65 0.43309859154929575 0.65 0.4295774647887324 0.6555555555555556 0.426056338028169 0.6555555555555556 0.41901408450704225 0.6444444444444445 0.41901408450704225 0.6388888888888888 0.4154929577464789 0.6333333333333333 0.4154929577464789 0.6222222222222222 0.4084507042253521 0.6055555555555555 0.4084507042253521 0.5944444444444444 0.40492957746478875 0.5888888888888889 0.40492957746478875 0.5666666666666667 0.4014084507042254 0.5611111111111111 0.4014084507042254 0.5444444444444444 0.39436619718309857 0.5277777777777778 0.39436619718309857 0.5166666666666667 0.3908450704225352 0.5111111111111111 0.3908450704225352 0.5 0.3873239436619718 0.49444444444444446 0.3873239436619718 0.4722222222222222 0.38028169014084506 0.45555555555555555 0.38028169014084506 0.4388888888888889 0.38380281690140844 0.4388888888888889 0.3873239436619718 0.43333333333333335 0.397887323943662 0.43333333333333335 0.4014084507042254 0.42777777777777776 0.4084507042253521 0.42777777777777776 0.41901408450704225 0.4166666666666667 0.4295774647887324 0.4166666666666667 0.43309859154929575 0.4111111111111111 0.44366197183098594 0.4111111111111111 0.4471830985915493 0.40555555555555556 0.4507042253521127 0.40555555555555556 0.45422535211267606 0.4 0.45774647887323944 0.4 0.46830985915492956 0.3888888888888889 0.4753521126760563 0.3888888888888889 0.4859154929577465 0.37777777777777777 0.49295774647887325 0.37777777777777777 0.4964788732394366 0.37222222222222223 0.5 0.37222222222222223 0.5035211267605634 0.36666666666666664 0.5105633802816901 0.36666666666666664 0.5211267605633803 0.35555555555555557 0.528169014084507 0.35555555555555557 0.5316901408450704 0.35 0.5387323943661971 0.35 0.5422535211267606 0.34444444444444444 0.5492957746478874 0.34444444444444444 0.5528169014084507 0.3388888888888889 0.5598591549295775 0.3388888888888889 0.5633802816901409 0.3333333333333333 0.5704225352112676 0.3333333333333333 0.5809859154929577 0.32222222222222224 0.5880281690140845 0.32222222222222224 0.5915492957746479 0.31666666666666665 0.5950704225352113 0.31666666666666665
5 0.2711267605633803 0.011111111111111112 0.2746478873239437 0.016666666666666666 0.30985915492957744 0.016666666666666666 0.31690140845070425 0.005555555555555556 0.3380281690140845 0.005555555555555556 0.3415492957746479 0 0.3732394366197183 0 0.3732394366197183 0.011111111111111112 0.3767605633802817 0.016666666666666666 0.3767605633802817 0.11666666666666667 0.38028169014084506 0.12222222222222222 0.38028169014084506 0.15 0.3767605633802817 0.15555555555555556 0.3767605633802817 0.2 0.3732394366197183 0.20555555555555555 0.3732394366197183 0.24444444444444444 0.36971830985915494 0.25 0.36971830985915494 0.26666666666666666 0.36619718309859156 0.2722222222222222 0.3591549295774648 0.2722222222222222 0.35563380281690143 0.26666666666666666 0.3485915492957746 0.26666666666666666 0.34507042253521125 0.2611111111111111 0.3380281690140845 0.2611111111111111 0.3345070422535211 0.25555555555555554 0.323943661971831 0.25555555555555554 0.30985915492957744 0.22777777777777777 0.30985915492957744 0.2222222222222222 0.30633802816901406 0.21666666666666667 0.30633802816901406 0.20555555555555555 0.3028169014084507 0.2 0.3028169014084507 0.19444444444444445 0.29577464788732394 0.18333333333333332 0.29577464788732394 0.17222222222222222 0.29225352112676056 0.16666666666666666 0.29225352112676056 0.15 0.2887323943661972 0.14444444444444443 0.2887323943661972 0.1388888888888889 0.28169014084507044 0.12777777777777777 0.27816901408450706 0.12777777777777777 0.2746478873239437 0.12222222222222222 0.2676056338028169 0.12222222222222222 0.25704225352112675 0.1111111111111111 0.25704225352112675 0.022222222222222223 0.2640845070422535 0.011111111111111112 0.2676056338028169 0.011111111111111112
5 0.7359154929577465 0 0.7394366197183099 0.005555555555555556 0.7394366197183099 0.016666666666666666 0.7429577464788732 0.022222222222222223 0.7429577464788732 0.027777777777777776 0.7464788732394366 0.03333333333333333 0.75 0.05 0.7605633802816901 0.06666666666666667 0.7605633802816901 0.07222222222222222 0.7640845070422535 0.07777777777777778 0.7676056338028169 0.07777777777777778 0.7711267605633803 0.08333333333333333 0.7711267605633803 0.08888888888888889 0.795774647887324 0.12777777777777777 0.8028169014084507 0.12777777777777777 0.8098591549295775 0.1388888888888889 0.852112676056338 0.1388888888888889 0.8556338028169014 0.13333333333333333 0.8591549295774648 0.13333333333333333 0.8697183098591549 0.11666666666666667 0.8697183098591549 0.1111111111111111 0.8626760563380281 0.1 0.8556338028169014 0.1 0.852112676056338 0.10555555555555556 0.8485915492957746 0.1 0.8450704225352113 0.1 0.8415492957746479 0.09444444444444444 0.8450704225352113 0.09444444444444444 0.8485915492957746 0.08888888888888889 0.8485915492957746 0.08333333333333333 0.8450704225352113 0.07777777777777778 0.8380281690140845 0.07777777777777778 0.8309859154929577 0.06666666666666667 0.823943661971831 0.06666666666666667 0.823943661971831 0.05 0.8274647887323944 0.044444444444444446 0.8415492957746479 0.044444444444444446 0.8450704225352113 0.03888888888888889 0.8485915492957746 0.044444444444444446 0.852112676056338 0.044444444444444446 0.8591549295774648 0.05555555555555555 0.8661971830985915 0.05555555555555555 0.8767605633802817 0.06666666666666667 0.8838028169014085 0.06666666666666667 0.8873239436619719 0.07222222222222222 0.897887323943662 0.07777777777777778 0.9049295774647887 0.08888888888888889 0.9119718309859155 0.08888888888888889 0.9154929577464789 0.09444444444444444 0.9225352112676056 0.09444444444444444 0.926056338028169 0.1 0.9366197183098591 0.10555555555555556 0.9366197183098591 0.11666666666666667 0.9190140845070423 0.14444444444444443 0.9154929577464789 0.14444444444444443 0.9119718309859155 0.15 0.897887323943662 0.15 0.8943661971830986 0.15555555555555556 0.8873239436619719 0.15555555555555556 0.8802816901408451 0.16666666666666666 0.8661971830985915 0.16666666666666666 0.8591549295774648 0.17777777777777778 0.8591549295774648 0.18333333333333332 0.852112676056338 0.2 0.852112676056338 0.2388888888888889 0.8556338028169014 0.24444444444444444 0.8556338028169014 0.25555555555555554 0.8485915492957746 0.26666666666666666 0.8556338028169014 0.2777777777777778 0.852112676056338 0.2722222222222222 0.8450704225352113 0.2833333333333333 0.8450704225352113 0.28888888888888886 0.8415492957746479 0.29444444444444445 0.8415492957746479 0.3 0.8345070422535211 0.3111111111111111 0.8345070422535211 0.31666666666666665 0.8309859154929577 0.31666666666666665 0.8274647887323944 0.32222222222222224 0.8204225352112676 0.32222222222222224 0.8169014084507042 0.31666666666666665 0.8063380281690141 0.31666666666666665 0.8028169014084507 0.3111111111111111 0.7992957746478874 0.3111111111111111 0.7887323943661971 0.29444444444444445 0.7852112676056338 0.29444444444444445 0.7816901408450704 0.28888888888888886 0.778169014084507 0.28888888888888886 0.7746478873239436 0.2833333333333333 0.7640845070422535 0.2777777777777778 0.7605633802816901 0.2722222222222222 0.7605633802816901 0.26666666666666666 0.7359154929577465 0.22777777777777777 0.7359154929577465 0.2222222222222222 0.7323943661971831 0.21666666666666667 0.7288732394366197 0.21666666666666667 0.721830985915493 0.20555555555555555 0.7183098591549296 0.20555555555555555 0.7183098591549296 0.2 0.7147887323943662 0.19444444444444445 0.7112676056338029 0.19444444444444445 0.704225352112676 0.18333333333333332 0.7007042253521126 0.18333333333333332 0.6936619718309859 0.16666666666666666 0.6971830985915493 0.16111111111111112 0.7077464788732394 0.15555555555555556 0.7147887323943662 0.14444444444444443 0.7147887323943662 0.13333333333333333 0.7112676056338029 0.12777777777777777 0.7112676056338029 0.12222222222222222 0.7007042253521126 0.10555555555555556 0.7007042253521126 0.1 0.6971830985915493 0.09444444444444444 0.6936619718309859 0.09444444444444444 0.6936619718309859 0.08888888888888889 0.6866197183098591 0.07777777777777778 0.6866197183098591 0.06666666666666667 0.6901408450704225 0.06666666666666667 0.6936619718309859 0.06111111111111111 0.6971830985915493 0.044444444444444446 0.7007042253521126 0.03888888888888889 0.7007042253521126 0.027777777777777776 0.7112676056338029 0.011111111111111112 0.7112676056338029 0.005555555555555556 0.7183098591549296 0.005555555555555556 0.721830985915493 0 0.7323943661971831 0
5 0.36971830985915494 0.28888888888888886 0.3732394366197183 0.29444444444444445 0.3767605633802817 0.29444444444444445 0.38380281690140844 0.3111111111111111 0.3873239436619718 0.3111111111111111 0.3873239436619718 0.32222222222222224 0.39436619718309857 0.3333333333333333 0.39436619718309857 0.34444444444444444 0.397887323943662 0.35 0.39436619718309857 0.35555555555555557 0.39436619718309857 0.3611111111111111 0.3732394366197183 0.39444444444444443 0.3591549295774648 0.39444444444444443 0.35563380281690143 0.3888888888888889 0.34507042253521125 0.38333333333333336 0.3380281690140845 0.37222222222222223 0.3274647887323944 0.36666666666666664 0.34507042253521125 0.34444444444444444 0.3345070422535211 0.3333333333333333 0.3380281690140845 0.3277777777777778 0.3345070422535211 0.32222222222222224 0.3345070422535211 0.3111111111111111 0.3380281690140845 0.3055555555555556 0.3380281690140845 0.29444444444444445 0.34507042253521125 0.2833333333333333 0.3626760563380282 0.2833333333333333 0.36619718309859156 0.28888888888888886
5 0.16549295774647887 0.31666666666666665 0.16901408450704225 0.31666666666666665 0.17253521126760563 0.32222222222222224 0.17253521126760563 0.3277777777777778 0.176056338028169 0.3333333333333333 0.1795774647887324 0.3333333333333333 0.1936619718309859 0.35555555555555557 0.20422535211267606 0.3611111111111111 0.2112676056338028 0.37222222222222223 0.2112676056338028 0.37777777777777777 0.21830985915492956 0.3888888888888889 0.21830985915492956 0.39444444444444443 0.22535211267605634 0.4111111111111111 0.23591549295774647 0.4111111111111111 0.23591549295774647 0.4166666666666667 0.2535211267605634 0.4444444444444444 0.25704225352112675 0.4444444444444444 0.25704225352112675 0.45 0.2535211267605634 0.45 0.25 0.45555555555555555 0.2323943661971831 0.45555555555555555 0.22535211267605634 0.4444444444444444 0.22535211267605634 0.42777777777777776 0.22183098591549297 0.4222222222222222 0.21830985915492956 0.4222222222222222 0.2147887323943662 0.42777777777777776 0.2147887323943662 0.4388888888888889 0.20774647887323944 0.4388888888888889 0.20422535211267606 0.4444444444444444 0.19718309859154928 0.4444444444444444 0.1936619718309859 0.45 0.19014084507042253 0.45 0.18661971830985916 0.4444444444444444 0.18661971830985916 0.4388888888888889 0.1795774647887324 0.42777777777777776 0.16901408450704225 0.4222222222222222 0.1619718309859155 0.4111111111111111 0.1619718309859155 0.35 0.16549295774647887 0.34444444444444444 0.16549295774647887 0.32222222222222224
5 0.3274647887323944 0.6166666666666667 0.3345070422535211 0.6166666666666667 0.3380281690140845 0.6222222222222222 0.3380281690140845 0.6277777777777778 0.34507042253521125 0.6388888888888888 0.3485915492957746 0.6555555555555556 0.3591549295774648 0.6722222222222223 0.35563380281690143 0.6888888888888889 0.3485915492957746 0.7 0.3415492957746479 0.7 0.3380281690140845 0.7055555555555556 0.323943661971831 0.7055555555555556 0.3204225352112676 0.7111111111111111 0.3204225352112676 0.7222222222222222 0.31690140845070425 0.7222222222222222 0.30633802816901406 0.7388888888888889 0.30633802816901406 0.75 0.30633802816901406 0.7388888888888889 0.30985915492957744 0.7333333333333333 0.30985915492957744 0.7111111111111111 0.31338028169014087 0.7055555555555556 0.31338028169014087 0.7 0.31690140845070425 0.6944444444444444 0.31690140845070425 0.6833333333333333 0.323943661971831 0.6666666666666666 0.323943661971831 0.6444444444444445 0.3274647887323944 0.6388888888888888 0.3274647887323944 0.6222222222222222
5 0.10211267605633803 0.11666666666666667 0.1056338028169014 0.12222222222222222 0.11267605633802817 0.12222222222222222 0.12323943661971831 0.1388888888888889 0.12323943661971831 0.15 0.1056338028169014 0.17777777777777778 0.10211267605633803 0.17777777777777778 0.09859154929577464 0.18333333333333332 0.0880281690140845 0.18888888888888888 0.08450704225352113 0.19444444444444445 0.05985915492957746 0.19444444444444445 0.056338028169014086 0.2 0.0528169014084507 0.2 0.04929577464788732 0.20555555555555555 0.03873239436619718 0.2111111111111111 0.035211267605633804 0.21666666666666667 0.02464788732394366 0.21666666666666667 0.02112676056338028 0.2111111111111111 0.02112676056338028 0.19444444444444445 0.02464788732394366 0.19444444444444445 0.035211267605633804 0.17777777777777778 0.045774647887323945 0.17222222222222222 0.04929577464788732 0.16666666666666666 0.04929577464788732 0.16111111111111112 0.07042253521126761 0.15 0.07746478873239436 0.1388888888888889 0.08098591549295775 0.1388888888888889 0.09507042253521127 0.11666666666666667 0.09859154929577464 0.11666666666666667
5 0.27816901408450706 0.45555555555555555 0.29225352112676056 0.45555555555555555 0.29577464788732394 0.45 0.3204225352112676 0.45 0.323943661971831 0.45555555555555555 0.3380281690140845 0.45555555555555555 0.3415492957746479 0.46111111111111114 0.35563380281690143 0.46111111111111114 0.3591549295774648 0.4666666666666667 0.38028169014084506 0.4666666666666667 0.38028169014084506 0.4777777777777778 0.38380281690140844 0.48333333333333334 0.38380281690140844 0.5 0.3873239436619718 0.5055555555555555 0.3873239436619718 0.5166666666666667 0.3908450704225352 0.5222222222222223 0.3908450704225352 0.5333333333333333 0.39436619718309857 0.5388888888888889 0.39436619718309857 0.55 0.397887323943662 0.5555555555555556 0.397887323943662 0.5833333333333334 0.3873239436619718 0.6 0.38028169014084506 0.6 0.38028169014084506 0.5944444444444444 0.3767605633802817 0.5888888888888889 0.3767605633802817 0.5777777777777777 0.38028169014084506 0.5722222222222222 0.38028169014084506 0.5666666666666667 0.3767605633802817 0.5611111111111111 0.3767605633802817 0.55 0.3732394366197183 0.5444444444444444 0.3591549295774648 0.5444444444444444 0.3485915492957746 0.5277777777777778 0.34507042253521125 0.5277777777777778 0.3380281690140845 0.5166666666666667 0.33098591549295775 0.5166666666666667 0.3274647887323944 0.5222222222222223 0.31338028169014087 0.5222222222222223 0.30633802816901406 0.5111111111111111 0.3028169014084507 0.5111111111111111 0.2992957746478873 0.5055555555555555 0.2887323943661972 0.5 0.28169014084507044 0.4888888888888889 0.28169014084507044 0.48333333333333334 0.27816901408450706 0.4777777777777778 0.27816901408450706 0.46111111111111114
5 0 0.14444444444444443 0.01056338028169014 0.14444444444444443 0.014084507042253521 0.15 0.014084507042253521 0.18333333333333332 0.01056338028169014 0.18888888888888888 0.01056338028169014 0.20555555555555555 0.007042253521126761 0.2111111111111111 0.007042253521126761 0.2222222222222222 0.0035211267605633804 0.22777777777777777 0.0035211267605633804 0.2388888888888889 0 0.2388888888888889 0 0.23333333333333334 0.0035211267605633804 0.22777777777777777 0 0.2222222222222222 0 0.15
5 0.9507042253521126 0.5666666666666667 0.9507042253521126 0.5722222222222222 0.954225352112676 0.5777777777777777 0.954225352112676 0.6 0.9577464788732394 0.6055555555555555 0.9577464788732394 0.6166666666666667 0.9612676056338029 0.6222222222222222 0.9612676056338029 0.6333333333333333 0.9647887323943662 0.6388888888888888 0.9647887323943662 0.6666666666666666 0.9612676056338029 0.6722222222222223 0.9507042253521126 0.6722222222222223 0.9295774647887324 0.7055555555555556 0.926056338028169 0.7055555555555556 0.9154929577464789 0.7222222222222222 0.9049295774647887 0.7277777777777777 0.8943661971830986 0.7444444444444445 0.8908450704225352 0.7444444444444445 0.8838028169014085 0.7611111111111111 0.8802816901408451 0.7611111111111111 0.8732394366197183 0.7722222222222223 0.8661971830985915 0.7722222222222223 0.8626760563380281 0.7777777777777778 0.8415492957746479 0.7777777777777778 0.8380281690140845 0.7833333333333333 0.8345070422535211 0.7833333333333333 0.823943661971831 0.7944444444444444 0.8133802816901409 0.7944444444444444 0.8133802816901409 0.7444444444444445 0.8098591549295775 0.7388888888888889 0.8098591549295775 0.7277777777777777 0.8133802816901409 0.7222222222222222 0.8098591549295775 0.7055555555555556 0.8133802816901409 0.7 0.8098591549295775 0.6944444444444444 0.8098591549295775 0.6722222222222223 0.8133802816901409 0.6722222222222223 0.823943661971831 0.6611111111111111 0.8309859154929577 0.6611111111111111 0.8345070422535211 0.6555555555555556 0.8415492957746479 0.6555555555555556 0.8450704225352113 0.65 0.8485915492957746 0.65 0.852112676056338 0.6444444444444445 0.8626760563380281 0.6388888888888888 0.8697183098591549 0.6277777777777778 0.8732394366197183 0.6277777777777778 0.8767605633802817 0.6222222222222222 0.8802816901408451 0.6222222222222222 0.8838028169014085 0.6166666666666667 0.8873239436619719 0.6166666666666667 0.8908450704225352 0.6111111111111112 0.8943661971830986 0.6111111111111112 0.897887323943662 0.6055555555555555 0.9084507042253521 0.6 0.9154929577464789 0.5888888888888889 0.9190140845070423 0.5888888888888889 0.9225352112676056 0.5833333333333334 0.926056338028169 0.5833333333333334 0.9295774647887324 0.5777777777777777 0.9330985915492958 0.5777777777777777 0.9366197183098591 0.5722222222222222 0.9471830985915493 0.5666666666666667
5 0.8626760563380281 0 0.8908450704225352 0 0.8838028169014085 0 0.8802816901408451 0.005555555555555556 0.8767605633802817 0 0.8732394366197183 0.005555555555555556 0.8732394366197183 0.011111111111111112 0.8697183098591549 0.005555555555555556 0.8661971830985915 0.005555555555555556
5 0.06690140845070422 0.14444444444444443 0.07042253521126761 0.14444444444444443 0.06690140845070422 0.14444444444444443 0.06338028169014084 0.15 0.06338028169014084 0.14444444444444443 0.05985915492957746 0.1388888888888889 0.0528169014084507 0.15555555555555556 0.0528169014084507 0.16111111111111112 0.04929577464788732 0.16111111111111112 0.045774647887323945 0.15555555555555556 0.03873239436619718 0.15555555555555556 0.035211267605633804 0.16111111111111112 0.02464788732394366 0.16111111111111112 0.02464788732394366 0.1388888888888889 0.03169014084507042 0.12777777777777777 0.03169014084507042 0.12222222222222222 0.045774647887323945 0.09444444444444444 0.04929577464788732 0.09444444444444444 0.056338028169014086 0.08333333333333333 0.05985915492957746 0.08333333333333333 0.06338028169014084 0.07777777777777778 0.07746478873239436 0.07777777777777778 0.08098591549295775 0.07222222222222222 0.08450704225352113 0.07222222222222222 0.09507042253521127 0.08888888888888889 0.09507042253521127 0.1 0.0880281690140845 0.1111111111111111 0.08098591549295775 0.1111111111111111 0.06338028169014084 0.1388888888888889
5 0.06690140845070422 0.7722222222222223 0.07042253521126761 0.7777777777777778 0.07394366197183098 0.7777777777777778 0.07746478873239436 0.7722222222222223 0.0880281690140845 0.7666666666666667 0.09154929577464789 0.7722222222222223 0.10211267605633803 0.7777777777777778 0.10211267605633803 0.7833333333333333 0.1056338028169014 0.7888888888888889 0.10915492957746478 0.7888888888888889 0.10915492957746478 0.8055555555555556 0.1056338028169014 0.8111111111111111 0.1056338028169014 0.8222222222222222 0.09154929577464789 0.8222222222222222 0.07394366197183098 0.85 0.07042253521126761 0.85 0.03169014084507042 0.9111111111111111 0.028169014084507043 0.9111111111111111 0.02464788732394366 0.9166666666666666 0.02112676056338028 0.9166666666666666 0.017605633802816902 0.9 0 0.8777777777777778 0 0.8111111111111111 0.0035211267605633804 0.8055555555555556 0.0035211267605633804 0.7944444444444444 0.01056338028169014 0.7833333333333333 0.01056338028169014 0.7777777777777778 0.02112676056338028 0.7611111111111111 0.028169014084507043 0.7611111111111111 0.03169014084507042 0.7555555555555555 0.035211267605633804 0.7555555555555555 0.04225352112676056 0.7444444444444445 0.045774647887323945 0.7444444444444445 0.06338028169014084 0.7722222222222223
5 0.4225352112676056 0.35 0.4225352112676056 0.35555555555555557 0.426056338028169 0.3611111111111111 0.426056338028169 0.3888888888888889 0.41901408450704225 0.4 0.4154929577464789 0.4 0.4119718309859155 0.40555555555555556 0.4084507042253521 0.40555555555555556 0.40492957746478875 0.4111111111111111 0.4014084507042254 0.4111111111111111 0.397887323943662 0.4166666666666667 0.39436619718309857 0.4166666666666667 0.3908450704225352 0.4222222222222222 0.38028169014084506 0.42777777777777776 0.3732394366197183 0.4388888888888889 0.3732394366197183 0.46111111111111114 0.36619718309859156 0.46111111111111114 0.3626760563380282 0.45555555555555555 0.34507042253521125 0.45555555555555555 0.3415492957746479 0.45 0.33098591549295775 0.45 0.3274647887323944 0.4444444444444444 0.31690140845070425 0.4444444444444444 0.31338028169014087 0.4388888888888889 0.30985915492957744 0.4388888888888889 0.30985915492957744 0.4222222222222222 0.31338028169014087 0.4166666666666667 0.31338028169014087 0.38333333333333336 0.3204225352112676 0.37222222222222223 0.3380281690140845 0.37222222222222223 0.34507042253521125 0.38333333333333336 0.3485915492957746 0.38333333333333336 0.352112676056338 0.3888888888888889 0.35563380281690143 0.3888888888888889 0.3591549295774648 0.39444444444444443 0.36971830985915494 0.4 0.3767605633802817 0.3888888888888889 0.3767605633802817 0.38333333333333336 0.38028169014084506 0.37777777777777777 0.38380281690140844 0.37777777777777777 0.3908450704225352 0.36666666666666664 0.3908450704225352 0.35555555555555557 0.39436619718309857 0.3611111111111111 0.397887323943662 0.35555555555555557 0.40492957746478875 0.35555555555555557 0.4084507042253521 0.35 0.41901408450704225 0.35
5 0.07042253521126761 0.4888888888888889 0.07394366197183098 0.49444444444444446 0.08450704225352113 0.5 0.0880281690140845 0.5055555555555555 0.0880281690140845 0.5111111111111111 0.09507042253521127 0.5222222222222223 0.09507042253521127 0.55 0.09154929577464789 0.5555555555555556 0.09154929577464789 0.5611111111111111 0.08450704225352113 0.5777777777777777 0.08450704225352113 0.5888888888888889 0.08098591549295775 0.5944444444444444 0.08098591549295775 0.6 0.07746478873239436 0.6055555555555555 0.07394366197183098 0.6222222222222222 0.07042253521126761 0.6277777777777778 0.07042253521126761 0.6388888888888888 0.06690140845070422 0.6444444444444445 0.06690140845070422 0.65 0.056338028169014086 0.6666666666666666 0.056338028169014086 0.6722222222222223 0.0528169014084507 0.6722222222222223 0.0528169014084507 0.6111111111111112 0.04929577464788732 0.6055555555555555 0.04929577464788732 0.5833333333333334 0.0528169014084507 0.5777777777777777 0.04929577464788732 0.5722222222222222 0.04929577464788732 0.5222222222222223 0.045774647887323945 0.5166666666666667 0.045774647887323945 0.5111111111111111 0.0528169014084507 0.49444444444444446 0.06690140845070422 0.49444444444444446
5 0.3345070422535211 0.45555555555555555 0.3380281690140845 0.46111111111111114 0.352112676056338 0.46111111111111114 0.35563380281690143 0.4666666666666667 0.3767605633802817 0.4666666666666667 0.38028169014084506 0.4722222222222222 0.38028169014084506 0.4888888888888889 0.38380281690140844 0.49444444444444446 0.38380281690140844 0.5111111111111111 0.3908450704225352 0.5277777777777778 0.3908450704225352 0.5388888888888889 0.39436619718309857 0.5444444444444444 0.39436619718309857 0.5555555555555556 0.397887323943662 0.5611111111111111 0.397887323943662 0.5888888888888889 0.39436619718309857 0.5944444444444444 0.3908450704225352 0.5944444444444444 0.3873239436619718 0.6 0.38028169014084506 0.6 0.3767605633802817 0.6055555555555555 0.3767605633802817 0.6222222222222222 0.38028169014084506 0.6277777777777778 0.38028169014084506 0.6611111111111111 0.38380281690140844 0.6666666666666666 0.38028169014084506 0.6722222222222223 0.38028169014084506 0.6833333333333333 0.3767605633802817 0.6888888888888889 0.3767605633802817 0.7 0.36971830985915494 0.7 0.36619718309859156 0.6944444444444444 0.36619718309859156 0.6888888888888889 0.3626760563380282 0.6833333333333333 0.3626760563380282 0.6722222222222223 0.3485915492957746 0.65 0.3485915492957746 0.6444444444444445 0.3415492957746479 0.6333333333333333 0.3415492957746479 0.6277777777777778 0.3345070422535211 0.6111111111111112 0.3345070422535211 0.5888888888888889 0.33098591549295775 0.5833333333333334 0.3345070422535211 0.5777777777777777 0.3345070422535211 0.5611111111111111 0.33098591549295775 0.5555555555555556 0.33098591549295775 0.5388888888888889 0.3204225352112676 0.5222222222222223 0.31690140845070425 0.5222222222222223 0.31338028169014087 0.5166666666666667 0.30985915492957744 0.5166666666666667 0.30633802816901406 0.5111111111111111 0.3028169014084507 0.5111111111111111 0.2992957746478873 0.5055555555555555 0.2887323943661972 0.5 0.28169014084507044 0.4888888888888889 0.28169014084507044 0.4777777777777778 0.27816901408450706 0.4722222222222222 0.27816901408450706 0.46111111111111114 0.28169014084507044 0.45555555555555555 0.29225352112676056 0.45555555555555555 0.29577464788732394 0.45 0.3204225352112676 0.45 0.323943661971831 0.45555555555555555 0.33098591549295775 0.45555555555555555
5 0.3415492957746479 0.5166666666666667 0.3485915492957746 0.5277777777777778 0.3485915492957746 0.5333333333333333 0.352112676056338 0.5388888888888889 0.3591549295774648 0.5388888888888889 0.3626760563380282 0.5444444444444444 0.3767605633802817 0.5444444444444444 0.3767605633802817 0.5944444444444444 0.3732394366197183 0.6 0.3732394366197183 0.6055555555555555 0.3767605633802817 0.6111111111111112 0.3767605633802817 0.6333333333333333 0.38028169014084506 0.6388888888888888 0.38028169014084506 0.6611111111111111 0.38380281690140844 0.6666666666666666 0.3767605633802817 0.6777777777777778 0.3767605633802817 0.7055555555555556 0.36619718309859156 0.6944444444444444 0.36619718309859156 0.6888888888888889 0.3626760563380282 0.6833333333333333 0.3626760563380282 0.6722222222222223 0.352112676056338 0.6555555555555556 0.352112676056338 0.65 0.34507042253521125 0.6388888888888888 0.34507042253521125 0.6333333333333333 0.3380281690140845 0.6222222222222222 0.3380281690140845 0.6166666666666667 0.3345070422535211 0.6111111111111112 0.3345070422535211 0.5888888888888889 0.33098591549295775 0.5833333333333334 0.3345070422535211 0.5777777777777777 0.3345070422535211 0.5611111111111111 0.33098591549295775 0.5555555555555556 0.33098591549295775 0.5388888888888889 0.3274647887323944 0.5333333333333333 0.3274647887323944 0.5222222222222223 0.3380281690140845 0.5222222222222223
5 0.1443661971830986 0.1388888888888889 0.15492957746478872 0.15555555555555556 0.15492957746478872 0.17777777777777778 0.15140845070422534 0.18333333333333332 0.15140845070422534 0.20555555555555555 0.15492957746478872 0.2111111111111111 0.15492957746478872 0.2722222222222222 0.15140845070422534 0.2777777777777778 0.15140845070422534 0.3 0.15492957746478872 0.3055555555555556 0.15140845070422534 0.3111111111111111 0.15140845070422534 0.31666666666666665 0.15492957746478872 0.32222222222222224 0.15140845070422534 0.3277777777777778 0.15140845070422534 0.35 0.14788732394366197 0.35555555555555557 0.14788732394366197 0.36666666666666664 0.1443661971830986 0.37222222222222223 0.1443661971830986 0.38333333333333336 0.12323943661971831 0.4166666666666667 0.11971830985915492 0.4166666666666667 0.11267605633802817 0.42777777777777776 0.10915492957746478 0.42777777777777776 0.1056338028169014 0.43333333333333335 0.09507042253521127 0.4388888888888889 0.09154929577464789 0.4444444444444444 0.0880281690140845 0.4444444444444444 0.08450704225352113 0.45 0.07394366197183098 0.45555555555555555 0.06690140845070422 0.4666666666666667 0.05985915492957746 0.4666666666666667 0.04929577464788732 0.4777777777777778 0.04225352112676056 0.4777777777777778 0.03873239436619718 0.4722222222222222 0.028169014084507043 0.4722222222222222 0.02464788732394366 0.4666666666666667 0.014084507042253521 0.46111111111111114 0.007042253521126761 0.45 0.0035211267605633804 0.45 0 0.4444444444444444 0 0.3388888888888889 0.0035211267605633804 0.3333333333333333 0.0035211267605633804 0.3277777777777778 0 0.32222222222222224 0 0.25 0.0035211267605633804 0.24444444444444444 0.01056338028169014 0.24444444444444444 0.014084507042253521 0.2388888888888889 0.017605633802816902 0.2388888888888889 0.02112676056338028 0.23333333333333334 0.028169014084507043 0.23333333333333334 0.03169014084507042 0.22777777777777777 0.035211267605633804 0.22777777777777777 0.045774647887323945 0.2111111111111111 0.056338028169014086 0.20555555555555555 0.05985915492957746 0.2 0.08450704225352113 0.2 0.09154929577464789 0.18888888888888888 0.09507042253521127 0.18888888888888888 0.09859154929577464 0.18333333333333332 0.10915492957746478 0.17777777777777778 0.1267605633802817 0.15 0.13028169014084506 0.15 0.13732394366197184 0.1388888888888889 0.14084507042253522 0.1388888888888889
5 0.20774647887323944 0.45 0.2147887323943662 0.45 0.21830985915492956 0.45555555555555555 0.22183098591549297 0.45555555555555555 0.22535211267605634 0.46111111111111114 0.22887323943661972 0.46111111111111114 0.23943661971830985 0.4722222222222222 0.24647887323943662 0.4722222222222222 0.25 0.4777777777777778 0.2535211267605634 0.4777777777777778 0.25704225352112675 0.48333333333333334 0.2605633802816901 0.48333333333333334 0.2640845070422535 0.4888888888888889 0.2746478873239437 0.49444444444444446 0.28169014084507044 0.5055555555555555 0.2887323943661972 0.5055555555555555 0.29577464788732394 0.5166666666666667 0.3028169014084507 0.5166666666666667 0.3274647887323944 0.5555555555555556 0.3274647887323944 0.6 0.323943661971831 0.6055555555555555 0.323943661971831 0.6277777777777778 0.3204225352112676 0.6333333333333333 0.3204225352112676 0.65 0.31690140845070425 0.6555555555555556 0.31690140845070425 0.6666666666666666 0.31338028169014087 0.6722222222222223 0.31338028169014087 0.6833333333333333 0.30633802816901406 0.7 0.30633802816901406 0.7111111111111111 0.3028169014084507 0.7166666666666667 0.3028169014084507 0.7333333333333333 0.2992957746478873 0.7388888888888889 0.2992957746478873 0.75 0.29577464788732394 0.7555555555555555 0.28169014084507044 0.7555555555555555 0.27816901408450706 0.75 0.2676056338028169 0.75 0.2640845070422535 0.7444444444444445 0.25 0.7444444444444445 0.24647887323943662 0.7388888888888889 0.2323943661971831 0.7388888888888889 0.22887323943661972 0.7333333333333333 0.1936619718309859 0.7333333333333333 0.19014084507042253 0.7277777777777777 0.1795774647887324 0.7277777777777777 0.176056338028169 0.7222222222222222 0.16901408450704225 0.7222222222222222 0.16549295774647887 0.7166666666666667 0.16549295774647887 0.6555555555555556 0.16901408450704225 0.65 0.16901408450704225 0.6444444444444445 0.17253521126760563 0.6388888888888888 0.17253521126760563 0.6333333333333333 0.176056338028169 0.6277777777777778 0.176056338028169 0.6222222222222222 0.1795774647887324 0.6166666666666667 0.1795774647887324 0.6111111111111112 0.18309859154929578 0.6055555555555555 0.18309859154929578 0.6 0.18661971830985916 0.5944444444444444 0.19014084507042253 0.5777777777777777 0.1936619718309859 0.5722222222222222 0.1936619718309859 0.5333333333333333 0.19718309859154928 0.5277777777777778 0.19718309859154928 0.49444444444444446 0.2007042253521127 0.4888888888888889 0.2007042253521127 0.4722222222222222 0.20774647887323944 0.45555555555555555
5 0.6267605633802817 0.55 0.6302816901408451 0.5555555555555556 0.6338028169014085 0.5555555555555556 0.6408450704225352 0.5666666666666667 0.6619718309859155 0.5666666666666667 0.6654929577464789 0.5722222222222222 0.6690140845070423 0.5722222222222222 0.6795774647887324 0.5833333333333334 0.6866197183098591 0.5833333333333334 0.6901408450704225 0.5888888888888889 0.7007042253521126 0.5888888888888889 0.7077464788732394 0.6 0.7112676056338029 0.6 0.7112676056338029 0.6055555555555555 0.704225352112676 0.6166666666666667 0.7007042253521126 0.6166666666666667 0.6971830985915493 0.6222222222222222 0.6936619718309859 0.6222222222222222 0.6901408450704225 0.6277777777777778 0.6866197183098591 0.6277777777777778 0.6830985915492958 0.6333333333333333 0.6795774647887324 0.6333333333333333 0.6690140845070423 0.6444444444444445 0.6619718309859155 0.6444444444444445 0.6584507042253521 0.65 0.647887323943662 0.65 0.6443661971830986 0.6555555555555556 0.6302816901408451 0.6555555555555556 0.6267605633802817 0.6611111111111111 0.6197183098591549 0.6611111111111111 0.6161971830985915 0.6666666666666666 0.6056338028169014 0.6666666666666666 0.6056338028169014 0.6555555555555556 0.602112676056338 0.65 0.6056338028169014 0.6444444444444445 0.6056338028169014 0.6333333333333333 0.602112676056338 0.6277777777777778 0.602112676056338 0.6166666666666667 0.6056338028169014 0.6111111111111112 0.6091549295774648 0.5944444444444444 0.6161971830985915 0.5944444444444444 0.6197183098591549 0.5888888888888889 0.6197183098591549 0.5833333333333334 0.6232394366197183 0.5777777777777777 0.6232394366197183 0.5611111111111111 0.6267605633802817 0.5555555555555556
5 0 0.6055555555555555 0.01056338028169014 0.6055555555555555 0.02464788732394366 0.6333333333333333 0.02464788732394366 0.6444444444444445 0.028169014084507043 0.65 0.028169014084507043 0.6555555555555556 0.03169014084507042 0.6611111111111111 0.035211267605633804 0.6777777777777778 0.03873239436619718 0.6833333333333333 0.03873239436619718 0.7111111111111111 0.04225352112676056 0.7166666666666667 0.04225352112676056 0.7277777777777777 0.035211267605633804 0.7388888888888889 0.02464788732394366 0.7444444444444445 0.017605633802816902 0.7555555555555555 0.007042253521126761 0.7611111111111111 0.0035211267605633804 0.7666666666666667 0 0.7611111111111111 0 0.7111111111111111 0.0035211267605633804 0.7055555555555556 0 0.7 0 0.6611111111111111 0.0035211267605633804 0.6555555555555556 0 0.65 0 0.6111111111111112
5 0.6091549295774648 0 0.6197183098591549 0.011111111111111112 0.6232394366197183 0.011111111111111112 0.6302816901408451 0.022222222222222223 0.6338028169014085 0.022222222222222223 0.6338028169014085 0.027777777777777776 0.6267605633802817 0.027777777777777776 0.6232394366197183 0.03333333333333333 0.6197183098591549 0.027777777777777776 0.5492957746478874 0.027777777777777776 0.545774647887324 0.03333333333333333 0.5316901408450704 0.03333333333333333 0.528169014084507 0.03888888888888889 0.5176056338028169 0.03888888888888889 0.5140845070422535 0.03333333333333333 0.4859154929577465 0.03333333333333333 0.4823943661971831 0.03888888888888889 0.4823943661971831 0.044444444444444446 0.4788732394366197 0.044444444444444446 0.46830985915492956 0.06111111111111111 0.47183098591549294 0.06666666666666667 0.4612676056338028 0.07777777777777778 0.45422535211267606 0.07777777777777778 0.4507042253521127 0.07222222222222222 0.4471830985915493 0.07222222222222222 0.4471830985915493 0.06666666666666667 0.4507042253521127 0.06111111111111111 0.4507042253521127 0.044444444444444446 0.45422535211267606 0.03888888888888889 0.45422535211267606 0.005555555555555556 0.4647887323943662 0.005555555555555556 0.46830985915492956 0 0.6056338028169014 0
5 0.13732394366197184 0.4888888888888889 0.14084507042253522 0.49444444444444446 0.1795774647887324 0.49444444444444446 0.19014084507042253 0.5111111111111111 0.19014084507042253 0.5611111111111111 0.18661971830985916 0.5666666666666667 0.18661971830985916 0.5777777777777777 0.18309859154929578 0.5833333333333334 0.18309859154929578 0.5888888888888889 0.1795774647887324 0.5944444444444444 0.176056338028169 0.6111111111111112 0.16901408450704225 0.6111111111111112 0.15845070422535212 0.5944444444444444 0.15492957746478872 0.5944444444444444 0.15140845070422534 0.5888888888888889 0.14788732394366197 0.5888888888888889 0.14084507042253522 0.5777777777777777 0.13732394366197184 0.5777777777777777 0.13732394366197184 0.5722222222222222 0.11267605633802817 0.5333333333333333 0.10915492957746478 0.5333333333333333 0.09859154929577464 0.5166666666666667 0.09859154929577464 0.5055555555555555 0.10211267605633803 0.5 0.1056338028169014 0.5 0.11619718309859155 0.4888888888888889 0.13380281690140844 0.4888888888888889
5 0.10211267605633803 0.5333333333333333 0.10915492957746478 0.5333333333333333 0.11619718309859155 0.5444444444444444 0.11971830985915492 0.5444444444444444 0.12323943661971831 0.55 0.12323943661971831 0.5555555555555556 0.15140845070422534 0.6 0.15140845070422534 0.6055555555555555 0.15492957746478872 0.6111111111111112 0.15492957746478872 0.6222222222222222 0.14084507042253522 0.65 0.13732394366197184 0.6666666666666666 0.13380281690140844 0.6666666666666666 0.11619718309859155 0.6944444444444444 0.11619718309859155 0.7 0.11267605633802817 0.7055555555555556 0.11267605633802817 0.7222222222222222 0.10915492957746478 0.7277777777777777 0.10915492957746478 0.7388888888888889 0.09154929577464789 0.7611111111111111 0.08098591549295775 0.7611111111111111 0.07746478873239436 0.7666666666666667 0.06690140845070422 0.7666666666666667 0.06338028169014084 0.7611111111111111 0.05985915492957746 0.7611111111111111 0.0528169014084507 0.75 0.0528169014084507 0.7388888888888889 0.056338028169014086 0.7333333333333333 0.056338028169014086 0.7166666666666667 0.05985915492957746 0.7111111111111111 0.05985915492957746 0.7 0.06338028169014084 0.6944444444444444 0.06338028169014084 0.6833333333333333 0.05985915492957746 0.6777777777777778 0.06338028169014084 0.6722222222222223 0.06338028169014084 0.6666666666666666 0.07042253521126761 0.6555555555555556 0.07042253521126761 0.6444444444444445 0.07394366197183098 0.6388888888888888 0.07394366197183098 0.6333333333333333 0.08098591549295775 0.6166666666666667 0.08098591549295775 0.6055555555555555 0.0880281690140845 0.5944444444444444 0.0880281690140845 0.5833333333333334 0.09154929577464789 0.5777777777777777 0.09154929577464789 0.5722222222222222 0.09859154929577464 0.5555555555555556 0.09859154929577464 0.5444444444444444 0.10211267605633803 0.5388888888888889
5 0.23943661971830985 0.14444444444444443 0.24647887323943662 0.14444444444444443 0.2535211267605634 0.13333333333333333 0.27816901408450706 0.13333333333333333 0.2852112676056338 0.14444444444444443 0.2852112676056338 0.15555555555555556 0.2887323943661972 0.16111111111111112 0.2887323943661972 0.18333333333333332 0.29225352112676056 0.18888888888888888 0.29225352112676056 0.19444444444444445 0.29577464788732394 0.2 0.29577464788732394 0.20555555555555555 0.2992957746478873 0.2111111111111111 0.2992957746478873 0.21666666666666667 0.3028169014084507 0.2222222222222222 0.30633802816901406 0.2388888888888889 0.31338028169014087 0.25 0.31338028169014087 0.25555555555555554 0.31690140845070425 0.2611111111111111 0.31690140845070425 0.2722222222222222 0.3204225352112676 0.2777777777777778 0.3204225352112676 0.28888888888888886 0.323943661971831 0.29444444444444445 0.323943661971831 0.3277777777777778 0.3204225352112676 0.3333333333333333 0.3204225352112676 0.3388888888888889 0.323943661971831 0.34444444444444444 0.323943661971831 0.3611111111111111 0.3204225352112676 0.36666666666666664 0.31690140845070425 0.36666666666666664 0.30633802816901406 0.38333333333333336 0.30633802816901406 0.4222222222222222 0.3028169014084507 0.42777777777777776 0.3028169014084507 0.43333333333333335 0.29225352112676056 0.4444444444444444 0.2640845070422535 0.4444444444444444 0.2605633802816901 0.4388888888888889 0.25 0.43333333333333335 0.23591549295774647 0.4111111111111111 0.23591549295774647 0.40555555555555556 0.2323943661971831 0.4 0.22887323943661972 0.4 0.22535211267605634 0.40555555555555556 0.22535211267605634 0.39444444444444443 0.21830985915492956 0.38333333333333336 0.21830985915492956 0.37777777777777777 0.20422535211267606 0.35555555555555557 0.2007042253521127 0.35555555555555557 0.1936619718309859 0.34444444444444444 0.19014084507042253 0.34444444444444444 0.16901408450704225 0.3111111111111111 0.16901408450704225 0.3055555555555556 0.1619718309859155 0.28888888888888886 0.1619718309859155 0.25555555555555554 0.16549295774647887 0.25 0.16549295774647887 0.22777777777777777 0.16901408450704225 0.2222222222222222 0.16901408450704225 0.16666666666666666 0.17253521126760563 0.16111111111111112 0.17253521126760563 0.15555555555555556 0.18309859154929578 0.15555555555555556 0.18661971830985916 0.16111111111111112 0.1936619718309859 0.16111111111111112 0.19718309859154928 0.16666666666666666 0.20422535211267606 0.16666666666666666 0.20774647887323944 0.17222222222222222 0.21830985915492956 0.17777777777777778 0.22183098591549297 0.18333333333333332 0.22183098591549297 0.18888888888888888 0.22887323943661972 0.2 0.23591549295774647 0.18888888888888888 0.23591549295774647 0.15555555555555556 0.23943661971830985 0.15
5 0.6161971830985915 0.06111111111111111 0.6267605633802817 0.06111111111111111 0.647887323943662 0.09444444444444444 0.6514084507042254 0.09444444444444444 0.6619718309859155 0.1111111111111111 0.6584507042253521 0.11666666666666667 0.6619718309859155 0.12222222222222222 0.6584507042253521 0.12777777777777777 0.6584507042253521 0.14444444444444443 0.6549295774647887 0.15 0.6584507042253521 0.15555555555555556 0.6584507042253521 0.16111111111111112 0.6549295774647887 0.16666666666666666 0.6549295774647887 0.17777777777777778 0.6514084507042254 0.18333333333333332 0.6514084507042254 0.19444444444444445 0.6408450704225352 0.2111111111111111 0.6373239436619719 0.2111111111111111 0.6338028169014085 0.21666666666666667 0.6056338028169014 0.21666666666666667 0.602112676056338 0.2111111111111111 0.5985915492957746 0.2111111111111111 0.5774647887323944 0.17222222222222222 0.573943661971831 0.17222222222222222 0.5704225352112676 0.16666666666666666 0.5598591549295775 0.16111111111111112 0.5492957746478874 0.14444444444444443 0.5387323943661971 0.1388888888888889 0.5316901408450704 0.12777777777777777 0.5316901408450704 0.1 0.5246478873239436 0.08888888888888889 0.5246478873239436 0.07777777777777778 0.528169014084507 0.07777777777777778 0.528169014084507 0.09444444444444444 0.5316901408450704 0.1 0.5492957746478874 0.1 0.5528169014084507 0.09444444444444444 0.5633802816901409 0.09444444444444444 0.5704225352112676 0.08333333333333333 0.5774647887323944 0.08333333333333333 0.5809859154929577 0.07777777777777778 0.6056338028169014 0.07777777777777778 0.6161971830985915 0.06666666666666667
5 0.16549295774647887 0.31666666666666665 0.16901408450704225 0.31666666666666665 0.19014084507042253 0.35 0.1936619718309859 0.35 0.2007042253521127 0.3611111111111111 0.20422535211267606 0.3611111111111111 0.2112676056338028 0.37222222222222223 0.2112676056338028 0.37777777777777777 0.21830985915492956 0.3888888888888889 0.21830985915492956 0.39444444444444443 0.22183098591549297 0.4 0.22183098591549297 0.40555555555555556 0.2147887323943662 0.4222222222222222 0.2147887323943662 0.4388888888888889 0.20774647887323944 0.4388888888888889 0.20422535211267606 0.4444444444444444 0.2007042253521127 0.4388888888888889 0.19014084507042253 0.4388888888888889 0.18661971830985916 0.43333333333333335 0.18309859154929578 0.43333333333333335 0.1795774647887324 0.42777777777777776 0.16901408450704225 0.4222222222222222 0.1619718309859155 0.40555555555555556 0.1619718309859155 0.34444444444444444 0.16549295774647887 0.3388888888888889 0.16549295774647887 0.32222222222222224
5 0.323943661971831 0.6611111111111111 0.3274647887323944 0.6611111111111111 0.3274647887323944 0.6777777777777778 0.33098591549295775 0.6833333333333333 0.3345070422535211 0.6777777777777778 0.3415492957746479 0.6944444444444444 0.35563380281690143 0.6944444444444444 0.3591549295774648 0.7 0.36619718309859156 0.7 0.3732394366197183 0.7111111111111111 0.38380281690140844 0.7111111111111111 0.38380281690140844 0.7166666666666667 0.3873239436619718 0.7222222222222222 0.3908450704225352 0.7222222222222222 0.3908450704225352 0.7277777777777777 0.39436619718309857 0.7333333333333333 0.3873239436619718 0.7666666666666667 0.3767605633802817 0.7666666666666667 0.36971830985915494 0.7555555555555555 0.36619718309859156 0.7555555555555555 0.3626760563380282 0.75 0.3415492957746479 0.75 0.3380281690140845 0.7555555555555555 0.30633802816901406 0.7555555555555555 0.30633802816901406 0.7333333333333333 0.30985915492957744 0.7277777777777777 0.30985915492957744 0.7111111111111111 0.31338028169014087 0.7055555555555556 0.31338028169014087 0.7 0.31690140845070425 0.6944444444444444 0.31690140845070425 0.6888888888888889 0.3204225352112676 0.6833333333333333 0.323943661971831 0.6666666666666666
5 0.25 0.75 0.2535211267605634 0.7555555555555555 0.2711267605633803 0.7555555555555555 0.2746478873239437 0.7611111111111111 0.28169014084507044 0.7611111111111111 0.2852112676056338 0.7666666666666667 0.29577464788732394 0.7666666666666667 0.2992957746478873 0.7722222222222223 0.2992957746478873 0.7777777777777778 0.30633802816901406 0.7888888888888889 0.30633802816901406 0.7944444444444444 0.31338028169014087 0.8055555555555556 0.31338028169014087 0.8111111111111111 0.323943661971831 0.8277777777777777 0.323943661971831 0.8333333333333334 0.3274647887323944 0.8388888888888889 0.3274647887323944 0.85 0.323943661971831 0.85 0.31690140845070425 0.8611111111111112 0.31338028169014087 0.8611111111111112 0.3028169014084507 0.8722222222222222 0.29577464788732394 0.8722222222222222 0.29225352112676056 0.8777777777777778 0.27816901408450706 0.8777777777777778 0.2746478873239437 0.8833333333333333 0.25 0.8833333333333333 0.25 0.8777777777777778 0.2323943661971831 0.85 0.2323943661971831 0.8444444444444444 0.22535211267605634 0.8333333333333334 0.22535211267605634 0.8222222222222222 0.21830985915492956 0.8111111111111111 0.21830985915492956 0.8055555555555556 0.2112676056338028 0.7944444444444444 0.2112676056338028 0.7833333333333333 0.20422535211267606 0.7722222222222223 0.20422535211267606 0.7611111111111111 0.2007042253521127 0.7555555555555555 0.2112676056338028 0.7444444444444445 0.23591549295774647 0.7444444444444445 0.23943661971830985 0.75 0.24647887323943662 0.75
5 0.09507042253521127 0.85 0.09507042253521127 0.8555555555555555 0.09859154929577464 0.8611111111111112 0.10211267605633803 0.8777777777777778 0.1056338028169014 0.8833333333333333 0.10915492957746478 0.8833333333333333 0.10915492957746478 0.8888888888888888 0.11267605633802817 0.8944444444444445 0.11267605633802817 0.9277777777777778 0.10915492957746478 0.9333333333333333 0.10915492957746478 0.9833333333333333 0.1056338028169014 0.9833333333333333 0.10211267605633803 0.9888888888888889 0.08450704225352113 0.9888888888888889 0.08098591549295775 0.9944444444444445 0.007042253521126761 0.9944444444444445 0.0035211267605633804 0.9888888888888889 0 0.9888888888888889 0 0.9388888888888889 0.02112676056338028 0.9388888888888889 0.035211267605633804 0.9166666666666666 0.035211267605633804 0.9111111111111111 0.0528169014084507 0.8833333333333333 0.056338028169014086 0.8833333333333333 0.06338028169014084 0.8722222222222222 0.06690140845070422 0.8722222222222222 0.08450704225352113 0.8444444444444444 0.0880281690140845 0.8444444444444444 0.09154929577464789 0.85
5 0 0.07777777777777778 0.007042253521126761 0.07777777777777778 0.017605633802816902 0.08888888888888889 0.02464788732394366 0.08888888888888889 0.028169014084507043 0.09444444444444444 0.03169014084507042 0.09444444444444444 0.03873239436619718 0.10555555555555556 0.03169014084507042 0.11666666666666667 0.03169014084507042 0.12222222222222222 0.02464788732394366 0.13333333333333333 0.02464788732394366 0.1388888888888889 0.02112676056338028 0.14444444444444443 0.014084507042253521 0.14444444444444443 0.01056338028169014 0.1388888888888889 0 0.1388888888888889 0 0.08333333333333333
5 0.9436619718309859 0.9111111111111111 0.9471830985915493 0.9166666666666666 0.9507042253521126 0.9166666666666666 0.954225352112676 0.9222222222222223 0.954225352112676 0.9277777777777778 0.9612676056338029 0.9388888888888889 0.9647887323943662 0.9388888888888889 0.9647887323943662 0.9444444444444444 0.9753521126760564 0.9611111111111111 0.9753521126760564 0.9666666666666667 0.9823943661971831 0.9777777777777777 0.9929577464788732 0.9833333333333333 0.9929577464788732 0.9888888888888889 0.9894366197183099 0.9944444444444445 0.9612676056338029 0.9944444444444445 0.9577464788732394 0.9888888888888889 0.926056338028169 0.9888888888888889 0.9225352112676056 0.9833333333333333 0.9190140845070423 0.9888888888888889 0.9119718309859155 0.9888888888888889 0.9049295774647887 0.9777777777777777 0.9014084507042254 0.9777777777777777 0.897887323943662 0.9722222222222222 0.897887323943662 0.9611111111111111 0.8943661971830986 0.9555555555555556 0.8943661971830986 0.9388888888888889 0.897887323943662 0.9388888888888889 0.9084507042253521 0.9277777777777778 0.9154929577464789 0.9277777777777778 0.9190140845070423 0.9222222222222223 0.926056338028169 0.9222222222222223 0.9295774647887324 0.9166666666666666 0.9401408450704225 0.9111111111111111
5 0.5492957746478874 0.6611111111111111 0.5598591549295775 0.6611111111111111 0.5633802816901409 0.6666666666666666 0.5704225352112676 0.6666666666666666 0.5809859154929577 0.6833333333333333 0.5845070422535211 0.6833333333333333 0.5880281690140845 0.6777777777777778 0.6091549295774648 0.6777777777777778 0.6197183098591549 0.6888888888888889 0.6197183098591549 0.7055555555555556 0.6161971830985915 0.7111111111111111 0.6161971830985915 0.7222222222222222 0.6126760563380281 0.7277777777777777 0.6126760563380281 0.7333333333333333 0.6056338028169014 0.75 0.6056338028169014 0.7833333333333333 0.602112676056338 0.7888888888888889 0.602112676056338 0.7944444444444444 0.5985915492957746 0.8 0.5809859154929577 0.8 0.573943661971831 0.7888888888888889 0.573943661971831 0.7611111111111111 0.5704225352112676 0.7555555555555555 0.5633802816901409 0.7555555555555555 0.5598591549295775 0.75 0.5563380281690141 0.75 0.5492957746478874 0.7333333333333333 0.5492957746478874 0.7055555555555556 0.5528169014084507 0.7 0.5492957746478874 0.6944444444444444 0.5492957746478874 0.6888888888888889 0.5528169014084507 0.6833333333333333 0.5492957746478874 0.6777777777777778 0.5492957746478874 0.6666666666666666
5 0.5387323943661971 0.9055555555555556 0.545774647887324 0.9166666666666666 0.545774647887324 0.9333333333333333 0.5387323943661971 0.9444444444444444 0.5352112676056338 0.9444444444444444 0.528169014084507 0.9555555555555556 0.5246478873239436 0.9555555555555556 0.5140845070422535 0.9722222222222222 0.5105633802816901 0.9722222222222222 0.5035211267605634 0.9833333333333333 0.5035211267605634 0.9888888888888889 0.5 0.9888888888888889 0.4964788732394366 0.9944444444444445 0.49295774647887325 0.9888888888888889 0.4894366197183099 0.9944444444444445 0.4753521126760563 0.9944444444444445 0.47183098591549294 0.9888888888888889 0.4753521126760563 0.9833333333333333 0.4753521126760563 0.9777777777777777 0.4788732394366197 0.9777777777777777 0.4823943661971831 0.9833333333333333 0.4894366197183099 0.9722222222222222 0.4894366197183099 0.9666666666666667 0.4859154929577465 0.9611111111111111 0.4859154929577465 0.9444444444444444 0.4823943661971831 0.9388888888888889 0.4823943661971831 0.9333333333333333 0.4859154929577465 0.9277777777777778 0.5070422535211268 0.9277777777777778 0.5105633802816901 0.9222222222222223 0.5140845070422535 0.9222222222222223 0.5176056338028169 0.9166666666666666 0.5211267605633803 0.9166666666666666 0.5246478873239436 0.9111111111111111 0.5352112676056338 0.9055555555555556
5 0.7922535211267606 0.3277777777777778 0.8098591549295775 0.3277777777777778 0.8133802816901409 0.3333333333333333 0.852112676056338 0.3333333333333333 0.8556338028169014 0.3388888888888889 0.8626760563380281 0.3388888888888889 0.8661971830985915 0.34444444444444444 0.8767605633802817 0.34444444444444444 0.8802816901408451 0.35 0.8873239436619719 0.35 0.8908450704225352 0.35555555555555557 0.9049295774647887 0.35555555555555557 0.9084507042253521 0.35 0.9119718309859155 0.35 0.9119718309859155 0.35555555555555557 0.8943661971830986 0.38333333333333336 0.8908450704225352 0.38333333333333336 0.8873239436619719 0.3888888888888889 0.8767605633802817 0.3888888888888889 0.8732394366197183 0.39444444444444443 0.8204225352112676 0.39444444444444443 0.8169014084507042 0.3888888888888889 0.8133802816901409 0.3888888888888889 0.8028169014084507 0.37222222222222223 0.8028169014084507 0.36666666666666664 0.795774647887324 0.35555555555555557 0.795774647887324 0.35 0.7922535211267606 0.34444444444444444 0.7922535211267606 0.3333333333333333
5 0.5774647887323944 0.6055555555555555 0.5774647887323944 0.6166666666666667 0.5809859154929577 0.6222222222222222 0.5845070422535211 0.6166666666666667 0.5880281690140845 0.6222222222222222 0.5880281690140845 0.6722222222222223 0.5915492957746479 0.6777777777777778 0.6126760563380281 0.6777777777777778 0.6197183098591549 0.6888888888888889 0.6197183098591549 0.7055555555555556 0.6161971830985915 0.7111111111111111 0.6161971830985915 0.7222222222222222 0.6126760563380281 0.7277777777777777 0.6126760563380281 0.7388888888888889 0.6056338028169014 0.7555555555555555 0.6056338028169014 0.7833333333333333 0.5985915492957746 0.8 0.5809859154929577 0.8 0.573943661971831 0.7888888888888889 0.573943661971831 0.7833333333333333 0.5704225352112676 0.7777777777777778 0.5669014084507042 0.7611111111111111 0.5633802816901409 0.7555555555555555 0.5528169014084507 0.75 0.5528169014084507 0.7444444444444445 0.545774647887324 0.7277777777777777 0.545774647887324 0.7166666666666667 0.5387323943661971 0.7 0.5387323943661971 0.6777777777777778 0.5316901408450704 0.6611111111111111 0.5316901408450704 0.6555555555555556 0.545774647887324 0.6333333333333333 0.5492957746478874 0.6333333333333333 0.5528169014084507 0.6277777777777778 0.5598591549295775 0.6277777777777778 0.5633802816901409 0.6222222222222222 0.5633802816901409 0.6166666666666667 0.573943661971831 0.6166666666666667 0.5774647887323944 0.6111111111111112
5 0.45774647887323944 0.3111111111111111 0.4612676056338028 0.31666666666666665 0.4647887323943662 0.3111111111111111 0.46830985915492956 0.3111111111111111 0.47183098591549294 0.31666666666666665 0.49295774647887325 0.31666666666666665 0.5 0.3333333333333333 0.5 0.35 0.5035211267605634 0.35555555555555557 0.4964788732394366 0.36666666666666664 0.49295774647887325 0.36666666666666664 0.4823943661971831 0.37777777777777777 0.4753521126760563 0.37777777777777777 0.47183098591549294 0.38333333333333336 0.4647887323943662 0.38333333333333336 0.4612676056338028 0.3888888888888889 0.45774647887323944 0.3888888888888889 0.4507042253521127 0.37777777777777777 0.4507042253521127 0.37222222222222223 0.4471830985915493 0.36666666666666664 0.4471830985915493 0.3611111111111111 0.44014084507042256 0.35 0.44014084507042256 0.3388888888888889 0.43661971830985913 0.3333333333333333 0.43661971830985913 0.31666666666666665 0.45422535211267606 0.31666666666666665
5 0.5809859154929577 0.8888888888888888 0.5845070422535211 0.8833333333333333 0.5880281690140845 0.8833333333333333 0.5915492957746479 0.8888888888888888 0.5950704225352113 0.8833333333333333 0.5985915492957746 0.8833333333333333 0.602112676056338 0.8888888888888888 0.602112676056338 0.9 0.6056338028169014 0.9055555555555556 0.6056338028169014 0.9333333333333333 0.6232394366197183 0.9611111111111111 0.6232394366197183 0.9888888888888889 0.602112676056338 0.9888888888888889 0.5985915492957746 0.9944444444444445 0.5528169014084507 0.9944444444444445 0.5528169014084507 0.9777777777777777 0.5598591549295775 0.9666666666666667 0.5598591549295775 0.9611111111111111 0.5633802816901409 0.9555555555555556 0.5633802816901409 0.9333333333333333 0.5774647887323944 0.9111111111111111 0.5774647887323944 0.9055555555555556 0.5845070422535211 0.8944444444444445
5 0.4014084507042254 0.6166666666666667 0.40492957746478875 0.6222222222222222 0.4084507042253521 0.6222222222222222 0.4084507042253521 0.6277777777777778 0.4119718309859155 0.6333333333333333 0.4154929577464789 0.65 0.426056338028169 0.6666666666666666 0.426056338028169 0.7166666666666667 0.4225352112676056 0.7222222222222222 0.4225352112676056 0.7333333333333333 0.4119718309859155 0.7333333333333333 0.4084507042253521 0.7277777777777777 0.40492957746478875 0.7277777777777777 0.40492957746478875 0.7222222222222222 0.397887323943662 0.7111111111111111 0.397887323943662 0.6888888888888889 0.39436619718309857 0.6833333333333333 0.39436619718309857 0.6722222222222223 0.3873239436619718 0.6611111111111111 0.3873239436619718 0.65 0.38380281690140844 0.6444444444444445 0.38380281690140844 0.6222222222222222 0.3873239436619718 0.6166666666666667 0.397887323943662 0.6166666666666667
5 0.9014084507042254 0.21666666666666667 0.9049295774647887 0.2222222222222222 0.9154929577464789 0.2222222222222222 0.9190140845070423 0.21666666666666667 0.9225352112676056 0.21666666666666667 0.926056338028169 0.2111111111111111 0.9330985915492958 0.2111111111111111 0.9366197183098591 0.20555555555555555 0.9471830985915493 0.20555555555555555 0.9507042253521126 0.2 0.9647887323943662 0.2 0.9683098591549296 0.19444444444444445 0.9753521126760564 0.19444444444444445 0.9788732394366197 0.18888888888888888 0.9964788732394366 0.18888888888888888 0.9964788732394366 0.21666666666666667 0.9929577464788732 0.2222222222222222 0.9929577464788732 0.23333333333333334 0.9964788732394366 0.2388888888888889 0.9964788732394366 0.24444444444444444 0.9929577464788732 0.25 0.9929577464788732 0.2611111111111111 0.9964788732394366 0.26666666666666666 0.9964788732394366 0.2777777777777778 0.9929577464788732 0.2833333333333333 0.9964788732394366 0.28888888888888886 0.9964788732394366 0.31666666666666665 0.9929577464788732 0.32222222222222224 0.9929577464788732 0.3388888888888889 0.9964788732394366 0.34444444444444444 0.9964788732394366 0.4388888888888889 0.9929577464788732 0.4388888888888889 0.9929577464788732 0.43333333333333335 0.9894366197183099 0.42777777777777776 0.9894366197183099 0.4222222222222222 0.9859154929577465 0.4166666666666667 0.9859154929577465 0.4111111111111111 0.9823943661971831 0.40555555555555556 0.9823943661971831 0.4 0.9788732394366197 0.39444444444444443 0.9753521126760564 0.37777777777777777 0.971830985915493 0.37222222222222223 0.971830985915493 0.3611111111111111 0.9577464788732394 0.3388888888888889 0.9577464788732394 0.3333333333333333 0.9436619718309859 0.3111111111111111 0.9436619718309859 0.3055555555555556 0.9330985915492958 0.28888888888888886 0.9190140845070423 0.28888888888888886 0.9154929577464789 0.2833333333333333 0.9049295774647887 0.2833333333333333 0.8943661971830986 0.26666666666666666 0.8943661971830986 0.25555555555555554 0.8908450704225352 0.25 0.8908450704225352 0.24444444444444444 0.8943661971830986 0.2388888888888889 0.8908450704225352 0.23333333333333334 0.8943661971830986 0.22777777777777777 0.8943661971830986 0.2222222222222222 0.897887323943662 0.2222222222222222
5 0.8028169014084507 0.6888888888888889 0.8028169014084507 0.7222222222222222 0.8063380281690141 0.7277777777777777 0.8028169014084507 0.7333333333333333 0.8028169014084507 0.7388888888888889 0.8063380281690141 0.7444444444444445 0.8028169014084507 0.75 0.8063380281690141 0.7555555555555555 0.8063380281690141 0.7888888888888889 0.8028169014084507 0.7888888888888889 0.7992957746478874 0.7944444444444444 0.7852112676056338 0.7944444444444444 0.7816901408450704 0.8 0.7711267605633803 0.8 0.7676056338028169 0.7944444444444444 0.7640845070422535 0.8 0.7535211267605634 0.8 0.7429577464788732 0.8111111111111111 0.7359154929577465 0.8111111111111111 0.7112676056338029 0.7722222222222223 0.7112676056338029 0.7666666666666667 0.704225352112676 0.7555555555555555 0.704225352112676 0.75 0.7077464788732394 0.75 0.7112676056338029 0.7444444444444445 0.7147887323943662 0.7444444444444445 0.7253521126760564 0.7333333333333333 0.7323943661971831 0.7333333333333333 0.7359154929577465 0.7277777777777777 0.7429577464788732 0.7277777777777777 0.7464788732394366 0.7222222222222222 0.75 0.7222222222222222 0.7535211267605634 0.7166666666666667 0.7570422535211268 0.7166666666666667 0.7605633802816901 0.7111111111111111 0.7640845070422535 0.7111111111111111 0.7676056338028169 0.7055555555555556 0.7711267605633803 0.7055555555555556 0.7746478873239436 0.7 0.778169014084507 0.7 0.7887323943661971 0.6888888888888889 0.7992957746478874 0.6888888888888889
5 0.4471830985915493 0.6555555555555556 0.4507042253521127 0.6611111111111111 0.4647887323943662 0.6611111111111111 0.46830985915492956 0.6555555555555556 0.4823943661971831 0.6555555555555556 0.4859154929577465 0.6611111111111111 0.5070422535211268 0.6611111111111111 0.5105633802816901 0.6666666666666666 0.5246478873239436 0.6666666666666666 0.5316901408450704 0.6777777777777778 0.5316901408450704 0.7 0.5352112676056338 0.7055555555555556 0.5387323943661971 0.7222222222222222 0.5422535211267606 0.7277777777777777 0.5422535211267606 0.7888888888888889 0.545774647887324 0.7944444444444444 0.545774647887324 0.8166666666666667 0.5422535211267606 0.8222222222222222 0.5422535211267606 0.8388888888888889 0.545774647887324 0.8444444444444444 0.545774647887324 0.8666666666666667 0.5422535211267606 0.8722222222222222 0.5422535211267606 0.8833333333333333 0.5246478873239436 0.9055555555555556 0.5211267605633803 0.9055555555555556 0.5176056338028169 0.9111111111111111 0.5140845070422535 0.9111111111111111 0.5105633802816901 0.9166666666666666 0.5 0.9222222222222223 0.4964788732394366 0.9166666666666666 0.4894366197183099 0.9166666666666666 0.4859154929577465 0.9111111111111111 0.4823943661971831 0.9111111111111111 0.4788732394366197 0.9055555555555556 0.4753521126760563 0.9055555555555556 0.4647887323943662 0.8944444444444445 0.45774647887323944 0.8944444444444445 0.45422535211267606 0.8888888888888888 0.4507042253521127 0.8888888888888888 0.44366197183098594 0.8777777777777778 0.43309859154929575 0.8722222222222222 0.4225352112676056 0.8555555555555555 0.4225352112676056 0.85 0.4014084507042254 0.8166666666666667 0.4014084507042254 0.8111111111111111 0.397887323943662 0.8055555555555556 0.397887323943662 0.7944444444444444 0.39436619718309857 0.7888888888888889 0.39436619718309857 0.7611111111111111 0.397887323943662 0.7555555555555555 0.397887323943662 0.75 0.40492957746478875 0.7388888888888889 0.4119718309859155 0.7388888888888889 0.41901408450704225 0.75 0.426056338028169 0.7388888888888889 0.426056338028169 0.7333333333333333 0.4295774647887324 0.7277777777777777 0.4295774647887324 0.7166666666666667 0.43309859154929575 0.7111111111111111 0.43309859154929575 0.6611111111111111 0.44366197183098594 0.6611111111111111
5 0.6690140845070423 0.9111111111111111 0.6866197183098591 0.9333333333333333 0.6971830985915493 0.9333333333333333 0.7077464788732394 0.9444444444444444 0.7288732394366197 0.9444444444444444 0.7323943661971831 0.95 0.7359154929577465 0.95 0.7359154929577465 0.9555555555555556 0.7323943661971831 0.9555555555555556 0.721830985915493 0.9722222222222222 0.7147887323943662 0.9722222222222222 0.704225352112676 0.9833333333333333 0.6936619718309859 0.9833333333333333 0.6901408450704225 0.9888888888888889 0.6795774647887324 0.9888888888888889 0.676056338028169 0.9944444444444445 0.6584507042253521 0.9944444444444445 0.6549295774647887 0.9888888888888889 0.6267605633802817 0.9888888888888889 0.6267605633802817 0.95 0.6232394366197183 0.9444444444444444 0.6232394366197183 0.9333333333333333 0.6091549295774648 0.9055555555555556 0.6091549295774648 0.8777777777777778 0.6056338028169014 0.8722222222222222 0.6056338028169014 0.8611111111111112 0.602112676056338 0.8555555555555555 0.5985915492957746 0.8388888888888889 0.6056338028169014 0.8277777777777777 0.6091549295774648 0.8277777777777777 0.6126760563380281 0.8222222222222222 0.6197183098591549 0.8222222222222222 0.6232394366197183 0.8166666666666667 0.6302816901408451 0.8166666666666667 0.6338028169014085 0.8111111111111111 0.6443661971830986 0.8111111111111111 0.647887323943662 0.8055555555555556 0.6584507042253521 0.8055555555555556 0.6584507042253521 0.8388888888888889 0.6619718309859155 0.8444444444444444 0.6619718309859155 0.8722222222222222 0.6584507042253521 0.8777777777777778 0.6584507042253521 0.8944444444444445 0.6654929577464789 0.9111111111111111
5 0.056338028169014086 0 0.1619718309859155 0 0.1619718309859155 0.005555555555555556 0.15140845070422534 0.022222222222222223 0.14788732394366197 0.022222222222222223 0.13732394366197184 0.03333333333333333 0.13028169014084506 0.03333333333333333 0.1267605633802817 0.03888888888888889 0.11971830985915492 0.03888888888888889 0.11619718309859155 0.044444444444444446 0.10211267605633803 0.044444444444444446 0.09507042253521127 0.05555555555555555 0.0880281690140845 0.05555555555555555 0.07746478873239436 0.06666666666666667 0.07042253521126761 0.06666666666666667 0.06690140845070422 0.06111111111111111 0.06338028169014084 0.06111111111111111 0.06338028169014084 0.05555555555555555 0.05985915492957746 0.05 0.05985915492957746 0.03888888888888889 0.056338028169014086 0.03333333333333333 0.056338028169014086 0.005555555555555556
5 0.3591549295774648 0.7555555555555555 0.3626760563380282 0.7611111111111111 0.36619718309859156 0.7611111111111111 0.36619718309859156 0.7722222222222223 0.3732394366197183 0.7833333333333333 0.38028169014084506 0.7833333333333333 0.38380281690140844 0.7888888888888889 0.3873239436619718 0.7888888888888889 0.39436619718309857 0.8 0.397887323943662 0.8166666666666667 0.4154929577464789 0.8444444444444444 0.4154929577464789 0.85 0.41901408450704225 0.8555555555555555 0.41901408450704225 0.8722222222222222 0.4225352112676056 0.8777777777777778 0.4154929577464789 0.8888888888888888 0.4154929577464789 0.8944444444444445 0.4084507042253521 0.9055555555555556 0.4084507042253521 0.9111111111111111 0.4119718309859155 0.9166666666666666 0.4225352112676056 0.9166666666666666 0.426056338028169 0.9222222222222223 0.426056338028169 0.9555555555555556 0.4225352112676056 0.9611111111111111 0.397887323943662 0.9611111111111111 0.39436619718309857 0.9555555555555556 0.3873239436619718 0.9555555555555556 0.38380281690140844 0.95 0.38028169014084506 0.95 0.3767605633802817 0.9555555555555556 0.3732394366197183 0.9555555555555556 0.3591549295774648 0.9777777777777777 0.35563380281690143 0.9777777777777777 0.3485915492957746 0.9888888888888889 0.3415492957746479 0.9888888888888889 0.33098591549295775 0.9722222222222222 0.3204225352112676 0.9666666666666667 0.3204225352112676 0.9555555555555556 0.323943661971831 0.95 0.3274647887323944 0.95 0.3345070422535211 0.9388888888888889 0.323943661971831 0.9222222222222223 0.3204225352112676 0.9222222222222223 0.31690140845070425 0.9166666666666666 0.30633802816901406 0.9166666666666666 0.3028169014084507 0.9111111111111111 0.29225352112676056 0.9055555555555556 0.2852112676056338 0.8944444444444445 0.2887323943661972 0.8944444444444445 0.29577464788732394 0.8833333333333333 0.2992957746478873 0.8833333333333333 0.3028169014084507 0.8777777777777778 0.30633802816901406 0.8777777777777778 0.30985915492957744 0.8722222222222222 0.3204225352112676 0.8666666666666667 0.3345070422535211 0.8444444444444444 0.3274647887323944 0.8333333333333334 0.3274647887323944 0.8277777777777777 0.31338028169014087 0.8 0.31338028169014087 0.7944444444444444 0.30985915492957744 0.7888888888888889 0.30633802816901406 0.7722222222222223 0.30985915492957744 0.7666666666666667 0.33098591549295775 0.7666666666666667 0.3345070422535211 0.7611111111111111 0.3415492957746479 0.7611111111111111 0.34507042253521125 0.7555555555555555 0.35563380281690143 0.7555555555555555
5 0 0 0.04929577464788732 0 0.04929577464788732 0.011111111111111112 0.045774647887323945 0.016666666666666666 0.04225352112676056 0.03333333333333333 0.03169014084507042 0.05 0.03169014084507042 0.05555555555555555 0.028169014084507043 0.06111111111111111 0.028169014084507043 0.07777777777777778 0.02464788732394366 0.07777777777777778 0.02112676056338028 0.08333333333333333 0.017605633802816902 0.07777777777777778 0.014084507042253521 0.07777777777777778 0.01056338028169014 0.07222222222222222 0.0035211267605633804 0.07222222222222222 0 0.06666666666666667 0 0.005555555555555556
5 0.6584507042253521 0.8055555555555556 0.6549295774647887 0.8111111111111111 0.6549295774647887 0.8222222222222222 0.6584507042253521 0.8277777777777777 0.6584507042253521 0.8444444444444444 0.6619718309859155 0.85 0.6619718309859155 0.8666666666666667 0.6584507042253521 0.8722222222222222 0.6584507042253521 0.9 0.6725352112676056 0.9222222222222223 0.676056338028169 0.9222222222222223 0.6866197183098591 0.9333333333333333 0.6936619718309859 0.9333333333333333 0.6971830985915493 0.9388888888888889 0.704225352112676 0.9388888888888889 0.7077464788732394 0.9444444444444444 0.7288732394366197 0.9444444444444444 0.7323943661971831 0.95 0.7359154929577465 0.95 0.7359154929577465 0.9611111111111111 0.7394366197183099 0.9666666666666667 0.7359154929577465 0.9833333333333333 0.7394366197183099 0.9888888888888889 0.7464788732394366 0.9888888888888889 0.7429577464788732 0.9944444444444445 0.6830985915492958 0.9944444444444445 0.6795774647887324 0.9888888888888889 0.676056338028169 0.9944444444444445 0.6619718309859155 0.9944444444444445 0.6584507042253521 0.9888888888888889 0.6408450704225352 0.9888888888888889 0.6373239436619719 0.9944444444444445 0.6232394366197183 0.9944444444444445 0.6197183098591549 0.9888888888888889 0.602112676056338 0.9888888888888889 0.5985915492957746 0.9944444444444445 0.5845070422535211 0.9944444444444445 0.5809859154929577 0.9888888888888889 0.5774647887323944 0.9888888888888889 0.573943661971831 0.9944444444444445 0.5563380281690141 0.9944444444444445 0.5528169014084507 0.9888888888888889 0.5563380281690141 0.9833333333333333 0.5563380281690141 0.9722222222222222 0.5633802816901409 0.9611111111111111 0.5633802816901409 0.9388888888888889 0.5774647887323944 0.9111111111111111 0.5774647887323944 0.9055555555555556 0.5809859154929577 0.9 0.5809859154929577 0.8888888888888888 0.5845070422535211 0.8833333333333333 0.5845070422535211 0.8722222222222222 0.5880281690140845 0.8666666666666667 0.5880281690140845 0.8611111111111112 0.5985915492957746 0.8444444444444444 0.602112676056338 0.8277777777777777 0.6091549295774648 0.8277777777777777 0.6126760563380281 0.8222222222222222 0.6197183098591549 0.8222222222222222 0.6302816901408451 0.8111111111111111 0.6408450704225352 0.8111111111111111 0.6443661971830986 0.8055555555555556 0.6549295774647887 0.8055555555555556
5 0.44366197183098594 0.08888888888888889 0.4471830985915493 0.09444444444444444 0.45422535211267606 0.09444444444444444 0.45774647887323944 0.1 0.4647887323943662 0.1 0.46830985915492956 0.10555555555555556 0.47183098591549294 0.10555555555555556 0.4753521126760563 0.1111111111111111 0.4788732394366197 0.1111111111111111 0.4823943661971831 0.11666666666666667 0.4859154929577465 0.11666666666666667 0.4964788732394366 0.12777777777777777 0.5 0.12777777777777777 0.5070422535211268 0.1388888888888889 0.5140845070422535 0.1388888888888889 0.5176056338028169 0.14444444444444443 0.5352112676056338 0.14444444444444443 0.5387323943661971 0.15 0.5492957746478874 0.15555555555555556 0.5669014084507042 0.17777777777777778 0.5704225352112676 0.17777777777777778 0.5774647887323944 0.18888888888888888 0.5809859154929577 0.18888888888888888 0.5809859154929577 0.19444444444444445 0.5985915492957746 0.2222222222222222 0.602112676056338 0.2222222222222222 0.6056338028169014 0.22777777777777777 0.6091549295774648 0.22777777777777777 0.6161971830985915 0.2388888888888889 0.6267605633802817 0.24444444444444444 0.6373239436619719 0.2611111111111111 0.6373239436619719 0.3 0.6338028169014085 0.3055555555555556 0.6338028169014085 0.31666666666666665 0.6302816901408451 0.32222222222222224 0.6302816901408451 0.35 0.6267605633802817 0.35555555555555557 0.6232394366197183 0.37222222222222223 0.6197183098591549 0.37222222222222223 0.6197183098591549 0.36666666666666664 0.6161971830985915 0.3611111111111111 0.6161971830985915 0.3388888888888889 0.6232394366197183 0.32222222222222224 0.6161971830985915 0.3111111111111111 0.6091549295774648 0.3111111111111111 0.6056338028169014 0.3055555555555556 0.426056338028169 0.3055555555555556 0.426056338028169 0.3 0.41901408450704225 0.2833333333333333 0.41901408450704225 0.2722222222222222 0.4119718309859155 0.2611111111111111 0.4119718309859155 0.25555555555555554 0.4084507042253521 0.25 0.4084507042253521 0.21666666666666667 0.4119718309859155 0.2111111111111111 0.4119718309859155 0.2 0.40492957746478875 0.18333333333333332 0.40492957746478875 0.17222222222222222 0.4014084507042254 0.16666666666666666 0.4014084507042254 0.16111111111111112 0.40492957746478875 0.15555555555555556 0.40492957746478875 0.15 0.4119718309859155 0.1388888888888889 0.4119718309859155 0.13333333333333333 0.43661971830985913 0.09444444444444444 0.44014084507042256 0.09444444444444444
5 0.7077464788732394 0.2833333333333333 0.7112676056338029 0.28888888888888886 0.721830985915493 0.28888888888888886 0.7253521126760564 0.2833333333333333 0.75 0.2833333333333333 0.7535211267605634 0.28888888888888886 0.7605633802816901 0.28888888888888886 0.7640845070422535 0.29444444444444445 0.7746478873239436 0.3 0.778169014084507 0.3055555555555556 0.778169014084507 0.3111111111111111 0.7711267605633803 0.3 0.7676056338028169 0.3 0.7640845070422535 0.3055555555555556 0.7640845070422535 0.31666666666666665 0.7676056338028169 0.32222222222222224 0.778169014084507 0.32222222222222224 0.7711267605633803 0.32222222222222224 0.7676056338028169 0.3277777777777778 0.7676056338028169 0.3333333333333333 0.7746478873239436 0.34444444444444444 0.7816901408450704 0.34444444444444444 0.7887323943661971 0.35555555555555557 0.7887323943661971 0.3611111111111111 0.7992957746478874 0.37777777777777777 0.7992957746478874 0.39444444444444443 0.8028169014084507 0.4 0.8028169014084507 0.4222222222222222 0.8063380281690141 0.42777777777777776 0.8063380281690141 0.4666666666666667 0.8098591549295775 0.4722222222222222 0.8098591549295775 0.5 0.7992957746478874 0.5166666666666667 0.795774647887324 0.5166666666666667 0.7816901408450704 0.5388888888888889 0.778169014084507 0.5388888888888889 0.7711267605633803 0.55 0.7676056338028169 0.55 0.7640845070422535 0.5555555555555556 0.7535211267605634 0.5555555555555556 0.75 0.55 0.7394366197183099 0.55 0.7359154929577465 0.5444444444444444 0.7253521126760564 0.5444444444444444 0.721830985915493 0.5388888888888889 0.7077464788732394 0.5388888888888889 0.704225352112676 0.5333333333333333 0.6971830985915493 0.5333333333333333 0.6936619718309859 0.5277777777777778 0.6901408450704225 0.5277777777777778 0.6830985915492958 0.5111111111111111 0.6830985915492958 0.4777777777777778 0.6795774647887324 0.4722222222222222 0.6795774647887324 0.46111111111111114 0.676056338028169 0.45555555555555555 0.676056338028169 0.43333333333333335 0.6795774647887324 0.42777777777777776 0.6830985915492958 0.42777777777777776 0.6936619718309859 0.4111111111111111 0.6936619718309859 0.40555555555555556 0.6971830985915493 0.4 0.6971830985915493 0.37777777777777777 0.7183098591549296 0.34444444444444444 0.7183098591549296 0.3333333333333333 0.7147887323943662 0.3277777777777778 0.6971830985915493 0.3277777777777778 0.6936619718309859 0.32222222222222224 0.6901408450704225 0.32222222222222224 0.6901408450704225 0.31666666666666665 0.6830985915492958 0.3 0.6830985915492958 0.28888888888888886 0.6866197183098591 0.2833333333333333 0.704225352112676 0.2833333333333333
5 0.38380281690140844 0.005555555555555556 0.397887323943662 0.005555555555555556 0.40492957746478875 0.016666666666666666 0.4119718309859155 0.016666666666666666 0.4119718309859155 0.022222222222222223 0.41901408450704225 0.03333333333333333 0.426056338028169 0.03333333333333333 0.4225352112676056 0.03333333333333333 0.41901408450704225 0.03888888888888889 0.4225352112676056 0.05555555555555555 0.426056338028169 0.06111111111111111 0.4295774647887324 0.06111111111111111 0.43309859154929575 0.05555555555555555 0.43309859154929575 0.05 0.43661971830985913 0.05555555555555555 0.43661971830985913 0.07222222222222222 0.4295774647887324 0.06111111111111111 0.426056338028169 0.06666666666666667 0.426056338028169 0.08333333333333333 0.4225352112676056 0.08888888888888889 0.4225352112676056 0.1 0.41901408450704225 0.10555555555555556 0.41901408450704225 0.1111111111111111 0.397887323943662 0.14444444444444443 0.3873239436619718 0.14444444444444443 0.3873239436619718 0.13333333333333333 0.38380281690140844 0.12777777777777777 0.38380281690140844 0.08333333333333333 0.38028169014084506 0.07777777777777778 0.38028169014084506 0.05 0.397887323943662 0.022222222222222223 0.397887323943662 0.016666666666666666 0.3908450704225352 0.005555555555555556 0.3873239436619718 0.005555555555555556
5 0.9894366197183099 0.5666666666666667 0.9964788732394366 0.5777777777777777 0.9964788732394366 0.6888888888888889 0.9823943661971831 0.6888888888888889 0.9788732394366197 0.6833333333333333 0.971830985915493 0.6833333333333333 0.9753521126760564 0.6777777777777778 0.971830985915493 0.6722222222222223 0.9753521126760564 0.6722222222222223 0.9788732394366197 0.6666666666666666 0.9788732394366197 0.6388888888888888 0.9823943661971831 0.6333333333333333 0.9823943661971831 0.6277777777777778 0.9894366197183099 0.6111111111111112 0.9894366197183099 0.5944444444444444 0.9929577464788732 0.5888888888888889 0.9929577464788732 0.5722222222222222
5 0.8028169014084507 0.6888888888888889 0.8063380281690141 0.6944444444444444 0.8063380281690141 0.7111111111111111 0.8098591549295775 0.7166666666666667 0.8063380281690141 0.7222222222222222 0.8063380281690141 0.7555555555555555 0.8098591549295775 0.7611111111111111 0.8063380281690141 0.7666666666666667 0.8098591549295775 0.7722222222222223 0.8063380281690141 0.7777777777777778 0.8098591549295775 0.7833333333333333 0.8028169014084507 0.7944444444444444 0.7887323943661971 0.7944444444444444 0.7852112676056338 0.8 0.7640845070422535 0.8 0.7605633802816901 0.7944444444444444 0.7535211267605634 0.7944444444444444 0.7535211267605634 0.7555555555555555 0.7464788732394366 0.7444444444444445 0.7429577464788732 0.7277777777777777 0.7464788732394366 0.7222222222222222 0.75 0.7222222222222222 0.7535211267605634 0.7166666666666667 0.7570422535211268 0.7166666666666667 0.7605633802816901 0.7111111111111111 0.7640845070422535 0.7111111111111111 0.7676056338028169 0.7055555555555556 0.7711267605633803 0.7055555555555556 0.7746478873239436 0.7 0.778169014084507 0.7 0.7887323943661971 0.6888888888888889 0.7992957746478874 0.6888888888888889
5 0.15845070422535212 0.6555555555555556 0.1619718309859155 0.6611111111111111 0.1619718309859155 0.7222222222222222 0.17253521126760563 0.7333333333333333 0.1795774647887324 0.7333333333333333 0.18309859154929578 0.7388888888888889 0.19014084507042253 0.7388888888888889 0.1936619718309859 0.7444444444444445 0.1936619718309859 0.75 0.19718309859154928 0.7555555555555555 0.19718309859154928 0.7666666666666667 0.2007042253521127 0.7722222222222223 0.2007042253521127 0.7777777777777778 0.20422535211267606 0.7833333333333333 0.20422535211267606 0.7888888888888889 0.20774647887323944 0.7944444444444444 0.2112676056338028 0.8111111111111111 0.21830985915492956 0.8222222222222222 0.21830985915492956 0.8277777777777777 0.22183098591549297 0.8333333333333334 0.22535211267605634 0.85 0.2323943661971831 0.8611111111111112 0.2323943661971831 0.8666666666666667 0.23591549295774647 0.8722222222222222 0.2323943661971831 0.8777777777777778 0.22887323943661972 0.8777777777777778 0.22183098591549297 0.8666666666666667 0.21830985915492956 0.8666666666666667 0.20422535211267606 0.8444444444444444 0.2007042253521127 0.8444444444444444 0.19014084507042253 0.8277777777777777 0.18661971830985916 0.8277777777777777 0.18309859154929578 0.8222222222222222 0.18309859154929578 0.8111111111111111 0.17253521126760563 0.7944444444444444 0.1619718309859155 0.7944444444444444 0.15845070422535212 0.7888888888888889 0.14084507042253522 0.7888888888888889 0.13380281690140844 0.8055555555555556 0.12323943661971831 0.8055555555555556 0.12323943661971831 0.7833333333333333 0.11971830985915492 0.7777777777777778 0.11971830985915492 0.7666666666666667 0.11619718309859155 0.7611111111111111 0.11619718309859155 0.7111111111111111 0.11971830985915492 0.7055555555555556 0.11971830985915492 0.7 0.13028169014084506 0.6833333333333333 0.13732394366197184 0.6833333333333333 0.14084507042253522 0.6777777777777778 0.14084507042253522 0.6722222222222223 0.15140845070422534 0.6555555555555556 0.15492957746478872 0.6555555555555556