19 0.21014492753623187 0.5245901639344263 0.213768115942029 0.5300546448087432 0.2210144927536232 0.5300546448087432 0.2246376811594203 0.5355191256830601 0.2391304347826087 0.5355191256830601 0.23550724637681159 0.5519125683060109 0.22826086956521738 0.5628415300546448 0.22826086956521738 0.5683060109289617 0.2246376811594203 0.5737704918032787 0.2246376811594203 0.5956284153005464 0.22826086956521738 0.6010928961748634 0.22826086956521738 0.6065573770491803 0.23550724637681159 0.6174863387978142 0.2391304347826087 0.6174863387978142 0.2644927536231884 0.6502732240437158 0.26811594202898553 0.6502732240437158 0.27898550724637683 0.6612021857923497 0.2898550724637681 0.6612021857923497 0.3007246376811594 0.6721311475409836 0.3115942028985507 0.6721311475409836 0.31521739130434784 0.6775956284153005 0.3188405797101449 0.6775956284153005 0.32971014492753625 0.6885245901639344 0.33695652173913043 0.6885245901639344 0.34057971014492755 0.6939890710382514 0.3442028985507246 0.6939890710382514 0.35507246376811596 0.7049180327868853 0.33695652173913043 0.7049180327868853 0.3333333333333333 0.6994535519125683 0.3188405797101449 0.6994535519125683 0.31521739130434784 0.6939890710382514 0.29347826086956524 0.6939890710382514 0.2898550724637681 0.6885245901639344 0.2753623188405797 0.6885245901639344 0.2717391304347826 0.6830601092896175 0.2572463768115942 0.6830601092896175 0.2536231884057971 0.6775956284153005 0.2391304347826087 0.6775956284153005 0.23550724637681159 0.6721311475409836 0.2246376811594203 0.6721311475409836 0.2210144927536232 0.6666666666666666 0.213768115942029 0.6666666666666666 0.21014492753623187 0.6612021857923497 0.1956521739130435 0.6612021857923497 0.19202898550724637 0.6557377049180327 0.17028985507246377 0.6557377049180327 0.16666666666666666 0.6502732240437158 0.13768115942028986 0.6502732240437158 0.13405797101449277 0.644808743169399 0.13043478260869565 0.644808743169399 0.13043478260869565 0.639344262295082 0.12318840579710146 0.6284153005464481 0.12318840579710146 0.6174863387978142 0.14130434782608695 0.5956284153005464 0.14492753623188406 0.5792349726775956 0.15579710144927536 0.5683060109289617 0.15579710144927536 0.5573770491803278 0.15942028985507245 0.5573770491803278 0.18115942028985507 0.5245901639344263 0.20652173913043478 0.5245901639344263
19 0.5688405797101449 0.4918032786885246 0.572463768115942 0.4972677595628415 0.5760869565217391 0.4972677595628415 0.5905797101449275 0.5191256830601093 0.5942028985507246 0.5191256830601093 0.6086956521739131 0.5409836065573771 0.6123188405797102 0.5409836065573771 0.6123188405797102 0.546448087431694 0.6159420289855072 0.5519125683060109 0.6195652173913043 0.5519125683060109 0.6268115942028986 0.5628415300546448 0.6304347826086957 0.5628415300546448 0.6340579710144928 0.5683060109289617 0.6340579710144928 0.5792349726775956 0.6304347826086957 0.5846994535519126 0.6304347826086957 0.5956284153005464 0.6340579710144928 0.6010928961748634 0.6340579710144928 0.6120218579234973 0.6304347826086957 0.6174863387978142 0.6340579710144928 0.6229508196721312 0.6376811594202898 0.6229508196721312 0.6304347826086957 0.6229508196721312 0.6268115942028986 0.6284153005464481 0.6159420289855072 0.6284153005464481 0.6086956521739131 0.644808743169399 0.6014492753623188 0.644808743169399 0.5978260869565217 0.639344262295082 0.6014492753623188 0.6338797814207651 0.5978260869565217 0.6284153005464481 0.5869565217391305 0.6284153005464481 0.5760869565217391 0.6120218579234973 0.5760869565217391 0.6065573770491803 0.572463768115942 0.6010928961748634 0.5652173913043478 0.6010928961748634 0.5543478260869565 0.5846994535519126 0.5543478260869565 0.5792349726775956 0.5471014492753623 0.5683060109289617 0.5434782608695652 0.5683060109289617 0.5362318840579711 0.5573770491803278 0.532608695652174 0.5573770491803278 0.5072463768115942 0.5191256830601093 0.5036231884057971 0.5191256830601093 0.5036231884057971 0.5027322404371585 0.5072463768115942 0.5027322404371585 0.5181159420289855 0.4918032786885246 0.532608695652174 0.4918032786885246 0.5362318840579711 0.48633879781420764 0.5615942028985508 0.48633879781420764 0.5652173913043478 0.4918032786885246
19 0.286231884057971 0.3333333333333333 0.2898550724637681 0.33879781420765026 0.2971014492753623 0.33879781420765026 0.31521739130434784 0.36065573770491804 0.32608695652173914 0.366120218579235 0.33695652173913043 0.3825136612021858 0.34057971014492755 0.3825136612021858 0.3442028985507246 0.3879781420765027 0.34782608695652173 0.3879781420765027 0.35144927536231885 0.39344262295081966 0.35507246376811596 0.39344262295081966 0.358695652173913 0.3989071038251366 0.36231884057971014 0.3989071038251366 0.36594202898550726 0.40437158469945356 0.37681159420289856 0.4098360655737705 0.37681159420289856 0.41530054644808745 0.37318840579710144 0.4207650273224044 0.37681159420289856 0.4262295081967213 0.37681159420289856 0.4371584699453552 0.37318840579710144 0.4426229508196721 0.37318840579710144 0.44808743169398907 0.37318840579710144 0.4426229508196721 0.3695652173913043 0.4371584699453552 0.3442028985507246 0.4371584699453552 0.34057971014492755 0.43169398907103823 0.3007246376811594 0.43169398907103823 0.2971014492753623 0.4371584699453552 0.3007246376811594 0.4426229508196721 0.322463768115942 0.4426229508196721 0.3115942028985507 0.45901639344262296 0.3079710144927536 0.453551912568306 0.2971014492753623 0.453551912568306 0.29347826086956524 0.44808743169398907 0.2898550724637681 0.453551912568306 0.2826086956521739 0.453551912568306 0.2644927536231884 0.4808743169398907 0.2644927536231884 0.48633879781420764 0.2536231884057971 0.48633879781420764 0.25 0.4808743169398907 0.2463768115942029 0.4808743169398907 0.2318840579710145 0.45901639344262296 0.22826086956521738 0.45901639344262296 0.2246376811594203 0.453551912568306 0.2246376811594203 0.4371584699453552 0.22826086956521738 0.43169398907103823 0.22826086956521738 0.4262295081967213 0.2391304347826087 0.4098360655737705 0.2427536231884058 0.39344262295081966 0.2463768115942029 0.3879781420765027 0.25 0.3879781420765027 0.2608695652173913 0.37158469945355194 0.2608695652173913 0.366120218579235 0.26811594202898553 0.3551912568306011 0.26811594202898553 0.34972677595628415 0.2717391304347826 0.3442622950819672 0.2717391304347826 0.3333333333333333 0.2753623188405797 0.32786885245901637 0.27898550724637683 0.32786885245901637 0.2826086956521739 0.3333333333333333
19 0.6268115942028986 0.3114754098360656 0.6340579710144928 0.3114754098360656 0.6376811594202898 0.31693989071038253 0.644927536231884 0.31693989071038253 0.6485507246376812 0.3224043715846995 0.6521739130434783 0.3224043715846995 0.6557971014492754 0.31693989071038253 0.6630434782608695 0.31693989071038253 0.6666666666666666 0.3114754098360656 0.6739130434782609 0.3114754098360656 0.677536231884058 0.31693989071038253 0.6811594202898551 0.31693989071038253 0.6956521739130435 0.33879781420765026 0.6992753623188406 0.33879781420765026 0.6992753623188406 0.3442622950819672 0.7028985507246377 0.34972677595628415 0.7028985507246377 0.3825136612021858 0.6992753623188406 0.3879781420765027 0.6992753623188406 0.3989071038251366 0.6956521739130435 0.40437158469945356 0.6956521739130435 0.453551912568306 0.6920289855072463 0.45901639344262296 0.6920289855072463 0.4644808743169399 0.6847826086956522 0.47540983606557374 0.6594202898550725 0.47540983606557374 0.6557971014492754 0.4808743169398907 0.5652173913043478 0.4808743169398907 0.5615942028985508 0.47540983606557374 0.5253623188405797 0.47540983606557374 0.5543478260869565 0.43169398907103823 0.5543478260869565 0.4262295081967213 0.5579710144927537 0.4262295081967213 0.5942028985507246 0.37158469945355194 0.5978260869565217 0.37158469945355194 0.6086956521739131 0.3551912568306011 0.6086956521739131 0.34972677595628415 0.6123188405797102 0.34972677595628415 0.6304347826086957 0.3224043715846995 0.6304347826086957 0.31693989071038253
19 0.286231884057971 0.3333333333333333 0.2898550724637681 0.33879781420765026 0.2971014492753623 0.33879781420765026 0.3007246376811594 0.3442622950819672 0.30434782608695654 0.3442622950819672 0.322463768115942 0.366120218579235 0.32608695652173914 0.366120218579235 0.32971014492753625 0.37158469945355194 0.3333333333333333 0.37158469945355194 0.33695652173913043 0.3770491803278688 0.34782608695652173 0.3825136612021858 0.35507246376811596 0.39344262295081966 0.358695652173913 0.39344262295081966 0.36231884057971014 0.3989071038251366 0.36594202898550726 0.3989071038251366 0.37681159420289856 0.4098360655737705 0.38405797101449274 0.4098360655737705 0.38768115942028986 0.41530054644808745 0.391304347826087 0.41530054644808745 0.39492753623188404 0.4207650273224044 0.40217391304347827 0.4207650273224044 0.41304347826086957 0.43169398907103823 0.42028985507246375 0.43169398907103823 0.42391304347826086 0.4371584699453552 0.4311594202898551 0.4371584699453552 0.43478260869565216 0.4426229508196721 0.4420289855072464 0.4426229508196721 0.44565217391304346 0.44808743169398907 0.4492753623188406 0.44808743169398907 0.4601449275362319 0.45901639344262296 0.4673913043478261 0.45901639344262296 0.47101449275362317 0.4644808743169399 0.4782608695652174 0.4644808743169399 0.48188405797101447 0.46994535519125685 0.4855072463768116 0.46994535519125685 0.4963768115942029 0.4808743169398907 0.5 0.4808743169398907 0.4963768115942029 0.4808743169398907 0.4927536231884058 0.47540983606557374 0.4891304347826087 0.47540983606557374 0.4855072463768116 0.4808743169398907 0.4782608695652174 0.4808743169398907 0.4746376811594203 0.47540983606557374 0.4492753623188406 0.47540983606557374 0.44565217391304346 0.46994535519125685 0.43478260869565216 0.46994535519125685 0.4311594202898551 0.4644808743169399 0.40217391304347827 0.4644808743169399 0.39855072463768115 0.45901639344262296 0.38405797101449274 0.45901639344262296 0.3804347826086957 0.453551912568306 0.36594202898550726 0.453551912568306 0.36231884057971014 0.44808743169398907 0.35507246376811596 0.44808743169398907 0.35144927536231885 0.4426229508196721 0.34782608695652173 0.4426229508196721 0.3442028985507246 0.4371584699453552 0.33695652173913043 0.4371584699453552 0.3333333333333333 0.43169398907103823 0.32971014492753625 0.4371584699453552 0.32971014492753625 0.4426229508196721 0.32608695652173914 0.4426229508196721 0.3188405797101449 0.45901639344262296 0.3079710144927536 0.45901639344262296 0.30434782608695654 0.453551912568306 0.2826086956521739 0.453551912568306 0.26811594202898553 0.47540983606557374 0.2644927536231884 0.47540983606557374 0.2608695652173913 0.4808743169398907 0.2572463768115942 0.47540983606557374 0.25 0.47540983606557374 0.2463768115942029 0.46994535519125685 0.2427536231884058 0.46994535519125685 0.2318840579710145 0.453551912568306 0.2318840579710145 0.43169398907103823 0.23550724637681159 0.4262295081967213 0.2391304347826087 0.4098360655737705 0.26811594202898553 0.366120218579235 0.26811594202898553 0.3551912568306011 0.2753623188405797 0.3442622950819672 0.2753623188405797 0.33879781420765026 0.27898550724637683 0.3333333333333333 0.2826086956521739 0.3333333333333333
19 0.4057971014492754 0.17486338797814208 0.40942028985507245 0.18032786885245902 0.4166666666666667 0.18032786885245902 0.427536231884058 0.1912568306010929 0.43478260869565216 0.1912568306010929 0.4384057971014493 0.19672131147540983 0.44565217391304346 0.19672131147540983 0.45652173913043476 0.20765027322404372 0.463768115942029 0.20765027322404372 0.4673913043478261 0.21311475409836064 0.47101449275362317 0.21311475409836064 0.48188405797101447 0.22404371584699453 0.4891304347826087 0.22404371584699453 0.4927536231884058 0.22950819672131148 0.5 0.22950819672131148 0.5108695652173914 0.24043715846994534 0.5253623188405797 0.24043715846994534 0.5289855072463768 0.2459016393442623 0.532608695652174 0.2459016393442623 0.5362318840579711 0.25136612021857924 0.5398550724637681 0.25136612021857924 0.5434782608695652 0.2568306010928962 0.5471014492753623 0.2568306010928962 0.5579710144927537 0.2677595628415301 0.5652173913043478 0.2677595628415301 0.5760869565217391 0.2786885245901639 0.5833333333333334 0.2786885245901639 0.5869565217391305 0.28415300546448086 0.5905797101449275 0.28415300546448086 0.5942028985507246 0.2896174863387978 0.5978260869565217 0.2896174863387978 0.6086956521739131 0.3005464480874317 0.6159420289855072 0.3005464480874317 0.6268115942028986 0.3114754098360656 0.6268115942028986 0.3224043715846995 0.6195652173913043 0.3333333333333333 0.6159420289855072 0.3333333333333333 0.5797101449275363 0.3879781420765027 0.5760869565217391 0.3879781420765027 0.5688405797101449 0.3989071038251366 0.5688405797101449 0.40437158469945356 0.5652173913043478 0.40437158469945356 0.5615942028985508 0.4098360655737705 0.5615942028985508 0.41530054644808745 0.5579710144927537 0.41530054644808745 0.5471014492753623 0.43169398907103823 0.5471014492753623 0.4371584699453552 0.5434782608695652 0.4371584699453552 0.5253623188405797 0.4644808743169399 0.5217391304347826 0.4644808743169399 0.5181159420289855 0.46994535519125685 0.4927536231884058 0.46994535519125685 0.48188405797101447 0.45901639344262296 0.4746376811594203 0.45901639344262296 0.47101449275362317 0.453551912568306 0.463768115942029 0.453551912568306 0.4601449275362319 0.44808743169398907 0.45652173913043476 0.44808743169398907 0.4528985507246377 0.4426229508196721 0.44565217391304346 0.4426229508196721 0.43478260869565216 0.43169398907103823 0.427536231884058 0.43169398907103823 0.42391304347826086 0.4262295081967213 0.4166666666666667 0.4262295081967213 0.41304347826086957 0.4207650273224044 0.4057971014492754 0.4207650273224044 0.40217391304347827 0.41530054644808745 0.39855072463768115 0.41530054644808745 0.38768115942028986 0.40437158469945356 0.3804347826086957 0.40437158469945356 0.37681159420289856 0.3989071038251366 0.37318840579710144 0.3989071038251366 0.3695652173913043 0.39344262295081966 0.36594202898550726 0.39344262295081966 0.36231884057971014 0.3879781420765027 0.358695652173913 0.3879781420765027 0.35507246376811596 0.3825136612021858 0.35144927536231885 0.3825136612021858 0.34782608695652173 0.3770491803278688 0.33695652173913043 0.37158469945355194 0.32971014492753625 0.36065573770491804 0.3188405797101449 0.3551912568306011 0.3079710144927536 0.33879781420765026 0.30434782608695654 0.33879781420765026 0.286231884057971 0.31693989071038253 0.2753623188405797 0.3114754098360656 0.2644927536231884 0.29508196721311475 0.2644927536231884 0.2896174863387978 0.26811594202898553 0.29508196721311475 0.286231884057971 0.29508196721311475 0.2898550724637681 0.2896174863387978 0.3007246376811594 0.28415300546448086 0.31521739130434784 0.26229508196721313 0.3188405797101449 0.26229508196721313 0.3333333333333333 0.24043715846994534 0.3442028985507246 0.23497267759562843 0.358695652173913 0.21311475409836064 0.37318840579710144 0.21311475409836064 0.37681159420289856 0.20765027322404372 0.37681159420289856 0.19672131147540983 0.38405797101449274 0.18032786885245902 0.38768115942028986 0.18032786885245902 0.391304347826087 0.17486338797814208 0.40217391304347827 0.17486338797814208
19 0.782608695652174 0.3989071038251366 0.7934782608695652 0.4098360655737705 0.8043478260869565 0.4098360655737705 0.8079710144927537 0.41530054644808745 0.8152173913043478 0.41530054644808745 0.8152173913043478 0.4207650273224044 0.8115942028985508 0.4262295081967213 0.8007246376811594 0.43169398907103823 0.7898550724637681 0.44808743169398907 0.7862318840579711 0.44808743169398907 0.7789855072463768 0.45901639344262296 0.7789855072463768 0.47540983606557374 0.7681159420289855 0.47540983606557374 0.7644927536231884 0.4808743169398907 0.7644927536231884 0.48633879781420764 0.75 0.5081967213114754 0.75 0.5136612021857924 0.7463768115942029 0.5136612021857924 0.7282608695652174 0.5409836065573771 0.7282608695652174 0.546448087431694 0.7210144927536232 0.5573770491803278 0.7282608695652174 0.5683060109289617 0.7391304347826086 0.5683060109289617 0.7427536231884058 0.5737704918032787 0.7391304347826086 0.5737704918032787 0.7355072463768116 0.5683060109289617 0.7210144927536232 0.5683060109289617 0.717391304347826 0.5737704918032787 0.7101449275362319 0.5737704918032787 0.6992753623188406 0.5901639344262295 0.6992753623188406 0.5956284153005464 0.6956521739130435 0.6010928961748634 0.6920289855072463 0.6010928961748634 0.6884057971014492 0.6065573770491803 0.6884057971014492 0.6120218579234973 0.6811594202898551 0.6229508196721312 0.677536231884058 0.6229508196721312 0.6739130434782609 0.6284153005464481 0.6630434782608695 0.6284153005464481 0.6630434782608695 0.6229508196721312 0.6485507246376812 0.6010928961748634 0.6485507246376812 0.5846994535519126 0.644927536231884 0.5792349726775956 0.644927536231884 0.5737704918032787 0.6485507246376812 0.5683060109289617 0.644927536231884 0.5628415300546448 0.6521739130434783 0.5519125683060109 0.6521739130434783 0.546448087431694 0.6557971014492754 0.5409836065573771 0.6521739130434783 0.5355191256830601 0.6557971014492754 0.5191256830601093 0.6521739130434783 0.5136612021857924 0.6485507246376812 0.5136612021857924 0.644927536231884 0.5191256830601093 0.644927536231884 0.5245901639344263 0.6413043478260869 0.5191256830601093 0.644927536231884 0.5136612021857924 0.6413043478260869 0.5081967213114754 0.6557971014492754 0.5081967213114754 0.6630434782608695 0.4972677595628415 0.6666666666666666 0.4972677595628415 0.6702898550724637 0.4918032786885246 0.6811594202898551 0.4918032786885246 0.6884057971014492 0.4808743169398907 0.6920289855072463 0.4808743169398907 0.7028985507246377 0.4644808743169399 0.7065217391304348 0.4644808743169399 0.7101449275362319 0.45901639344262296 0.7101449275362319 0.453551912568306 0.717391304347826 0.4426229508196721 0.7210144927536232 0.4426229508196721 0.7318840579710145 0.4262295081967213 0.7355072463768116 0.4262295081967213 0.7572463768115942 0.39344262295081966 0.7681159420289855 0.39344262295081966 0.7717391304347826 0.3989071038251366 0.7789855072463768 0.3989071038251366
19 0.9384057971014492 0.47540983606557374 0.9601449275362319 0.47540983606557374 0.9637681159420289 0.46994535519125685 0.967391304347826 0.46994535519125685 0.9710144927536232 0.47540983606557374 0.9710144927536232 0.48633879781420764 0.967391304347826 0.4918032786885246 0.9637681159420289 0.5081967213114754 0.9565217391304348 0.5191256830601093 0.9528985507246377 0.5355191256830601 0.9456521739130435 0.546448087431694 0.9456521739130435 0.5519125683060109 0.9311594202898551 0.5792349726775956 0.927536231884058 0.5956284153005464 0.9202898550724637 0.6120218579234973 0.9202898550724637 0.6229508196721312 0.8840579710144928 0.6775956284153005 0.8840579710144928 0.6830601092896175 0.8695652173913043 0.7103825136612022 0.8695652173913043 0.7158469945355191 0.8586956521739131 0.73224043715847 0.8586956521739131 0.7377049180327869 0.8442028985507246 0.7650273224043715 0.8405797101449275 0.7650273224043715 0.8369565217391305 0.7704918032786885 0.8188405797101449 0.7704918032786885 0.8152173913043478 0.7759562841530054 0.8007246376811594 0.7759562841530054 0.7971014492753623 0.7704918032786885 0.782608695652174 0.7704918032786885 0.7717391304347826 0.7595628415300546 0.7608695652173914 0.7595628415300546 0.7572463768115942 0.7540983606557377 0.7536231884057971 0.7540983606557377 0.75 0.7486338797814208 0.7463768115942029 0.7486338797814208 0.7427536231884058 0.7431693989071039 0.7318840579710145 0.7377049180327869 0.7246376811594203 0.726775956284153 0.7210144927536232 0.726775956284153 0.7028985507246377 0.7049180327868853 0.6992753623188406 0.7049180327868853 0.6956521739130435 0.6994535519125683 0.6920289855072463 0.6994535519125683 0.6847826086956522 0.6885245901639344 0.6811594202898551 0.6885245901639344 0.6702898550724637 0.6721311475409836 0.6739130434782609 0.6557377049180327 0.6811594202898551 0.644808743169399 0.6847826086956522 0.644808743169399 0.6884057971014492 0.639344262295082 0.6884057971014492 0.6338797814207651 0.6920289855072463 0.6284153005464481 0.6956521739130435 0.6120218579234973 0.7065217391304348 0.5956284153005464 0.7101449275362319 0.5956284153005464 0.717391304347826 0.5846994535519126 0.7210144927536232 0.5846994535519126 0.7246376811594203 0.5792349726775956 0.7246376811594203 0.5737704918032787 0.7282608695652174 0.5737704918032787 0.7355072463768116 0.5628415300546448 0.7355072463768116 0.5519125683060109 0.7391304347826086 0.546448087431694 0.7391304347826086 0.5409836065573771 0.7427536231884058 0.546448087431694 0.75 0.5355191256830601 0.7572463768115942 0.5355191256830601 0.7572463768115942 0.5409836065573771 0.7608695652173914 0.546448087431694 0.7644927536231884 0.5409836065573771 0.7789855072463768 0.5628415300546448 0.7898550724637681 0.5573770491803278 0.7971014492753623 0.546448087431694 0.8079710144927537 0.546448087431694 0.8115942028985508 0.5409836065573771 0.8079710144927537 0.5355191256830601 0.8152173913043478 0.5355191256830601 0.8188405797101449 0.5300546448087432 0.8260869565217391 0.5300546448087432 0.8260869565217391 0.5355191256830601 0.8297101449275363 0.5409836065573771 0.8369565217391305 0.5409836065573771 0.8405797101449275 0.5355191256830601 0.8369565217391305 0.5300546448087432 0.8405797101449275 0.5300546448087432 0.8405797101449275 0.5355191256830601 0.8442028985507246 0.5409836065573771 0.8623188405797102 0.5409836065573771 0.8659420289855072 0.546448087431694 0.8695652173913043 0.5409836065573771 0.8731884057971014 0.546448087431694 0.8804347826086957 0.546448087431694 0.8840579710144928 0.5409836065573771 0.8876811594202898 0.5245901639344263 0.8913043478260869 0.5245901639344263 0.894927536231884 0.5191256830601093 0.894927536231884 0.5136612021857924 0.9057971014492754 0.4972677595628415 0.9094202898550725 0.4972677595628415 0.9166666666666666 0.48633879781420764 0.927536231884058 0.48633879781420764 0.9311594202898551 0.4918032786885246 0.9384057971014492 0.4918032786885246 0.9347826086956522 0.4972677595628415 0.9384057971014492 0.5027322404371585 0.9492753623188406 0.5027322404371585 0.9528985507246377 0.4972677595628415 0.9528985507246377 0.4918032786885246 0.9492753623188406 0.48633879781420764 0.9456521739130435 0.48633879781420764 0.9456521739130435 0.4808743169398907 0.9420289855072463 0.47540983606557374
19 0.7789855072463768 0.39344262295081966 0.782608695652174 0.3989071038251366 0.7898550724637681 0.3989071038251366 0.7934782608695652 0.40437158469945356 0.8297101449275363 0.40437158469945356 0.8333333333333334 0.4098360655737705 0.8514492753623188 0.4098360655737705 0.8623188405797102 0.4207650273224044 0.8623188405797102 0.4262295081967213 0.8695652173913043 0.4371584699453552 0.8695652173913043 0.4426229508196721 0.8623188405797102 0.4426229508196721 0.8586956521739131 0.44808743169398907 0.8478260869565217 0.44808743169398907 0.8333333333333334 0.46994535519125685 0.8333333333333334 0.47540983606557374 0.8297101449275363 0.4808743169398907 0.822463768115942 0.4808743169398907 0.8115942028985508 0.4918032786885246 0.8079710144927537 0.48633879781420764 0.8007246376811594 0.4972677595628415 0.8043478260869565 0.5136612021857924 0.8007246376811594 0.5136612021857924 0.7971014492753623 0.5191256830601093 0.7971014492753623 0.5245901639344263 0.7862318840579711 0.5245901639344263 0.7753623188405797 0.5081967213114754 0.7789855072463768 0.5027322404371585 0.7753623188405797 0.4972677595628415 0.7717391304347826 0.4972677595628415 0.7717391304347826 0.4918032786885246 0.7681159420289855 0.48633879781420764 0.7644927536231884 0.48633879781420764 0.7572463768115942 0.4972677595628415 0.7536231884057971 0.4972677595628415 0.75 0.5027322404371585 0.75 0.5081967213114754 0.7391304347826086 0.5245901639344263 0.7355072463768116 0.5245901639344263 0.7210144927536232 0.5519125683060109 0.717391304347826 0.5519125683060109 0.7065217391304348 0.5683060109289617 0.6992753623188406 0.5683060109289617 0.6956521739130435 0.5628415300546448 0.6884057971014492 0.5628415300546448 0.6847826086956522 0.5573770491803278 0.6811594202898551 0.5573770491803278 0.677536231884058 0.5628415300546448 0.6739130434782609 0.5573770491803278 0.6666666666666666 0.5573770491803278 0.6521739130434783 0.5355191256830601 0.6521739130434783 0.5300546448087432 0.6485507246376812 0.5245901639344263 0.644927536231884 0.5245901639344263 0.6376811594202898 0.5136612021857924 0.6413043478260869 0.5081967213114754 0.6521739130434783 0.5136612021857924 0.6630434782608695 0.5027322404371585 0.677536231884058 0.5027322404371585 0.6811594202898551 0.4972677595628415 0.6811594202898551 0.4918032786885246 0.6920289855072463 0.47540983606557374 0.6956521739130435 0.47540983606557374 0.6992753623188406 0.46994535519125685 0.6992753623188406 0.4644808743169399 0.7028985507246377 0.4644808743169399 0.7210144927536232 0.4371584699453552 0.7246376811594203 0.4371584699453552 0.7318840579710145 0.4262295081967213 0.7355072463768116 0.4262295081967213 0.7427536231884058 0.41530054644808745 0.7427536231884058 0.4098360655737705 0.7608695652173914 0.3825136612021858 0.7644927536231884 0.3825136612021858 0.7644927536231884 0.3879781420765027 0.7681159420289855 0.39344262295081966 0.7753623188405797 0.39344262295081966
19 0.2753623188405797 0.366120218579235 0.27898550724637683 0.37158469945355194 0.2826086956521739 0.37158469945355194 0.286231884057971 0.3770491803278688 0.2971014492753623 0.3825136612021858 0.30434782608695654 0.39344262295081966 0.3079710144927536 0.39344262295081966 0.3188405797101449 0.40437158469945356 0.32608695652173914 0.40437158469945356 0.32971014492753625 0.4098360655737705 0.34057971014492755 0.4098360655737705 0.34057971014492755 0.41530054644808745 0.3442028985507246 0.4207650273224044 0.34782608695652173 0.4207650273224044 0.34782608695652173 0.43169398907103823 0.35144927536231885 0.4371584699453552 0.35144927536231885 0.44808743169398907 0.34782608695652173 0.453551912568306 0.3442028985507246 0.453551912568306 0.3333333333333333 0.46994535519125685 0.322463768115942 0.46994535519125685 0.3188405797101449 0.4644808743169399 0.31521739130434784 0.4644808743169399 0.3115942028985507 0.45901639344262296 0.30434782608695654 0.45901639344262296 0.3007246376811594 0.453551912568306 0.286231884057971 0.453551912568306 0.2826086956521739 0.45901639344262296 0.27898550724637683 0.45901639344262296 0.2644927536231884 0.48633879781420764 0.2572463768115942 0.48633879781420764 0.2536231884057971 0.4808743169398907 0.25 0.4808743169398907 0.2463768115942029 0.47540983606557374 0.23550724637681159 0.46994535519125685 0.2318840579710145 0.4644808743169399 0.2318840579710145 0.45901639344262296 0.2246376811594203 0.44808743169398907 0.2246376811594203 0.4426229508196721 0.2318840579710145 0.43169398907103823 0.23550724637681159 0.41530054644808745 0.2463768115942029 0.3989071038251366 0.2463768115942029 0.39344262295081966 0.25 0.39344262295081966 0.26811594202898553 0.366120218579235 0.2717391304347826 0.366120218579235
19 0.2971014492753623 0.45901639344262296 0.3007246376811594 0.4644808743169399 0.30434782608695654 0.4644808743169399 0.3079710144927536 0.46994535519125685 0.3115942028985507 0.46994535519125685 0.31521739130434784 0.47540983606557374 0.32608695652173914 0.4808743169398907 0.33695652173913043 0.4972677595628415 0.34057971014492755 0.4972677595628415 0.3442028985507246 0.5027322404371585 0.35507246376811596 0.5081967213114754 0.3695652173913043 0.5300546448087432 0.37318840579710144 0.5300546448087432 0.3804347826086957 0.5409836065573771 0.3804347826086957 0.546448087431694 0.391304347826087 0.5628415300546448 0.391304347826087 0.5683060109289617 0.39855072463768115 0.5792349726775956 0.39855072463768115 0.5901639344262295 0.42028985507246375 0.6229508196721312 0.42391304347826086 0.6229508196721312 0.4384057971014493 0.644808743169399 0.4384057971014493 0.6502732240437158 0.463768115942029 0.6885245901639344 0.463768115942029 0.6939890710382514 0.47101449275362317 0.7049180327868853 0.47101449275362317 0.7158469945355191 0.4746376811594203 0.7213114754098361 0.47101449275362317 0.726775956284153 0.427536231884058 0.726775956284153 0.42391304347826086 0.7213114754098361 0.39855072463768115 0.7213114754098361 0.39492753623188404 0.7158469945355191 0.3804347826086957 0.7158469945355191 0.37681159420289856 0.7103825136612022 0.36594202898550726 0.7103825136612022 0.358695652173913 0.6994535519125683 0.35507246376811596 0.6994535519125683 0.35144927536231885 0.6939890710382514 0.34782608695652173 0.6939890710382514 0.33695652173913043 0.6830601092896175 0.32971014492753625 0.6830601092896175 0.32608695652173914 0.6775956284153005 0.3188405797101449 0.6775956284153005 0.3115942028985507 0.6666666666666666 0.3007246376811594 0.6666666666666666 0.2898550724637681 0.6557377049180327 0.27898550724637683 0.6557377049180327 0.2753623188405797 0.6502732240437158 0.2717391304347826 0.6502732240437158 0.2644927536231884 0.639344262295082 0.2608695652173913 0.639344262295082 0.2536231884057971 0.6284153005464481 0.25 0.6284153005464481 0.22826086956521738 0.5956284153005464 0.22826086956521738 0.5792349726775956 0.23550724637681159 0.5628415300546448 0.23550724637681159 0.5573770491803278 0.2427536231884058 0.546448087431694 0.2427536231884058 0.5409836065573771 0.2572463768115942 0.5191256830601093 0.2572463768115942 0.5136612021857924 0.2644927536231884 0.5027322404371585 0.2644927536231884 0.4972677595628415 0.2717391304347826 0.48633879781420764 0.2717391304347826 0.4808743169398907 0.2826086956521739 0.4644808743169399 0.29347826086956524 0.45901639344262296
19 0.7753623188405797 0.4207650273224044 0.7789855072463768 0.4262295081967213 0.7862318840579711 0.4262295081967213 0.7898550724637681 0.4207650273224044 0.7971014492753623 0.4207650273224044 0.8007246376811594 0.41530054644808745 0.8079710144927537 0.41530054644808745 0.8115942028985508 0.4098360655737705 0.8369565217391305 0.4098360655737705 0.8405797101449275 0.41530054644808745 0.8478260869565217 0.41530054644808745 0.8514492753623188 0.4207650273224044 0.8623188405797102 0.4262295081967213 0.8695652173913043 0.4371584699453552 0.8731884057971014 0.4371584699453552 0.8768115942028986 0.4426229508196721 0.8804347826086957 0.4426229508196721 0.8913043478260869 0.453551912568306 0.8985507246376812 0.453551912568306 0.9021739130434783 0.45901639344262296 0.9057971014492754 0.45901639344262296 0.9166666666666666 0.46994535519125685 0.9239130434782609 0.46994535519125685 0.927536231884058 0.47540983606557374 0.9528985507246377 0.47540983606557374 0.9565217391304348 0.46994535519125685 0.9710144927536232 0.46994535519125685 0.9746376811594203 0.47540983606557374 0.9710144927536232 0.4808743169398907 0.9710144927536232 0.4918032786885246 0.9637681159420289 0.5027322404371585 0.9637681159420289 0.5081967213114754 0.9601449275362319 0.5136612021857924 0.9601449275362319 0.5191256830601093 0.9528985507246377 0.5300546448087432 0.9492753623188406 0.546448087431694 0.9384057971014492 0.5628415300546448 0.9384057971014492 0.5683060109289617 0.9311594202898551 0.5792349726775956 0.927536231884058 0.5956284153005464 0.9239130434782609 0.6010928961748634 0.9239130434782609 0.6065573770491803 0.9166666666666666 0.6174863387978142 0.9166666666666666 0.6284153005464481 0.9130434782608695 0.6338797814207651 0.9094202898550725 0.6338797814207651 0.8985507246376812 0.6502732240437158 0.8985507246376812 0.6557377049180327 0.8768115942028986 0.6885245901639344 0.8768115942028986 0.6939890710382514 0.8731884057971014 0.6994535519125683 0.8695652173913043 0.7158469945355191 0.8586956521739131 0.73224043715847 0.8586956521739131 0.7377049180327869 0.8478260869565217 0.7540983606557377 0.8478260869565217 0.7595628415300546 0.8369565217391305 0.7704918032786885 0.8188405797101449 0.7704918032786885 0.8152173913043478 0.7759562841530054 0.8007246376811594 0.7759562841530054 0.7971014492753623 0.7704918032786885 0.782608695652174 0.7704918032786885 0.7717391304347826 0.7595628415300546 0.7608695652173914 0.7595628415300546 0.7572463768115942 0.7540983606557377 0.75 0.7540983606557377 0.7463768115942029 0.7486338797814208 0.7427536231884058 0.7486338797814208 0.7355072463768116 0.7377049180327869 0.7246376811594203 0.73224043715847 0.7065217391304348 0.7103825136612022 0.6956521739130435 0.7049180327868853 0.677536231884058 0.6830601092896175 0.6739130434782609 0.6830601092896175 0.6739130434782609 0.6775956284153005 0.6702898550724637 0.6721311475409836 0.6702898550724637 0.6612021857923497 0.6666666666666666 0.6557377049180327 0.6666666666666666 0.639344262295082 0.6702898550724637 0.6338797814207651 0.6666666666666666 0.6284153005464481 0.6630434782608695 0.6284153005464481 0.6630434782608695 0.6229508196721312 0.6594202898550725 0.6174863387978142 0.6521739130434783 0.6174863387978142 0.6521739130434783 0.6065573770491803 0.6485507246376812 0.6010928961748634 0.6485507246376812 0.5792349726775956 0.6521739130434783 0.5737704918032787 0.6557971014492754 0.5737704918032787 0.6594202898550725 0.5683060109289617 0.6594202898550725 0.5628415300546448 0.6630434782608695 0.5628415300546448 0.6666666666666666 0.5573770491803278 0.6666666666666666 0.5519125683060109 0.6739130434782609 0.5355191256830601 0.6739130434782609 0.5136612021857924 0.677536231884058 0.5136612021857924 0.6992753623188406 0.47540983606557374 0.7028985507246377 0.47540983606557374 0.7101449275362319 0.4644808743169399 0.7137681159420289 0.4644808743169399 0.7210144927536232 0.44808743169398907 0.7246376811594203 0.44808743169398907 0.7282608695652174 0.4426229508196721 0.7391304347826086 0.4426229508196721 0.7463768115942029 0.4262295081967213 0.75 0.43169398907103823 0.7536231884057971 0.43169398907103823 0.7572463768115942 0.4262295081967213 0.7608695652173914 0.4262295081967213 0.7644927536231884 0.43169398907103823 0.7681159420289855 0.4262295081967213 0.7717391304347826 0.4262295081967213
19 0.5144927536231884 0.16939890710382513 0.5181159420289855 0.17486338797814208 0.5253623188405797 0.17486338797814208 0.5289855072463768 0.18032786885245902 0.5362318840579711 0.18032786885245902 0.5398550724637681 0.18579234972677597 0.5471014492753623 0.18579234972677597 0.5507246376811594 0.1912568306010929 0.5579710144927537 0.1912568306010929 0.5615942028985508 0.19672131147540983 0.5760869565217391 0.19672131147540983 0.5833333333333334 0.20765027322404372 0.5869565217391305 0.20765027322404372 0.5905797101449275 0.21311475409836064 0.5978260869565217 0.21311475409836064 0.6086956521739131 0.22404371584699453 0.6159420289855072 0.22404371584699453 0.6195652173913043 0.22950819672131148 0.6268115942028986 0.22950819672131148 0.6304347826086957 0.23497267759562843 0.6376811594202898 0.23497267759562843 0.6485507246376812 0.2459016393442623 0.6594202898550725 0.2459016393442623 0.6630434782608695 0.25136612021857924 0.6884057971014492 0.25136612021857924 0.6920289855072463 0.2568306010928962 0.6992753623188406 0.2568306010928962 0.7028985507246377 0.26229508196721313 0.7065217391304348 0.26229508196721313 0.7101449275362319 0.2677595628415301 0.7137681159420289 0.2677595628415301 0.717391304347826 0.273224043715847 0.7210144927536232 0.273224043715847 0.7246376811594203 0.2786885245901639 0.7355072463768116 0.28415300546448086 0.7463768115942029 0.3005464480874317 0.75 0.3005464480874317 0.7608695652173914 0.3114754098360656 0.7717391304347826 0.3114754098360656 0.7753623188405797 0.31693989071038253 0.7862318840579711 0.31693989071038253 0.7898550724637681 0.3224043715846995 0.8079710144927537 0.3224043715846995 0.8115942028985508 0.32786885245901637 0.822463768115942 0.32786885245901637 0.8260869565217391 0.3333333333333333 0.8369565217391305 0.3333333333333333 0.8405797101449275 0.33879781420765026 0.8514492753623188 0.33879781420765026 0.855072463768116 0.3442622950819672 0.8586956521739131 0.3442622950819672 0.8659420289855072 0.3551912568306011 0.8695652173913043 0.3551912568306011 0.8623188405797102 0.3551912568306011 0.8586956521739131 0.36065573770491804 0.8659420289855072 0.37158469945355194 0.855072463768116 0.37158469945355194 0.8586956521739131 0.366120218579235 0.8586956521739131 0.36065573770491804 0.855072463768116 0.3551912568306011 0.8478260869565217 0.3551912568306011 0.8478260869565217 0.3442622950819672 0.8442028985507246 0.33879781420765026 0.8333333333333334 0.33879781420765026 0.8297101449275363 0.3442622950819672 0.822463768115942 0.3442622950819672 0.8188405797101449 0.34972677595628415 0.8152173913043478 0.3442622950819672 0.8079710144927537 0.3442622950819672 0.8079710144927537 0.33879781420765026 0.8007246376811594 0.32786885245901637 0.7971014492753623 0.32786885245901637 0.7934782608695652 0.3224043715846995 0.7644927536231884 0.3224043715846995 0.7608695652173914 0.31693989071038253 0.7572463768115942 0.3224043715846995 0.7536231884057971 0.3224043715846995 0.7463768115942029 0.3333333333333333 0.7101449275362319 0.3333333333333333 0.7101449275362319 0.3224043715846995 0.7065217391304348 0.31693989071038253 0.7065217391304348 0.29508196721311475 0.6992753623188406 0.28415300546448086 0.6920289855072463 0.28415300546448086 0.6884057971014492 0.2786885245901639 0.644927536231884 0.2786885245901639 0.6413043478260869 0.28415300546448086 0.6231884057971014 0.28415300546448086 0.6195652173913043 0.2786885245901639 0.5942028985507246 0.2786885245901639 0.5833333333333334 0.2677595628415301 0.5760869565217391 0.2677595628415301 0.572463768115942 0.26229508196721313 0.5652173913043478 0.26229508196721313 0.5615942028985508 0.2568306010928962 0.5543478260869565 0.2568306010928962 0.5507246376811594 0.25136612021857924 0.5471014492753623 0.25136612021857924 0.5434782608695652 0.2459016393442623 0.5398550724637681 0.2459016393442623 0.5289855072463768 0.23497267759562843 0.5217391304347826 0.23497267759562843 0.5181159420289855 0.22950819672131148 0.5108695652173914 0.22950819672131148 0.5 0.2185792349726776 0.4927536231884058 0.2185792349726776 0.4891304347826087 0.21311475409836064 0.4855072463768116 0.21311475409836064 0.4855072463768116 0.19672131147540983 0.4891304347826087 0.1912568306010929 0.4891304347826087 0.18579234972677597 0.5 0.16939890710382513 0.5108695652173914 0.16939890710382513
19 0.2753623188405797 0.3333333333333333 0.2826086956521739 0.3333333333333333 0.286231884057971 0.33879781420765026 0.2971014492753623 0.33879781420765026 0.30434782608695654 0.34972677595628415 0.30434782608695654 0.3551912568306011 0.3079710144927536 0.36065573770491804 0.31521739130434784 0.36065573770491804 0.3188405797101449 0.366120218579235 0.32971014492753625 0.37158469945355194 0.322463768115942 0.3825136612021858 0.32608695652173914 0.3879781420765027 0.32608695652173914 0.3989071038251366 0.32971014492753625 0.40437158469945356 0.34057971014492755 0.40437158469945356 0.3442028985507246 0.4098360655737705 0.34782608695652173 0.4098360655737705 0.35507246376811596 0.4207650273224044 0.358695652173913 0.4207650273224044 0.36231884057971014 0.41530054644808745 0.3695652173913043 0.4262295081967213 0.37681159420289856 0.4262295081967213 0.38405797101449274 0.4371584699453552 0.38768115942028986 0.4371584699453552 0.38405797101449274 0.4426229508196721 0.38768115942028986 0.44808743169398907 0.39855072463768115 0.44808743169398907 0.40217391304347827 0.4426229508196721 0.40217391304347827 0.43169398907103823 0.40217391304347827 0.4371584699453552 0.40942028985507245 0.44808743169398907 0.4166666666666667 0.44808743169398907 0.42028985507246375 0.4426229508196721 0.42028985507246375 0.44808743169398907 0.42391304347826086 0.453551912568306 0.427536231884058 0.453551912568306 0.4311594202898551 0.44808743169398907 0.427536231884058 0.4426229508196721 0.43478260869565216 0.4426229508196721 0.427536231884058 0.453551912568306 0.4384057971014493 0.4644808743169399 0.4420289855072464 0.45901639344262296 0.4528985507246377 0.453551912568306 0.4601449275362319 0.4644808743169399 0.4673913043478261 0.4644808743169399 0.47101449275362317 0.46994535519125685 0.4782608695652174 0.46994535519125685 0.48188405797101447 0.47540983606557374 0.4891304347826087 0.47540983606557374 0.4927536231884058 0.4808743169398907 0.5108695652173914 0.4808743169398907 0.5108695652173914 0.48633879781420764 0.5072463768115942 0.4918032786885246 0.4963768115942029 0.4918032786885246 0.4927536231884058 0.48633879781420764 0.4782608695652174 0.48633879781420764 0.4746376811594203 0.4808743169398907 0.45652173913043476 0.4808743169398907 0.4528985507246377 0.48633879781420764 0.4384057971014493 0.48633879781420764 0.43478260869565216 0.4918032786885246 0.41304347826086957 0.4918032786885246 0.40942028985507245 0.4972677595628415 0.4057971014492754 0.4918032786885246 0.39855072463768115 0.4918032786885246 0.39492753623188404 0.48633879781420764 0.37681159420289856 0.48633879781420764 0.37318840579710144 0.4808743169398907 0.3695652173913043 0.4808743169398907 0.36594202898550726 0.48633879781420764 0.36231884057971014 0.4808743169398907 0.358695652173913 0.48633879781420764 0.35507246376811596 0.48633879781420764 0.35144927536231885 0.4918032786885246 0.35144927536231885 0.4972677595628415 0.34782608695652173 0.4972677595628415 0.3442028985507246 0.4918032786885246 0.3333333333333333 0.48633879781420764 0.32608695652173914 0.47540983606557374 0.31521739130434784 0.46994535519125685 0.3079710144927536 0.45901639344262296 0.3007246376811594 0.45901639344262296 0.2971014492753623 0.453551912568306 0.286231884057971 0.453551912568306 0.2826086956521739 0.45901639344262296 0.27898550724637683 0.45901639344262296 0.2717391304347826 0.46994535519125685 0.2717391304347826 0.47540983606557374 0.2608695652173913 0.4918032786885246 0.2572463768115942 0.4918032786885246 0.2536231884057971 0.48633879781420764 0.2427536231884058 0.4808743169398907 0.2246376811594203 0.453551912568306 0.2246376811594203 0.4371584699453552 0.2391304347826087 0.4098360655737705 0.2391304347826087 0.40437158469945356 0.2644927536231884 0.366120218579235 0.2644927536231884 0.36065573770491804 0.2753623188405797 0.3442622950819672 0.2753623188405797 0.33879781420765026
19 0.19927536231884058 0.31693989071038253 0.2028985507246377 0.3224043715846995 0.21739130434782608 0.3224043715846995 0.2210144927536232 0.32786885245901637 0.17391304347826086 0.3989071038251366 0.17028985507246377 0.3989071038251366 0.15942028985507245 0.41530054644808745 0.15579710144927536 0.41530054644808745 0.15217391304347827 0.4207650273224044 0.14855072463768115 0.4207650273224044 0.14492753623188406 0.4262295081967213 0.14130434782608695 0.4262295081967213 0.13768115942028986 0.43169398907103823 0.12681159420289856 0.4371584699453552 0.10144927536231885 0.47540983606557374 0.09057971014492754 0.4808743169398907 0.08333333333333333 0.4918032786885246 0.06884057971014493 0.4918032786885246 0.06884057971014493 0.48633879781420764 0.05434782608695652 0.4644808743169399 0.05434782608695652 0.45901639344262296 0.050724637681159424 0.453551912568306 0.050724637681159424 0.4426229508196721 0.057971014492753624 0.43169398907103823 0.057971014492753624 0.4262295081967213 0.06159420289855073 0.4207650273224044 0.06521739130434782 0.4207650273224044 0.07246376811594203 0.4098360655737705 0.07608695652173914 0.4098360655737705 0.08695652173913043 0.3989071038251366 0.09420289855072464 0.3989071038251366 0.09782608695652174 0.39344262295081966 0.10507246376811594 0.39344262295081966 0.11594202898550725 0.3770491803278688 0.11956521739130435 0.3770491803278688 0.13043478260869565 0.36065573770491804 0.13405797101449277 0.36065573770491804 0.14130434782608695 0.34972677595628415 0.14492753623188406 0.34972677595628415 0.15579710144927536 0.33879781420765026 0.16304347826086957 0.33879781420765026 0.16666666666666666 0.3333333333333333 0.17028985507246377 0.3333333333333333 0.18115942028985507 0.3224043715846995 0.18840579710144928 0.3224043715846995 0.19202898550724637 0.31693989071038253 0.1956521739130435 0.31693989071038253
19 0.9746376811594203 0.46994535519125685 0.9782608695652174 0.47540983606557374 0.9782608695652174 0.4808743169398907 0.9710144927536232 0.4918032786885246 0.967391304347826 0.5081967213114754 0.9601449275362319 0.5191256830601093 0.9601449275362319 0.5245901639344263 0.9528985507246377 0.5355191256830601 0.9528985507246377 0.5409836065573771 0.9456521739130435 0.5519125683060109 0.9456521739130435 0.5573770491803278 0.9311594202898551 0.5846994535519126 0.927536231884058 0.6010928961748634 0.9239130434782609 0.6065573770491803 0.9239130434782609 0.6174863387978142 0.9202898550724637 0.6229508196721312 0.9202898550724637 0.6284153005464481 0.9166666666666666 0.6338797814207651 0.9130434782608695 0.6338797814207651 0.8876811594202898 0.6721311475409836 0.8876811594202898 0.6775956284153005 0.8731884057971014 0.7049180327868853 0.8731884057971014 0.7103825136612022 0.8659420289855072 0.7213114754098361 0.8659420289855072 0.726775956284153 0.855072463768116 0.7431693989071039 0.855072463768116 0.7486338797814208 0.8442028985507246 0.7650273224043715 0.8405797101449275 0.7650273224043715 0.8333333333333334 0.7540983606557377 0.8260869565217391 0.7540983606557377 0.8188405797101449 0.7650273224043715 0.8152173913043478 0.7650273224043715 0.8115942028985508 0.7704918032786885 0.7862318840579711 0.7704918032786885 0.782608695652174 0.7650273224043715 0.782608695652174 0.7595628415300546 0.7862318840579711 0.7540983606557377 0.7898550724637681 0.7540983606557377 0.7934782608695652 0.7486338797814208 0.7971014492753623 0.73224043715847 0.8007246376811594 0.73224043715847 0.8043478260869565 0.726775956284153 0.8043478260869565 0.7213114754098361 0.8152173913043478 0.7049180327868853 0.8188405797101449 0.7049180327868853 0.8369565217391305 0.6775956284153005 0.8297101449275363 0.6666666666666666 0.8333333333333334 0.6502732240437158 0.8478260869565217 0.6284153005464481 0.8478260869565217 0.6229508196721312 0.8695652173913043 0.5901639344262295 0.8695652173913043 0.5792349726775956 0.8840579710144928 0.5573770491803278 0.8876811594202898 0.5573770491803278 0.8913043478260869 0.5519125683060109 0.8913043478260869 0.5409836065573771 0.894927536231884 0.5355191256830601 0.894927536231884 0.5300546448087432 0.9021739130434783 0.5191256830601093 0.9057971014492754 0.5027322404371585 0.9130434782608695 0.4918032786885246 0.9166666666666666 0.4918032786885246 0.9239130434782609 0.47540983606557374 0.9420289855072463 0.47540983606557374 0.9456521739130435 0.46994535519125685 0.9710144927536232 0.46994535519125685
19 0.2210144927536232 0.453551912568306 0.2427536231884058 0.48633879781420764 0.2463768115942029 0.48633879781420764 0.25 0.4918032786885246 0.2608695652173913 0.4972677595628415 0.2572463768115942 0.5136612021857924 0.25 0.5245901639344263 0.25 0.5300546448087432 0.2391304347826087 0.546448087431694 0.2391304347826087 0.5519125683060109 0.2318840579710145 0.5628415300546448 0.2318840579710145 0.5683060109289617 0.22826086956521738 0.5737704918032787 0.22826086956521738 0.6010928961748634 0.2463768115942029 0.6284153005464481 0.25 0.6284153005464481 0.2572463768115942 0.639344262295082 0.26811594202898553 0.644808743169399 0.2753623188405797 0.6557377049180327 0.2826086956521739 0.6557377049180327 0.286231884057971 0.6612021857923497 0.2971014492753623 0.6612021857923497 0.3007246376811594 0.6666666666666666 0.3115942028985507 0.6666666666666666 0.31521739130434784 0.6721311475409836 0.322463768115942 0.6721311475409836 0.32971014492753625 0.6830601092896175 0.33695652173913043 0.6830601092896175 0.34782608695652173 0.6939890710382514 0.35144927536231885 0.6939890710382514 0.35507246376811596 0.6885245901639344 0.36231884057971014 0.6994535519125683 0.3695652173913043 0.6994535519125683 0.37318840579710144 0.7049180327868853 0.38405797101449274 0.7049180327868853 0.38768115942028986 0.7103825136612022 0.39855072463768115 0.7103825136612022 0.40217391304347827 0.7158469945355191 0.4057971014492754 0.7158469945355191 0.40942028985507245 0.7103825136612022 0.41304347826086957 0.7158469945355191 0.427536231884058 0.7158469945355191 0.4311594202898551 0.7103825136612022 0.4311594202898551 0.7049180327868853 0.4384057971014493 0.7049180327868853 0.44565217391304346 0.7158469945355191 0.4420289855072464 0.7213114754098361 0.44565217391304346 0.726775956284153 0.4420289855072464 0.73224043715847 0.43478260869565216 0.73224043715847 0.4311594202898551 0.726775956284153 0.42028985507246375 0.726775956284153 0.4166666666666667 0.7213114754098361 0.39492753623188404 0.7213114754098361 0.391304347826087 0.7158469945355191 0.3695652173913043 0.7158469945355191 0.36594202898550726 0.7103825136612022 0.34782608695652173 0.7103825136612022 0.3442028985507246 0.7049180327868853 0.3333333333333333 0.7049180327868853 0.32971014492753625 0.6994535519125683 0.3188405797101449 0.6994535519125683 0.31521739130434784 0.6939890710382514 0.29347826086956524 0.6939890710382514 0.2898550724637681 0.6885245901639344 0.2753623188405797 0.6885245901639344 0.2717391304347826 0.6830601092896175 0.2572463768115942 0.6830601092896175 0.2536231884057971 0.6775956284153005 0.2391304347826087 0.6775956284153005 0.23550724637681159 0.6721311475409836 0.2246376811594203 0.6721311475409836 0.2210144927536232 0.6666666666666666 0.213768115942029 0.6666666666666666 0.21014492753623187 0.6612021857923497 0.1956521739130435 0.6612021857923497 0.19202898550724637 0.6557377049180327 0.17028985507246377 0.6557377049180327 0.16666666666666666 0.6502732240437158 0.13768115942028986 0.6502732240437158 0.13405797101449277 0.644808743169399 0.13043478260869565 0.644808743169399 0.13043478260869565 0.639344262295082 0.12318840579710146 0.6284153005464481 0.12318840579710146 0.6120218579234973 0.13768115942028986 0.5901639344262295 0.13768115942028986 0.5792349726775956 0.14855072463768115 0.5628415300546448 0.15217391304347827 0.5628415300546448 0.19202898550724637 0.5027322404371585 0.19202898550724637 0.4972677595628415 0.213768115942029 0.4644808743169399 0.213768115942029 0.45901639344262296 0.21739130434782608 0.45901639344262296
19 0.5797101449275363 0.4972677595628415 0.5978260869565217 0.5245901639344263 0.6014492753623188 0.5245901639344263 0.6086956521739131 0.5355191256830601 0.6123188405797102 0.5355191256830601 0.6304347826086957 0.5628415300546448 0.6340579710144928 0.5628415300546448 0.6376811594202898 0.5683060109289617 0.6340579710144928 0.5846994535519126 0.6376811594202898 0.5901639344262295 0.6376811594202898 0.6010928961748634 0.644927536231884 0.6120218579234973 0.644927536231884 0.6174863387978142 0.6521739130434783 0.6284153005464481 0.6521739130434783 0.6338797814207651 0.6557971014492754 0.639344262295082 0.6557971014492754 0.6557377049180327 0.6594202898550725 0.6612021857923497 0.6594202898550725 0.6721311475409836 0.6739130434782609 0.6939890710382514 0.6739130434782609 0.6994535519125683 0.6811594202898551 0.7103825136612022 0.6847826086956522 0.7103825136612022 0.6920289855072463 0.726775956284153 0.6956521739130435 0.726775956284153 0.6992753623188406 0.7431693989071039 0.7101449275362319 0.7595628415300546 0.7137681159420289 0.7595628415300546 0.7137681159420289 0.7650273224043715 0.6992753623188406 0.7650273224043715 0.6956521739130435 0.7595628415300546 0.6884057971014492 0.7595628415300546 0.6920289855072463 0.7540983606557377 0.6920289855072463 0.7486338797814208 0.6847826086956522 0.7377049180327869 0.677536231884058 0.7377049180327869 0.6739130434782609 0.73224043715847 0.6702898550724637 0.73224043715847 0.6521739130434783 0.7049180327868853 0.6485507246376812 0.7049180327868853 0.6413043478260869 0.6939890710382514 0.6340579710144928 0.6939890710382514 0.6159420289855072 0.6666666666666666 0.6123188405797102 0.6666666666666666 0.5978260869565217 0.644808743169399 0.5942028985507246 0.644808743169399 0.5797101449275363 0.6229508196721312 0.5797101449275363 0.6174863387978142 0.572463768115942 0.6010928961748634 0.5652173913043478 0.6010928961748634 0.5398550724637681 0.5628415300546448 0.5362318840579711 0.5628415300546448 0.5072463768115942 0.5191256830601093 0.5036231884057971 0.5191256830601093 0.5036231884057971 0.5027322404371585 0.5072463768115942 0.5027322404371585 0.5181159420289855 0.4918032786885246 0.5253623188405797 0.4918032786885246 0.5289855072463768 0.48633879781420764 0.5615942028985508 0.48633879781420764 0.5652173913043478 0.4918032786885246 0.572463768115942 0.4918032786885246 0.5760869565217391 0.4972677595628415
19 0.782608695652174 0.4262295081967213 0.7862318840579711 0.43169398907103823 0.7898550724637681 0.4262295081967213 0.7971014492753623 0.4262295081967213 0.8007246376811594 0.4207650273224044 0.8079710144927537 0.4207650273224044 0.8152173913043478 0.4098360655737705 0.8333333333333334 0.4098360655737705 0.8405797101449275 0.4207650273224044 0.8442028985507246 0.41530054644808745 0.8478260869565217 0.41530054644808745 0.855072463768116 0.4262295081967213 0.8586956521739131 0.4262295081967213 0.8623188405797102 0.43169398907103823 0.8731884057971014 0.4371584699453552 0.8804347826086957 0.44808743169398907 0.8876811594202898 0.44808743169398907 0.8985507246376812 0.45901639344262296 0.9057971014492754 0.45901639344262296 0.9094202898550725 0.4644808743169399 0.9130434782608695 0.4644808743169399 0.9239130434782609 0.47540983606557374 0.9565217391304348 0.47540983606557374 0.9601449275362319 0.46994535519125685 0.9710144927536232 0.46994535519125685 0.9746376811594203 0.47540983606557374 0.9710144927536232 0.4808743169398907 0.9710144927536232 0.48633879781420764 0.967391304347826 0.4918032786885246 0.9637681159420289 0.5081967213114754 0.9492753623188406 0.5355191256830601 0.9456521739130435 0.5519125683060109 0.9384057971014492 0.5628415300546448 0.9384057971014492 0.5683060109289617 0.927536231884058 0.5846994535519126 0.927536231884058 0.5956284153005464 0.9239130434782609 0.6010928961748634 0.9239130434782609 0.6065573770491803 0.9130434782608695 0.6229508196721312 0.9130434782608695 0.6284153005464481 0.8840579710144928 0.6721311475409836 0.8840579710144928 0.6775956284153005 0.8731884057971014 0.6939890710382514 0.8695652173913043 0.7103825136612022 0.8623188405797102 0.7213114754098361 0.8623188405797102 0.726775956284153 0.8514492753623188 0.7431693989071039 0.8514492753623188 0.7486338797814208 0.8478260869565217 0.7486338797814208 0.8405797101449275 0.7595628415300546 0.8369565217391305 0.7540983606557377 0.8297101449275363 0.7540983606557377 0.8188405797101449 0.7650273224043715 0.8188405797101449 0.7595628415300546 0.8152173913043478 0.7540983606557377 0.8115942028985508 0.7595628415300546 0.8115942028985508 0.7650273224043715 0.7862318840579711 0.7650273224043715 0.782608695652174 0.7595628415300546 0.7753623188405797 0.7595628415300546 0.7681159420289855 0.7486338797814208 0.7608695652173914 0.7486338797814208 0.7608695652173914 0.7431693989071039 0.7644927536231884 0.7486338797814208 0.7717391304347826 0.7377049180327869 0.7789855072463768 0.7377049180327869 0.7898550724637681 0.7213114754098361 0.7862318840579711 0.7158469945355191 0.782608695652174 0.7158469945355191 0.7717391304347826 0.7049180327868853 0.7681159420289855 0.7049180327868853 0.7644927536231884 0.7103825136612022 0.7681159420289855 0.7158469945355191 0.7681159420289855 0.7213114754098361 0.7608695652173914 0.7213114754098361 0.7572463768115942 0.7158469945355191 0.7536231884057971 0.7213114754098361 0.7572463768115942 0.7158469945355191 0.7572463768115942 0.7103825136612022 0.7536231884057971 0.7049180327868853 0.75 0.7103825136612022 0.7463768115942029 0.7103825136612022 0.7427536231884058 0.7049180327868853 0.75 0.6939890710382514 0.7463768115942029 0.6885245901639344 0.7427536231884058 0.6885245901639344 0.7391304347826086 0.6939890710382514 0.7427536231884058 0.6885245901639344 0.75 0.6885245901639344 0.7536231884057971 0.6830601092896175 0.7427536231884058 0.6666666666666666 0.7391304347826086 0.6666666666666666 0.7391304347826086 0.6612021857923497 0.7355072463768116 0.6557377049180327 0.7318840579710145 0.6557377049180327 0.7246376811594203 0.6666666666666666 0.7210144927536232 0.6666666666666666 0.717391304347826 0.6721311475409836 0.7028985507246377 0.6721311475409836 0.6992753623188406 0.6775956284153005 0.6956521739130435 0.6721311475409836 0.6884057971014492 0.6721311475409836 0.6847826086956522 0.6666666666666666 0.6811594202898551 0.6666666666666666 0.677536231884058 0.6721311475409836 0.6811594202898551 0.6775956284153005 0.677536231884058 0.6775956284153005 0.6739130434782609 0.6721311475409836 0.6739130434782609 0.6612021857923497 0.677536231884058 0.6666666666666666 0.6884057971014492 0.6666666666666666 0.6920289855072463 0.6612021857923497 0.6847826086956522 0.6502732240437158 0.677536231884058 0.6502732240437158 0.6920289855072463 0.6284153005464481 0.6920289855072463 0.6229508196721312 0.6956521739130435 0.6174863387978142 0.6956521739130435 0.6065573770491803 0.7028985507246377 0.5956284153005464 0.7028985507246377 0.5901639344262295 0.7065217391304348 0.5846994535519126 0.7028985507246377 0.5792349726775956 0.6956521739130435 0.5792349726775956 0.6920289855072463 0.5737704918032787 0.6920289855072463 0.5628415300546448 0.6884057971014492 0.5573770491803278 0.6811594202898551 0.5573770491803278 0.6811594202898551 0.5519125683060109 0.6847826086956522 0.546448087431694 0.677536231884058 0.5355191256830601 0.6739130434782609 0.5355191256830601 0.6702898550724637 0.5300546448087432 0.6702898550724637 0.5191256830601093 0.6739130434782609 0.5191256830601093 0.6811594202898551 0.5081967213114754 0.6847826086956522 0.5081967213114754 0.6884057971014492 0.5027322404371585 0.6884057971014492 0.4918032786885246 0.6956521739130435 0.4808743169398907 0.6956521739130435 0.47540983606557374 0.7065217391304348 0.47540983606557374 0.7137681159420289 0.4644808743169399 0.7101449275362319 0.45901639344262296 0.7137681159420289 0.4644808743169399 0.7101449275362319 0.46994535519125685 0.7137681159420289 0.47540983606557374 0.7210144927536232 0.47540983606557374 0.7246376811594203 0.46994535519125685 0.7355072463768116 0.4644808743169399 0.7463768115942029 0.44808743169398907 0.75 0.44808743169398907 0.7608695652173914 0.4371584699453552 0.7644927536231884 0.4371584699453552 0.7717391304347826 0.44808743169398907 0.7753623188405797 0.4426229508196721 0.7753623188405797 0.43169398907103823 0.7789855072463768 0.43169398907103823
19 0.27898550724637683 0.33879781420765026 0.2971014492753623 0.33879781420765026 0.3007246376811594 0.3442622950819672 0.30434782608695654 0.3442622950819672 0.3115942028985507 0.3551912568306011 0.31521739130434784 0.3551912568306011 0.322463768115942 0.366120218579235 0.32608695652173914 0.366120218579235 0.32971014492753625 0.37158469945355194 0.3333333333333333 0.37158469945355194 0.33695652173913043 0.3770491803278688 0.34782608695652173 0.3825136612021858 0.35507246376811596 0.39344262295081966 0.358695652173913 0.39344262295081966 0.36231884057971014 0.3989071038251366 0.3695652173913043 0.3989071038251366 0.37681159420289856 0.4098360655737705 0.38405797101449274 0.4098360655737705 0.39492753623188404 0.4207650273224044 0.40217391304347827 0.4207650273224044 0.41304347826086957 0.43169398907103823 0.42028985507246375 0.43169398907103823 0.42391304347826086 0.4371584699453552 0.4311594202898551 0.4371584699453552 0.43478260869565216 0.4426229508196721 0.4384057971014493 0.4426229508196721 0.4492753623188406 0.453551912568306 0.45652173913043476 0.453551912568306 0.463768115942029 0.4644808743169399 0.47101449275362317 0.4644808743169399 0.4673913043478261 0.46994535519125685 0.4492753623188406 0.46994535519125685 0.44565217391304346 0.4644808743169399 0.4311594202898551 0.4644808743169399 0.427536231884058 0.45901639344262296 0.39855072463768115 0.45901639344262296 0.39492753623188404 0.453551912568306 0.37681159420289856 0.453551912568306 0.37318840579710144 0.44808743169398907 0.358695652173913 0.44808743169398907 0.358695652173913 0.4426229508196721 0.35144927536231885 0.43169398907103823 0.35144927536231885 0.4098360655737705 0.34782608695652173 0.40437158469945356 0.3442028985507246 0.4098360655737705 0.3442028985507246 0.41530054644808745 0.3442028985507246 0.4098360655737705 0.34057971014492755 0.40437158469945356 0.32971014492753625 0.40437158469945356 0.3188405797101449 0.39344262295081966 0.3115942028985507 0.39344262295081966 0.3079710144927536 0.3879781420765027 0.30434782608695654 0.3879781420765027 0.2971014492753623 0.3770491803278688 0.29347826086956524 0.3770491803278688 0.2898550724637681 0.37158469945355194 0.286231884057971 0.37158469945355194 0.2826086956521739 0.366120218579235 0.2717391304347826 0.36065573770491804 0.2717391304347826 0.3551912568306011 0.27898550724637683 0.3442622950819672
19 0.2463768115942029 0.3005464480874317 0.2536231884057971 0.31693989071038253 0.2608695652173913 0.31693989071038253 0.2644927536231884 0.3224043715846995 0.26811594202898553 0.3224043715846995 0.26811594202898553 0.33879781420765026 0.2644927536231884 0.3442622950819672 0.2608695652173913 0.36065573770491804 0.2536231884057971 0.37158469945355194 0.2536231884057971 0.3770491803278688 0.25 0.3825136612021858 0.2463768115942029 0.3825136612021858 0.23550724637681159 0.3989071038251366 0.2318840579710145 0.41530054644808745 0.2210144927536232 0.43169398907103823 0.2210144927536232 0.4371584699453552 0.19202898550724637 0.4808743169398907 0.19202898550724637 0.48633879781420764 0.17391304347826086 0.5136612021857924 0.17391304347826086 0.5191256830601093 0.16666666666666666 0.5300546448087432 0.16666666666666666 0.5355191256830601 0.16304347826086957 0.5355191256830601 0.15579710144927536 0.546448087431694 0.15217391304347827 0.546448087431694 0.13405797101449277 0.5737704918032787 0.13043478260869565 0.5737704918032787 0.12318840579710146 0.5846994535519126 0.12318840579710146 0.5956284153005464 0.10507246376811594 0.6229508196721312 0.10507246376811594 0.6338797814207651 0.10144927536231885 0.639344262295082 0.09782608695652174 0.639344262295082 0.09420289855072464 0.644808743169399 0.08695652173913043 0.644808743169399 0.08333333333333333 0.6502732240437158 0.07608695652173914 0.6502732240437158 0.07246376811594203 0.644808743169399 0.057971014492753624 0.644808743169399 0.05434782608695652 0.639344262295082 0.04710144927536232 0.639344262295082 0.014492753623188406 0.5901639344262295 0.014492753623188406 0.5846994535519126 0.010869565217391304 0.5792349726775956 0.010869565217391304 0.5628415300546448 0.018115942028985508 0.5519125683060109 0.025362318840579712 0.5519125683060109 0.028985507246376812 0.546448087431694 0.03985507246376811 0.546448087431694 0.043478260869565216 0.5409836065573771 0.050724637681159424 0.5409836065573771 0.05434782608695652 0.5355191256830601 0.06521739130434782 0.5300546448087432 0.07246376811594203 0.5191256830601093 0.07246376811594203 0.5136612021857924 0.09057971014492754 0.48633879781420764 0.10144927536231885 0.4808743169398907 0.11956521739130435 0.453551912568306 0.12318840579710146 0.453551912568306 0.13405797101449277 0.4371584699453552 0.13768115942028986 0.4371584699453552 0.14130434782608695 0.43169398907103823 0.14492753623188406 0.43169398907103823 0.14855072463768115 0.4262295081967213 0.15942028985507245 0.4207650273224044 0.16666666666666666 0.4098360655737705 0.17028985507246377 0.4098360655737705 0.2210144927536232 0.3333333333333333 0.2210144927536232 0.32786885245901637 0.21739130434782608 0.3224043715846995 0.21014492753623187 0.3224043715846995 0.20652173913043478 0.31693989071038253 0.19927536231884058 0.31693989071038253 0.19927536231884058 0.3114754098360656 0.20652173913043478 0.3114754098360656 0.21014492753623187 0.30601092896174864 0.21739130434782608 0.30601092896174864 0.22826086956521738 0.29508196721311475 0.2391304347826087 0.29508196721311475 0.2427536231884058 0.3005464480874317
19 0.2753623188405797 0.33879781420765026 0.27898550724637683 0.33879781420765026 0.2826086956521739 0.3333333333333333 0.286231884057971 0.3333333333333333 0.2898550724637681 0.33879781420765026 0.2971014492753623 0.33879781420765026 0.3007246376811594 0.3442622950819672 0.30434782608695654 0.3442622950819672 0.31521739130434784 0.36065573770491804 0.3188405797101449 0.36065573770491804 0.322463768115942 0.366120218579235 0.32608695652173914 0.366120218579235 0.32971014492753625 0.37158469945355194 0.3333333333333333 0.37158469945355194 0.33695652173913043 0.3770491803278688 0.34782608695652173 0.3825136612021858 0.35507246376811596 0.39344262295081966 0.358695652173913 0.39344262295081966 0.36231884057971014 0.3989071038251366 0.36594202898550726 0.3989071038251366 0.3695652173913043 0.40437158469945356 0.37318840579710144 0.40437158469945356 0.38405797101449274 0.41530054644808745 0.391304347826087 0.41530054644808745 0.39492753623188404 0.4207650273224044 0.39855072463768115 0.4207650273224044 0.40217391304347827 0.4262295081967213 0.40942028985507245 0.4262295081967213 0.42028985507246375 0.4371584699453552 0.4311594202898551 0.4371584699453552 0.43478260869565216 0.4426229508196721 0.4384057971014493 0.4426229508196721 0.4492753623188406 0.453551912568306 0.45652173913043476 0.453551912568306 0.4601449275362319 0.45901639344262296 0.47101449275362317 0.4644808743169399 0.4746376811594203 0.46994535519125685 0.463768115942029 0.46994535519125685 0.4601449275362319 0.47540983606557374 0.45652173913043476 0.47540983606557374 0.4528985507246377 0.46994535519125685 0.4384057971014493 0.46994535519125685 0.43478260869565216 0.4644808743169399 0.41304347826086957 0.4644808743169399 0.40942028985507245 0.45901639344262296 0.38768115942028986 0.45901639344262296 0.38405797101449274 0.453551912568306 0.36594202898550726 0.453551912568306 0.36231884057971014 0.44808743169398907 0.34057971014492755 0.44808743169398907 0.33695652173913043 0.453551912568306 0.32971014492753625 0.453551912568306 0.3188405797101449 0.4644808743169399 0.31521739130434784 0.45901639344262296 0.3079710144927536 0.45901639344262296 0.30434782608695654 0.453551912568306 0.2826086956521739 0.453551912568306 0.2644927536231884 0.4808743169398907 0.2608695652173913 0.4808743169398907 0.2572463768115942 0.47540983606557374 0.25 0.47540983606557374 0.2463768115942029 0.46994535519125685 0.2391304347826087 0.46994535519125685 0.2318840579710145 0.45901639344262296 0.2318840579710145 0.453551912568306 0.22826086956521738 0.44808743169398907 0.22826086956521738 0.4371584699453552 0.2318840579710145 0.43169398907103823 0.2318840579710145 0.4262295081967213 0.2391304347826087 0.41530054644808745 0.2391304347826087 0.4098360655737705 0.26811594202898553 0.366120218579235 0.26811594202898553 0.36065573770491804 0.2753623188405797 0.3442622950819672
19 0.8043478260869565 0.3333333333333333 0.8007246376811594 0.33879781420765026 0.8079710144927537 0.34972677595628415 0.8079710144927537 0.36065573770491804 0.8115942028985508 0.366120218579235 0.8115942028985508 0.37158469945355194 0.8152173913043478 0.3770491803278688 0.8188405797101449 0.3770491803278688 0.8297101449275363 0.39344262295081966 0.8405797101449275 0.39344262295081966 0.8442028985507246 0.3989071038251366 0.855072463768116 0.3989071038251366 0.8586956521739131 0.40437158469945356 0.8623188405797102 0.40437158469945356 0.8659420289855072 0.4098360655737705 0.8623188405797102 0.41530054644808745 0.8623188405797102 0.4207650273224044 0.8405797101449275 0.4207650273224044 0.8333333333333334 0.4098360655737705 0.8260869565217391 0.4098360655737705 0.822463768115942 0.40437158469945356 0.8152173913043478 0.40437158469945356 0.8115942028985508 0.4098360655737705 0.8007246376811594 0.4098360655737705 0.782608695652174 0.4371584699453552 0.782608695652174 0.4426229508196721 0.7789855072463768 0.4426229508196721 0.7681159420289855 0.45901639344262296 0.7681159420289855 0.4644808743169399 0.7608695652173914 0.4644808743169399 0.7572463768115942 0.46994535519125685 0.7572463768115942 0.47540983606557374 0.7536231884057971 0.47540983606557374 0.75 0.4808743169398907 0.75 0.48633879781420764 0.7427536231884058 0.48633879781420764 0.7355072463768116 0.4972677595628415 0.7355072463768116 0.5027322404371585 0.7318840579710145 0.5027322404371585 0.7282608695652174 0.5081967213114754 0.7210144927536232 0.5081967213114754 0.717391304347826 0.5027322404371585 0.7101449275362319 0.5136612021857924 0.7101449275362319 0.5191256830601093 0.7137681159420289 0.5245901639344263 0.7210144927536232 0.5245901639344263 0.7028985507246377 0.5245901639344263 0.6956521739130435 0.5136612021857924 0.6920289855072463 0.5136612021857924 0.6956521739130435 0.5081967213114754 0.6920289855072463 0.5027322404371585 0.6847826086956522 0.5027322404371585 0.6884057971014492 0.5027322404371585 0.6920289855072463 0.4972677595628415 0.6992753623188406 0.4972677595628415 0.7028985507246377 0.4918032786885246 0.6992753623188406 0.48633879781420764 0.6884057971014492 0.48633879781420764 0.6847826086956522 0.4918032786885246 0.677536231884058 0.4918032786885246 0.6739130434782609 0.4972677595628415 0.6739130434782609 0.5300546448087432 0.6630434782608695 0.546448087431694 0.6594202898550725 0.5409836065573771 0.6521739130434783 0.5409836065573771 0.6231884057971014 0.4972677595628415 0.6231884057971014 0.4918032786885246 0.6557971014492754 0.4918032786885246 0.6666666666666666 0.4808743169398907 0.6702898550724637 0.48633879781420764 0.6739130434782609 0.4808743169398907 0.6884057971014492 0.4808743169398907 0.6992753623188406 0.4644808743169399 0.6992753623188406 0.45901639344262296 0.7028985507246377 0.453551912568306 0.6992753623188406 0.44808743169398907 0.6992753623188406 0.4426229508196721 0.7028985507246377 0.4426229508196721 0.7065217391304348 0.4371584699453552 0.7028985507246377 0.4207650273224044 0.7246376811594203 0.4207650273224044 0.7282608695652174 0.41530054644808745 0.7210144927536232 0.40437158469945356 0.7246376811594203 0.40437158469945356 0.7282608695652174 0.3989071038251366 0.7210144927536232 0.3879781420765027 0.7210144927536232 0.3770491803278688 0.717391304347826 0.37158469945355194 0.7137681159420289 0.37158469945355194 0.717391304347826 0.37158469945355194 0.7246376811594203 0.3551912568306011 0.7391304347826086 0.3551912568306011 0.7391304347826086 0.36065573770491804 0.7427536231884058 0.366120218579235 0.75 0.366120218579235 0.7536231884057971 0.36065573770491804 0.7572463768115942 0.366120218579235 0.7644927536231884 0.366120218579235 0.7681159420289855 0.36065573770491804 0.7681159420289855 0.3551912568306011 0.7644927536231884 0.34972677595628415 0.7717391304347826 0.33879781420765026 0.7789855072463768 0.33879781420765026 0.782608695652174 0.3333333333333333 0.8007246376811594 0.3333333333333333
19 0.6847826086956522 0.4808743169398907 0.6811594202898551 0.4972677595628415 0.6702898550724637 0.5136612021857924 0.6666666666666666 0.5300546448087432 0.6594202898550725 0.5409836065573771 0.6485507246376812 0.5409836065573771 0.6413043478260869 0.5519125683060109 0.6376811594202898 0.5519125683060109 0.6340579710144928 0.546448087431694 0.6413043478260869 0.5355191256830601 0.6123188405797102 0.4918032786885246 0.6086956521739131 0.4918032786885246 0.6231884057971014 0.4918032786885246 0.6268115942028986 0.48633879781420764 0.6594202898550725 0.48633879781420764 0.6630434782608695 0.4808743169398907 0.6811594202898551 0.4808743169398907
19 0.10869565217391304 0.39344262295081966 0.11231884057971014 0.3989071038251366 0.11594202898550725 0.3989071038251366 0.11594202898550725 0.40437158469945356 0.12681159420289856 0.4207650273224044 0.13043478260869565 0.4207650273224044 0.13405797101449277 0.4262295081967213 0.14492753623188406 0.4207650273224044 0.13768115942028986 0.43169398907103823 0.12681159420289856 0.4371584699453552 0.10144927536231885 0.47540983606557374 0.09057971014492754 0.4808743169398907 0.08333333333333333 0.4918032786885246 0.07971014492753623 0.4918032786885246 0.07608695652173914 0.4972677595628415 0.07246376811594203 0.4918032786885246 0.06884057971014493 0.4918032786885246 0.06884057971014493 0.48633879781420764 0.057971014492753624 0.47540983606557374 0.057971014492753624 0.46994535519125685 0.050724637681159424 0.45901639344262296 0.050724637681159424 0.4426229508196721 0.057971014492753624 0.43169398907103823 0.057971014492753624 0.4262295081967213 0.06159420289855073 0.4207650273224044 0.06521739130434782 0.4207650273224044 0.07246376811594203 0.4098360655737705 0.07608695652173914 0.4098360655737705 0.07971014492753623 0.40437158469945356 0.09057971014492754 0.3989071038251366 0.09420289855072464 0.39344262295081966 0.10507246376811594 0.39344262295081966
19 0.5144927536231884 0.16939890710382513 0.5181159420289855 0.17486338797814208 0.5253623188405797 0.17486338797814208 0.5289855072463768 0.18032786885245902 0.5362318840579711 0.18032786885245902 0.5398550724637681 0.18579234972677597 0.5471014492753623 0.18579234972677597 0.5579710144927537 0.19672131147540983 0.5760869565217391 0.19672131147540983 0.5833333333333334 0.20765027322404372 0.5869565217391305 0.20765027322404372 0.5905797101449275 0.21311475409836064 0.5942028985507246 0.21311475409836064 0.605072463768116 0.22404371584699453 0.6123188405797102 0.22404371584699453 0.6159420289855072 0.22950819672131148 0.6231884057971014 0.22950819672131148 0.6268115942028986 0.23497267759562843 0.6340579710144928 0.23497267759562843 0.6376811594202898 0.24043715846994534 0.644927536231884 0.24043715846994534 0.6557971014492754 0.25136612021857924 0.6847826086956522 0.25136612021857924 0.6884057971014492 0.2568306010928962 0.6956521739130435 0.2568306010928962 0.6992753623188406 0.26229508196721313 0.7065217391304348 0.26229508196721313 0.7137681159420289 0.273224043715847 0.7210144927536232 0.273224043715847 0.7246376811594203 0.2786885245901639 0.7282608695652174 0.2786885245901639 0.7391304347826086 0.29508196721311475 0.7355072463768116 0.3005464480874317 0.7246376811594203 0.3005464480874317 0.7210144927536232 0.29508196721311475 0.7137681159420289 0.29508196721311475 0.7065217391304348 0.28415300546448086 0.7028985507246377 0.28415300546448086 0.6992753623188406 0.2786885245901639 0.5978260869565217 0.2786885245901639 0.5942028985507246 0.273224043715847 0.5869565217391305 0.273224043715847 0.5760869565217391 0.26229508196721313 0.5652173913043478 0.26229508196721313 0.5615942028985508 0.2568306010928962 0.5507246376811594 0.25136612021857924 0.5434782608695652 0.24043715846994534 0.5362318840579711 0.24043715846994534 0.532608695652174 0.23497267759562843 0.5253623188405797 0.23497267759562843 0.5217391304347826 0.22950819672131148 0.5144927536231884 0.22950819672131148 0.5036231884057971 0.2185792349726776 0.4963768115942029 0.2185792349726776 0.4927536231884058 0.21311475409836064 0.4891304347826087 0.21311475409836064 0.4891304347826087 0.18579234972677597 0.5 0.16939890710382513 0.5108695652173914 0.16939890710382513
19 0.6268115942028986 0.3333333333333333 0.6304347826086957 0.3333333333333333 0.6413043478260869 0.3224043715846995 0.6739130434782609 0.3224043715846995 0.6739130434782609 0.3333333333333333 0.6594202898550725 0.3333333333333333 0.6521739130434783 0.3442622950819672 0.6557971014492754 0.34972677595628415 0.6666666666666666 0.34972677595628415 0.6702898550724637 0.3442622950819672 0.6739130434782609 0.3442622950819672 0.677536231884058 0.34972677595628415 0.6884057971014492 0.34972677595628415 0.6847826086956522 0.3551912568306011 0.6884057971014492 0.36065573770491804 0.6956521739130435 0.36065573770491804 0.6992753623188406 0.366120218579235 0.6992753623188406 0.37158469945355194 0.6920289855072463 0.3879781420765027 0.6956521739130435 0.39344262295081966 0.6884057971014492 0.40437158469945356 0.6884057971014492 0.45901639344262296 0.6847826086956522 0.4644808743169399 0.677536231884058 0.4644808743169399 0.6739130434782609 0.46994535519125685 0.6521739130434783 0.46994535519125685 0.6485507246376812 0.47540983606557374 0.644927536231884 0.47540983606557374 0.6413043478260869 0.46994535519125685 0.6376811594202898 0.47540983606557374 0.6123188405797102 0.47540983606557374 0.6086956521739131 0.46994535519125685 0.605072463768116 0.47540983606557374 0.5471014492753623 0.47540983606557374 0.5434782608695652 0.46994535519125685 0.5362318840579711 0.46994535519125685 0.5434782608695652 0.453551912568306 0.5471014492753623 0.453551912568306 0.5579710144927537 0.4426229508196721 0.5652173913043478 0.4426229508196721 0.5688405797101449 0.4371584699453552 0.5688405797101449 0.4262295081967213 0.5797101449275363 0.4098360655737705 0.5797101449275363 0.3989071038251366 0.5833333333333334 0.39344262295081966 0.5942028985507246 0.39344262295081966 0.6014492753623188 0.3770491803278688 0.6086956521739131 0.3770491803278688 0.6123188405797102 0.37158469945355194 0.6123188405797102 0.3551912568306011 0.6159420289855072 0.34972677595628415 0.6304347826086957 0.34972677595628415 0.6340579710144928 0.3442622950819672 0.6304347826086957 0.33879781420765026
19 0.717391304347826 0.31693989071038253 0.7318840579710145 0.31693989071038253 0.7355072463768116 0.3114754098360656 0.7681159420289855 0.3114754098360656 0.7717391304347826 0.31693989071038253 0.782608695652174 0.31693989071038253 0.7862318840579711 0.3224043715846995 0.8043478260869565 0.3224043715846995 0.8079710144927537 0.32786885245901637 0.8188405797101449 0.32786885245901637 0.822463768115942 0.3333333333333333 0.8369565217391305 0.3333333333333333 0.8405797101449275 0.33879781420765026 0.8659420289855072 0.33879781420765026 0.8768115942028986 0.34972677595628415 0.8768115942028986 0.36065573770491804 0.8731884057971014 0.366120218579235 0.8731884057971014 0.3770491803278688 0.8695652173913043 0.3825136612021858 0.8695652173913043 0.3989071038251366 0.8659420289855072 0.40437158469945356 0.8659420289855072 0.41530054644808745 0.8442028985507246 0.41530054644808745 0.8369565217391305 0.40437158469945356 0.7971014492753623 0.40437158469945356 0.7934782608695652 0.4098360655737705 0.7898550724637681 0.4098360655737705 0.7862318840579711 0.40437158469945356 0.7717391304347826 0.40437158469945356 0.7681159420289855 0.3989071038251366 0.7608695652173914 0.3989071038251366 0.7572463768115942 0.40437158469945356 0.7463768115942029 0.4098360655737705 0.7427536231884058 0.41530054644808745 0.7427536231884058 0.4207650273224044 0.7355072463768116 0.43169398907103823 0.7318840579710145 0.43169398907103823 0.7282608695652174 0.4371584699453552 0.717391304347826 0.4371584699453552 0.6992753623188406 0.45901639344262296 0.6992753623188406 0.4371584699453552 0.6956521739130435 0.43169398907103823 0.6992753623188406 0.4262295081967213 0.6992753623188406 0.40437158469945356 0.7028985507246377 0.3989071038251366 0.7028985507246377 0.3879781420765027 0.7065217391304348 0.3825136612021858 0.7065217391304348 0.37158469945355194 0.7101449275362319 0.366120218579235 0.7101449275362319 0.34972677595628415 0.7137681159420289 0.3442622950819672 0.7101449275362319 0.33879781420765026 0.7101449275362319 0.3333333333333333 0.717391304347826 0.3333333333333333 0.7210144927536232 0.32786885245901637 0.717391304347826 0.3224043715846995
19 0.7572463768115942 0.3879781420765027 0.7608695652173914 0.39344262295081966 0.7644927536231884 0.39344262295081966 0.7681159420289855 0.3989071038251366 0.7753623188405797 0.3989071038251366 0.7789855072463768 0.40437158469945356 0.7789855072463768 0.43169398907103823 0.782608695652174 0.4371584699453552 0.7681159420289855 0.45901639344262296 0.7681159420289855 0.4644808743169399 0.7644927536231884 0.4644808743169399 0.7572463768115942 0.47540983606557374 0.7572463768115942 0.4808743169398907 0.7391304347826086 0.5081967213114754 0.7355072463768116 0.5081967213114754 0.7246376811594203 0.5245901639344263 0.7210144927536232 0.5409836065573771 0.717391304347826 0.5409836065573771 0.7210144927536232 0.5355191256830601 0.717391304347826 0.5300546448087432 0.7137681159420289 0.5300546448087432 0.7101449275362319 0.5355191256830601 0.7101449275362319 0.5409836065573771 0.7028985507246377 0.5409836065573771 0.6992753623188406 0.546448087431694 0.6992753623188406 0.5519125683060109 0.6956521739130435 0.5519125683060109 0.6920289855072463 0.5573770491803278 0.6666666666666666 0.5573770491803278 0.6594202898550725 0.546448087431694 0.6557971014492754 0.546448087431694 0.6231884057971014 0.4972677595628415 0.6231884057971014 0.4918032786885246 0.6594202898550725 0.4918032786885246 0.6630434782608695 0.48633879781420764 0.6811594202898551 0.48633879781420764 0.6847826086956522 0.4808743169398907 0.6884057971014492 0.4808743169398907 0.6992753623188406 0.4644808743169399 0.7028985507246377 0.4644808743169399 0.7101449275362319 0.453551912568306 0.7101449275362319 0.44808743169398907 0.7137681159420289 0.4426229508196721 0.717391304347826 0.4426229508196721 0.7210144927536232 0.4371584699453552 0.7246376811594203 0.4371584699453552 0.7318840579710145 0.4262295081967213 0.7355072463768116 0.4262295081967213 0.7427536231884058 0.41530054644808745 0.7427536231884058 0.4098360655737705 0.7536231884057971 0.39344262295081966
19 0.34057971014492755 0.07650273224043716 0.3804347826086957 0.1366120218579235 0.3804347826086957 0.14207650273224043 0.37318840579710144 0.14207650273224043 0.3695652173913043 0.1366120218579235 0.358695652173913 0.1366120218579235 0.35507246376811596 0.13114754098360656 0.35144927536231885 0.13114754098360656 0.34782608695652173 0.12568306010928962 0.35144927536231885 0.12568306010928962 0.35507246376811596 0.12021857923497267 0.35507246376811596 0.11475409836065574 0.35144927536231885 0.1092896174863388 0.34782608695652173 0.11475409836065574 0.34057971014492755 0.11475409836065574 0.33695652173913043 0.12021857923497267 0.3333333333333333 0.11475409836065574 0.32971014492753625 0.11475409836065574 0.322463768115942 0.12568306010928962 0.322463768115942 0.13114754098360656 0.3188405797101449 0.1366120218579235 0.322463768115942 0.14207650273224043 0.31521739130434784 0.14207650273224043 0.3115942028985507 0.14754098360655737 0.31521739130434784 0.15300546448087432 0.3188405797101449 0.15300546448087432 0.31521739130434784 0.15300546448087432 0.3115942028985507 0.15846994535519127 0.3115942028985507 0.16939890710382513 0.31521739130434784 0.17486338797814208 0.3188405797101449 0.16939890710382513 0.322463768115942 0.17486338797814208 0.32608695652173914 0.16939890710382513 0.3333333333333333 0.16939890710382513 0.33695652173913043 0.17486338797814208 0.34057971014492755 0.16939890710382513 0.34057971014492755 0.16393442622950818 0.34057971014492755 0.17486338797814208 0.3442028985507246 0.18032786885245902 0.34782608695652173 0.17486338797814208 0.34782608695652173 0.16939890710382513 0.35507246376811596 0.18579234972677597 0.36231884057971014 0.18579234972677597 0.36594202898550726 0.18032786885245902 0.36594202898550726 0.17486338797814208 0.3695652173913043 0.18032786885245902 0.37318840579710144 0.17486338797814208 0.37318840579710144 0.16939890710382513 0.3804347826086957 0.16939890710382513 0.38405797101449274 0.16393442622950818 0.38405797101449274 0.15300546448087432 0.38768115942028986 0.15846994535519127 0.391304347826087 0.15846994535519127 0.40217391304347827 0.17486338797814208 0.4057971014492754 0.17486338797814208 0.40942028985507245 0.18032786885245902 0.41304347826086957 0.18032786885245902 0.4166666666666667 0.18579234972677597 0.42028985507246375 0.18579234972677597 0.4311594202898551 0.19672131147540983 0.4420289855072464 0.19672131147540983 0.4528985507246377 0.20765027322404372 0.4601449275362319 0.20765027322404372 0.463768115942029 0.21311475409836064 0.47101449275362317 0.21311475409836064 0.4782608695652174 0.22404371584699453 0.4891304347826087 0.22404371584699453 0.4927536231884058 0.22950819672131148 0.4891304347826087 0.22950819672131148 0.4855072463768116 0.23497267759562843 0.4891304347826087 0.24043715846994534 0.4927536231884058 0.24043715846994534 0.4927536231884058 0.2459016393442623 0.4963768115942029 0.25136612021857924 0.5 0.25136612021857924 0.5036231884057971 0.2459016393442623 0.5072463768115942 0.2459016393442623 0.5108695652173914 0.25136612021857924 0.5144927536231884 0.2459016393442623 0.5289855072463768 0.2459016393442623 0.532608695652174 0.25136612021857924 0.5434782608695652 0.2568306010928962 0.5398550724637681 0.26229508196721313 0.5434782608695652 0.2677595628415301 0.5398550724637681 0.273224043715847 0.5434782608695652 0.2786885245901639 0.5615942028985508 0.2786885245901639 0.5652173913043478 0.273224043715847 0.5688405797101449 0.2786885245901639 0.5652173913043478 0.2786885245901639 0.5615942028985508 0.28415300546448086 0.5652173913043478 0.2896174863387978 0.5688405797101449 0.2896174863387978 0.5797101449275363 0.30601092896174864 0.5905797101449275 0.3114754098360656 0.5905797101449275 0.31693989071038253 0.5942028985507246 0.3224043715846995 0.5978260869565217 0.31693989071038253 0.6014492753623188 0.3224043715846995 0.605072463768116 0.3224043715846995 0.605072463768116 0.32786885245901637 0.6014492753623188 0.3333333333333333 0.6014492753623188 0.3442622950819672 0.5942028985507246 0.3551912568306011 0.5905797101449275 0.3551912568306011 0.5869565217391305 0.36065573770491804 0.5869565217391305 0.37158469945355194 0.572463768115942 0.39344262295081966 0.5688405797101449 0.39344262295081966 0.5579710144927537 0.4098360655737705 0.5579710144927537 0.41530054644808745 0.5543478260869565 0.41530054644808745 0.5434782608695652 0.43169398907103823 0.5434782608695652 0.4371584699453552 0.5362318840579711 0.44808743169398907 0.532608695652174 0.44808743169398907 0.5217391304347826 0.4644808743169399 0.4891304347826087 0.4644808743169399 0.4855072463768116 0.45901639344262296 0.4782608695652174 0.45901639344262296 0.4746376811594203 0.453551912568306 0.4673913043478261 0.453551912568306 0.4601449275362319 0.4426229508196721 0.4492753623188406 0.4426229508196721 0.4384057971014493 0.43169398907103823 0.427536231884058 0.43169398907103823 0.4166666666666667 0.4207650273224044 0.40942028985507245 0.4207650273224044 0.4057971014492754 0.41530054644808745 0.40217391304347827 0.41530054644808745 0.391304347826087 0.40437158469945356 0.3804347826086957 0.40437158469945356 0.37318840579710144 0.39344262295081966 0.3695652173913043 0.39344262295081966 0.36594202898550726 0.3879781420765027 0.36231884057971014 0.3879781420765027 0.358695652173913 0.3825136612021858 0.35507246376811596 0.3825136612021858 0.35144927536231885 0.3770491803278688 0.34782608695652173 0.3770491803278688 0.3442028985507246 0.37158469945355194 0.34057971014492755 0.37158469945355194 0.33695652173913043 0.366120218579235 0.32608695652173914 0.36065573770491804 0.3188405797101449 0.34972677595628415 0.31521739130434784 0.34972677595628415 0.31521739130434784 0.3442622950819672 0.3115942028985507 0.33879781420765026 0.3079710144927536 0.33879781420765026 0.3007246376811594 0.32786885245901637 0.2971014492753623 0.32786885245901637 0.2898550724637681 0.3114754098360656 0.2826086956521739 0.3114754098360656 0.2826086956521739 0.30601092896174864 0.27898550724637683 0.3005464480874317 0.2717391304347826 0.3005464480874317 0.26811594202898553 0.29508196721311475 0.2644927536231884 0.29508196721311475 0.2608695652173913 0.2896174863387978 0.2608695652173913 0.28415300546448086 0.2536231884057971 0.2677595628415301 0.2463768115942029 0.2677595628415301 0.2427536231884058 0.273224043715847 0.2391304347826087 0.273224043715847 0.2391304347826087 0.2677595628415301 0.2427536231884058 0.26229508196721313 0.25 0.26229508196721313 0.2536231884057971 0.2568306010928962 0.2463768115942029 0.2459016393442623 0.2427536231884058 0.2459016393442623 0.2391304347826087 0.24043715846994534 0.2318840579710145 0.24043715846994534 0.22826086956521738 0.2459016393442623 0.22826086956521738 0.2568306010928962 0.2210144927536232 0.2568306010928962 0.21014492753623187 0.24043715846994534 0.21014492753623187 0.23497267759562843 0.2028985507246377 0.22404371584699453 0.2028985507246377 0.2185792349726776 0.19927536231884058 0.21311475409836064 0.19927536231884058 0.19672131147540983 0.2028985507246377 0.1912568306010929 0.2246376811594203 0.1912568306010929 0.22826086956521738 0.18579234972677597 0.2318840579710145 0.1912568306010929 0.23550724637681159 0.18579234972677597 0.2427536231884058 0.18579234972677597 0.2463768115942029 0.18032786885245902 0.25 0.18032786885245902 0.2536231884057971 0.17486338797814208 0.2572463768115942 0.17486338797814208 0.26811594202898553 0.16393442622950818 0.2753623188405797 0.16393442622950818 0.27898550724637683 0.15846994535519127 0.2826086956521739 0.15846994535519127 0.2898550724637681 0.14754098360655737 0.29347826086956524 0.14754098360655737 0.2971014492753623 0.14207650273224043 0.3007246376811594 0.14207650273224043 0.3079710144927536 0.13114754098360656 0.3115942028985507 0.13114754098360656 0.322463768115942 0.11475409836065574 0.322463768115942 0.1092896174863388 0.3333333333333333 0.11475409836065574 0.33695652173913043 0.1092896174863388 0.33695652173913043 0.10382513661202186 0.3333333333333333 0.09836065573770492 0.32971014492753625 0.09836065573770492 0.3333333333333333 0.09289617486338798 0.32971014492753625 0.08743169398907104 0.32971014492753625 0.08196721311475409 0.3333333333333333 0.07650273224043716 0.33695652173913043 0.07650273224043716
19 0.5072463768115942 0.16939890710382513 0.5108695652173914 0.17486338797814208 0.5181159420289855 0.17486338797814208 0.5217391304347826 0.18032786885245902 0.532608695652174 0.18032786885245902 0.5362318840579711 0.18579234972677597 0.5398550724637681 0.18579234972677597 0.5434782608695652 0.1912568306010929 0.5507246376811594 0.1912568306010929 0.5543478260869565 0.19672131147540983 0.5652173913043478 0.19672131147540983 0.5688405797101449 0.20218579234972678 0.572463768115942 0.20218579234972678 0.5833333333333334 0.21311475409836064 0.5905797101449275 0.21311475409836064 0.5942028985507246 0.2185792349726776 0.5978260869565217 0.2185792349726776 0.6086956521739131 0.22950819672131148 0.6159420289855072 0.22950819672131148 0.6195652173913043 0.23497267759562843 0.6304347826086957 0.23497267759562843 0.6413043478260869 0.2459016393442623 0.6485507246376812 0.2459016393442623 0.6557971014492754 0.2568306010928962 0.6920289855072463 0.2568306010928962 0.6992753623188406 0.2677595628415301 0.7065217391304348 0.2677595628415301 0.7101449275362319 0.273224043715847 0.7137681159420289 0.273224043715847 0.717391304347826 0.2786885245901639 0.7282608695652174 0.28415300546448086 0.7355072463768116 0.29508196721311475 0.7391304347826086 0.29508196721311475 0.7391304347826086 0.3005464480874317 0.7427536231884058 0.30601092896174864 0.7536231884057971 0.3114754098360656 0.7463768115942029 0.3114754098360656 0.7427536231884058 0.31693989071038253 0.7427536231884058 0.32786885245901637 0.7391304347826086 0.3333333333333333 0.7282608695652174 0.3333333333333333 0.7210144927536232 0.3224043715846995 0.717391304347826 0.3224043715846995 0.7210144927536232 0.31693989071038253 0.7246376811594203 0.3005464480874317 0.7210144927536232 0.29508196721311475 0.7101449275362319 0.29508196721311475 0.6992753623188406 0.2786885245901639 0.6920289855072463 0.2786885245901639 0.6884057971014492 0.273224043715847 0.6630434782608695 0.273224043715847 0.6594202898550725 0.2786885245901639 0.6557971014492754 0.273224043715847 0.6521739130434783 0.2786885245901639 0.6159420289855072 0.2786885245901639 0.6123188405797102 0.273224043715847 0.5869565217391305 0.273224043715847 0.5833333333333334 0.2677595628415301 0.5869565217391305 0.273224043715847 0.5905797101449275 0.2677595628415301 0.5942028985507246 0.273224043715847 0.5978260869565217 0.2677595628415301 0.6014492753623188 0.273224043715847 0.605072463768116 0.273224043715847 0.6086956521739131 0.2677595628415301 0.6268115942028986 0.2677595628415301 0.6304347826086957 0.26229508196721313 0.6304347826086957 0.2568306010928962 0.6268115942028986 0.25136612021857924 0.6195652173913043 0.25136612021857924 0.6159420289855072 0.2568306010928962 0.6086956521739131 0.2568306010928962 0.605072463768116 0.25136612021857924 0.5978260869565217 0.25136612021857924 0.5869565217391305 0.24043715846994534 0.5688405797101449 0.24043715846994534 0.5652173913043478 0.23497267759562843 0.5615942028985508 0.23497267759562843 0.5579710144927537 0.24043715846994534 0.5652173913043478 0.25136612021857924 0.5688405797101449 0.25136612021857924 0.5688405797101449 0.2568306010928962 0.5543478260869565 0.2568306010928962 0.5507246376811594 0.25136612021857924 0.5471014492753623 0.25136612021857924 0.5434782608695652 0.2459016393442623 0.5398550724637681 0.2459016393442623 0.5289855072463768 0.23497267759562843 0.5217391304347826 0.23497267759562843 0.5108695652173914 0.22404371584699453 0.5 0.22404371584699453 0.4927536231884058 0.21311475409836064 0.4891304347826087 0.21311475409836064 0.4891304347826087 0.19672131147540983 0.4927536231884058 0.1912568306010929 0.4927536231884058 0.18579234972677597 0.5 0.17486338797814208 0.5036231884057971 0.17486338797814208
19 0.3442028985507246 0.07650273224043716 0.38768115942028986 0.14207650273224043 0.38768115942028986 0.14754098360655737 0.39492753623188404 0.15846994535519127 0.39492753623188404 0.16939890710382513 0.38768115942028986 0.16939890710382513 0.38405797101449274 0.17486338797814208 0.3804347826086957 0.17486338797814208 0.36231884057971014 0.20218579234972678 0.36231884057971014 0.20765027322404372 0.35507246376811596 0.20765027322404372 0.34782608695652173 0.2185792349726776 0.3442028985507246 0.2185792349726776 0.33695652173913043 0.22950819672131148 0.3333333333333333 0.22950819672131148 0.3188405797101449 0.25136612021857924 0.31521739130434784 0.25136612021857924 0.3079710144927536 0.26229508196721313 0.3007246376811594 0.26229508196721313 0.2971014492753623 0.2677595628415301 0.2898550724637681 0.2677595628415301 0.286231884057971 0.273224043715847 0.2717391304347826 0.273224043715847 0.26811594202898553 0.2677595628415301 0.2608695652173913 0.2677595628415301 0.2572463768115942 0.273224043715847 0.2463768115942029 0.273224043715847 0.2427536231884058 0.2786885245901639 0.2246376811594203 0.2786885245901639 0.213768115942029 0.26229508196721313 0.213768115942029 0.2568306010928962 0.21014492753623187 0.25136612021857924 0.20652173913043478 0.23497267759562843 0.19927536231884058 0.22404371584699453 0.19927536231884058 0.2185792349726776 0.19202898550724637 0.20218579234972678 0.1956521739130435 0.18579234972677597 0.19927536231884058 0.18579234972677597 0.2028985507246377 0.18032786885245902 0.21739130434782608 0.18032786885245902 0.2210144927536232 0.18579234972677597 0.2318840579710145 0.18579234972677597 0.23550724637681159 0.18032786885245902 0.2427536231884058 0.18032786885245902 0.2463768115942029 0.17486338797814208 0.25 0.17486338797814208 0.2608695652173913 0.16393442622950818 0.26811594202898553 0.16393442622950818 0.2717391304347826 0.15846994535519127 0.2753623188405797 0.15846994535519127 0.27898550724637683 0.15300546448087432 0.2898550724637681 0.14754098360655737 0.3079710144927536 0.12568306010928962 0.3115942028985507 0.12568306010928962 0.3188405797101449 0.11475409836065574 0.3188405797101449 0.1092896174863388 0.32608695652173914 0.09289617486338798 0.32608695652173914 0.08196721311475409 0.3333333333333333 0.07103825136612021 0.33695652173913043 0.07103825136612021 0.34057971014492755 0.07650273224043716
19 0.5760869565217391 0.4918032786885246 0.6195652173913043 0.4918032786885246 0.6304347826086957 0.5081967213114754 0.6304347826086957 0.5136612021857924 0.6376811594202898 0.5245901639344263 0.6413043478260869 0.5245901639344263 0.644927536231884 0.5300546448087432 0.644927536231884 0.5355191256830601 0.6485507246376812 0.5409836065573771 0.644927536231884 0.546448087431694 0.644927536231884 0.5519125683060109 0.6413043478260869 0.5519125683060109 0.6376811594202898 0.5573770491803278 0.6304347826086957 0.5573770491803278 0.6268115942028986 0.5519125683060109 0.6231884057971014 0.5519125683060109 0.6159420289855072 0.5409836065573771 0.6123188405797102 0.5409836065573771 0.5942028985507246 0.5136612021857924 0.5905797101449275 0.5136612021857924 0.5797101449275363 0.4972677595628415
19 0.5833333333333334 0.20765027322404372 0.5869565217391305 0.21311475409836064 0.5942028985507246 0.21311475409836064 0.5978260869565217 0.2185792349726776 0.6014492753623188 0.2185792349726776 0.6123188405797102 0.22950819672131148 0.6195652173913043 0.22950819672131148 0.6231884057971014 0.23497267759562843 0.6304347826086957 0.23497267759562843 0.6340579710144928 0.24043715846994534 0.6413043478260869 0.24043715846994534 0.6521739130434783 0.25136612021857924 0.677536231884058 0.25136612021857924 0.6811594202898551 0.2568306010928962 0.6920289855072463 0.2568306010928962 0.6956521739130435 0.26229508196721313 0.7028985507246377 0.26229508196721313 0.7065217391304348 0.2677595628415301 0.7101449275362319 0.2677595628415301 0.7137681159420289 0.273224043715847 0.717391304347826 0.273224043715847 0.7210144927536232 0.2786885245901639 0.7318840579710145 0.28415300546448086 0.7391304347826086 0.29508196721311475 0.7427536231884058 0.29508196721311475 0.75 0.30601092896174864 0.7536231884057971 0.30601092896174864 0.7572463768115942 0.3114754098360656 0.7681159420289855 0.3114754098360656 0.7717391304347826 0.31693989071038253 0.782608695652174 0.31693989071038253 0.7862318840579711 0.3224043715846995 0.8007246376811594 0.3224043715846995 0.8043478260869565 0.32786885245901637 0.8188405797101449 0.32786885245901637 0.822463768115942 0.3333333333333333 0.8333333333333334 0.3333333333333333 0.8369565217391305 0.33879781420765026 0.8586956521739131 0.33879781420765026 0.8623188405797102 0.3442622950819672 0.8695652173913043 0.3442622950819672 0.8731884057971014 0.34972677595628415 0.8731884057971014 0.366120218579235 0.8659420289855072 0.3825136612021858 0.8659420289855072 0.3989071038251366 0.8623188405797102 0.40437158469945356 0.8586956521739131 0.3989071038251366 0.8442028985507246 0.3989071038251366 0.8405797101449275 0.39344262295081966 0.8260869565217391 0.39344262295081966 0.822463768115942 0.3879781420765027 0.7934782608695652 0.3879781420765027 0.7898550724637681 0.3825136612021858 0.7862318840579711 0.3825136612021858 0.7789855072463768 0.37158469945355194 0.7753623188405797 0.3770491803278688 0.7717391304347826 0.3770491803278688 0.7681159420289855 0.37158469945355194 0.7572463768115942 0.37158469945355194 0.75 0.3825136612021858 0.75 0.3879781420765027 0.7318840579710145 0.41530054644808745 0.7282608695652174 0.41530054644808745 0.7210144927536232 0.4262295081967213 0.7210144927536232 0.43169398907103823 0.717391304347826 0.43169398907103823 0.7137681159420289 0.4371584699453552 0.7101449275362319 0.4371584699453552 0.7028985507246377 0.44808743169398907 0.6992753623188406 0.44808743169398907 0.6811594202898551 0.47540983606557374 0.6340579710144928 0.47540983606557374 0.6304347826086957 0.4808743169398907 0.6195652173913043 0.4808743169398907 0.6159420289855072 0.47540983606557374 0.5615942028985508 0.47540983606557374 0.5579710144927537 0.46994535519125685 0.5471014492753623 0.4644808743169399 0.5434782608695652 0.45901639344262296 0.5434782608695652 0.453551912568306 0.5543478260869565 0.4371584699453552 0.5543478260869565 0.43169398907103823 0.5905797101449275 0.3770491803278688 0.5942028985507246 0.3770491803278688 0.6195652173913043 0.33879781420765026 0.6413043478260869 0.33879781420765026 0.644927536231884 0.3333333333333333 0.6557971014492754 0.34972677595628415 0.6594202898550725 0.3442622950819672 0.6666666666666666 0.3442622950819672 0.6739130434782609 0.3333333333333333 0.6739130434782609 0.32786885245901637 0.6702898550724637 0.3224043715846995 0.6666666666666666 0.32786885245901637 0.6630434782608695 0.3224043715846995 0.6594202898550725 0.32786885245901637 0.6557971014492754 0.3224043715846995 0.6521739130434783 0.32786885245901637 0.6521739130434783 0.3224043715846995 0.6594202898550725 0.3224043715846995 0.6630434782608695 0.31693989071038253 0.6630434782608695 0.3114754098360656 0.6666666666666666 0.3114754098360656 0.6666666666666666 0.31693989071038253 0.6702898550724637 0.3224043715846995 0.6739130434782609 0.31693989071038253 0.677536231884058 0.3224043715846995 0.6811594202898551 0.3224043715846995 0.6811594202898551 0.32786885245901637 0.6847826086956522 0.3333333333333333 0.6884057971014492 0.3333333333333333 0.6920289855072463 0.33879781420765026 0.6992753623188406 0.33879781420765026 0.7065217391304348 0.32786885245901637 0.7065217391304348 0.30601092896174864 0.7028985507246377 0.3005464480874317 0.7028985507246377 0.2896174863387978 0.6992753623188406 0.28415300546448086 0.6920289855072463 0.28415300546448086 0.6884057971014492 0.2786885245901639 0.6485507246376812 0.2786885245901639 0.644927536231884 0.28415300546448086 0.6086956521739131 0.28415300546448086 0.605072463768116 0.2786885245901639 0.5942028985507246 0.2786885245901639 0.5833333333333334 0.2677595628415301 0.5760869565217391 0.2677595628415301 0.572463768115942 0.26229508196721313 0.5652173913043478 0.26229508196721313 0.5615942028985508 0.2568306010928962 0.5543478260869565 0.2568306010928962 0.5507246376811594 0.25136612021857924 0.5398550724637681 0.2459016393442623 0.532608695652174 0.23497267759562843 0.5217391304347826 0.23497267759562843 0.5181159420289855 0.22950819672131148 0.5108695652173914 0.22950819672131148 0.5072463768115942 0.22404371584699453 0.5 0.22404371584699453 0.4927536231884058 0.21311475409836064 0.4855072463768116 0.21311475409836064 0.4855072463768116 0.20218579234972678 0.4891304347826087 0.19672131147540983 0.4927536231884058 0.18032786885245902 0.5 0.16939890710382513 0.5108695652173914 0.16939890710382513 0.5144927536231884 0.17486338797814208 0.5217391304347826 0.17486338797814208 0.5253623188405797 0.18032786885245902 0.532608695652174 0.18032786885245902 0.5362318840579711 0.18579234972677597 0.5434782608695652 0.18579234972677597 0.5471014492753623 0.1912568306010929 0.5543478260869565 0.1912568306010929 0.5579710144927537 0.19672131147540983 0.572463768115942 0.19672131147540983 0.5797101449275363 0.20765027322404372
19 0.4782608695652174 0.4972677595628415 0.48188405797101447 0.5027322404371585 0.4927536231884058 0.5027322404371585 0.5 0.5136612021857924 0.5036231884057971 0.5136612021857924 0.5144927536231884 0.5300546448087432 0.5144927536231884 0.5355191256830601 0.5217391304347826 0.546448087431694 0.5253623188405797 0.546448087431694 0.5398550724637681 0.5683060109289617 0.5434782608695652 0.5683060109289617 0.5579710144927537 0.5901639344262295 0.5579710144927537 0.5956284153005464 0.5652173913043478 0.6065573770491803 0.572463768115942 0.6065573770491803 0.5760869565217391 0.6229508196721312 0.5942028985507246 0.6502732240437158 0.5978260869565217 0.6502732240437158 0.605072463768116 0.6612021857923497 0.6159420289855072 0.6666666666666666 0.6268115942028986 0.6830601092896175 0.6268115942028986 0.6885245901639344 0.6340579710144928 0.6994535519125683 0.6413043478260869 0.6994535519125683 0.644927536231884 0.7049180327868853 0.6485507246376812 0.7049180327868853 0.6666666666666666 0.73224043715847 0.6702898550724637 0.73224043715847 0.677536231884058 0.7431693989071039 0.6811594202898551 0.7431693989071039 0.6920289855072463 0.7595628415300546 0.6956521739130435 0.7595628415300546 0.7028985507246377 0.7704918032786885 0.7101449275362319 0.7704918032786885 0.7101449275362319 0.7814207650273224 0.6992753623188406 0.7978142076502732 0.6884057971014492 0.8032786885245902 0.6811594202898551 0.8142076502732241 0.6702898550724637 0.819672131147541 0.6630434782608695 0.8306010928961749 0.6594202898550725 0.8306010928961749 0.6557971014492754 0.8360655737704918 0.6521739130434783 0.8360655737704918 0.6413043478260869 0.8469945355191257 0.6340579710144928 0.8469945355191257 0.6304347826086957 0.8524590163934426 0.5978260869565217 0.8524590163934426 0.5942028985507246 0.8469945355191257 0.5905797101449275 0.8469945355191257 0.5797101449275363 0.8306010928961749 0.5797101449275363 0.825136612021858 0.5760869565217391 0.819672131147541 0.572463768115942 0.819672131147541 0.5579710144927537 0.7978142076502732 0.5543478260869565 0.7978142076502732 0.5434782608695652 0.7814207650273224 0.5362318840579711 0.7814207650273224 0.532608695652174 0.7759562841530054 0.532608695652174 0.7704918032786885 0.5253623188405797 0.7595628415300546 0.5217391304347826 0.7595628415300546 0.5036231884057971 0.73224043715847 0.4963768115942029 0.73224043715847 0.4746376811594203 0.6994535519125683 0.4746376811594203 0.6939890710382514 0.45652173913043476 0.6666666666666666 0.45652173913043476 0.6612021857923497 0.4420289855072464 0.639344262295082 0.4384057971014493 0.6229508196721312 0.4311594202898551 0.6120218579234973 0.427536231884058 0.6120218579234973 0.41304347826086957 0.5901639344262295 0.41304347826086957 0.5846994535519126 0.40217391304347827 0.5683060109289617 0.40217391304347827 0.5628415300546448 0.39492753623188404 0.5519125683060109 0.39492753623188404 0.5409836065573771 0.391304347826087 0.5355191256830601 0.391304347826087 0.5191256830601093 0.39492753623188404 0.5136612021857924 0.40217391304347827 0.5136612021857924 0.4057971014492754 0.5081967213114754 0.41304347826086957 0.5081967213114754 0.4166666666666667 0.5027322404371585 0.4384057971014493 0.5027322404371585 0.4420289855072464 0.4972677595628415 0.4746376811594203 0.4972677595628415
19 0.34057971014492755 0.07650273224043716 0.36594202898550726 0.1092896174863388 0.36594202898550726 0.11475409836065574 0.39492753623188404 0.15846994535519127 0.39492753623188404 0.16393442622950818 0.39855072463768115 0.16939890710382513 0.39492753623188404 0.17486338797814208 0.391304347826087 0.16939890710382513 0.38768115942028986 0.16939890710382513 0.38405797101449274 0.17486338797814208 0.37681159420289856 0.17486338797814208 0.37681159420289856 0.16939890710382513 0.3804347826086957 0.16939890710382513 0.38405797101449274 0.16393442622950818 0.37681159420289856 0.15300546448087432 0.3695652173913043 0.15300546448087432 0.3695652173913043 0.14754098360655737 0.36594202898550726 0.14207650273224043 0.35507246376811596 0.1366120218579235 0.35144927536231885 0.14207650273224043 0.35144927536231885 0.14754098360655737 0.35507246376811596 0.15300546448087432 0.358695652173913 0.15300546448087432 0.35507246376811596 0.15300546448087432 0.34782608695652173 0.16393442622950818 0.34782608695652173 0.16939890710382513 0.35144927536231885 0.17486338797814208 0.35144927536231885 0.18579234972677597 0.358695652173913 0.19672131147540983 0.36594202898550726 0.19672131147540983 0.36594202898550726 0.20765027322404372 0.36231884057971014 0.21311475409836064 0.36231884057971014 0.2185792349726776 0.35144927536231885 0.2185792349726776 0.34782608695652173 0.22404371584699453 0.3442028985507246 0.22404371584699453 0.33695652173913043 0.23497267759562843 0.3333333333333333 0.23497267759562843 0.322463768115942 0.2459016393442623 0.3188405797101449 0.24043715846994534 0.31521739130434784 0.2459016393442623 0.31521739130434784 0.25136612021857924 0.3079710144927536 0.26229508196721313 0.3007246376811594 0.26229508196721313 0.2971014492753623 0.2677595628415301 0.2753623188405797 0.2677595628415301 0.2717391304347826 0.273224043715847 0.26811594202898553 0.273224043715847 0.2644927536231884 0.2677595628415301 0.2608695652173913 0.2677595628415301 0.2572463768115942 0.273224043715847 0.2536231884057971 0.2677595628415301 0.25 0.2677595628415301 0.2463768115942029 0.273224043715847 0.2246376811594203 0.273224043715847 0.213768115942029 0.2568306010928962 0.213768115942029 0.25136612021857924 0.21014492753623187 0.2459016393442623 0.21014492753623187 0.24043715846994534 0.20652173913043478 0.23497267759562843 0.2028985507246377 0.2185792349726776 0.1956521739130435 0.20765027322404372 0.1956521739130435 0.1912568306010929 0.19927536231884058 0.18579234972677597 0.2391304347826087 0.18579234972677597 0.2427536231884058 0.18032786885245902 0.2463768115942029 0.18032786885245902 0.25 0.17486338797814208 0.2536231884057971 0.17486338797814208 0.2644927536231884 0.16393442622950818 0.26811594202898553 0.16393442622950818 0.2717391304347826 0.15846994535519127 0.27898550724637683 0.15846994535519127 0.286231884057971 0.14754098360655737 0.2898550724637681 0.14754098360655737 0.29347826086956524 0.14207650273224043 0.30434782608695654 0.1366120218579235 0.32608695652173914 0.10382513661202186 0.32608695652173914 0.09289617486338798 0.32971014492753625 0.08743169398907104 0.32971014492753625 0.08196721311475409 0.3333333333333333 0.07650273224043716 0.33695652173913043 0.07650273224043716
19 0.677536231884058 0.3114754098360656 0.6884057971014492 0.32786885245901637 0.6920289855072463 0.32786885245901637 0.7028985507246377 0.33879781420765026 0.7028985507246377 0.3825136612021858 0.6956521739130435 0.3989071038251366 0.6956521739130435 0.4371584699453552 0.6920289855072463 0.4426229508196721 0.6920289855072463 0.45901639344262296 0.6884057971014492 0.4644808743169399 0.6884057971014492 0.46994535519125685 0.6847826086956522 0.46994535519125685 0.6811594202898551 0.47540983606557374 0.6485507246376812 0.47540983606557374 0.644927536231884 0.4808743169398907 0.6413043478260869 0.47540983606557374 0.6376811594202898 0.4808743169398907 0.5797101449275363 0.4808743169398907 0.5760869565217391 0.47540983606557374 0.5434782608695652 0.47540983606557374 0.5398550724637681 0.46994535519125685 0.532608695652174 0.46994535519125685 0.5362318840579711 0.4644808743169399 0.5362318840579711 0.45901639344262296 0.5471014492753623 0.4426229508196721 0.5507246376811594 0.4426229508196721 0.5543478260869565 0.4371584699453552 0.5543478260869565 0.43169398907103823 0.5905797101449275 0.3770491803278688 0.5942028985507246 0.3770491803278688 0.6195652173913043 0.33879781420765026 0.6231884057971014 0.33879781420765026 0.6340579710144928 0.3224043715846995 0.6340579710144928 0.31693989071038253 0.6376811594202898 0.3224043715846995 0.6413043478260869 0.3224043715846995 0.644927536231884 0.31693989071038253 0.6594202898550725 0.31693989071038253 0.6630434782608695 0.3114754098360656 0.6739130434782609 0.3114754098360656
19 0.38405797101449274 0.15846994535519127 0.391304347826087 0.15846994535519127 0.40217391304347827 0.17486338797814208 0.4057971014492754 0.17486338797814208 0.40942028985507245 0.18032786885245902 0.41304347826086957 0.18032786885245902 0.4166666666666667 0.18579234972677597 0.42028985507246375 0.18579234972677597 0.4311594202898551 0.19672131147540983 0.4420289855072464 0.19672131147540983 0.44565217391304346 0.20218579234972678 0.4492753623188406 0.20218579234972678 0.4528985507246377 0.20765027322404372 0.4601449275362319 0.20765027322404372 0.463768115942029 0.21311475409836064 0.4673913043478261 0.21311475409836064 0.4782608695652174 0.22404371584699453 0.4855072463768116 0.22404371584699453 0.4891304347826087 0.22950819672131148 0.4855072463768116 0.23497267759562843 0.4891304347826087 0.24043715846994534 0.4927536231884058 0.24043715846994534 0.4927536231884058 0.2568306010928962 0.4855072463768116 0.2677595628415301 0.4855072463768116 0.2786885245901639 0.48188405797101447 0.273224043715847 0.4782608695652174 0.273224043715847 0.4782608695652174 0.2568306010928962 0.48188405797101447 0.2568306010928962 0.4855072463768116 0.25136612021857924 0.4855072463768116 0.23497267759562843 0.48188405797101447 0.22950819672131148 0.4746376811594203 0.22950819672131148 0.47101449275362317 0.23497267759562843 0.463768115942029 0.22404371584699453 0.4601449275362319 0.22404371584699453 0.4601449275362319 0.2185792349726776 0.45652173913043476 0.21311475409836064 0.4492753623188406 0.21311475409836064 0.44565217391304346 0.20765027322404372 0.43478260869565216 0.20765027322404372 0.4311594202898551 0.21311475409836064 0.4311594202898551 0.22404371584699453 0.427536231884058 0.2185792349726776 0.42391304347826086 0.2185792349726776 0.42028985507246375 0.22404371584699453 0.42391304347826086 0.22950819672131148 0.42028985507246375 0.23497267759562843 0.42028985507246375 0.24043715846994534 0.42391304347826086 0.2459016393442623 0.427536231884058 0.2459016393442623 0.4311594202898551 0.24043715846994534 0.4311594202898551 0.23497267759562843 0.4311594202898551 0.24043715846994534 0.427536231884058 0.2459016393442623 0.4311594202898551 0.25136612021857924 0.4311594202898551 0.26229508196721313 0.42028985507246375 0.26229508196721313 0.42028985507246375 0.2568306010928962 0.41304347826086957 0.2459016393442623 0.40942028985507245 0.2459016393442623 0.4057971014492754 0.24043715846994534 0.40942028985507245 0.23497267759562843 0.39855072463768115 0.2185792349726776 0.39492753623188404 0.2185792349726776 0.39492753623188404 0.21311475409836064 0.391304347826087 0.20765027322404372 0.38768115942028986 0.20765027322404372 0.38405797101449274 0.20218579234972678 0.37318840579710144 0.19672131147540983 0.3695652173913043 0.20218579234972678 0.3695652173913043 0.20765027322404372 0.37318840579710144 0.21311475409836064 0.3804347826086957 0.21311475409836064 0.3695652173913043 0.22404371584699453 0.3695652173913043 0.22950819672131148 0.358695652173913 0.2459016393442623 0.358695652173913 0.25136612021857924 0.35507246376811596 0.25136612021857924 0.35144927536231885 0.2568306010928962 0.34782608695652173 0.2568306010928962 0.3442028985507246 0.25136612021857924 0.33695652173913043 0.25136612021857924 0.32971014492753625 0.26229508196721313 0.3333333333333333 0.2677595628415301 0.32971014492753625 0.273224043715847 0.3333333333333333 0.2786885245901639 0.32971014492753625 0.273224043715847 0.3188405797101449 0.273224043715847 0.31521739130434784 0.2677595628415301 0.30434782608695654 0.26229508196721313 0.2971014492753623 0.273224043715847 0.2971014492753623 0.28415300546448086 0.3079710144927536 0.3005464480874317 0.3079710144927536 0.30601092896174864 0.3115942028985507 0.3114754098360656 0.322463768115942 0.3114754098360656 0.32608695652173914 0.30601092896174864 0.32608695652173914 0.3005464480874317 0.32608695652173914 0.30601092896174864 0.32971014492753625 0.3114754098360656 0.3333333333333333 0.30601092896174864 0.33695652173913043 0.3114754098360656 0.34057971014492755 0.30601092896174864 0.34057971014492755 0.3005464480874317 0.3442028985507246 0.3005464480874317 0.35507246376811596 0.2896174863387978 0.34782608695652173 0.2786885245901639 0.35144927536231885 0.273224043715847 0.35144927536231885 0.2677595628415301 0.39492753623188404 0.2677595628415301 0.391304347826087 0.2677595628415301 0.38768115942028986 0.273224043715847 0.38768115942028986 0.28415300546448086 0.38405797101449274 0.2786885245901639 0.37318840579710144 0.2896174863387978 0.37318840579710144 0.3005464480874317 0.37681159420289856 0.30601092896174864 0.3695652173913043 0.30601092896174864 0.36594202898550726 0.3114754098360656 0.3695652173913043 0.31693989071038253 0.36594202898550726 0.3224043715846995 0.36231884057971014 0.3224043715846995 0.36594202898550726 0.31693989071038253 0.36594202898550726 0.3114754098360656 0.358695652173913 0.3005464480874317 0.35144927536231885 0.3005464480874317 0.34057971014492755 0.3114754098360656 0.3442028985507246 0.31693989071038253 0.34782608695652173 0.31693989071038253 0.34782608695652173 0.3224043715846995 0.34057971014492755 0.3224043715846995 0.34057971014492755 0.31693989071038253 0.33695652173913043 0.3114754098360656 0.3333333333333333 0.31693989071038253 0.3333333333333333 0.3224043715846995 0.32971014492753625 0.32786885245901637 0.322463768115942 0.32786885245901637 0.3188405797101449 0.3333333333333333 0.3188405797101449 0.33879781420765026 0.3079710144927536 0.32786885245901637 0.3007246376811594 0.32786885245901637 0.3007246376811594 0.3224043715846995 0.29347826086956524 0.3114754098360656 0.29347826086956524 0.30601092896174864 0.2898550724637681 0.3005464480874317 0.2717391304347826 0.3005464480874317 0.26811594202898553 0.29508196721311475 0.2644927536231884 0.29508196721311475 0.2572463768115942 0.2786885245901639 0.2572463768115942 0.2677595628415301 0.2608695652173913 0.2677595628415301 0.2644927536231884 0.26229508196721313 0.2644927536231884 0.2568306010928962 0.2608695652173913 0.25136612021857924 0.2572463768115942 0.2568306010928962 0.25 0.24043715846994534 0.2463768115942029 0.24043715846994534 0.2427536231884058 0.23497267759562843 0.2318840579710145 0.23497267759562843 0.2246376811594203 0.22404371584699453 0.213768115942029 0.24043715846994534 0.21014492753623187 0.23497267759562843 0.21014492753623187 0.22950819672131148 0.2028985507246377 0.21311475409836064 0.2028985507246377 0.20765027322404372 0.20652173913043478 0.20218579234972678 0.2028985507246377 0.19672131147540983 0.213768115942029 0.19672131147540983 0.21739130434782608 0.1912568306010929 0.23550724637681159 0.1912568306010929 0.2391304347826087 0.18579234972677597 0.23550724637681159 0.1912568306010929 0.23550724637681159 0.20218579234972678 0.2391304347826087 0.20765027322404372 0.2427536231884058 0.20765027322404372 0.2427536231884058 0.21311475409836064 0.2463768115942029 0.2185792349726776 0.2572463768115942 0.22404371584699453 0.2608695652173913 0.22950819672131148 0.2608695652173913 0.24043715846994534 0.2644927536231884 0.2459016393442623 0.2717391304347826 0.2459016393442623 0.2753623188405797 0.24043715846994534 0.27898550724637683 0.24043715846994534 0.286231884057971 0.25136612021857924 0.2898550724637681 0.25136612021857924 0.29347826086956524 0.2459016393442623 0.2971014492753623 0.2459016393442623 0.3007246376811594 0.25136612021857924 0.3188405797101449 0.25136612021857924 0.322463768115942 0.2459016393442623 0.3188405797101449 0.24043715846994534 0.322463768115942 0.23497267759562843 0.322463768115942 0.22950819672131148 0.3188405797101449 0.22404371584699453 0.31521739130434784 0.22404371584699453 0.31521739130434784 0.2185792349726776 0.3333333333333333 0.2185792349726776 0.33695652173913043 0.21311475409836064 0.34057971014492755 0.21311475409836064 0.34782608695652173 0.19672131147540983 0.35144927536231885 0.20218579234972678 0.35507246376811596 0.19672131147540983 0.358695652173913 0.19672131147540983 0.36594202898550726 0.18032786885245902 0.3695652173913043 0.18032786885245902 0.37681159420289856 0.16939890710382513 0.3804347826086957 0.16939890710382513 0.38405797101449274 0.16393442622950818
19 0.2246376811594203 0.45901639344262296 0.2318840579710145 0.46994535519125685 0.2318840579710145 0.47540983606557374 0.23550724637681159 0.4808743169398907 0.2391304347826087 0.4808743169398907 0.2427536231884058 0.48633879781420764 0.2463768115942029 0.48633879781420764 0.2572463768115942 0.4972677595628415 0.2536231884057971 0.5136612021857924 0.2463768115942029 0.5245901639344263 0.2463768115942029 0.5300546448087432 0.23550724637681159 0.546448087431694 0.23550724637681159 0.5519125683060109 0.22826086956521738 0.5628415300546448 0.22826086956521738 0.5737704918032787 0.2246376811594203 0.5792349726775956 0.2246376811594203 0.5956284153005464 0.22826086956521738 0.6010928961748634 0.22826086956521738 0.6065573770491803 0.23550724637681159 0.6174863387978142 0.2391304347826087 0.6174863387978142 0.2572463768115942 0.644808743169399 0.2608695652173913 0.644808743169399 0.26811594202898553 0.6557377049180327 0.2753623188405797 0.6557377049180327 0.27898550724637683 0.6612021857923497 0.286231884057971 0.6612021857923497 0.2971014492753623 0.6721311475409836 0.30434782608695654 0.6721311475409836 0.31521739130434784 0.6885245901639344 0.3115942028985507 0.6885245901639344 0.3079710144927536 0.6830601092896175 0.30434782608695654 0.6885245901639344 0.286231884057971 0.6885245901639344 0.2826086956521739 0.6830601092896175 0.2644927536231884 0.6830601092896175 0.2608695652173913 0.6775956284153005 0.25 0.6775956284153005 0.2463768115942029 0.6721311475409836 0.2318840579710145 0.6721311475409836 0.22826086956521738 0.6666666666666666 0.21739130434782608 0.6666666666666666 0.213768115942029 0.6612021857923497 0.19927536231884058 0.6612021857923497 0.1956521739130435 0.6557377049180327 0.17753623188405798 0.6557377049180327 0.17391304347826086 0.6502732240437158 0.13768115942028986 0.6502732240437158 0.13405797101449277 0.644808743169399 0.13043478260869565 0.644808743169399 0.13043478260869565 0.639344262295082 0.12318840579710146 0.6284153005464481 0.12318840579710146 0.6120218579234973 0.13405797101449277 0.5956284153005464 0.13768115942028986 0.5792349726775956 0.15217391304347827 0.5573770491803278 0.15579710144927536 0.5573770491803278 0.18840579710144928 0.5081967213114754 0.18840579710144928 0.5027322404371585 0.21739130434782608 0.45901639344262296 0.2210144927536232 0.45901639344262296
19 0.34057971014492755 0.07650273224043716 0.35144927536231885 0.09289617486338798 0.35507246376811596 0.09289617486338798 0.358695652173913 0.09836065573770492 0.358695652173913 0.10382513661202186 0.39492753623188404 0.15846994535519127 0.39492753623188404 0.16393442622950818 0.4057971014492754 0.18032786885245902 0.40942028985507245 0.18032786885245902 0.40942028985507245 0.18579234972677597 0.39492753623188404 0.18579234972677597 0.391304347826087 0.18032786885245902 0.38768115942028986 0.18579234972677597 0.37681159420289856 0.1912568306010929 0.36594202898550726 0.20765027322404372 0.36594202898550726 0.2185792349726776 0.36231884057971014 0.22404371584699453 0.34782608695652173 0.22404371584699453 0.3442028985507246 0.22950819672131148 0.3442028985507246 0.23497267759562843 0.33695652173913043 0.23497267759562843 0.3333333333333333 0.24043715846994534 0.322463768115942 0.2459016393442623 0.31521739130434784 0.2568306010928962 0.3115942028985507 0.2568306010928962 0.3007246376811594 0.2677595628415301 0.27898550724637683 0.2677595628415301 0.2753623188405797 0.273224043715847 0.286231884057971 0.28415300546448086 0.2898550724637681 0.2786885245901639 0.29347826086956524 0.2786885245901639 0.29347826086956524 0.28415300546448086 0.286231884057971 0.28415300546448086 0.2826086956521739 0.2786885245901639 0.2753623188405797 0.2786885245901639 0.2717391304347826 0.273224043715847 0.26811594202898553 0.273224043715847 0.2608695652173913 0.26229508196721313 0.2572463768115942 0.2677595628415301 0.2536231884057971 0.26229508196721313 0.2427536231884058 0.273224043715847 0.2391304347826087 0.2677595628415301 0.2427536231884058 0.2677595628415301 0.2463768115942029 0.26229508196721313 0.25 0.2677595628415301 0.2536231884057971 0.26229508196721313 0.2536231884057971 0.2568306010928962 0.2463768115942029 0.2459016393442623 0.2427536231884058 0.2459016393442623 0.2391304347826087 0.24043715846994534 0.2246376811594203 0.24043715846994534 0.2210144927536232 0.2459016393442623 0.2210144927536232 0.2568306010928962 0.21014492753623187 0.24043715846994534 0.21014492753623187 0.22950819672131148 0.2028985507246377 0.2185792349726776 0.2028985507246377 0.20765027322404372 0.19927536231884058 0.20218579234972678 0.19927536231884058 0.19672131147540983 0.2028985507246377 0.1912568306010929 0.21014492753623187 0.1912568306010929 0.213768115942029 0.18579234972677597 0.2210144927536232 0.18579234972677597 0.2246376811594203 0.1912568306010929 0.22826086956521738 0.18579234972677597 0.2391304347826087 0.18579234972677597 0.2427536231884058 0.18032786885245902 0.2463768115942029 0.18032786885245902 0.25 0.17486338797814208 0.2536231884057971 0.17486338797814208 0.2644927536231884 0.16393442622950818 0.2717391304347826 0.16393442622950818 0.2753623188405797 0.15846994535519127 0.27898550724637683 0.15846994535519127 0.2826086956521739 0.15300546448087432 0.29347826086956524 0.14754098360655737 0.2971014492753623 0.14207650273224043 0.3007246376811594 0.14207650273224043 0.3079710144927536 0.13114754098360656 0.3115942028985507 0.13114754098360656 0.322463768115942 0.11475409836065574 0.322463768115942 0.1092896174863388 0.32971014492753625 0.09289617486338798 0.32971014492753625 0.08196721311475409 0.3333333333333333 0.07650273224043716 0.33695652173913043 0.07650273224043716
19 0.717391304347826 0.31693989071038253 0.7318840579710145 0.31693989071038253 0.7355072463768116 0.3114754098360656 0.7681159420289855 0.3114754098360656 0.7717391304347826 0.31693989071038253 0.782608695652174 0.31693989071038253 0.7862318840579711 0.3224043715846995 0.8043478260869565 0.3224043715846995 0.8079710144927537 0.32786885245901637 0.8188405797101449 0.32786885245901637 0.822463768115942 0.3333333333333333 0.8442028985507246 0.3333333333333333 0.8478260869565217 0.33879781420765026 0.8659420289855072 0.33879781420765026 0.8768115942028986 0.34972677595628415 0.8768115942028986 0.366120218579235 0.8695652173913043 0.3825136612021858 0.8695652173913043 0.40437158469945356 0.8623188405797102 0.41530054644808745 0.8586956521739131 0.41530054644808745 0.855072463768116 0.4098360655737705 0.8478260869565217 0.4098360655737705 0.8442028985507246 0.40437158469945356 0.8297101449275363 0.40437158469945356 0.8260869565217391 0.3989071038251366 0.8079710144927537 0.3989071038251366 0.8043478260869565 0.40437158469945356 0.7934782608695652 0.40437158469945356 0.7898550724637681 0.3989071038251366 0.7862318840579711 0.3989071038251366 0.782608695652174 0.39344262295081966 0.7753623188405797 0.39344262295081966 0.7717391304347826 0.3879781420765027 0.7572463768115942 0.3879781420765027 0.75 0.3989071038251366 0.7463768115942029 0.3989071038251366 0.7427536231884058 0.40437158469945356 0.7427536231884058 0.4098360655737705 0.7355072463768116 0.4207650273224044 0.7318840579710145 0.4207650273224044 0.7210144927536232 0.4371584699453552 0.7137681159420289 0.4371584699453552 0.7065217391304348 0.44808743169398907 0.6992753623188406 0.44808743169398907 0.6992753623188406 0.40437158469945356 0.7028985507246377 0.3989071038251366 0.7028985507246377 0.3879781420765027 0.7065217391304348 0.3825136612021858 0.7065217391304348 0.37158469945355194 0.7101449275362319 0.366120218579235 0.7101449275362319 0.32786885245901637 0.7137681159420289 0.32786885245901637 0.717391304347826 0.3224043715846995
19 0.5797101449275363 0.4972677595628415 0.6014492753623188 0.5300546448087432 0.6123188405797102 0.5355191256830601 0.6340579710144928 0.5683060109289617 0.6340579710144928 0.5956284153005464 0.6485507246376812 0.6229508196721312 0.6485507246376812 0.6284153005464481 0.6521739130434783 0.6338797814207651 0.6521739130434783 0.644808743169399 0.6594202898550725 0.6612021857923497 0.6594202898550725 0.6721311475409836 0.6920289855072463 0.7213114754098361 0.6956521739130435 0.7213114754098361 0.7028985507246377 0.73224043715847 0.7028985507246377 0.7377049180327869 0.7065217391304348 0.7431693989071039 0.7101449275362319 0.7431693989071039 0.7101449275362319 0.7486338797814208 0.7137681159420289 0.7540983606557377 0.717391304347826 0.7540983606557377 0.717391304347826 0.7704918032786885 0.7065217391304348 0.7868852459016393 0.6992753623188406 0.7868852459016393 0.6920289855072463 0.8032786885245902 0.6847826086956522 0.8032786885245902 0.6847826086956522 0.7978142076502732 0.6811594202898551 0.7923497267759563 0.677536231884058 0.7923497267759563 0.677536231884058 0.7759562841530054 0.6702898550724637 0.7650273224043715 0.6702898550724637 0.7540983606557377 0.6666666666666666 0.7486338797814208 0.6630434782608695 0.7540983606557377 0.6630434782608695 0.7431693989071039 0.6666666666666666 0.7486338797814208 0.6702898550724637 0.7431693989071039 0.6702898550724637 0.7377049180327869 0.6521739130434783 0.7103825136612022 0.6485507246376812 0.7103825136612022 0.6413043478260869 0.6994535519125683 0.6340579710144928 0.6994535519125683 0.6195652173913043 0.6721311475409836 0.6159420289855072 0.6721311475409836 0.6086956521739131 0.6612021857923497 0.605072463768116 0.6612021857923497 0.5942028985507246 0.644808743169399 0.5905797101449275 0.644808743169399 0.5797101449275363 0.6284153005464481 0.5797101449275363 0.6229508196721312 0.5760869565217391 0.6174863387978142 0.5760869565217391 0.6065573770491803 0.572463768115942 0.6010928961748634 0.5652173913043478 0.6010928961748634 0.5615942028985508 0.5956284153005464 0.5579710144927537 0.5956284153005464 0.5579710144927537 0.5901639344262295 0.5398550724637681 0.5628415300546448 0.5362318840579711 0.5628415300546448 0.5072463768115942 0.5191256830601093 0.5036231884057971 0.5191256830601093 0.5036231884057971 0.5027322404371585 0.5072463768115942 0.5027322404371585 0.5181159420289855 0.4918032786885246 0.5253623188405797 0.4918032786885246 0.5289855072463768 0.48633879781420764 0.5615942028985508 0.48633879781420764 0.5652173913043478 0.4918032786885246 0.572463768115942 0.4918032786885246 0.5760869565217391 0.4972677595628415
19 0.75 0.3114754098360656 0.7717391304347826 0.3114754098360656 0.7753623188405797 0.31693989071038253 0.7934782608695652 0.31693989071038253 0.7971014492753623 0.3224043715846995 0.8079710144927537 0.3224043715846995 0.8115942028985508 0.32786885245901637 0.822463768115942 0.32786885245901637 0.8260869565217391 0.3333333333333333 0.8514492753623188 0.3333333333333333 0.855072463768116 0.33879781420765026 0.8695652173913043 0.33879781420765026 0.8768115942028986 0.34972677595628415 0.8768115942028986 0.366120218579235 0.8731884057971014 0.37158469945355194 0.8731884057971014 0.3825136612021858 0.8695652173913043 0.3879781420765027 0.8695652173913043 0.40437158469945356 0.8659420289855072 0.4098360655737705 0.8514492753623188 0.4098360655737705 0.8478260869565217 0.40437158469945356 0.8333333333333334 0.40437158469945356 0.8297101449275363 0.3989071038251366 0.8188405797101449 0.3989071038251366 0.8152173913043478 0.39344262295081966 0.7934782608695652 0.39344262295081966 0.7898550724637681 0.3879781420765027 0.7753623188405797 0.3879781420765027 0.7681159420289855 0.3770491803278688 0.7608695652173914 0.3770491803278688 0.7536231884057971 0.366120218579235 0.7536231884057971 0.3551912568306011 0.75 0.34972677595628415 0.7536231884057971 0.34972677595628415 0.7572463768115942 0.3442622950819672 0.7572463768115942 0.32786885245901637 0.75 0.31693989071038253