19 0.19272727272727272 0.8852459016393442 0.19636363636363635 0.8852459016393442 0.2 0.8797814207650273 0.21818181818181817 0.8797814207650273 0.22545454545454546 0.8907103825136612 0.23272727272727273 0.8907103825136612 0.24 0.9016393442622951 0.24 0.9234972677595629 0.24363636363636362 0.9289617486338798 0.24 0.9344262295081968 0.24 0.9398907103825137 0.23636363636363636 0.9453551912568307 0.23636363636363636 0.9562841530054644 0.2290909090909091 0.9672131147540983 0.2290909090909091 0.9726775956284153 0.22545454545454546 0.9726775956284153 0.21454545454545454 0.9836065573770492 0.21818181818181817 0.9890710382513661 0.21454545454545454 0.9836065573770492 0.19272727272727272 0.9836065573770492 0.19272727272727272 0.9781420765027322 0.1890909090909091 0.9726775956284153 0.18545454545454546 0.9726775956284153 0.18181818181818182 0.9781420765027322 0.18181818181818182 0.9836065573770492 0.1709090909090909 0.9726775956284153 0.16 0.9726775956284153 0.16363636363636364 0.9672131147540983 0.16 0.9617486338797814 0.14909090909090908 0.9617486338797814 0.14545454545454545 0.9562841530054644 0.14909090909090908 0.9508196721311475 0.15636363636363637 0.9508196721311475 0.16363636363636364 0.9398907103825137 0.16 0.9344262295081968 0.15272727272727274 0.9344262295081968 0.14909090909090908 0.9289617486338798 0.14909090909090908 0.9180327868852459 0.16 0.9016393442622951 0.16363636363636364 0.9016393442622951 0.16727272727272727 0.8961748633879781 0.1781818181818182 0.8961748633879781 0.18181818181818182 0.9016393442622951 0.18545454545454546 0.9016393442622951 0.19272727272727272 0.8907103825136612
19 0.39636363636363636 0.639344262295082 0.4 0.644808743169399 0.3927272727272727 0.6557377049180327 0.3927272727272727 0.6612021857923497 0.3890909090909091 0.6666666666666666 0.38181818181818183 0.6666666666666666 0.3781818181818182 0.6721311475409836 0.37454545454545457 0.6721311475409836 0.36727272727272725 0.6830601092896175 0.36727272727272725 0.6939890710382514 0.36363636363636365 0.6994535519125683 0.36363636363636365 0.7049180327868853 0.36 0.7103825136612022 0.36 0.7213114754098361 0.3527272727272727 0.7377049180327869 0.3527272727272727 0.7486338797814208 0.3490909090909091 0.7540983606557377 0.3490909090909091 0.7650273224043715 0.3418181818181818 0.7759562841530054 0.3418181818181818 0.7814207650273224 0.3381818181818182 0.7868852459016393 0.33454545454545453 0.7868852459016393 0.33090909090909093 0.7814207650273224 0.31636363636363635 0.7814207650273224 0.31272727272727274 0.7759562841530054 0.3054545454545455 0.7759562841530054 0.3018181818181818 0.7704918032786885 0.29818181818181816 0.7704918032786885 0.29454545454545455 0.7650273224043715 0.28363636363636363 0.7595628415300546 0.27636363636363637 0.7486338797814208 0.26545454545454544 0.7486338797814208 0.2545454545454545 0.73224043715847 0.2545454545454545 0.6994535519125683 0.26181818181818184 0.6830601092896175 0.26181818181818184 0.6721311475409836 0.2727272727272727 0.6557377049180327 0.29818181818181816 0.6557377049180327 0.3018181818181818 0.6612021857923497 0.3054545454545455 0.6612021857923497 0.3054545454545455 0.6666666666666666 0.29818181818181816 0.6666666666666666 0.2909090909090909 0.6775956284153005 0.2909090909090909 0.6885245901639344 0.29454545454545455 0.6939890710382514 0.29818181818181816 0.6939890710382514 0.29454545454545455 0.6939890710382514 0.2872727272727273 0.7049180327868853 0.2909090909090909 0.7103825136612022 0.2909090909090909 0.7158469945355191 0.29818181818181816 0.726775956284153 0.29818181818181816 0.7377049180327869 0.3018181818181818 0.7431693989071039 0.3054545454545455 0.7431693989071039 0.3090909090909091 0.7486338797814208 0.32 0.7540983606557377 0.32727272727272727 0.7431693989071039 0.32727272727272727 0.73224043715847 0.33090909090909093 0.726775956284153 0.32727272727272727 0.7103825136612022 0.33090909090909093 0.7158469945355191 0.33454545454545453 0.7158469945355191 0.3418181818181818 0.7049180327868853 0.3418181818181818 0.6939890710382514 0.3490909090909091 0.6775956284153005 0.3490909090909091 0.6557377049180327 0.3563636363636364 0.644808743169399 0.36727272727272725 0.644808743169399 0.3709090909090909 0.639344262295082 0.38181818181818183 0.639344262295082 0.38545454545454544 0.6338797814207651 0.3890909090909091 0.6338797814207651 0.3927272727272727 0.639344262295082
19 0.5018181818181818 0.9016393442622951 0.509090909090909 0.9016393442622951 0.5127272727272727 0.907103825136612 0.52 0.907103825136612 0.5236363636363637 0.912568306010929 0.5309090909090909 0.912568306010929 0.5418181818181819 0.9234972677595629 0.5345454545454545 0.9344262295081968 0.5309090909090909 0.9344262295081968 0.5272727272727272 0.9398907103825137 0.5163636363636364 0.9398907103825137 0.5127272727272727 0.9344262295081968 0.509090909090909 0.9344262295081968 0.509090909090909 0.9289617486338798 0.5054545454545455 0.9234972677595629 0.5018181818181818 0.907103825136612
19 0.5709090909090909 0.7103825136612022 0.5818181818181818 0.726775956284153 0.5927272727272728 0.726775956284153 0.5963636363636363 0.73224043715847 0.6036363636363636 0.73224043715847 0.6072727272727273 0.7377049180327869 0.6145454545454545 0.7377049180327869 0.6181818181818182 0.7431693989071039 0.6254545454545455 0.7431693989071039 0.6327272727272727 0.7595628415300546 0.6290909090909091 0.7650273224043715 0.6290909090909091 0.7704918032786885 0.6218181818181818 0.7868852459016393 0.6218181818181818 0.8032786885245902 0.6145454545454545 0.819672131147541 0.6145454545454545 0.8306010928961749 0.610909090909091 0.8306010928961749 0.6072727272727273 0.8360655737704918 0.6072727272727273 0.8469945355191257 0.6036363636363636 0.8524590163934426 0.5963636363636363 0.8524590163934426 0.5927272727272728 0.8469945355191257 0.5854545454545454 0.8579234972677595 0.5890909090909091 0.8633879781420765 0.6 0.8688524590163934 0.5963636363636363 0.8743169398907104 0.5963636363636363 0.8852459016393442 0.5890909090909091 0.8961748633879781 0.5890909090909091 0.9016393442622951 0.5854545454545454 0.907103825136612 0.5854545454545454 0.9180327868852459 0.5563636363636364 0.9180327868852459 0.56 0.912568306010929 0.5563636363636364 0.907103825136612 0.5490909090909091 0.907103825136612 0.5454545454545454 0.9016393442622951 0.5418181818181819 0.9016393442622951 0.5345454545454545 0.8907103825136612 0.5309090909090909 0.8907103825136612 0.5272727272727272 0.8961748633879781 0.5127272727272727 0.8961748633879781 0.5127272727272727 0.8688524590163934 0.5163636363636364 0.8633879781420765 0.5163636363636364 0.8524590163934426 0.5309090909090909 0.8524590163934426 0.5345454545454545 0.8469945355191257 0.5345454545454545 0.8415300546448088 0.5309090909090909 0.8360655737704918 0.52 0.8360655737704918 0.5236363636363637 0.8306010928961749 0.5236363636363637 0.8142076502732241 0.5381818181818182 0.7868852459016393 0.5381818181818182 0.7704918032786885 0.5418181818181819 0.7650273224043715 0.5418181818181819 0.7595628415300546 0.5490909090909091 0.7431693989071039 0.5490909090909091 0.726775956284153 0.5563636363636364 0.7103825136612022 0.5672727272727273 0.7103825136612022
19 0.05454545454545454 0.40437158469945356 0.06545454545454546 0.3989071038251366 0.06545454545454546 0.4098360655737705 0.06909090909090909 0.41530054644808745 0.06545454545454546 0.4207650273224044 0.06545454545454546 0.4371584699453552 0.08 0.45901639344262296 0.08727272727272728 0.45901639344262296 0.08727272727272728 0.4644808743169399 0.09090909090909091 0.46994535519125685 0.09090909090909091 0.48633879781420764 0.09454545454545454 0.4918032786885246 0.09454545454545454 0.5136612021857924 0.09818181818181818 0.5191256830601093 0.09818181818181818 0.5409836065573771 0.10181818181818182 0.546448087431694 0.10181818181818182 0.6010928961748634 0.11272727272727273 0.6174863387978142 0.11272727272727273 0.639344262295082 0.11636363636363636 0.644808743169399 0.11636363636363636 0.6557377049180327 0.12 0.6612021857923497 0.12 0.6721311475409836 0.11636363636363636 0.6775956284153005 0.11636363636363636 0.6830601092896175 0.09454545454545454 0.6830601092896175 0.09090909090909091 0.6775956284153005 0.07636363636363637 0.6775956284153005 0.07272727272727272 0.6721311475409836 0.06545454545454546 0.6721311475409836 0.06181818181818182 0.6666666666666666 0.05090909090909091 0.6666666666666666 0.04727272727272727 0.6612021857923497 0.04363636363636364 0.6612021857923497 0.04363636363636364 0.6557377049180327 0.04 0.6502732240437158 0.03636363636363636 0.6557377049180327 0.02909090909090909 0.6557377049180327 0.025454545454545455 0.6502732240437158 0.014545454545454545 0.6612021857923497 0.007272727272727273 0.6612021857923497 0.0036363636363636364 0.6557377049180327 0 0.6557377049180327 0 0.4808743169398907 0.0036363636363636364 0.47540983606557374 0.0036363636363636364 0.4644808743169399 0.007272727272727273 0.4644808743169399 0.01090909090909091 0.45901639344262296 0.007272727272727273 0.453551912568306 0.01090909090909091 0.44808743169398907 0.0036363636363636364 0.4371584699453552 0.0036363636363636364 0.4262295081967213 0 0.4207650273224044 0 0.4098360655737705 0.02181818181818182 0.4098360655737705 0.02909090909090909 0.4207650273224044 0.03272727272727273 0.4207650273224044 0.03636363636363636 0.4262295081967213 0.04727272727272727 0.41530054644808745 0.05454545454545454 0.41530054644808745 0.05818181818181818 0.4098360655737705
19 0.05818181818181818 0.24043715846994534 0.06181818181818182 0.2459016393442623 0.06545454545454546 0.2459016393442623 0.06909090909090909 0.24043715846994534 0.07272727272727272 0.2459016393442623 0.07636363636363637 0.24043715846994534 0.08727272727272728 0.24043715846994534 0.09090909090909091 0.2459016393442623 0.09454545454545454 0.2459016393442623 0.09454545454545454 0.26229508196721313 0.08727272727272728 0.273224043715847 0.08727272727272728 0.28415300546448086 0.09090909090909091 0.2896174863387978 0.09090909090909091 0.29508196721311475 0.08363636363636363 0.29508196721311475 0.08 0.3005464480874317 0.06909090909090909 0.3005464480874317 0.05818181818181818 0.31693989071038253 0.05818181818181818 0.3224043715846995 0.05454545454545454 0.32786885245901637 0.05090909090909091 0.3442622950819672 0.04363636363636364 0.3551912568306011 0.04363636363636364 0.37158469945355194 0.04 0.3770491803278688 0.04363636363636364 0.3825136612021858 0.04363636363636364 0.3989071038251366 0.03636363636363636 0.41530054644808745 0.025454545454545455 0.40437158469945356 0.025454545454545455 0.366120218579235 0.02909090909090909 0.36065573770491804 0.02909090909090909 0.3442622950819672 0.03636363636363636 0.32786885245901637 0.03636363636363636 0.3005464480874317 0.04 0.29508196721311475 0.04727272727272727 0.29508196721311475 0.05090909090909091 0.2896174863387978 0.04727272727272727 0.28415300546448086 0.04 0.28415300546448086 0.03636363636363636 0.2786885245901639 0.03636363636363636 0.26229508196721313 0.04 0.2568306010928962 0.04 0.2459016393442623 0.04363636363636364 0.24043715846994534 0.05454545454545454 0.24043715846994534
19 0.6472727272727272 0.5519125683060109 0.6618181818181819 0.5737704918032787 0.6654545454545454 0.5737704918032787 0.6763636363636364 0.5901639344262295 0.6727272727272727 0.5956284153005464 0.6727272727272727 0.6120218579234973 0.6763636363636364 0.6174863387978142 0.6727272727272727 0.6229508196721312 0.6654545454545454 0.6229508196721312 0.6618181818181819 0.6174863387978142 0.6581818181818182 0.6229508196721312 0.6581818181818182 0.6338797814207651 0.6654545454545454 0.6502732240437158 0.68 0.6502732240437158 0.68 0.6557377049180327 0.6727272727272727 0.6666666666666666 0.6690909090909091 0.6666666666666666 0.6654545454545454 0.6612021857923497 0.6581818181818182 0.6721311475409836 0.6545454545454545 0.6721311475409836 0.6472727272727272 0.6830601092896175 0.6472727272727272 0.6885245901639344 0.6363636363636364 0.6885245901639344 0.6327272727272727 0.6939890710382514 0.6363636363636364 0.6994535519125683 0.6472727272727272 0.6994535519125683 0.6472727272727272 0.7049180327868853 0.6436363636363637 0.7103825136612022 0.6327272727272727 0.7103825136612022 0.6290909090909091 0.7158469945355191 0.6327272727272727 0.7213114754098361 0.6327272727272727 0.73224043715847 0.6145454545454545 0.73224043715847 0.6036363636363636 0.7213114754098361 0.5927272727272728 0.7213114754098361 0.5890909090909091 0.7158469945355191 0.5781818181818181 0.7103825136612022 0.5709090909090909 0.6994535519125683 0.56 0.6939890710382514 0.56 0.6830601092896175 0.5672727272727273 0.6666666666666666 0.5672727272727273 0.6502732240437158 0.5745454545454546 0.639344262295082 0.5745454545454546 0.6284153005464481 0.5781818181818181 0.6229508196721312 0.5781818181818181 0.6120218579234973 0.5854545454545454 0.6010928961748634 0.5890909090909091 0.6010928961748634 0.5927272727272728 0.6065573770491803 0.5927272727272728 0.6120218579234973 0.5963636363636363 0.6174863387978142 0.6 0.6174863387978142 0.6 0.6229508196721312 0.5927272727272728 0.6338797814207651 0.5927272727272728 0.639344262295082 0.5890909090909091 0.644808743169399 0.5890909090909091 0.6666666666666666 0.5927272727272728 0.6721311475409836 0.5927272727272728 0.6775956284153005 0.6036363636363636 0.6939890710382514 0.610909090909091 0.6939890710382514 0.6145454545454545 0.6885245901639344 0.6181818181818182 0.6885245901639344 0.6218181818181818 0.6830601092896175 0.6218181818181818 0.6721311475409836 0.6363636363636364 0.6502732240437158 0.6363636363636364 0.639344262295082 0.64 0.6338797814207651 0.64 0.6229508196721312 0.6472727272727272 0.6065573770491803 0.6472727272727272 0.5956284153005464 0.6509090909090909 0.5901639344262295 0.6509090909090909 0.5792349726775956 0.6545454545454545 0.5737704918032787 0.6509090909090909 0.5683060109289617 0.6509090909090909 0.5573770491803278
19 0.06909090909090909 0.8415300546448088 0.07636363636363637 0.8524590163934426 0.07636363636363637 0.8579234972677595 0.08363636363636363 0.8743169398907104 0.08363636363636363 0.8797814207650273 0.08 0.8852459016393442 0.08 0.8961748633879781 0.07636363636363637 0.9016393442622951 0.07272727272727272 0.9180327868852459 0.04727272727272727 0.9562841530054644 0.03636363636363636 0.9617486338797814 0.03272727272727273 0.9672131147540983 0.01090909090909091 0.9672131147540983 0.0036363636363636364 0.9562841530054644 0.0036363636363636364 0.9453551912568307 0.007272727272727273 0.9453551912568307 0.01090909090909091 0.9398907103825137 0.02181818181818182 0.9398907103825137 0.025454545454545455 0.9344262295081968 0.03636363636363636 0.9344262295081968 0.04727272727272727 0.9234972677595629 0.04727272727272727 0.9180327868852459 0.03636363636363636 0.9016393442622951 0.03272727272727273 0.9016393442622951 0.02909090909090909 0.907103825136612 0.03272727272727273 0.912568306010929 0.03272727272727273 0.9180327868852459 0.025454545454545455 0.907103825136612 0.014545454545454545 0.907103825136612 0.0036363636363636364 0.8961748633879781 0.0036363636363636364 0.8852459016393442 0.007272727272727273 0.8797814207650273 0.007272727272727273 0.8579234972677595 0.014545454545454545 0.8579234972677595 0.025454545454545455 0.8469945355191257 0.04363636363636364 0.8469945355191257 0.04727272727272727 0.8415300546448088 0.06545454545454546 0.8415300546448088
19 0.8545454545454545 0.33879781420765026 0.8581818181818182 0.33879781420765026 0.8618181818181818 0.3333333333333333 0.8618181818181818 0.32786885245901637 0.8654545454545455 0.3224043715846995 0.8690909090909091 0.3224043715846995 0.8763636363636363 0.3114754098360656 0.8836363636363637 0.3114754098360656 0.8909090909090909 0.3005464480874317 0.8945454545454545 0.3005464480874317 0.8981818181818182 0.29508196721311475 0.9018181818181819 0.29508196721311475 0.9054545454545454 0.2896174863387978 0.9090909090909091 0.2896174863387978 0.9127272727272727 0.28415300546448086 0.9236363636363636 0.2786885245901639 0.9345454545454546 0.26229508196721313 0.9381818181818182 0.26229508196721313 0.9454545454545454 0.25136612021857924 0.9490909090909091 0.25136612021857924 0.96 0.24043715846994534 0.9709090909090909 0.24043715846994534 0.9781818181818182 0.25136612021857924 0.9781818181818182 0.2568306010928962 0.9854545454545455 0.273224043715847 0.9854545454545455 0.2896174863387978 0.9927272727272727 0.3005464480874317 0.9927272727272727 0.30601092896174864 0.9963636363636363 0.3114754098360656 0.9963636363636363 0.31693989071038253 0.9927272727272727 0.3224043715846995 0.9927272727272727 0.34972677595628415 0.9963636363636363 0.3551912568306011 0.9963636363636363 0.3770491803278688 0.9854545454545455 0.39344262295081966 0.9854545454545455 0.3989071038251366 0.9963636363636363 0.41530054644808745 0.9963636363636363 0.4262295081967213 0.9927272727272727 0.43169398907103823 0.9927272727272727 0.4371584699453552 0.9854545454545455 0.44808743169398907 0.9818181818181818 0.44808743169398907 0.9745454545454545 0.45901639344262296 0.9636363636363636 0.4644808743169399 0.9563636363636364 0.47540983606557374 0.9527272727272728 0.47540983606557374 0.9490909090909091 0.4808743169398907 0.9454545454545454 0.4808743169398907 0.9345454545454546 0.4918032786885246 0.9272727272727272 0.4918032786885246 0.92 0.5027322404371585 0.9163636363636364 0.5027322404371585 0.9127272727272727 0.5081967213114754 0.9054545454545454 0.5081967213114754 0.9018181818181819 0.5136612021857924 0.8836363636363637 0.5136612021857924 0.88 0.5191256830601093 0.8763636363636363 0.5191256830601093 0.8654545454545455 0.5300546448087432 0.850909090909091 0.5300546448087432 0.8472727272727273 0.5355191256830601 0.8436363636363636 0.5300546448087432 0.8363636363636363 0.5300546448087432 0.8327272727272728 0.5355191256830601 0.8290909090909091 0.5355191256830601 0.8254545454545454 0.5409836065573771 0.8254545454545454 0.546448087431694 0.8181818181818182 0.546448087431694 0.8145454545454546 0.5519125683060109 0.8072727272727273 0.5519125683060109 0.8072727272727273 0.546448087431694 0.8109090909090909 0.546448087431694 0.8181818181818182 0.5355191256830601 0.8181818181818182 0.5191256830601093 0.8072727272727273 0.5027322404371585 0.7963636363636364 0.5027322404371585 0.7927272727272727 0.4972677595628415 0.7927272727272727 0.4918032786885246 0.7963636363636364 0.48633879781420764 0.7927272727272727 0.4808743169398907 0.7890909090909091 0.4808743169398907 0.7890909090909091 0.4644808743169399 0.7927272727272727 0.45901639344262296 0.7890909090909091 0.453551912568306 0.7890909090909091 0.44808743169398907 0.8 0.44808743169398907 0.8109090909090909 0.4644808743169399 0.8072727272727273 0.4644808743169399 0.8036363636363636 0.46994535519125685 0.8072727272727273 0.47540983606557374 0.8145454545454546 0.47540983606557374 0.8181818181818182 0.4808743169398907 0.8145454545454546 0.48633879781420764 0.8145454545454546 0.5081967213114754 0.8218181818181818 0.5191256830601093 0.8327272727272728 0.5191256830601093 0.84 0.5300546448087432 0.850909090909091 0.5191256830601093 0.8581818181818182 0.5191256830601093 0.8654545454545455 0.5081967213114754 0.8654545454545455 0.5027322404371585 0.8690909090909091 0.4972677595628415 0.8690909090909091 0.4808743169398907 0.8654545454545455 0.47540983606557374 0.8654545454545455 0.46994535519125685 0.8545454545454545 0.45901639344262296 0.8363636363636363 0.45901639344262296 0.8327272727272728 0.4644808743169399 0.8254545454545454 0.4644808743169399 0.8218181818181818 0.45901639344262296 0.8218181818181818 0.453551912568306 0.8254545454545454 0.44808743169398907 0.8290909090909091 0.44808743169398907 0.8472727272727273 0.4207650273224044 0.8472727272727273 0.41530054644808745 0.84 0.40437158469945356 0.8363636363636363 0.40437158469945356 0.8363636363636363 0.3989071038251366 0.8290909090909091 0.3825136612021858 0.8109090909090909 0.3825136612021858 0.8072727272727273 0.3879781420765027 0.8036363636363636 0.3879781420765027 0.7927272727272727 0.3989071038251366 0.7927272727272727 0.3770491803278688 0.7963636363636364 0.37158469945355194 0.8 0.37158469945355194 0.8072727272727273 0.36065573770491804 0.8145454545454546 0.36065573770491804 0.8254545454545454 0.34972677595628415 0.850909090909091 0.34972677595628415 0.8545454545454545 0.3442622950819672
19 0.5381818181818182 0.5737704918032787 0.07272727272727272 0.16393442622950818
19 0.52 0.17486338797814208 0.5236363636363637 0.18032786885245902 0.5345454545454545 0.18032786885245902 0.5345454545454545 0.3114754098360656 0.5309090909090909 0.31693989071038253 0.5309090909090909 0.33879781420765026 0.5272727272727272 0.3333333333333333 0.5272727272727272 0.31693989071038253 0.5236363636363637 0.3114754098360656 0.5236363636363637 0.29508196721311475 0.52 0.2896174863387978 0.52 0.2786885245901639 0.5163636363636364 0.273224043715847 0.5163636363636364 0.26229508196721313 0.5127272727272727 0.2568306010928962 0.5127272727272727 0.2459016393442623 0.509090909090909 0.24043715846994534 0.509090909090909 0.22950819672131148 0.5054545454545455 0.22404371584699453 0.5054545454545455 0.20765027322404372 0.5018181818181818 0.20218579234972678 0.5054545454545455 0.18579234972677597 0.5127272727272727 0.17486338797814208 0.5163636363636364 0.17486338797814208
19 0 0.40437158469945356 0.01818181818181818 0.40437158469945356 0.02181818181818182 0.4098360655737705 0.025454545454545455 0.4098360655737705 0.03636363636363636 0.4262295081967213 0.03636363636363636 0.4371584699453552 0.03272727272727273 0.4426229508196721 0.03272727272727273 0.453551912568306 0.02909090909090909 0.45901639344262296 0.02909090909090909 0.47540983606557374 0.02181818181818182 0.48633879781420764 0 0.48633879781420764 0 0.453551912568306 0.0036363636363636364 0.44808743169398907 0.0036363636363636364 0.43169398907103823 0 0.4262295081967213 0 0.4098360655737705
19 0.9090909090909091 0 0.9272727272727272 0 0.9309090909090909 0.00546448087431694 0.9418181818181818 0.00546448087431694 0.9454545454545454 0 0.9527272727272728 0 0.9563636363636364 0.00546448087431694 0.9890909090909091 0.00546448087431694 0.9963636363636363 0.01639344262295082 0.9963636363636363 0.0273224043715847 0.9854545454545455 0.03825136612021858 0.9854545454545455 0.04918032786885246 0.9890909090909091 0.0546448087431694 0.9927272727272727 0.07103825136612021 0.9963636363636363 0.07650273224043716 0.9963636363636363 0.08196721311475409 0.9927272727272727 0.08743169398907104 0.9927272727272727 0.1092896174863388 0.9963636363636363 0.11475409836065574 0.9963636363636363 0.14754098360655737 0.9927272727272727 0.14754098360655737 0.9890909090909091 0.14207650273224043 0.9781818181818182 0.1366120218579235 0.9527272727272728 0.09836065573770492 0.9272727272727272 0.09836065573770492 0.9236363636363636 0.09289617486338798 0.9163636363636364 0.09289617486338798 0.9127272727272727 0.08743169398907104 0.9127272727272727 0.060109289617486336 0.9090909090909091 0.0546448087431694 0.9090909090909091 0.00546448087431694
19 0.5745454545454546 0.4972677595628415 0.5927272727272728 0.4972677595628415 0.5963636363636363 0.5027322404371585 0.610909090909091 0.5027322404371585 0.6145454545454545 0.5081967213114754 0.6218181818181818 0.5081967213114754 0.6254545454545455 0.5136612021857924 0.6363636363636364 0.5191256830601093 0.64 0.5245901639344263 0.6436363636363637 0.5409836065573771 0.6654545454545454 0.5737704918032787 0.6690909090909091 0.5737704918032787 0.6872727272727273 0.5956284153005464 0.6836363636363636 0.6010928961748634 0.6872727272727273 0.6065573770491803 0.6836363636363636 0.6229508196721312 0.68 0.6229508196721312 0.6690909090909091 0.6338797814207651 0.6690909090909091 0.639344262295082 0.6727272727272727 0.644808743169399 0.6763636363636364 0.639344262295082 0.6836363636363636 0.6502732240437158 0.68 0.6557377049180327 0.6763636363636364 0.6721311475409836 0.6727272727272727 0.6666666666666666 0.6654545454545454 0.6666666666666666 0.6618181818181819 0.6721311475409836 0.6581818181818182 0.6721311475409836 0.6509090909090909 0.6830601092896175 0.6509090909090909 0.6939890710382514 0.6472727272727272 0.6994535519125683 0.6472727272727272 0.7103825136612022 0.6436363636363637 0.7103825136612022 0.6363636363636364 0.7213114754098361 0.6363636363636364 0.73224043715847 0.6327272727272727 0.7377049180327869 0.6254545454545455 0.7377049180327869 0.6218181818181818 0.73224043715847 0.6145454545454545 0.73224043715847 0.610909090909091 0.726775956284153 0.6036363636363636 0.726775956284153 0.6 0.7213114754098361 0.5927272727272728 0.7213114754098361 0.5890909090909091 0.7158469945355191 0.5854545454545454 0.7158469945355191 0.5818181818181818 0.7103825136612022 0.5709090909090909 0.7049180327868853 0.5636363636363636 0.6939890710382514 0.56 0.6939890710382514 0.56 0.6775956284153005 0.5527272727272727 0.6666666666666666 0.5490909090909091 0.6666666666666666 0.5490909090909091 0.6612021857923497 0.5454545454545454 0.6557377049180327 0.5418181818181819 0.6557377049180327 0.5381818181818182 0.6612021857923497 0.5381818181818182 0.6666666666666666 0.5454545454545454 0.6775956284153005 0.5454545454545454 0.6830601092896175 0.5345454545454545 0.6830601092896175 0.5236363636363637 0.6721311475409836 0.5163636363636364 0.6721311475409836 0.5054545454545455 0.6612021857923497 0.49818181818181817 0.6612021857923497 0.49454545454545457 0.6557377049180327 0.48363636363636364 0.6502732240437158 0.48 0.644808743169399 0.48 0.639344262295082 0.48363636363636364 0.6338797814207651 0.48363636363636364 0.6284153005464481 0.4909090909090909 0.6120218579234973 0.4909090909090909 0.5956284153005464 0.49454545454545457 0.5901639344262295 0.49818181818181817 0.5737704918032787 0.49818181818181817 0.5846994535519126 0.5018181818181818 0.5901639344262295 0.5018181818181818 0.5956284153005464 0.49454545454545457 0.6065573770491803 0.49454545454545457 0.6120218579234973 0.49818181818181817 0.6174863387978142 0.49818181818181817 0.6338797814207651 0.5054545454545455 0.644808743169399 0.509090909090909 0.644808743169399 0.5054545454545455 0.6502732240437158 0.509090909090909 0.6557377049180327 0.5309090909090909 0.6557377049180327 0.5345454545454545 0.6502732240437158 0.5381818181818182 0.6502732240437158 0.5490909090909091 0.6338797814207651 0.5527272727272727 0.6338797814207651 0.5636363636363636 0.644808743169399 0.5709090909090909 0.6338797814207651 0.5709090909090909 0.6284153005464481 0.5672727272727273 0.6229508196721312 0.5709090909090909 0.6174863387978142 0.5709090909090909 0.6065573770491803 0.5636363636363636 0.5956284153005464 0.5563636363636364 0.6120218579234973 0.5563636363636364 0.5956284153005464 0.5636363636363636 0.5846994535519126 0.5636363636363636 0.5792349726775956 0.5709090909090909 0.5792349726775956 0.5745454545454546 0.5846994535519126 0.5709090909090909 0.5901639344262295 0.5709090909090909 0.5956284153005464 0.5745454545454546 0.6010928961748634 0.5818181818181818 0.6010928961748634 0.5854545454545454 0.5956284153005464 0.5818181818181818 0.5901639344262295 0.5818181818181818 0.5846994535519126 0.5854545454545454 0.5792349726775956 0.5854545454545454 0.5737704918032787 0.5818181818181818 0.5683060109289617 0.5890909090909091 0.5519125683060109 0.5818181818181818 0.5409836065573771 0.5709090909090909 0.5409836065573771 0.5745454545454546 0.5355191256830601 0.5745454545454546 0.5027322404371585
19 0.5563636363636364 0.4918032786885246 0.5672727272727273 0.4918032786885246 0.5709090909090909 0.4972677595628415 0.5745454545454546 0.4972677595628415 0.5781818181818181 0.4918032786885246 0.5890909090909091 0.4918032786885246 0.5927272727272728 0.4972677595628415 0.6036363636363636 0.5027322404371585 0.6036363636363636 0.5136612021857924 0.5963636363636363 0.5300546448087432 0.5963636363636363 0.5409836065573771 0.5890909090909091 0.5573770491803278 0.5890909090909091 0.5683060109289617 0.5818181818181818 0.5792349726775956 0.5818181818181818 0.6010928961748634 0.5781818181818181 0.6065573770491803 0.5781818181818181 0.6174863387978142 0.5709090909090909 0.6284153005464481 0.5709090909090909 0.6338797814207651 0.5672727272727273 0.639344262295082 0.5672727272727273 0.6557377049180327 0.56 0.6666666666666666 0.56 0.6775956284153005 0.5527272727272727 0.6885245901639344 0.5454545454545454 0.6885245901639344 0.5418181818181819 0.6830601092896175 0.5345454545454545 0.6830601092896175 0.5309090909090909 0.6775956284153005 0.5236363636363637 0.6775956284153005 0.5127272727272727 0.6666666666666666 0.5054545454545455 0.6666666666666666 0.5018181818181818 0.6612021857923497 0.49818181818181817 0.6612021857923497 0.49454545454545457 0.6557377049180327 0.48363636363636364 0.6502732240437158 0.48 0.644808743169399 0.48 0.6338797814207651 0.48727272727272725 0.6174863387978142 0.48727272727272725 0.6065573770491803 0.4909090909090909 0.6010928961748634 0.4909090909090909 0.5846994535519126 0.49818181818181817 0.5683060109289617 0.49818181818181817 0.5573770491803278 0.5018181818181818 0.5519125683060109 0.5018181818181818 0.546448087431694 0.52 0.546448087431694 0.52 0.5519125683060109 0.5127272727272727 0.5683060109289617 0.5127272727272727 0.5737704918032787 0.5163636363636364 0.5792349726775956 0.5236363636363637 0.5792349726775956 0.5309090909090909 0.5628415300546448 0.5345454545454545 0.5683060109289617 0.5381818181818182 0.5683060109289617 0.5345454545454545 0.5683060109289617 0.5272727272727272 0.5792349726775956 0.5272727272727272 0.5846994535519126 0.5309090909090909 0.5901639344262295 0.5272727272727272 0.6065573770491803 0.5236363636363637 0.6065573770491803 0.5127272727272727 0.5956284153005464 0.5054545454545455 0.6065573770491803 0.509090909090909 0.6120218579234973 0.5054545454545455 0.6174863387978142 0.509090909090909 0.6229508196721312 0.5054545454545455 0.6229508196721312 0.5018181818181818 0.6284153005464481 0.5018181818181818 0.6338797814207651 0.52 0.6557377049180327 0.5272727272727272 0.6557377049180327 0.5345454545454545 0.644808743169399 0.5381818181818182 0.644808743169399 0.5418181818181819 0.639344262295082 0.5381818181818182 0.6229508196721312 0.5418181818181819 0.6229508196721312 0.5454545454545454 0.6174863387978142 0.5418181818181819 0.6120218579234973 0.5490909090909091 0.6120218579234973 0.5527272727272727 0.6065573770491803 0.5527272727272727 0.5956284153005464 0.5563636363636364 0.5901639344262295 0.5563636363636364 0.5792349726775956 0.56 0.5737704918032787 0.56 0.5573770491803278 0.5636363636363636 0.5519125683060109 0.5636363636363636 0.546448087431694 0.56 0.5409836065573771 0.5490909090909091 0.5409836065573771 0.5527272727272727 0.5355191256830601 0.5563636363636364 0.5409836065573771 0.56 0.5409836065573771 0.5672727272727273 0.5300546448087432 0.5672727272727273 0.5027322404371585 0.5636363636363636 0.4972677595628415 0.56 0.4972677595628415
19 0.8254545454545454 0.7377049180327869 0.8290909090909091 0.7431693989071039 0.8363636363636363 0.7431693989071039 0.8472727272727273 0.7540983606557377 0.8545454545454545 0.7540983606557377 0.8654545454545455 0.7650273224043715 0.8727272727272727 0.7650273224043715 0.8836363636363637 0.7759562841530054 0.8909090909090909 0.7759562841530054 0.9018181818181819 0.7868852459016393 0.9090909090909091 0.7868852459016393 0.9127272727272727 0.7923497267759563 0.92 0.7923497267759563 0.9236363636363636 0.7978142076502732 0.9309090909090909 0.7978142076502732 0.9345454545454546 0.8032786885245902 0.9381818181818182 0.8032786885245902 0.9490909090909091 0.8142076502732241 0.9563636363636364 0.8142076502732241 0.96 0.819672131147541 0.9636363636363636 0.819672131147541 0.9672727272727273 0.825136612021858 0.9709090909090909 0.825136612021858 0.9745454545454545 0.8306010928961749 0.9781818181818182 0.8306010928961749 0.9818181818181818 0.8360655737704918 0.9927272727272727 0.8415300546448088 0.9927272727272727 0.8524590163934426 0.9963636363636363 0.8579234972677595 0.9927272727272727 0.8633879781420765 0.9927272727272727 0.8688524590163934 0.9890909090909091 0.8688524590163934 0.9854545454545455 0.8743169398907104 0.9963636363636363 0.8852459016393442 0.9963636363636363 0.8961748633879781 0.9854545454545455 0.907103825136612 0.9854545454545455 0.912568306010929 0.9890909090909091 0.9180327868852459 0.9927272727272727 0.9180327868852459 0.9927272727272727 0.9234972677595629 0.9963636363636363 0.9289617486338798 0.9963636363636363 0.9344262295081968 0.9927272727272727 0.9398907103825137 0.9927272727272727 0.9562841530054644 0.9963636363636363 0.9617486338797814 0.9963636363636363 0.9781420765027322 0.9927272727272727 0.9836065573770492 0.9854545454545455 0.9836065573770492 0.9818181818181818 0.9781420765027322 0.9745454545454545 0.9781420765027322 0.9636363636363636 0.9617486338797814 0.96 0.9617486338797814 0.9527272727272728 0.9508196721311475 0.9490909090909091 0.9508196721311475 0.9418181818181818 0.9398907103825137 0.9381818181818182 0.9398907103825137 0.9272727272727272 0.9234972677595629 0.9236363636363636 0.9234972677595629 0.9127272727272727 0.912568306010929 0.9054545454545454 0.912568306010929 0.9018181818181819 0.907103825136612 0.8909090909090909 0.907103825136612 0.8872727272727273 0.9016393442622951 0.8727272727272727 0.9016393442622951 0.8690909090909091 0.8961748633879781 0.8654545454545455 0.8961748633879781 0.8581818181818182 0.8852459016393442 0.8581818181818182 0.8797814207650273 0.8545454545454545 0.8743169398907104 0.850909090909091 0.8743169398907104 0.8472727272727273 0.8688524590163934 0.8363636363636363 0.8688524590163934 0.8327272727272728 0.8633879781420765 0.8218181818181818 0.8633879781420765 0.8181818181818182 0.8579234972677595 0.8181818181818182 0.8524590163934426 0.8145454545454546 0.8469945355191257 0.8109090909090909 0.8306010928961749 0.8036363636363636 0.819672131147541 0.8036363636363636 0.8087431693989071 0.8 0.8032786885245902 0.8 0.7978142076502732 0.7927272727272727 0.7814207650273224 0.7927272727272727 0.7704918032786885 0.7963636363636364 0.7650273224043715 0.7963636363636364 0.7540983606557377 0.8 0.7486338797814208 0.8036363636363636 0.7486338797814208 0.8109090909090909 0.7377049180327869 0.8218181818181818 0.7377049180327869
19 0.11272727272727273 0 0.11636363636363636 0.00546448087431694 0.12 0.00546448087431694 0.12727272727272726 0.01639344262295082 0.13818181818181818 0.01639344262295082 0.14181818181818182 0.01092896174863388 0.14909090909090908 0.01092896174863388 0.15272727272727274 0.00546448087431694 0.15636363636363637 0.01092896174863388 0.16 0.01092896174863388 0.16 0.01639344262295082 0.16363636363636364 0.02185792349726776 0.16 0.0273224043715847 0.16 0.03278688524590164 0.16363636363636364 0.03825136612021858 0.1709090909090909 0.03825136612021858 0.17454545454545456 0.03278688524590164 0.18181818181818182 0.03278688524590164 0.18545454545454546 0.0273224043715847 0.1890909090909091 0.01092896174863388 0.19272727272727272 0.00546448087431694 0.2 0.00546448087431694 0.2 0.02185792349726776 0.19272727272727272 0.03278688524590164 0.19272727272727272 0.04918032786885246 0.1890909090909091 0.04918032786885246 0.18545454545454546 0.0546448087431694 0.1890909090909091 0.060109289617486336 0.1890909090909091 0.07103825136612021 0.19636363636363635 0.08196721311475409 0.18545454545454546 0.08196721311475409 0.18181818181818182 0.08743169398907104 0.1890909090909091 0.10382513661202186 0.19636363636363635 0.10382513661202186 0.2 0.1092896174863388 0.20363636363636364 0.1092896174863388 0.20727272727272728 0.11475409836065574 0.20363636363636364 0.12021857923497267 0.21454545454545454 0.1366120218579235 0.19636363636363635 0.15846994535519127 0.2 0.16393442622950818 0.20363636363636364 0.16393442622950818 0.21454545454545454 0.15300546448087432 0.21454545454545454 0.15846994535519127 0.2109090909090909 0.15846994535519127 0.20727272727272728 0.16393442622950818 0.20727272727272728 0.16939890710382513 0.2 0.16939890710382513 0.19636363636363635 0.17486338797814208 0.1890909090909091 0.17486338797814208 0.18545454545454546 0.16939890710382513 0.18181818181818182 0.16939890710382513 0.1781818181818182 0.17486338797814208 0.1781818181818182 0.18032786885245902 0.1709090909090909 0.18032786885245902 0.16363636363636364 0.1912568306010929 0.15636363636363637 0.18032786885245902 0.14909090909090908 0.18032786885245902 0.14909090909090908 0.17486338797814208 0.14545454545454545 0.16939890710382513 0.14181818181818182 0.16939890710382513 0.14545454545454545 0.16393442622950818 0.14545454545454545 0.15846994535519127 0.14181818181818182 0.15300546448087432 0.13818181818181818 0.15300546448087432 0.13454545454545455 0.15846994535519127 0.13090909090909092 0.15300546448087432 0.12363636363636364 0.15300546448087432 0.11272727272727273 0.1366120218579235 0.10909090909090909 0.1366120218579235 0.10545454545454545 0.13114754098360656 0.09454545454545454 0.12568306010928962 0.08727272727272728 0.11475409836065574 0.08 0.11475409836065574 0.07636363636363637 0.1092896174863388 0.07272727272727272 0.1092896174863388 0.07272727272727272 0.10382513661202186 0.06909090909090909 0.09836065573770492 0.06181818181818182 0.09836065573770492 0.05818181818181818 0.10382513661202186 0.05818181818181818 0.1092896174863388 0.05454545454545454 0.1092896174863388 0.02909090909090909 0.07650273224043716 0.025454545454545455 0.07650273224043716 0.014545454545454545 0.060109289617486336 0.014545454545454545 0.04371584699453552 0.025454545454545455 0.0273224043715847 0.02909090909090909 0.0273224043715847 0.03636363636363636 0.01639344262295082 0.04727272727272727 0.01092896174863388 0.05090909090909091 0.00546448087431694 0.05818181818181818 0.00546448087431694 0.06181818181818182 0 0.06545454545454546 0 0.06909090909090909 0.00546448087431694 0.08 0.00546448087431694 0.08363636363636363 0 0.10909090909090909 0
19 0.9672727272727273 0.24043715846994534 0.9781818181818182 0.2568306010928962 0.9781818181818182 0.26229508196721313 0.9854545454545455 0.2786885245901639 0.9854545454545455 0.2896174863387978 0.9927272727272727 0.30601092896174864 0.9927272727272727 0.3333333333333333 0.9890909090909091 0.33879781420765026 0.9890909090909091 0.3442622950819672 0.9927272727272727 0.34972677595628415 0.9927272727272727 0.36065573770491804 0.9963636363636363 0.366120218579235 0.9927272727272727 0.37158469945355194 0.9927272727272727 0.3770491803278688 0.9890909090909091 0.3770491803278688 0.9854545454545455 0.3825136612021858 0.9854545454545455 0.3989071038251366 0.9927272727272727 0.41530054644808745 0.9927272727272727 0.43169398907103823 0.9818181818181818 0.44808743169398907 0.9781818181818182 0.44808743169398907 0.9672727272727273 0.4644808743169399 0.9636363636363636 0.4644808743169399 0.9563636363636364 0.47540983606557374 0.9490909090909091 0.47540983606557374 0.9418181818181818 0.48633879781420764 0.9345454545454546 0.48633879781420764 0.9309090909090909 0.4918032786885246 0.9272727272727272 0.4918032786885246 0.92 0.5027322404371585 0.9163636363636364 0.4972677595628415 0.9090909090909091 0.5081967213114754 0.8981818181818182 0.5081967213114754 0.8945454545454545 0.5136612021857924 0.8909090909090909 0.5081967213114754 0.8872727272727273 0.5081967213114754 0.8836363636363637 0.5136612021857924 0.88 0.5136612021857924 0.8763636363636363 0.5191256830601093 0.8727272727272727 0.5191256830601093 0.8618181818181818 0.5300546448087432 0.8581818181818182 0.5300546448087432 0.8545454545454545 0.5245901639344263 0.8618181818181818 0.5245901639344263 0.8654545454545455 0.5191256830601093 0.8654545454545455 0.5081967213114754 0.8727272727272727 0.4972677595628415 0.8727272727272727 0.4918032786885246 0.8763636363636363 0.4918032786885246 0.8836363636363637 0.4808743169398907 0.8763636363636363 0.46994535519125685 0.8763636363636363 0.4644808743169399 0.8654545454545455 0.453551912568306 0.8581818181818182 0.453551912568306 0.8545454545454545 0.44808743169398907 0.8363636363636363 0.44808743169398907 0.8327272727272728 0.453551912568306 0.8290909090909091 0.453551912568306 0.8290909090909091 0.44808743169398907 0.8327272727272728 0.44808743169398907 0.850909090909091 0.4207650273224044 0.8581818181818182 0.4207650273224044 0.8581818181818182 0.4262295081967213 0.8618181818181818 0.43169398907103823 0.8654545454545455 0.43169398907103823 0.8690909090909091 0.4262295081967213 0.8654545454545455 0.4207650273224044 0.8654545454545455 0.41530054644808745 0.8545454545454545 0.3989071038251366 0.8545454545454545 0.39344262295081966 0.850909090909091 0.3879781420765027 0.850909090909091 0.3770491803278688 0.8472727272727273 0.37158469945355194 0.8436363636363636 0.3770491803278688 0.84 0.3770491803278688 0.8436363636363636 0.37158469945355194 0.84 0.366120218579235 0.84 0.3551912568306011 0.850909090909091 0.3551912568306011 0.8581818181818182 0.3442622950819672 0.8618181818181818 0.3442622950819672 0.8654545454545455 0.33879781420765026 0.8654545454545455 0.32786885245901637 0.8727272727272727 0.31693989071038253 0.8763636363636363 0.31693989071038253 0.88 0.3114754098360656 0.8836363636363637 0.3114754098360656 0.8872727272727273 0.30601092896174864 0.8909090909090909 0.30601092896174864 0.9018181818181819 0.29508196721311475 0.9090909090909091 0.29508196721311475 0.9163636363636364 0.28415300546448086 0.92 0.28415300546448086 0.9345454545454546 0.26229508196721313 0.9381818181818182 0.26229508196721313 0.9418181818181818 0.2568306010928962 0.9454545454545454 0.2568306010928962 0.9527272727272728 0.2459016393442623 0.9636363636363636 0.24043715846994534
19 0.6436363636363637 0.7868852459016393 0.6618181818181819 0.7868852459016393 0.6654545454545454 0.7923497267759563 0.6727272727272727 0.7923497267759563 0.6727272727272727 0.7978142076502732 0.68 0.8142076502732241 0.68 0.8306010928961749 0.6763636363636364 0.8360655737704918 0.6763636363636364 0.8524590163934426 0.6727272727272727 0.8579234972677595 0.6727272727272727 0.8688524590163934 0.6690909090909091 0.8743169398907104 0.6690909090909091 0.8852459016393442 0.6618181818181819 0.8961748633879781 0.6581818181818182 0.912568306010929 0.6509090909090909 0.9234972677595629 0.6254545454545455 0.9234972677595629 0.6218181818181818 0.9180327868852459 0.6218181818181818 0.907103825136612 0.6181818181818182 0.9016393442622951 0.6181818181818182 0.8907103825136612 0.6218181818181818 0.8852459016393442 0.6218181818181818 0.8688524590163934 0.6290909090909091 0.8579234972677595 0.6290909090909091 0.8469945355191257 0.6327272727272727 0.8415300546448088 0.6327272727272727 0.819672131147541 0.64 0.8087431693989071 0.64 0.7978142076502732 0.6436363636363637 0.7923497267759563
19 0.21818181818181817 0.16939890710382513 0.2290909090909091 0.18579234972677597 0.24363636363636362 0.18579234972677597 0.24727272727272728 0.1912568306010929 0.2509090909090909 0.1912568306010929 0.26181818181818184 0.20218579234972678 0.2690909090909091 0.20218579234972678 0.2581818181818182 0.20218579234972678 0.2545454545454545 0.20765027322404372 0.24363636363636362 0.20765027322404372 0.24 0.20218579234972678 0.23636363636363636 0.20765027322404372 0.21818181818181817 0.20765027322404372 0.21454545454545454 0.21311475409836064 0.20727272727272728 0.21311475409836064 0.20363636363636364 0.2185792349726776 0.17454545454545456 0.2185792349726776 0.16727272727272727 0.22950819672131148 0.16363636363636364 0.22950819672131148 0.16 0.23497267759562843 0.18545454545454546 0.19672131147540983 0.1890909090909091 0.19672131147540983 0.19636363636363635 0.18579234972677597 0.2 0.18579234972677597 0.20363636363636364 0.18032786885245902 0.2109090909090909 0.18032786885245902 0.21454545454545454 0.17486338797814208
19 0.3927272727272727 0.8524590163934426 0.41818181818181815 0.8524590163934426 0.4218181818181818 0.8579234972677595 0.4290909090909091 0.8579234972677595 0.43272727272727274 0.8633879781420765 0.44 0.8633879781420765 0.4509090909090909 0.8743169398907104 0.4618181818181818 0.8743169398907104 0.46545454545454545 0.8797814207650273 0.4727272727272727 0.8797814207650273 0.4763636363636364 0.8852459016393442 0.48 0.8852459016393442 0.48363636363636364 0.8907103825136612 0.48727272727272725 0.8907103825136612 0.49818181818181817 0.9016393442622951 0.5054545454545455 0.9016393442622951 0.509090909090909 0.907103825136612 0.5163636363636364 0.907103825136612 0.52 0.912568306010929 0.5272727272727272 0.912568306010929 0.5309090909090909 0.9180327868852459 0.5345454545454545 0.9180327868852459 0.5454545454545454 0.9289617486338798 0.5527272727272727 0.9289617486338798 0.5563636363636364 0.9344262295081968 0.5636363636363636 0.9344262295081968 0.5745454545454546 0.9453551912568307 0.5818181818181818 0.9453551912568307 0.5854545454545454 0.9508196721311475 0.5927272727272728 0.9508196721311475 0.5963636363636363 0.9562841530054644 0.6 0.9562841530054644 0.6036363636363636 0.9617486338797814 0.6145454545454545 0.9672131147540983 0.610909090909091 0.9836065573770492 0.6 0.994535519125683 0.5781818181818181 0.994535519125683 0.5709090909090909 0.9781420765027322 0.5563636363636364 0.9781420765027322 0.5527272727272727 0.9836065573770492 0.5345454545454545 0.9836065573770492 0.5309090909090909 0.9781420765027322 0.5272727272727272 0.9781420765027322 0.5236363636363637 0.9836065573770492 0.5163636363636364 0.9836065573770492 0.5127272727272727 0.9890710382513661 0.4763636363636364 0.9890710382513661 0.4727272727272727 0.9836065573770492 0.4690909090909091 0.9836065573770492 0.46545454545454545 0.9890710382513661 0.4581818181818182 0.9890710382513661 0.45454545454545453 0.994535519125683 0.44363636363636366 0.994535519125683 0.44 0.9890710382513661 0.43272727272727274 0.9890710382513661 0.4290909090909091 0.9836065573770492 0.4218181818181818 0.9836065573770492 0.41454545454545455 0.9726775956284153 0.41454545454545455 0.9672131147540983 0.4109090909090909 0.9617486338797814 0.4109090909090909 0.9453551912568307 0.4072727272727273 0.9398907103825137 0.4072727272727273 0.9289617486338798 0.4 0.9180327868852459 0.4 0.9016393442622951 0.39636363636363636 0.8961748633879781 0.39636363636363636 0.8852459016393442 0.3927272727272727 0.8797814207650273 0.3927272727272727 0.8579234972677595
19 0 0.4098360655737705 0.02181818181818182 0.4098360655737705 0.03636363636363636 0.43169398907103823 0.03272727272727273 0.4371584699453552 0.03272727272727273 0.44808743169398907 0.02909090909090909 0.453551912568306 0.02909090909090909 0.4808743169398907 0.025454545454545455 0.48633879781420764 0.025454545454545455 0.4972677595628415 0.02181818181818182 0.5027322404371585 0.02181818181818182 0.5191256830601093 0.01818181818181818 0.5245901639344263 0.01818181818181818 0.546448087431694 0.014545454545454545 0.5519125683060109 0.014545454545454545 0.5683060109289617 0.01090909090909091 0.5737704918032787 0.01090909090909091 0.5846994535519126 0.007272727272727273 0.5901639344262295 0.007272727272727273 0.6338797814207651 0.01090909090909091 0.639344262295082 0.01090909090909091 0.644808743169399 0.02181818181818182 0.6612021857923497 0.01818181818181818 0.6612021857923497 0.01090909090909091 0.6721311475409836 0 0.6612021857923497 0 0.4644808743169399 0.007272727272727273 0.44808743169398907 0 0.43169398907103823 0 0.41530054644808745
19 0.07272727272727272 0 0.07636363636363637 0.00546448087431694 0.08 0.00546448087431694 0.08363636363636363 0 0.11636363636363636 0 0.12 0.00546448087431694 0.12727272727272726 0.00546448087431694 0.13090909090909092 0.01092896174863388 0.13818181818181818 0.01092896174863388 0.14181818181818182 0.00546448087431694 0.16363636363636364 0.00546448087431694 0.16727272727272727 0 0.17454545454545456 0 0.1781818181818182 0.00546448087431694 0.19272727272727272 0.00546448087431694 0.19636363636363635 0 0.2290909090909091 0 0.23272727272727273 0.00546448087431694 0.2581818181818182 0.00546448087431694 0.26181818181818184 0 0.27636363636363637 0 0.28 0.00546448087431694 0.2909090909090909 0.00546448087431694 0.29454545454545455 0 0.3054545454545455 0 0.3054545454545455 0.00546448087431694 0.29818181818181816 0.01639344262295082 0.29818181818181816 0.02185792349726776 0.28 0.04918032786885246 0.28 0.0546448087431694 0.26545454545454544 0.07650273224043716 0.26545454545454544 0.08196721311475409 0.26181818181818184 0.08743169398907104 0.2581818181818182 0.10382513661202186 0.2509090909090909 0.11475409836065574 0.24 0.12021857923497267 0.23636363636363636 0.12568306010928962 0.23636363636363636 0.13114754098360656 0.20727272727272728 0.17486338797814208 0.2 0.17486338797814208 0.19636363636363635 0.18032786885245902 0.19272727272727272 0.18032786885245902 0.1781818181818182 0.20218579234972678 0.17454545454545456 0.20218579234972678 0.16 0.22404371584699453 0.15636363636363637 0.22404371584699453 0.15272727272727274 0.22950819672131148 0.14545454545454545 0.22950819672131148 0.14181818181818182 0.22404371584699453 0.13818181818181818 0.22404371584699453 0.12727272727272726 0.20765027322404372 0.12727272727272726 0.20218579234972678 0.12363636363636364 0.19672131147540983 0.12 0.19672131147540983 0.11272727272727273 0.18579234972677597 0.10181818181818182 0.1912568306010929 0.09454545454545454 0.18032786885245902 0.08727272727272728 0.18032786885245902 0.08363636363636363 0.17486338797814208 0.07636363636363637 0.17486338797814208 0.06545454545454546 0.16393442622950818 0.02909090909090909 0.16393442622950818 0.01818181818181818 0.15300546448087432 0.01090909090909091 0.15300546448087432 0 0.14207650273224043 0 0.12568306010928962 0.0036363636363636364 0.13114754098360656 0.007272727272727273 0.12568306010928962 0.007272727272727273 0.1092896174863388 0.0036363636363636364 0.10382513661202186 0.0036363636363636364 0.09836065573770492 0.007272727272727273 0.09289617486338798 0 0.08196721311475409 0.007272727272727273 0.08196721311475409 0.01090909090909091 0.07650273224043716 0.01090909090909091 0.03825136612021858 0.014545454545454545 0.03278688524590164 0.01818181818181818 0.03278688524590164 0.025454545454545455 0.02185792349726776 0.02909090909090909 0.02185792349726776 0.03272727272727273 0.01639344262295082 0.04363636363636364 0.01092896174863388 0.04727272727272727 0.00546448087431694 0.05454545454545454 0.00546448087431694 0.05818181818181818 0 0.06909090909090909 0
19 0.1781818181818182 0.7540983606557377 0.1890909090909091 0.7540983606557377 0.2 0.7650273224043715 0.20727272727272728 0.7650273224043715 0.2109090909090909 0.7704918032786885 0.21818181818181817 0.7704918032786885 0.22181818181818183 0.7759562841530054 0.22545454545454546 0.7759562841530054 0.2290909090909091 0.7704918032786885 0.24363636363636362 0.7704918032786885 0.24727272727272728 0.7650273224043715 0.26545454545454544 0.7650273224043715 0.2690909090909091 0.7704918032786885 0.28 0.7704918032786885 0.2872727272727273 0.7814207650273224 0.29818181818181816 0.7814207650273224 0.3018181818181818 0.7868852459016393 0.29454545454545455 0.7978142076502732 0.29454545454545455 0.8032786885245902 0.29818181818181816 0.8087431693989071 0.3018181818181818 0.8032786885245902 0.31272727272727274 0.8032786885245902 0.31636363636363635 0.7978142076502732 0.3236363636363636 0.7978142076502732 0.3236363636363636 0.8032786885245902 0.33090909090909093 0.8142076502732241 0.3236363636363636 0.8142076502732241 0.32 0.8087431693989071 0.31636363636363635 0.8087431693989071 0.3054545454545455 0.819672131147541 0.29454545454545455 0.8087431693989071 0.2872727272727273 0.8087431693989071 0.28363636363636363 0.8142076502732241 0.2872727272727273 0.8306010928961749 0.28363636363636363 0.825136612021858 0.28 0.8306010928961749 0.28 0.8360655737704918 0.27636363636363637 0.8360655737704918 0.26545454545454544 0.8469945355191257 0.26545454545454544 0.8743169398907104 0.27636363636363637 0.8907103825136612 0.28 0.8852459016393442 0.2909090909090909 0.8852459016393442 0.2909090909090909 0.8907103825136612 0.28363636363636363 0.8907103825136612 0.2727272727272727 0.9016393442622951 0.26545454545454544 0.8907103825136612 0.26545454545454544 0.8743169398907104 0.26181818181818184 0.8688524590163934 0.2545454545454545 0.8688524590163934 0.24363636363636362 0.8524590163934426 0.24 0.8524590163934426 0.2290909090909091 0.8360655737704918 0.2290909090909091 0.8306010928961749 0.22545454545454546 0.825136612021858 0.2290909090909091 0.825136612021858 0.23272727272727273 0.819672131147541 0.24 0.819672131147541 0.24363636363636362 0.8142076502732241 0.24363636363636362 0.8087431693989071 0.24 0.8032786885245902 0.23272727272727273 0.8032786885245902 0.2290909090909091 0.8087431693989071 0.22181818181818183 0.8087431693989071 0.21818181818181817 0.8142076502732241 0.21454545454545454 0.8142076502732241 0.19636363636363635 0.7868852459016393 0.19272727272727272 0.7868852459016393 0.19272727272727272 0.7814207650273224 0.1890909090909091 0.7759562841530054 0.18545454545454546 0.7759562841530054 0.18545454545454546 0.7704918032786885 0.1781818181818182 0.7595628415300546
19 0.7018181818181818 0.3114754098360656 0.7054545454545454 0.31693989071038253 0.7054545454545454 0.3224043715846995 0.7127272727272728 0.3333333333333333 0.7236363636363636 0.31693989071038253 0.72 0.3114754098360656 0.7345454545454545 0.3114754098360656 0.7345454545454545 0.31693989071038253 0.730909090909091 0.3224043715846995 0.7345454545454545 0.32786885245901637 0.7454545454545455 0.32786885245901637 0.7454545454545455 0.3333333333333333 0.7381818181818182 0.3333333333333333 0.7345454545454545 0.33879781420765026 0.7381818181818182 0.3442622950819672 0.72 0.3442622950819672 0.7163636363636363 0.33879781420765026 0.7127272727272728 0.33879781420765026 0.7090909090909091 0.3442622950819672 0.6909090909090909 0.3442622950819672 0.6872727272727273 0.33879781420765026 0.6836363636363636 0.33879781420765026 0.6836363636363636 0.3224043715846995 0.6872727272727273 0.3224043715846995 0.6945454545454546 0.3114754098360656 0.6981818181818182 0.3114754098360656
19 0.38545454545454544 0.12568306010928962 0.3890909090909091 0.13114754098360656 0.3927272727272727 0.13114754098360656 0.39636363636363636 0.1366120218579235 0.4072727272727273 0.14207650273224043 0.4109090909090909 0.14754098360655737 0.41454545454545455 0.14207650273224043 0.4290909090909091 0.14207650273224043 0.43272727272727274 0.1366120218579235 0.4909090909090909 0.1366120218579235 0.49454545454545457 0.14207650273224043 0.49818181818181817 0.14207650273224043 0.5054545454545455 0.15300546448087432 0.5054545454545455 0.15846994535519127 0.509090909090909 0.16393442622950818 0.5054545454545455 0.16939890710382513 0.5054545454545455 0.17486338797814208 0.4909090909090909 0.19672131147540983 0.48727272727272725 0.19672131147540983 0.4763636363636364 0.21311475409836064 0.4763636363636364 0.2185792349726776 0.4690909090909091 0.22950819672131148 0.4690909090909091 0.23497267759562843 0.46545454545454545 0.24043715846994534 0.4581818181818182 0.24043715846994534 0.45454545454545453 0.2459016393442623 0.43636363636363634 0.2459016393442623 0.43272727272727274 0.25136612021857924 0.4254545454545455 0.25136612021857924 0.4218181818181818 0.2568306010928962 0.4109090909090909 0.2568306010928962 0.4 0.24043715846994534 0.39636363636363636 0.24043715846994534 0.3927272727272727 0.23497267759562843 0.3890909090909091 0.23497267759562843 0.3781818181818182 0.22404371584699453 0.29818181818181816 0.22404371584699453 0.29454545454545455 0.2185792349726776 0.2909090909090909 0.2185792349726776 0.28363636363636363 0.20765027322404372 0.28 0.20765027322404372 0.28 0.20218579234972678 0.3090909090909091 0.15846994535519127 0.3090909090909091 0.15300546448087432 0.31636363636363635 0.14207650273224043 0.31636363636363635 0.1366120218579235 0.32727272727272727 0.12021857923497267 0.33090909090909093 0.12021857923497267 0.33454545454545453 0.11475409836065574 0.36 0.11475409836065574 0.36363636363636365 0.12021857923497267 0.3781818181818182 0.12021857923497267 0.38181818181818183 0.12568306010928962
19 0.850909090909091 0.18032786885245902 0.850909090909091 0.17486338797814208 0.8472727272727273 0.16939890710382513 0.8472727272727273 0.15300546448087432 0.8436363636363636 0.14754098360655737 0.8436363636363636 0.13114754098360656 0.84 0.12568306010928962 0.84 0.10382513661202186 0.8363636363636363 0.09836065573770492 0.8363636363636363 0.08743169398907104 0.8327272727272728 0.08196721311475409 0.8327272727272728 0.060109289617486336 0.8290909090909091 0.0546448087431694 0.8290909090909091 0.03825136612021858 0.8254545454545454 0.03278688524590164 0.8254545454545454 0.00546448087431694 0.8290909090909091 0 0.8690909090909091 0 0.8727272727272727 0.00546448087431694 0.8727272727272727 0.01092896174863388 0.8763636363636363 0.01639344262295082 0.8763636363636363 0.0273224043715847 0.8836363636363637 0.03825136612021858 0.8836363636363637 0.04371584699453552 0.8872727272727273 0.04918032786885246 0.8909090909090909 0.06557377049180328 0.9054545454545454 0.09289617486338798 0.9054545454545454 0.09836065573770492 0.9090909090909091 0.10382513661202186 0.9127272727272727 0.12021857923497267 0.9163636363636364 0.12568306010928962 0.9163636363636364 0.1366120218579235 0.9272727272727272 0.15300546448087432 0.9272727272727272 0.15846994535519127 0.9309090909090909 0.16393442622950818 0.9309090909090909 0.18032786885245902 0.8545454545454545 0.18032786885245902
19 0.4763636363636364 0.3825136612021858 0.48727272727272725 0.3825136612021858 0.4909090909090909 0.3879781420765027 0.49454545454545457 0.3879781420765027 0.49454545454545457 0.39344262295081966 0.5127272727272727 0.4207650273224044 0.5127272727272727 0.43169398907103823 0.48363636363636364 0.43169398907103823 0.48363636363636364 0.4262295081967213 0.48 0.4207650273224044 0.48 0.3989071038251366 0.4763636363636364 0.39344262295081966 0.4763636363636364 0.3879781420765027
19 0.06909090909090909 0.00546448087431694 0.07272727272727272 0.01092896174863388 0.08727272727272728 0.01092896174863388 0.09090909090909091 0.00546448087431694 0.09454545454545454 0.01092896174863388 0.09818181818181818 0.01092896174863388 0.10545454545454545 0.02185792349726776 0.10545454545454545 0.03278688524590164 0.10909090909090909 0.03825136612021858 0.11272727272727273 0.03825136612021858 0.11272727272727273 0.04918032786885246 0.11636363636363636 0.0546448087431694 0.13090909090909092 0.0546448087431694 0.12727272727272726 0.060109289617486336 0.13090909090909092 0.06557377049180328 0.13090909090909092 0.07103825136612021 0.12 0.07103825136612021 0.11636363636363636 0.07650273224043716 0.11636363636363636 0.08196721311475409 0.10545454545454545 0.07650273224043716 0.09818181818181818 0.08743169398907104 0.09818181818181818 0.09836065573770492 0.09454545454545454 0.10382513661202186 0.10181818181818182 0.11475409836065574 0.10545454545454545 0.1092896174863388 0.11272727272727273 0.12021857923497267 0.12 0.12021857923497267 0.12363636363636364 0.11475409836065574 0.12363636363636364 0.10382513661202186 0.13090909090909092 0.10382513661202186 0.13454545454545455 0.09836065573770492 0.13454545454545455 0.09289617486338798 0.13818181818181818 0.09289617486338798 0.13818181818181818 0.10382513661202186 0.14181818181818182 0.1092896174863388 0.14909090909090908 0.09836065573770492 0.15636363636363637 0.09836065573770492 0.16 0.10382513661202186 0.16727272727272727 0.10382513661202186 0.1709090909090909 0.1092896174863388 0.17454545454545456 0.1092896174863388 0.17454545454545456 0.11475409836065574 0.18545454545454546 0.13114754098360656 0.18545454545454546 0.1366120218579235 0.17454545454545456 0.1366120218579235 0.1709090909090909 0.14207650273224043 0.17454545454545456 0.14754098360655737 0.18545454545454546 0.14754098360655737 0.1781818181818182 0.15846994535519127 0.1781818181818182 0.16393442622950818 0.16363636363636364 0.16393442622950818 0.1709090909090909 0.16393442622950818 0.17454545454545456 0.15846994535519127 0.1709090909090909 0.15300546448087432 0.16363636363636364 0.15300546448087432 0.16 0.14754098360655737 0.15636363636363637 0.14754098360655737 0.15272727272727274 0.15300546448087432 0.15272727272727274 0.15846994535519127 0.15636363636363637 0.16393442622950818 0.15636363636363637 0.16939890710382513 0.15272727272727274 0.17486338797814208 0.16 0.18579234972677597 0.16363636363636364 0.18579234972677597 0.16727272727272727 0.18032786885245902 0.16727272727272727 0.17486338797814208 0.1709090909090909 0.17486338797814208 0.17454545454545456 0.18032786885245902 0.1709090909090909 0.17486338797814208 0.16363636363636364 0.18579234972677597 0.16727272727272727 0.1912568306010929 0.16727272727272727 0.20218579234972678 0.16 0.2185792349726776 0.15272727272727274 0.2185792349726776 0.14909090909090908 0.21311475409836064 0.14545454545454545 0.21311475409836064 0.13454545454545455 0.20218579234972678 0.13090909090909092 0.20765027322404372 0.13090909090909092 0.20218579234972678 0.12727272727272726 0.19672131147540983 0.12363636363636364 0.19672131147540983 0.12363636363636364 0.1912568306010929 0.12 0.18579234972677597 0.11636363636363636 0.18579234972677597 0.11272727272727273 0.18032786885245902 0.10909090909090909 0.18579234972677597 0.09818181818181818 0.18579234972677597 0.08727272727272728 0.17486338797814208 0.07272727272727272 0.17486338797814208 0.06909090909090909 0.16939890710382513 0.06545454545454546 0.16939890710382513 0.05454545454545454 0.15846994535519127 0.05090909090909091 0.16393442622950818 0.04727272727272727 0.15846994535519127 0.04 0.15846994535519127 0.03636363636363636 0.16393442622950818 0.025454545454545455 0.16393442622950818 0.01818181818181818 0.15300546448087432 0.01090909090909091 0.15300546448087432 0.007272727272727273 0.14754098360655737 0.0036363636363636364 0.14754098360655737 0.0036363636363636364 0.13114754098360656 0.01090909090909091 0.12021857923497267 0.014545454545454545 0.12021857923497267 0.02181818181818182 0.13114754098360656 0.025454545454545455 0.13114754098360656 0.03636363636363636 0.11475409836065574 0.02909090909090909 0.10382513661202186 0.02181818181818182 0.10382513661202186 0.01818181818181818 0.09836065573770492 0.014545454545454545 0.10382513661202186 0.01090909090909091 0.10382513661202186 0.007272727272727273 0.09836065573770492 0.007272727272727273 0.09289617486338798 0.0036363636363636364 0.08743169398907104 0.01090909090909091 0.07103825136612021 0.01090909090909091 0.06557377049180328 0.007272727272727273 0.060109289617486336 0.01090909090909091 0.0546448087431694 0.01090909090909091 0.04371584699453552 0.01818181818181818 0.03278688524590164 0.02181818181818182 0.03278688524590164 0.02909090909090909 0.02185792349726776 0.03272727272727273 0.02185792349726776 0.03636363636363636 0.01639344262295082 0.04363636363636364 0.01639344262295082 0.05454545454545454 0.00546448087431694 0.06545454545454546 0.00546448087431694
19 0.7854545454545454 0.5792349726775956 0.7890909090909091 0.5846994535519126 0.7963636363636364 0.5846994535519126 0.8072727272727273 0.5956284153005464 0.8072727272727273 0.6338797814207651 0.8109090909090909 0.639344262295082 0.8109090909090909 0.6612021857923497 0.8072727272727273 0.6666666666666666 0.8072727272727273 0.6775956284153005 0.8 0.6885245901639344 0.7963636363636364 0.6885245901639344 0.7927272727272727 0.6939890710382514 0.7672727272727272 0.6939890710382514 0.7563636363636363 0.6775956284153005 0.7563636363636363 0.644808743169399 0.7636363636363637 0.6284153005464481 0.7636363636363637 0.5956284153005464 0.76 0.5901639344262295 0.76 0.5846994535519126 0.7745454545454545 0.5846994535519126 0.7781818181818182 0.5792349726775956 0.7818181818181819 0.5792349726775956
19 0.26181818181818184 0.20765027322404372 0.26545454545454544 0.21311475409836064 0.2727272727272727 0.21311475409836064 0.28 0.22404371584699453 0.2872727272727273 0.22404371584699453 0.29454545454545455 0.23497267759562843 0.33454545454545453 0.23497267759562843 0.3381818181818182 0.22950819672131148 0.36727272727272725 0.22950819672131148 0.3709090909090909 0.23497267759562843 0.3781818181818182 0.23497267759562843 0.3890909090909091 0.2459016393442623 0.39636363636363636 0.2459016393442623 0.4 0.25136612021857924 0.4 0.2568306010928962 0.4072727272727273 0.2677595628415301 0.4218181818181818 0.2677595628415301 0.43272727272727274 0.2568306010928962 0.44727272727272727 0.2568306010928962 0.4509090909090909 0.25136612021857924 0.46545454545454545 0.25136612021857924 0.4690909090909091 0.2459016393442623 0.4727272727272727 0.2459016393442623 0.4763636363636364 0.24043715846994534 0.4763636363636364 0.23497267759562843 0.4763636363636364 0.24043715846994534 0.48 0.2459016393442623 0.48727272727272725 0.2459016393442623 0.48727272727272725 0.25136612021857924 0.49454545454545457 0.26229508196721313 0.5054545454545455 0.2677595628415301 0.5054545454545455 0.273224043715847 0.5127272727272727 0.28415300546448086 0.5127272727272727 0.3005464480874317 0.5163636363636364 0.30601092896174864 0.5163636363636364 0.32786885245901637 0.52 0.3333333333333333 0.52 0.33879781420765026 0.5309090909090909 0.3551912568306011 0.5309090909090909 0.4371584699453552 0.5236363636363637 0.4371584699453552 0.5163636363636364 0.4262295081967213 0.5127272727272727 0.4098360655737705 0.509090909090909 0.40437158469945356 0.5054545454545455 0.40437158469945356 0.5018181818181818 0.3989071038251366 0.5018181818181818 0.39344262295081966 0.49454545454545457 0.3825136612021858 0.48727272727272725 0.3825136612021858 0.48363636363636364 0.3879781420765027 0.48 0.3879781420765027 0.48 0.3825136612021858 0.4763636363636364 0.3770491803278688 0.48 0.37158469945355194 0.4763636363636364 0.366120218579235 0.4690909090909091 0.366120218579235 0.46545454545454545 0.36065573770491804 0.4581818181818182 0.36065573770491804 0.45454545454545453 0.3551912568306011 0.44727272727272727 0.3551912568306011 0.44363636363636366 0.36065573770491804 0.43272727272727274 0.36065573770491804 0.4290909090909091 0.366120218579235 0.41454545454545455 0.366120218579235 0.4109090909090909 0.37158469945355194 0.38181818181818183 0.37158469945355194 0.3781818181818182 0.366120218579235 0.37454545454545457 0.37158469945355194 0.3709090909090909 0.37158469945355194 0.36 0.3879781420765027 0.3490909090909091 0.3879781420765027 0.34545454545454546 0.39344262295081966 0.3381818181818182 0.39344262295081966 0.33454545454545453 0.3989071038251366 0.3018181818181818 0.3989071038251366 0.29818181818181816 0.40437158469945356 0.2872727272727273 0.40437158469945356 0.28363636363636363 0.4098360655737705 0.2727272727272727 0.4098360655737705 0.2690909090909091 0.41530054644808745 0.2581818181818182 0.41530054644808745 0.2545454545454545 0.4207650273224044 0.24 0.4207650273224044 0.23636363636363636 0.4262295081967213 0.14545454545454545 0.4262295081967213 0.14181818181818182 0.4207650273224044 0.13818181818181818 0.4207650273224044 0.13454545454545455 0.41530054644808745 0.13454545454545455 0.3770491803278688 0.13818181818181818 0.37158469945355194 0.13818181818181818 0.3442622950819672 0.14181818181818182 0.33879781420765026 0.14181818181818182 0.31693989071038253 0.14909090909090908 0.3005464480874317 0.14909090909090908 0.28415300546448086 0.15272727272727274 0.2786885245901639 0.15272727272727274 0.26229508196721313 0.15636363636363637 0.2568306010928962 0.15636363636363637 0.2459016393442623 0.1709090909090909 0.22404371584699453 0.1781818181818182 0.22404371584699453 0.18181818181818182 0.2185792349726776 0.20727272727272728 0.2185792349726776 0.2109090909090909 0.21311475409836064 0.22181818181818183 0.21311475409836064 0.22545454545454546 0.20765027322404372 0.2581818181818182 0.20765027322404372
19 0.49818181818181817 0.19672131147540983 0.49818181818181817 0.20765027322404372 0.5054545454545455 0.2185792349726776 0.5054545454545455 0.22404371584699453 0.509090909090909 0.22950819672131148 0.509090909090909 0.24043715846994534 0.5127272727272727 0.2459016393442623 0.5127272727272727 0.2568306010928962 0.52 0.2677595628415301 0.52 0.2786885245901639 0.5236363636363637 0.28415300546448086 0.5236363636363637 0.30601092896174864 0.5272727272727272 0.3114754098360656 0.5272727272727272 0.31693989071038253 0.5236363636363637 0.3224043715846995 0.5236363636363637 0.3333333333333333 0.5272727272727272 0.33879781420765026 0.5272727272727272 0.34972677595628415 0.5309090909090909 0.3551912568306011 0.5272727272727272 0.34972677595628415 0.5272727272727272 0.3442622950819672 0.5236363636363637 0.33879781420765026 0.52 0.33879781420765026 0.52 0.3224043715846995 0.5163636363636364 0.31693989071038253 0.5163636363636364 0.2896174863387978 0.5018181818181818 0.2677595628415301 0.49818181818181817 0.2677595628415301 0.4909090909090909 0.2568306010928962 0.48727272727272725 0.2568306010928962 0.48363636363636364 0.25136612021857924 0.4763636363636364 0.25136612021857924 0.4727272727272727 0.2459016393442623 0.46545454545454545 0.2459016393442623 0.4690909090909091 0.24043715846994534 0.4690909090909091 0.23497267759562843 0.48 0.2185792349726776 0.48 0.21311475409836064 0.48363636363636364 0.21311475409836064 0.4909090909090909 0.20218579234972678 0.49454545454545457 0.20218579234972678
19 0 0.6338797814207651 0.014545454545454545 0.6557377049180327 0.01818181818181818 0.6557377049180327 0.02181818181818182 0.6612021857923497 0.03272727272727273 0.6612021857923497 0.03636363636363636 0.6666666666666666 0.04363636363636364 0.6666666666666666 0.04727272727272727 0.6721311475409836 0.05818181818181818 0.6721311475409836 0.06181818181818182 0.6775956284153005 0.07272727272727272 0.6775956284153005 0.08363636363636363 0.6885245901639344 0.09090909090909091 0.6885245901639344 0.09090909090909091 0.6994535519125683 0.05818181818181818 0.7486338797814208 0.05454545454545454 0.7486338797814208 0.0036363636363636364 0.825136612021858 0 0.825136612021858 0 0.8032786885245902 0.0036363636363636364 0.7978142076502732 0.0036363636363636364 0.7759562841530054 0 0.7704918032786885 0 0.6939890710382514 0.0036363636363636364 0.6885245901639344 0.0036363636363636364 0.6721311475409836 0 0.6666666666666666 0 0.639344262295082
19 0.09454545454545454 0.24043715846994534 0.09818181818181818 0.2459016393442623 0.10545454545454545 0.2459016393442623 0.10909090909090909 0.24043715846994534 0.11636363636363636 0.24043715846994534 0.12 0.23497267759562843 0.13818181818181818 0.23497267759562843 0.14909090909090908 0.25136612021857924 0.14545454545454545 0.2568306010928962 0.14909090909090908 0.26229508196721313 0.14545454545454545 0.2677595628415301 0.14545454545454545 0.28415300546448086 0.14181818181818182 0.2896174863387978 0.14181818181818182 0.3005464480874317 0.13454545454545455 0.31693989071038253 0.12727272727272726 0.31693989071038253 0.12363636363636364 0.3114754098360656 0.11636363636363636 0.3114754098360656 0.11272727272727273 0.30601092896174864 0.10545454545454545 0.30601092896174864 0.10181818181818182 0.3005464480874317 0.09090909090909091 0.3005464480874317 0.08727272727272728 0.29508196721311475 0.08363636363636363 0.3005464480874317 0.06909090909090909 0.3005464480874317 0.05818181818181818 0.31693989071038253 0.05818181818181818 0.3224043715846995 0.05454545454545454 0.32786885245901637 0.05090909090909091 0.3442622950819672 0.04363636363636364 0.3551912568306011 0.04363636363636364 0.37158469945355194 0.04 0.3770491803278688 0.04363636363636364 0.3825136612021858 0.04363636363636364 0.39344262295081966 0.04 0.3989071038251366 0.04 0.4098360655737705 0.03636363636363636 0.41530054644808745 0.025454545454545455 0.40437158469945356 0.025454545454545455 0.366120218579235 0.02909090909090909 0.36065573770491804 0.02909090909090909 0.3442622950819672 0.03636363636363636 0.32786885245901637 0.03636363636363636 0.3005464480874317 0.04 0.29508196721311475 0.04727272727272727 0.29508196721311475 0.05090909090909091 0.2896174863387978 0.04727272727272727 0.28415300546448086 0.03636363636363636 0.28415300546448086 0.03636363636363636 0.26229508196721313 0.04 0.2568306010928962 0.04 0.2459016393442623 0.04363636363636364 0.24043715846994534 0.09090909090909091 0.24043715846994534
19 0 0.2568306010928962 0.007272727272727273 0.2568306010928962 0.01090909090909091 0.26229508196721313 0.014545454545454545 0.26229508196721313 0.025454545454545455 0.2786885245901639 0.02909090909090909 0.2786885245901639 0.02909090909090909 0.28415300546448086 0.03272727272727273 0.2896174863387978 0.03272727272727273 0.32786885245901637 0.02909090909090909 0.3333333333333333 0.02909090909090909 0.3442622950819672 0.025454545454545455 0.34972677595628415 0.025454545454545455 0.366120218579235 0.02181818181818182 0.37158469945355194 0.02181818181818182 0.3989071038251366 0.007272727272727273 0.3989071038251366 0.0036363636363636364 0.40437158469945356 0 0.40437158469945356 0 0.26229508196721313
19 0.9054545454545454 0.5245901639344263 0.9090909090909091 0.5300546448087432 0.9127272727272727 0.5300546448087432 0.9236363636363636 0.5409836065573771 0.9309090909090909 0.5409836065573771 0.9381818181818182 0.5519125683060109 0.9454545454545454 0.5519125683060109 0.9490909090909091 0.5573770491803278 0.9527272727272728 0.5573770491803278 0.9563636363636364 0.5628415300546448 0.9672727272727273 0.5683060109289617 0.9745454545454545 0.5792349726775956 0.9781818181818182 0.5792349726775956 0.9890909090909091 0.5956284153005464 0.9890909090909091 0.6120218579234973 0.9963636363636363 0.6284153005464481 0.9963636363636363 0.644808743169399 0.9890909090909091 0.6557377049180327 0.9890909090909091 0.6612021857923497 0.9927272727272727 0.6666666666666666 0.9927272727272727 0.7377049180327869 0.9890909090909091 0.7431693989071039 0.9890909090909091 0.7595628415300546 0.9963636363636363 0.7704918032786885 0.9963636363636363 0.7814207650273224 0.9927272727272727 0.7868852459016393 0.9927272727272727 0.8032786885245902 0.9963636363636363 0.8087431693989071 0.9963636363636363 0.825136612021858 0.9818181818181818 0.825136612021858 0.9781818181818182 0.819672131147541 0.9745454545454545 0.819672131147541 0.9636363636363636 0.8087431693989071 0.9563636363636364 0.8087431693989071 0.9527272727272728 0.8032786885245902 0.9490909090909091 0.8032786885245902 0.9381818181818182 0.7923497267759563 0.9309090909090909 0.7923497267759563 0.9272727272727272 0.7868852459016393 0.92 0.7868852459016393 0.9163636363636364 0.7814207650273224 0.9127272727272727 0.7814207650273224 0.9090909090909091 0.7759562841530054 0.8981818181818182 0.7704918032786885 0.8981818181818182 0.7595628415300546 0.8872727272727273 0.7486338797814208 0.8836363636363637 0.7540983606557377 0.8654545454545455 0.7540983606557377 0.8618181818181818 0.7486338797814208 0.8545454545454545 0.7486338797814208 0.850909090909091 0.7431693989071039 0.8472727272727273 0.7431693989071039 0.8363636363636363 0.73224043715847 0.8254545454545454 0.73224043715847 0.8218181818181818 0.726775956284153 0.8145454545454546 0.726775956284153 0.8109090909090909 0.73224043715847 0.8036363636363636 0.73224043715847 0.8 0.7377049180327869 0.7927272727272727 0.7377049180327869 0.7818181818181819 0.7213114754098361 0.7818181818181819 0.7158469945355191 0.7781818181818182 0.7103825136612022 0.7818181818181819 0.7049180327868853 0.7854545454545454 0.7049180327868853 0.7890909090909091 0.6994535519125683 0.8 0.6939890710382514 0.8145454545454546 0.6721311475409836 0.8145454545454546 0.6229508196721312 0.8109090909090909 0.6174863387978142 0.8109090909090909 0.6010928961748634 0.8181818181818182 0.5901639344262295 0.8218181818181818 0.5901639344262295 0.8290909090909091 0.5792349726775956 0.8327272727272728 0.5792349726775956 0.8436363636363636 0.5628415300546448 0.8472727272727273 0.5628415300546448 0.850909090909091 0.5573770491803278 0.850909090909091 0.5519125683060109 0.8545454545454545 0.5519125683060109 0.8618181818181818 0.5409836065573771 0.8690909090909091 0.5409836065573771 0.8727272727272727 0.5355191256830601 0.8763636363636363 0.5355191256830601 0.88 0.5300546448087432 0.8872727272727273 0.5300546448087432 0.8909090909090909 0.5245901639344263 0.9018181818181819 0.5245901639344263
19 0.8327272727272728 0.7650273224043715 0.8363636363636363 0.7704918032786885 0.8472727272727273 0.7704918032786885 0.850909090909091 0.7759562841530054 0.8618181818181818 0.7759562841530054 0.8654545454545455 0.7814207650273224 0.8727272727272727 0.7814207650273224 0.88 0.7923497267759563 0.8836363636363637 0.7923497267759563 0.8872727272727273 0.7978142076502732 0.8872727272727273 0.8032786885245902 0.8945454545454545 0.8142076502732241 0.8945454545454545 0.819672131147541 0.8872727272727273 0.8360655737704918 0.8727272727272727 0.8360655737704918 0.8690909090909091 0.8306010928961749 0.8545454545454545 0.8306010928961749 0.850909090909091 0.825136612021858 0.8436363636363636 0.825136612021858 0.84 0.819672131147541 0.8327272727272728 0.819672131147541 0.8290909090909091 0.8142076502732241 0.8254545454545454 0.8142076502732241 0.8181818181818182 0.8032786885245902 0.8145454545454546 0.8032786885245902 0.8109090909090909 0.7978142076502732 0.8109090909090909 0.7814207650273224 0.8181818181818182 0.7704918032786885 0.8290909090909091 0.7650273224043715
19 0.9054545454545454 0.5245901639344263 0.9090909090909091 0.5300546448087432 0.9127272727272727 0.5300546448087432 0.9236363636363636 0.5409836065573771 0.9309090909090909 0.5409836065573771 0.9381818181818182 0.5519125683060109 0.9454545454545454 0.5519125683060109 0.9490909090909091 0.5573770491803278 0.96 0.5628415300546448 0.9709090909090909 0.5792349726775956 0.9745454545454545 0.5792349726775956 0.9818181818181818 0.5901639344262295 0.9854545454545455 0.5901639344262295 0.9890909090909091 0.5956284153005464 0.9854545454545455 0.6120218579234973 0.9927272727272727 0.6229508196721312 0.9927272727272727 0.6284153005464481 0.9963636363636363 0.6338797814207651 0.9890909090909091 0.6502732240437158 0.9890909090909091 0.6666666666666666 0.9854545454545455 0.6721311475409836 0.9854545454545455 0.6775956284153005 0.9890909090909091 0.6830601092896175 0.9854545454545455 0.6885245901639344 0.9854545454545455 0.6994535519125683 0.9890909090909091 0.7049180327868853 0.9818181818181818 0.7158469945355191 0.9854545454545455 0.7103825136612022 0.9745454545454545 0.6994535519125683 0.9709090909090909 0.7049180327868853 0.9672727272727273 0.7049180327868853 0.9636363636363636 0.6994535519125683 0.9563636363636364 0.7103825136612022 0.9527272727272728 0.7103825136612022 0.9527272727272728 0.7049180327868853 0.9490909090909091 0.6994535519125683 0.9527272727272728 0.6939890710382514 0.9381818181818182 0.6666666666666666 0.9272727272727272 0.6666666666666666 0.9236363636363636 0.6612021857923497 0.9090909090909091 0.6612021857923497 0.9018181818181819 0.6721311475409836 0.8981818181818182 0.6721311475409836 0.8945454545454545 0.6666666666666666 0.8909090909090909 0.6666666666666666 0.8836363636363637 0.6557377049180327 0.8836363636363637 0.6502732240437158 0.88 0.644808743169399 0.8763636363636363 0.644808743169399 0.8654545454545455 0.6338797814207651 0.850909090909091 0.6338797814207651 0.8472727272727273 0.639344262295082 0.8363636363636363 0.639344262295082 0.8327272727272728 0.644808743169399 0.8327272727272728 0.6502732240437158 0.8363636363636363 0.6557377049180327 0.84 0.6557377049180327 0.8254545454545454 0.6557377049180327 0.8218181818181818 0.6612021857923497 0.8181818181818182 0.6557377049180327 0.8181818181818182 0.6502732240437158 0.8145454545454546 0.644808743169399 0.8145454545454546 0.6010928961748634 0.8254545454545454 0.5846994535519126 0.8290909090909091 0.5846994535519126 0.84 0.5683060109289617 0.8436363636363636 0.5683060109289617 0.8581818181818182 0.546448087431694 0.8618181818181818 0.546448087431694 0.8654545454545455 0.5409836065573771 0.8690909090909091 0.5409836065573771 0.88 0.5300546448087432 0.8872727272727273 0.5300546448087432 0.8909090909090909 0.5245901639344263 0.9018181818181819 0.5245901639344263
19 0.01090909090909091 0.15846994535519127 0.014545454545454545 0.16393442622950818 0.025454545454545455 0.16939890710382513 0.02909090909090909 0.17486338797814208 0.06909090909090909 0.17486338797814208 0.07272727272727272 0.18032786885245902 0.08 0.18032786885245902 0.08363636363636363 0.18579234972677597 0.09454545454545454 0.1912568306010929 0.09454545454545454 0.21311475409836064 0.09090909090909091 0.2185792349726776 0.09454545454545454 0.22404371584699453 0.09454545454545454 0.23497267759562843 0.09090909090909091 0.24043715846994534 0.08363636363636363 0.24043715846994534 0.08 0.2459016393442623 0.06545454545454546 0.2459016393442623 0.05818181818181818 0.23497267759562843 0.04727272727272727 0.23497267759562843 0.03636363636363636 0.25136612021857924 0.03636363636363636 0.26229508196721313 0.03272727272727273 0.2677595628415301 0.03272727272727273 0.273224043715847 0.02909090909090909 0.2677595628415301 0.02181818181818182 0.2677595628415301 0.01818181818181818 0.26229508196721313 0.014545454545454545 0.26229508196721313 0.007272727272727273 0.25136612021857924 0.0036363636363636364 0.25136612021857924 0.0036363636363636364 0.24043715846994534 0.007272727272727273 0.23497267759562843 0.007272727272727273 0.22950819672131148 0 0.2185792349726776 0 0.21311475409836064 0.007272727272727273 0.19672131147540983 0.007272727272727273 0.1912568306010929 0 0.18032786885245902 0 0.16393442622950818 0.0036363636363636364 0.15846994535519127 0.007272727272727273 0.15846994535519127
19 0.7490909090909091 0.40437158469945356 0.7527272727272727 0.4098360655737705 0.7563636363636363 0.4098360655737705 0.7563636363636363 0.41530054644808745 0.7636363636363637 0.4262295081967213 0.7636363636363637 0.43169398907103823 0.7563636363636363 0.4426229508196721 0.7527272727272727 0.4426229508196721 0.7490909090909091 0.44808743169398907 0.730909090909091 0.44808743169398907 0.7272727272727273 0.453551912568306 0.7054545454545454 0.453551912568306 0.7018181818181818 0.44808743169398907 0.6981818181818182 0.44808743169398907 0.6872727272727273 0.43169398907103823 0.6872727272727273 0.4207650273224044 0.6945454545454546 0.4098360655737705 0.7018181818181818 0.4098360655737705 0.7054545454545454 0.40437158469945356 0.7090909090909091 0.40437158469945356 0.7127272727272728 0.4098360655737705 0.730909090909091 0.4098360655737705 0.7345454545454545 0.40437158469945356 0.7454545454545455 0.40437158469945356
19 0.12363636363636364 0.6284153005464481 0.12727272727272726 0.6338797814207651 0.13454545454545455 0.6338797814207651 0.14545454545454545 0.644808743169399 0.16363636363636364 0.644808743169399 0.16727272727272727 0.6502732240437158 0.18181818181818182 0.6502732240437158 0.18545454545454546 0.6557377049180327 0.2509090909090909 0.6557377049180327 0.2545454545454545 0.6612021857923497 0.2545454545454545 0.6666666666666666 0.2509090909090909 0.6721311475409836 0.24363636363636362 0.6721311475409836 0.24 0.6666666666666666 0.2290909090909091 0.6775956284153005 0.22181818181818183 0.6775956284153005 0.21818181818181817 0.6721311475409836 0.20363636363636364 0.6721311475409836 0.2 0.6775956284153005 0.2109090909090909 0.6939890710382514 0.22545454545454546 0.6939890710382514 0.22545454545454546 0.7049180327868853 0.2290909090909091 0.7103825136612022 0.23272727272727273 0.7103825136612022 0.23636363636363636 0.7049180327868853 0.24363636363636362 0.7049180327868853 0.24727272727272728 0.7103825136612022 0.24727272727272728 0.73224043715847 0.2545454545454545 0.7431693989071039 0.2581818181818182 0.7595628415300546 0.24363636363636362 0.7595628415300546 0.24 0.7650273224043715 0.2290909090909091 0.7650273224043715 0.22545454545454546 0.7595628415300546 0.22181818181818183 0.7650273224043715 0.21818181818181817 0.7595628415300546 0.2 0.7595628415300546 0.19636363636363635 0.7540983606557377 0.1890909090909091 0.7540983606557377 0.18181818181818182 0.7431693989071039 0.1781818181818182 0.7431693989071039 0.17454545454545456 0.7377049180327869 0.16363636363636364 0.73224043715847 0.15636363636363637 0.7213114754098361 0.14909090909090908 0.7213114754098361 0.14545454545454545 0.7158469945355191 0.13454545454545455 0.7103825136612022 0.12363636363636364 0.6939890710382514 0.12363636363636364 0.6721311475409836 0.12727272727272726 0.6666666666666666 0.12727272727272726 0.6557377049180327 0.12363636363636364 0.6502732240437158 0.12363636363636364 0.639344262295082 0.12 0.6338797814207651
19 0.4618181818181818 0.37158469945355194 0.4690909090909091 0.3825136612021858 0.4690909090909091 0.39344262295081966 0.4727272727272727 0.3989071038251366 0.4727272727272727 0.4098360655737705 0.4763636363636364 0.41530054644808745 0.4763636363636364 0.44808743169398907 0.48 0.453551912568306 0.48 0.4808743169398907 0.48363636363636364 0.48633879781420764 0.48363636363636364 0.5191256830601093 0.48727272727272725 0.5245901639344263 0.48727272727272725 0.5683060109289617 0.48363636363636364 0.5737704918032787 0.48363636363636364 0.5792349726775956 0.48 0.5792349726775956 0.4690909090909091 0.5956284153005464 0.46545454545454545 0.5956284153005464 0.4618181818181818 0.6010928961748634 0.45454545454545453 0.6010928961748634 0.4509090909090909 0.6065573770491803 0.43272727272727274 0.6065573770491803 0.4290909090909091 0.6120218579234973 0.4218181818181818 0.6120218579234973 0.41818181818181815 0.6174863387978142 0.4036363636363636 0.6174863387978142 0.4 0.6229508196721312 0.38545454545454544 0.6229508196721312 0.38181818181818183 0.6284153005464481 0.3709090909090909 0.6284153005464481 0.36727272727272725 0.6338797814207651 0.3381818181818182 0.6338797814207651 0.33454545454545453 0.639344262295082 0.31272727272727274 0.639344262295082 0.3090909090909091 0.644808743169399 0.2872727272727273 0.644808743169399 0.28363636363636363 0.6502732240437158 0.20363636363636364 0.6502732240437158 0.2 0.644808743169399 0.17454545454545456 0.644808743169399 0.1709090909090909 0.639344262295082 0.15636363636363637 0.639344262295082 0.15272727272727274 0.6338797814207651 0.14181818181818182 0.6338797814207651 0.13818181818181818 0.6284153005464481 0.13090909090909092 0.6284153005464481 0.12363636363636364 0.6174863387978142 0.12 0.6174863387978142 0.12 0.6120218579234973 0.11272727272727273 0.6010928961748634 0.11272727272727273 0.5901639344262295 0.10909090909090909 0.5846994535519126 0.10909090909090909 0.5355191256830601 0.10545454545454545 0.5300546448087432 0.10545454545454545 0.5191256830601093 0.10181818181818182 0.5136612021857924 0.10181818181818182 0.4918032786885246 0.09818181818181818 0.48633879781420764 0.09818181818181818 0.453551912568306 0.10181818181818182 0.44808743169398907 0.10181818181818182 0.4371584699453552 0.10545454545454545 0.43169398907103823 0.10545454545454545 0.4262295081967213 0.10909090909090909 0.4262295081967213 0.11272727272727273 0.4207650273224044 0.12 0.4207650273224044 0.12363636363636364 0.4262295081967213 0.13454545454545455 0.4262295081967213 0.13818181818181818 0.43169398907103823 0.14545454545454545 0.43169398907103823 0.14909090909090908 0.4371584699453552 0.21818181818181817 0.4371584699453552 0.22181818181818183 0.43169398907103823 0.24727272727272728 0.43169398907103823 0.2509090909090909 0.4262295081967213 0.2690909090909091 0.4262295081967213 0.2727272727272727 0.4207650273224044 0.28363636363636363 0.4207650273224044 0.2872727272727273 0.41530054644808745 0.3054545454545455 0.41530054644808745 0.3090909090909091 0.4098360655737705 0.33090909090909093 0.4098360655737705 0.33454545454545453 0.40437158469945356 0.34545454545454546 0.40437158469945356 0.3490909090909091 0.3989071038251366 0.36 0.3989071038251366 0.36363636363636365 0.39344262295081966 0.3781818181818182 0.39344262295081966 0.38181818181818183 0.3879781420765027 0.3927272727272727 0.3879781420765027 0.39636363636363636 0.3825136612021858 0.4072727272727273 0.3825136612021858 0.4109090909090909 0.3770491803278688 0.4218181818181818 0.3770491803278688 0.4254545454545455 0.37158469945355194 0.44 0.37158469945355194 0.44363636363636366 0.366120218579235 0.45454545454545453 0.366120218579235 0.4581818181818182 0.37158469945355194
19 0.52 0.7158469945355191 0.5236363636363637 0.7213114754098361 0.5309090909090909 0.7213114754098361 0.5345454545454545 0.7158469945355191 0.5345454545454545 0.726775956284153 0.5381818181818182 0.73224043715847 0.5418181818181819 0.73224043715847 0.5454545454545454 0.7377049180327869 0.5490909090909091 0.7377049180327869 0.5527272727272727 0.73224043715847 0.56 0.7431693989071039 0.5672727272727273 0.726775956284153 0.5636363636363636 0.7213114754098361 0.5672727272727273 0.7158469945355191 0.5709090909090909 0.7158469945355191 0.5745454545454546 0.7213114754098361 0.5818181818181818 0.7213114754098361 0.5854545454545454 0.726775956284153 0.5927272727272728 0.726775956284153 0.5963636363636363 0.73224043715847 0.6036363636363636 0.73224043715847 0.6072727272727273 0.7377049180327869 0.6145454545454545 0.7377049180327869 0.6181818181818182 0.7431693989071039 0.6254545454545455 0.7431693989071039 0.6327272727272727 0.7540983606557377 0.6254545454545455 0.7704918032786885 0.6254545454545455 0.7814207650273224 0.6181818181818182 0.7923497267759563 0.6218181818181818 0.7978142076502732 0.6181818181818182 0.7923497267759563 0.6145454545454545 0.7923497267759563 0.610909090909091 0.7978142076502732 0.6145454545454545 0.8142076502732241 0.610909090909091 0.819672131147541 0.610909090909091 0.825136612021858 0.6 0.8360655737704918 0.6036363636363636 0.8415300546448088 0.6036363636363636 0.8524590163934426 0.5963636363636363 0.8688524590163934 0.5963636363636363 0.8797814207650273 0.5890909090909091 0.8907103825136612 0.5890909090909091 0.907103825136612 0.5818181818181818 0.907103825136612 0.5781818181818181 0.912568306010929 0.5781818181818181 0.9289617486338798 0.5672727272727273 0.9289617486338798 0.5636363636363636 0.9234972677595629 0.56 0.9234972677595629 0.5490909090909091 0.912568306010929 0.5418181818181819 0.912568306010929 0.5381818181818182 0.907103825136612 0.5309090909090909 0.907103825136612 0.52 0.8961748633879781 0.5127272727272727 0.8961748633879781 0.509090909090909 0.8907103825136612 0.5054545454545455 0.8907103825136612 0.5127272727272727 0.8797814207650273 0.5127272727272727 0.8688524590163934 0.5163636363636364 0.8633879781420765 0.5163636363636364 0.8579234972677595 0.5127272727272727 0.8524590163934426 0.509090909090909 0.8579234972677595 0.49454545454545457 0.8579234972677595 0.4909090909090909 0.8633879781420765 0.49454545454545457 0.8688524590163934 0.49818181818181817 0.8688524590163934 0.49818181818181817 0.8743169398907104 0.5018181818181818 0.8797814207650273 0.49818181818181817 0.8852459016393442 0.49454545454545457 0.8852459016393442 0.4909090909090909 0.8797814207650273 0.48727272727272725 0.8797814207650273 0.4909090909090909 0.8797814207650273 0.49454545454545457 0.8743169398907104 0.48727272727272725 0.8579234972677595 0.48363636363636364 0.8579234972677595 0.48 0.8633879781420765 0.48 0.8743169398907104 0.4727272727272727 0.8743169398907104 0.4618181818181818 0.8633879781420765 0.45454545454545453 0.8633879781420765 0.44363636363636366 0.8524590163934426 0.43636363636363634 0.8524590163934426 0.43272727272727274 0.8469945355191257 0.4218181818181818 0.8415300546448088 0.43636363636363634 0.8142076502732241 0.43636363636363634 0.7923497267759563 0.44 0.7868852459016393 0.44 0.7814207650273224 0.44727272727272727 0.7814207650273224 0.44727272727272727 0.8087431693989071 0.44363636363636366 0.8142076502732241 0.44363636363636366 0.8306010928961749 0.4509090909090909 0.8415300546448088 0.45454545454545453 0.8415300546448088 0.4581818181818182 0.8469945355191257 0.4690909090909091 0.8469945355191257 0.4727272727272727 0.8524590163934426 0.48727272727272725 0.8524590163934426 0.49818181818181817 0.8360655737704918 0.49818181818181817 0.825136612021858 0.5018181818181818 0.819672131147541 0.5018181818181818 0.7978142076502732 0.509090909090909 0.7868852459016393 0.5127272727272727 0.7868852459016393 0.5163636363636364 0.7814207650273224 0.5163636363636364 0.7595628415300546 0.52 0.7540983606557377 0.52 0.7431693989071039 0.5236363636363637 0.7377049180327869 0.52 0.73224043715847 0.5236363636363637 0.73224043715847 0.5272727272727272 0.726775956284153 0.5236363636363637 0.7213114754098361 0.52 0.7213114754098361
19 0.6509090909090909 0.7595628415300546 0.6618181818181819 0.7704918032786885 0.6690909090909091 0.7704918032786885 0.6763636363636364 0.7814207650273224 0.6836363636363636 0.7814207650273224 0.6872727272727273 0.7868852459016393 0.6981818181818182 0.7868852459016393 0.7018181818181818 0.7923497267759563 0.7127272727272728 0.7978142076502732 0.7127272727272728 0.8087431693989071 0.7090909090909091 0.8142076502732241 0.7090909090909091 0.8306010928961749 0.7054545454545454 0.8360655737704918 0.7054545454545454 0.8469945355191257 0.6981818181818182 0.8633879781420765 0.6981818181818182 0.8743169398907104 0.6909090909090909 0.8907103825136612 0.6909090909090909 0.9016393442622951 0.6836363636363636 0.9180327868852459 0.6836363636363636 0.9289617486338798 0.68 0.9344262295081968 0.68 0.9453551912568307 0.6763636363636364 0.9508196721311475 0.6763636363636364 0.9562841530054644 0.6654545454545454 0.9726775956284153 0.6618181818181819 0.9726775956284153 0.6581818181818182 0.9781420765027322 0.6472727272727272 0.9781420765027322 0.6436363636363637 0.9726775956284153 0.6363636363636364 0.9726775956284153 0.6254545454545455 0.9617486338797814 0.6181818181818182 0.9617486338797814 0.6145454545454545 0.9562841530054644 0.610909090909091 0.9562841530054644 0.6072727272727273 0.9508196721311475 0.6036363636363636 0.9508196721311475 0.6 0.9453551912568307 0.5890909090909091 0.9398907103825137 0.5890909090909091 0.9289617486338798 0.5927272727272728 0.9234972677595629 0.5927272727272728 0.912568306010929 0.5963636363636363 0.907103825136612 0.5963636363636363 0.9016393442622951 0.6036363636363636 0.8907103825136612 0.6036363636363636 0.8797814207650273 0.610909090909091 0.8633879781420765 0.610909090909091 0.8524590163934426 0.6181818181818182 0.8415300546448088 0.6181818181818182 0.825136612021858 0.6218181818181818 0.819672131147541 0.6218181818181818 0.8087431693989071 0.6290909090909091 0.7923497267759563 0.6290909090909091 0.7814207650273224 0.6327272727272727 0.7759562841530054 0.6327272727272727 0.7704918032786885 0.64 0.7540983606557377 0.6436363636363637 0.7540983606557377 0.6472727272727272 0.7595628415300546
19 0.3890909090909091 0.12568306010928962 0.3927272727272727 0.13114754098360656 0.4036363636363636 0.1366120218579235 0.4036363636363636 0.14207650273224043 0.4072727272727273 0.14754098360655737 0.4109090909090909 0.14207650273224043 0.4218181818181818 0.14754098360655737 0.41818181818181815 0.15300546448087432 0.41454545454545455 0.15300546448087432 0.4109090909090909 0.14754098360655737 0.4036363636363636 0.15846994535519127 0.4036363636363636 0.18032786885245902 0.4 0.18032786885245902 0.39636363636363636 0.17486338797814208 0.38545454545454544 0.16939890710382513 0.3781818181818182 0.18032786885245902 0.37454545454545457 0.18032786885245902 0.36363636363636365 0.1912568306010929 0.34545454545454546 0.1912568306010929 0.3418181818181818 0.19672131147540983 0.34545454545454546 0.20218579234972678 0.34545454545454546 0.20765027322404372 0.33090909090909093 0.20765027322404372 0.33090909090909093 0.20218579234972678 0.3236363636363636 0.1912568306010929 0.31636363636363635 0.1912568306010929 0.31636363636363635 0.18579234972677597 0.31272727272727274 0.18032786885245902 0.3018181818181818 0.17486338797814208 0.3018181818181818 0.16939890710382513 0.3090909090909091 0.15846994535519127 0.31272727272727274 0.14207650273224043 0.33090909090909093 0.11475409836065574 0.36363636363636365 0.11475409836065574 0.36727272727272725 0.12021857923497267 0.38181818181818183 0.12021857923497267 0.38545454545454544 0.12568306010928962
19 0.04 0.12568306010928962 0.04 0.13114754098360656 0.04363636363636364 0.1366120218579235 0.05090909090909091 0.1366120218579235 0.05090909090909091 0.14207650273224043 0.05454545454545454 0.14754098360655737 0.05818181818181818 0.14207650273224043 0.06909090909090909 0.14754098360655737 0.07272727272727272 0.15300546448087432 0.06545454545454546 0.15300546448087432 0.06181818181818182 0.15846994535519127 0.06545454545454546 0.16393442622950818 0.07636363636363637 0.16393442622950818 0.08 0.15846994535519127 0.08 0.15300546448087432 0.09090909090909091 0.1366120218579235 0.10181818181818182 0.1366120218579235 0.10545454545454545 0.14207650273224043 0.10909090909090909 0.14207650273224043 0.12363636363636364 0.16393442622950818 0.12727272727272726 0.16393442622950818 0.12727272727272726 0.16939890710382513 0.12 0.16939890710382513 0.11272727272727273 0.18032786885245902 0.11272727272727273 0.18579234972677597 0.10545454545454545 0.18579234972677597 0.10909090909090909 0.18032786885245902 0.10181818181818182 0.16939890710382513 0.08727272727272728 0.16939890710382513 0.08363636363636363 0.17486338797814208 0.08727272727272728 0.18032786885245902 0.09090909090909091 0.18032786885245902 0.09818181818181818 0.1912568306010929 0.09818181818181818 0.21311475409836064 0.09454545454545454 0.2185792349726776 0.09454545454545454 0.22950819672131148 0.09090909090909091 0.23497267759562843 0.08363636363636363 0.23497267759562843 0.08 0.24043715846994534 0.07636363636363637 0.24043715846994534 0.07272727272727272 0.23497267759562843 0.06909090909090909 0.24043715846994534 0.06545454545454546 0.23497267759562843 0.05454545454545454 0.23497267759562843 0.05090909090909091 0.22950819672131148 0.04727272727272727 0.23497267759562843 0.04363636363636364 0.23497267759562843 0.03272727272727273 0.25136612021857924 0.03272727272727273 0.2568306010928962 0.025454545454545455 0.24043715846994534 0.02181818181818182 0.24043715846994534 0.01818181818181818 0.2459016393442623 0.02181818181818182 0.24043715846994534 0.02181818181818182 0.23497267759562843 0.03272727272727273 0.2185792349726776 0.03636363636363636 0.2185792349726776 0.05090909090909091 0.19672131147540983 0.04727272727272727 0.1912568306010929 0.04363636363636364 0.1912568306010929 0.03636363636363636 0.18032786885245902 0.03272727272727273 0.18032786885245902 0.02909090909090909 0.18579234972677597 0.03272727272727273 0.1912568306010929 0.03272727272727273 0.19672131147540983 0.01818181818181818 0.19672131147540983 0.01818181818181818 0.1912568306010929 0.02181818181818182 0.1912568306010929 0.025454545454545455 0.18579234972677597 0.02181818181818182 0.18032786885245902 0.007272727272727273 0.18032786885245902 0.007272727272727273 0.15300546448087432 0.0036363636363636364 0.14754098360655737 0.014545454545454545 0.1366120218579235 0.02181818181818182 0.1366120218579235 0.025454545454545455 0.13114754098360656 0.02909090909090909 0.13114754098360656 0.03272727272727273 0.1366120218579235 0.03636363636363636 0.13114754098360656
19 0.8327272727272728 0.39344262295081966 0.8363636363636363 0.4098360655737705 0.8436363636363636 0.4207650273224044 0.8290909090909091 0.4426229508196721 0.8254545454545454 0.4426229508196721 0.8218181818181818 0.44808743169398907 0.8036363636363636 0.44808743169398907 0.7927272727272727 0.43169398907103823 0.7927272727272727 0.3989071038251366 0.7963636363636364 0.39344262295081966 0.8036363636363636 0.39344262295081966 0.8072727272727273 0.3879781420765027 0.8254545454545454 0.3879781420765027 0.8290909090909091 0.39344262295081966
19 0.43272727272727274 0.6284153005464481 0.43636363636363634 0.6338797814207651 0.44363636363636366 0.6338797814207651 0.45454545454545453 0.644808743169399 0.4618181818181818 0.644808743169399 0.4690909090909091 0.6557377049180327 0.4690909090909091 0.6612021857923497 0.46545454545454545 0.6666666666666666 0.46545454545454545 0.6775956284153005 0.4618181818181818 0.6830601092896175 0.4618181818181818 0.6939890710382514 0.45454545454545453 0.7103825136612022 0.45454545454545453 0.726775956284153 0.4509090909090909 0.726775956284153 0.44727272727272727 0.73224043715847 0.44727272727272727 0.7431693989071039 0.44363636363636366 0.7486338797814208 0.44363636363636366 0.7595628415300546 0.44 0.7650273224043715 0.44 0.7814207650273224 0.43636363636363634 0.7814207650273224 0.43272727272727274 0.7868852459016393 0.43272727272727274 0.8032786885245902 0.4290909090909091 0.8087431693989071 0.4254545454545455 0.825136612021858 0.41818181818181815 0.8360655737704918 0.4 0.8360655737704918 0.4 0.825136612021858 0.39636363636363636 0.819672131147541 0.38181818181818183 0.819672131147541 0.38181818181818183 0.8142076502732241 0.3781818181818182 0.8087431693989071 0.36363636363636365 0.8087431693989071 0.36727272727272725 0.8032786885245902 0.36363636363636365 0.7978142076502732 0.34545454545454546 0.7978142076502732 0.3418181818181818 0.7923497267759563 0.3418181818181818 0.7814207650273224 0.3490909090909091 0.7704918032786885 0.3490909090909091 0.7540983606557377 0.3527272727272727 0.7540983606557377 0.3563636363636364 0.7486338797814208 0.3563636363636364 0.726775956284153 0.36363636363636365 0.7158469945355191 0.36363636363636365 0.6994535519125683 0.3709090909090909 0.6830601092896175 0.3709090909090909 0.6721311475409836 0.36727272727272725 0.6666666666666666 0.36 0.6666666666666666 0.36363636363636365 0.6612021857923497 0.36 0.6557377049180327 0.36727272727272725 0.6666666666666666 0.3709090909090909 0.6612021857923497 0.3709090909090909 0.6557377049180327 0.3781818181818182 0.6557377049180327 0.38545454545454544 0.644808743169399 0.4 0.644808743169399 0.39636363636363636 0.6502732240437158 0.39636363636363636 0.6557377049180327 0.3890909090909091 0.6666666666666666 0.3890909090909091 0.6721311475409836 0.38181818181818183 0.6885245901639344 0.38181818181818183 0.7049180327868853 0.37454545454545457 0.7213114754098361 0.37454545454545457 0.7377049180327869 0.3709090909090909 0.7431693989071039 0.3709090909090909 0.7704918032786885 0.36727272727272725 0.7759562841530054 0.36727272727272725 0.7814207650273224 0.3709090909090909 0.7868852459016393 0.38181818181818183 0.7814207650273224 0.3927272727272727 0.7978142076502732 0.39636363636363636 0.7978142076502732 0.39636363636363636 0.8032786885245902 0.4 0.8087431693989071 0.4036363636363636 0.8087431693989071 0.4072727272727273 0.8032786885245902 0.4036363636363636 0.7978142076502732 0.4072727272727273 0.7923497267759563 0.4072727272727273 0.7868852459016393 0.41818181818181815 0.7704918032786885 0.41818181818181815 0.7486338797814208 0.4218181818181818 0.7431693989071039 0.4218181818181818 0.7377049180327869 0.4290909090909091 0.726775956284153 0.4290909090909091 0.7158469945355191 0.43272727272727274 0.7103825136612022 0.43272727272727274 0.6994535519125683 0.44 0.6830601092896175 0.44 0.6721311475409836 0.43636363636363634 0.6666666666666666 0.43636363636363634 0.6612021857923497 0.4254545454545455 0.644808743169399 0.4072727272727273 0.644808743169399 0.41454545454545455 0.644808743169399 0.4254545454545455 0.6284153005464481 0.4290909090909091 0.6284153005464481
19 0.01090909090909091 0.15846994535519127 0.01818181818181818 0.16939890710382513 0.02181818181818182 0.16939890710382513 0.025454545454545455 0.17486338797814208 0.03636363636363636 0.17486338797814208 0.04 0.18032786885245902 0.05090909090909091 0.18032786885245902 0.05454545454545454 0.18579234972677597 0.07636363636363637 0.18579234972677597 0.06909090909090909 0.18579234972677597 0.06545454545454546 0.1912568306010929 0.06545454545454546 0.19672131147540983 0.06909090909090909 0.20218579234972678 0.06909090909090909 0.20765027322404372 0.08 0.22404371584699453 0.08727272727272728 0.22404371584699453 0.08727272727272728 0.22950819672131148 0.08363636363636363 0.23497267759562843 0.08 0.22950819672131148 0.06909090909090909 0.24043715846994534 0.06545454545454546 0.24043715846994534 0.05818181818181818 0.22950819672131148 0.05090909090909091 0.22950819672131148 0.04727272727272727 0.23497267759562843 0.04363636363636364 0.23497267759562843 0.03636363636363636 0.2459016393442623 0.03636363636363636 0.2568306010928962 0.03272727272727273 0.26229508196721313 0.03272727272727273 0.2677595628415301 0.02181818181818182 0.2677595628415301 0.01818181818181818 0.26229508196721313 0.007272727272727273 0.2568306010928962 0.0036363636363636364 0.25136612021857924 0.0036363636363636364 0.22404371584699453 0 0.2185792349726776 0 0.20765027322404372 0.007272727272727273 0.1912568306010929 0 0.18032786885245902 0 0.16393442622950818 0.0036363636363636364 0.15846994535519127 0.007272727272727273 0.15846994535519127
19 0.5127272727272727 0 0.5127272727272727 0.01092896174863388 0.52 0.0273224043715847 0.52 0.04371584699453552 0.5163636363636364 0.04918032786885246 0.52 0.0546448087431694 0.52 0.060109289617486336 0.5236363636363637 0.06557377049180328 0.5272727272727272 0.06557377049180328 0.5236363636363637 0.06557377049180328 0.52 0.07103825136612021 0.509090909090909 0.07103825136612021 0.5054545454545455 0.07650273224043716 0.509090909090909 0.08196721311475409 0.509090909090909 0.08743169398907104 0.5054545454545455 0.09289617486338798 0.5018181818181818 0.09289617486338798 0.49454545454545457 0.10382513661202186 0.49454545454545457 0.1092896174863388 0.5018181818181818 0.12021857923497267 0.49818181818181817 0.12568306010928962 0.5054545454545455 0.1366120218579235 0.509090909090909 0.1366120218579235 0.5018181818181818 0.1366120218579235 0.4909090909090909 0.12021857923497267 0.48727272727272725 0.12021857923497267 0.48363636363636364 0.11475409836065574 0.4727272727272727 0.11475409836065574 0.4690909090909091 0.12021857923497267 0.46545454545454545 0.11475409836065574 0.4581818181818182 0.11475409836065574 0.45454545454545453 0.12021857923497267 0.45454545454545453 0.12568306010928962 0.4109090909090909 0.12568306010928962 0.4109090909090909 0.10382513661202186 0.4072727272727273 0.09836065573770492 0.4072727272727273 0.08743169398907104 0.4218181818181818 0.06557377049180328 0.41818181818181815 0.04918032786885246 0.41454545454545455 0.04371584699453552 0.41818181818181815 0.04371584699453552 0.4218181818181818 0.03825136612021858 0.4254545454545455 0.03825136612021858 0.43636363636363634 0.0273224043715847 0.43636363636363634 0.00546448087431694 0.44 0 0.509090909090909 0
19 0.7781818181818182 0.8852459016393442 0.7854545454545454 0.9016393442622951 0.7854545454545454 0.912568306010929 0.8 0.9344262295081968 0.8 0.9508196721311475 0.8036363636363636 0.9562841530054644 0.8036363636363636 0.9836065573770492 0.7745454545454545 0.9836065573770492 0.7709090909090909 0.9781420765027322 0.7709090909090909 0.9672131147540983 0.7636363636363637 0.9562841530054644 0.7636363636363637 0.9508196721311475 0.7527272727272727 0.9344262295081968 0.7527272727272727 0.9234972677595629 0.7490909090909091 0.9180327868852459 0.7490909090909091 0.9016393442622951 0.7527272727272727 0.8961748633879781 0.7527272727272727 0.8907103825136612 0.7563636363636363 0.8852459016393442 0.7636363636363637 0.8852459016393442 0.7672727272727272 0.8797814207650273 0.7709090909090909 0.8797814207650273 0.7745454545454545 0.8852459016393442
19 0.44727272727272727 0.8688524590163934 0.45454545454545453 0.8797814207650273 0.45454545454545453 0.8852459016393442 0.4581818181818182 0.8907103825136612 0.4581818181818182 0.8961748633879781 0.4618181818181818 0.9016393442622951 0.4618181818181818 0.907103825136612 0.4690909090909091 0.9234972677595629 0.4690909090909091 0.9398907103825137 0.4727272727272727 0.9453551912568307 0.4727272727272727 0.9672131147540983 0.4618181818181818 0.9836065573770492 0.44727272727272727 0.9836065573770492 0.43272727272727274 0.9617486338797814 0.43272727272727274 0.9508196721311475 0.4254545454545455 0.9398907103825137 0.4254545454545455 0.9289617486338798 0.4218181818181818 0.9234972677595629 0.4218181818181818 0.9180327868852459 0.41818181818181815 0.912568306010929 0.41818181818181815 0.9016393442622951 0.41454545454545455 0.8961748633879781 0.41454545454545455 0.8743169398907104 0.4218181818181818 0.8633879781420765 0.44 0.8633879781420765 0.44363636363636366 0.8688524590163934
19 0.9709090909090909 0.24043715846994534 0.9818181818181818 0.2568306010928962 0.9818181818181818 0.2677595628415301 0.9854545454545455 0.273224043715847 0.9854545454545455 0.28415300546448086 0.9890909090909091 0.2896174863387978 0.9890909090909091 0.29508196721311475 0.9963636363636363 0.3114754098360656 0.9963636363636363 0.33879781420765026 0.9927272727272727 0.3442622950819672 0.9963636363636363 0.34972677595628415 0.9963636363636363 0.3770491803278688 0.9890909090909091 0.3879781420765027 0.9890909090909091 0.3989071038251366 0.9963636363636363 0.4098360655737705 0.9963636363636363 0.43169398907103823 0.9854545454545455 0.44808743169398907 0.9818181818181818 0.44808743169398907 0.9745454545454545 0.45901639344262296 0.9636363636363636 0.4644808743169399 0.9454545454545454 0.48633879781420764 0.9418181818181818 0.48633879781420764 0.9381818181818182 0.4918032786885246 0.9345454545454546 0.4918032786885246 0.9309090909090909 0.4972677595628415 0.9272727272727272 0.4972677595628415 0.9163636363636364 0.5081967213114754 0.9090909090909091 0.5081967213114754 0.9054545454545454 0.5136612021857924 0.8945454545454545 0.5136612021857924 0.8909090909090909 0.5191256830601093 0.88 0.5191256830601093 0.8690909090909091 0.5300546448087432 0.8618181818181818 0.5300546448087432 0.8581818181818182 0.5355191256830601 0.850909090909091 0.5355191256830601 0.8436363636363636 0.546448087431694 0.8254545454545454 0.546448087431694 0.8218181818181818 0.5519125683060109 0.8109090909090909 0.5519125683060109 0.8072727272727273 0.5573770491803278 0.8 0.5573770491803278 0.7963636363636364 0.5628415300546448 0.7890909090909091 0.5628415300546448 0.7854545454545454 0.5683060109289617 0.7745454545454545 0.5683060109289617 0.7709090909090909 0.5737704918032787 0.7272727272727273 0.5737704918032787 0.7236363636363636 0.5683060109289617 0.6763636363636364 0.5683060109289617 0.6727272727272727 0.5628415300546448 0.6690909090909091 0.5628415300546448 0.6618181818181819 0.5519125683060109 0.6581818181818182 0.5355191256830601 0.6472727272727272 0.5191256830601093 0.6472727272727272 0.5136612021857924 0.6363636363636364 0.4972677595628415 0.6363636363636364 0.4918032786885246 0.6618181818181819 0.4918032786885246 0.6654545454545454 0.48633879781420764 0.7090909090909091 0.48633879781420764 0.7127272727272728 0.4808743169398907 0.7636363636363637 0.4808743169398907 0.7672727272727272 0.47540983606557374 0.7781818181818182 0.46994535519125685 0.7818181818181819 0.4644808743169399 0.7818181818181819 0.45901639344262296 0.7890909090909091 0.4426229508196721 0.7963636363636364 0.4426229508196721 0.8072727272727273 0.453551912568306 0.8145454545454546 0.453551912568306 0.8181818181818182 0.44808743169398907 0.8290909090909091 0.4426229508196721 0.8436363636363636 0.4207650273224044 0.84 0.41530054644808745 0.8327272727272728 0.41530054644808745 0.8218181818181818 0.3989071038251366 0.8 0.3989071038251366 0.7963636363636364 0.39344262295081966 0.7890909090909091 0.40437158469945356 0.7890909090909091 0.3770491803278688 0.7963636363636364 0.366120218579235 0.8 0.366120218579235 0.8109090909090909 0.3551912568306011 0.8181818181818182 0.3551912568306011 0.8218181818181818 0.34972677595628415 0.8254545454545454 0.34972677595628415 0.8363636363636363 0.33879781420765026 0.850909090909091 0.33879781420765026 0.8545454545454545 0.3333333333333333 0.8581818181818182 0.3333333333333333 0.8690909090909091 0.31693989071038253 0.8727272727272727 0.31693989071038253 0.8763636363636363 0.3114754098360656 0.8872727272727273 0.30601092896174864 0.8945454545454545 0.29508196721311475 0.8981818181818182 0.29508196721311475 0.9018181818181819 0.2896174863387978 0.9054545454545454 0.2896174863387978 0.9090909090909091 0.28415300546448086 0.92 0.2786885245901639 0.9272727272727272 0.2677595628415301 0.9309090909090909 0.2677595628415301 0.9490909090909091 0.2459016393442623 0.9527272727272728 0.2459016393442623 0.9563636363636364 0.24043715846994534 0.9672727272727273 0.24043715846994534
19 0.025454545454545455 0.48633879781420764 0.025454545454545455 0.4972677595628415 0.02181818181818182 0.5027322404371585 0.02181818181818182 0.5191256830601093 0.01818181818181818 0.5245901639344263 0.01818181818181818 0.5409836065573771 0.014545454545454545 0.546448087431694 0.014545454545454545 0.5628415300546448 0.01090909090909091 0.5683060109289617 0.01090909090909091 0.5792349726775956 0.007272727272727273 0.5846994535519126 0.007272727272727273 0.5956284153005464 0.0036363636363636364 0.6010928961748634 0.0036363636363636364 0.6284153005464481 0.007272727272727273 0.6338797814207651 0.007272727272727273 0.644808743169399 0.01090909090909091 0.6502732240437158 0.0036363636363636364 0.6502732240437158 0 0.644808743169399 0 0.4918032786885246 0.0036363636363636364 0.48633879781420764 0.02181818181818182 0.48633879781420764
19 0.3563636363636364 0.644808743169399 0.3563636363636364 0.6612021857923497 0.36363636363636365 0.6721311475409836 0.3709090909090909 0.6721311475409836 0.3709090909090909 0.6775956284153005 0.36727272727272725 0.6830601092896175 0.36727272727272725 0.6885245901639344 0.36363636363636365 0.6939890710382514 0.36363636363636365 0.7049180327868853 0.36 0.7103825136612022 0.36 0.7158469945355191 0.3563636363636364 0.7213114754098361 0.3563636363636364 0.726775956284153 0.3490909090909091 0.7431693989071039 0.3490909090909091 0.7540983606557377 0.34545454545454546 0.7595628415300546 0.34545454545454546 0.7704918032786885 0.3381818181818182 0.7814207650273224 0.33090909090909093 0.7814207650273224 0.32 0.7704918032786885 0.31636363636363635 0.7759562841530054 0.3054545454545455 0.7759562841530054 0.3018181818181818 0.7704918032786885 0.29454545454545455 0.7704918032786885 0.2909090909090909 0.7650273224043715 0.2872727272727273 0.7650273224043715 0.2872727272727273 0.7595628415300546 0.28 0.7431693989071039 0.26181818181818184 0.7431693989071039 0.2545454545454545 0.73224043715847 0.2545454545454545 0.6994535519125683 0.2581818181818182 0.6939890710382514 0.2581818181818182 0.6830601092896175 0.26181818181818184 0.6775956284153005 0.26545454545454544 0.6612021857923497 0.2690909090909091 0.6557377049180327 0.3090909090909091 0.6557377049180327 0.31272727272727274 0.6612021857923497 0.31636363636363635 0.6612021857923497 0.3236363636363636 0.6775956284153005 0.33090909090909093 0.6775956284153005 0.33454545454545453 0.6721311475409836 0.3381818181818182 0.6721311475409836 0.34545454545454546 0.6612021857923497 0.3418181818181818 0.6557377049180327 0.3418181818181818 0.6502732240437158 0.34545454545454546 0.644808743169399 0.3490909090909091 0.644808743169399 0.3527272727272727 0.6502732240437158
19 0.5672727272727273 0.3333333333333333 0.5709090909090909 0.3333333333333333 0.5781818181818181 0.3224043715846995 0.5854545454545454 0.3224043715846995 0.5890909090909091 0.31693989071038253 0.6218181818181818 0.31693989071038253 0.6290909090909091 0.3333333333333333 0.6254545454545455 0.34972677595628415 0.6218181818181818 0.34972677595628415 0.6181818181818182 0.3551912568306011 0.6 0.3551912568306011 0.5963636363636363 0.36065573770491804 0.5709090909090909 0.36065573770491804 0.5672727272727273 0.3551912568306011 0.5672727272727273 0.33879781420765026
19 0.5163636363636364 0 0.5381818181818182 0 0.5381818181818182 0.0273224043715847 0.5236363636363637 0.0273224043715847 0.5236363636363637 0.02185792349726776 0.5163636363636364 0.01092896174863388 0.5163636363636364 0.00546448087431694
19 0.2727272727272727 0.21311475409836064 0.27636363636363637 0.2185792349726776 0.28 0.2185792349726776 0.28363636363636363 0.22404371584699453 0.2872727272727273 0.22404371584699453 0.29818181818181816 0.23497267759562843 0.32 0.23497267759562843 0.3236363636363636 0.22950819672131148 0.37454545454545457 0.22950819672131148 0.3781818181818182 0.23497267759562843 0.38181818181818183 0.23497267759562843 0.3927272727272727 0.2459016393442623 0.4 0.2459016393442623 0.4036363636363636 0.25136612021857924 0.4036363636363636 0.2568306010928962 0.41454545454545455 0.2677595628415301 0.41818181818181815 0.2677595628415301 0.4290909090909091 0.2568306010928962 0.44 0.2568306010928962 0.44363636363636366 0.25136612021857924 0.46545454545454545 0.25136612021857924 0.4690909090909091 0.2459016393442623 0.4727272727272727 0.2459016393442623 0.4763636363636364 0.25136612021857924 0.48363636363636364 0.25136612021857924 0.4909090909090909 0.26229508196721313 0.5018181818181818 0.2677595628415301 0.5127272727272727 0.28415300546448086 0.5127272727272727 0.2896174863387978 0.5163636363636364 0.29508196721311475 0.5163636363636364 0.32786885245901637 0.52 0.3333333333333333 0.52 0.33879781420765026 0.5309090909090909 0.3551912568306011 0.5309090909090909 0.4371584699453552 0.5236363636363637 0.4371584699453552 0.5163636363636364 0.4262295081967213 0.5127272727272727 0.4098360655737705 0.509090909090909 0.40437158469945356 0.5054545454545455 0.40437158469945356 0.48363636363636364 0.37158469945355194 0.48 0.37158469945355194 0.4763636363636364 0.366120218579235 0.4690909090909091 0.366120218579235 0.46545454545454545 0.36065573770491804 0.43272727272727274 0.36065573770491804 0.4290909090909091 0.366120218579235 0.41454545454545455 0.366120218579235 0.4109090909090909 0.37158469945355194 0.39636363636363636 0.37158469945355194 0.3927272727272727 0.366120218579235 0.3890909090909091 0.366120218579235 0.3781818181818182 0.3551912568306011 0.37454545454545457 0.3551912568306011 0.3709090909090909 0.36065573770491804 0.36363636363636365 0.36065573770491804 0.3527272727272727 0.3770491803278688 0.3527272727272727 0.3825136612021858 0.34545454545454546 0.39344262295081966 0.3381818181818182 0.39344262295081966 0.33454545454545453 0.3989071038251366 0.3054545454545455 0.3989071038251366 0.3018181818181818 0.40437158469945356 0.2909090909090909 0.40437158469945356 0.2872727272727273 0.4098360655737705 0.27636363636363637 0.4098360655737705 0.2727272727272727 0.41530054644808745 0.2581818181818182 0.41530054644808745 0.2545454545454545 0.4207650273224044 0.24 0.4207650273224044 0.23636363636363636 0.4262295081967213 0.18545454545454546 0.4262295081967213 0.18181818181818182 0.43169398907103823 0.1781818181818182 0.43169398907103823 0.17454545454545456 0.4262295081967213 0.14545454545454545 0.4262295081967213 0.14181818181818182 0.4207650273224044 0.13818181818181818 0.4207650273224044 0.13454545454545455 0.41530054644808745 0.13454545454545455 0.3770491803278688 0.13818181818181818 0.37158469945355194 0.13818181818181818 0.3442622950819672 0.14181818181818182 0.33879781420765026 0.14181818181818182 0.3114754098360656 0.14909090909090908 0.29508196721311475 0.14909090909090908 0.28415300546448086 0.15272727272727274 0.2786885245901639 0.15272727272727274 0.26229508196721313 0.15636363636363637 0.2568306010928962 0.15636363636363637 0.2459016393442623 0.1709090909090909 0.22404371584699453 0.18545454545454546 0.22404371584699453 0.1890909090909091 0.2185792349726776 0.20727272727272728 0.2185792349726776 0.2109090909090909 0.21311475409836064 0.22181818181818183 0.21311475409836064 0.22545454545454546 0.20765027322404372 0.26545454545454544 0.20765027322404372 0.2690909090909091 0.21311475409836064
19 0.32 0.8032786885245902 0.3236363636363636 0.8087431693989071 0.3418181818181818 0.8087431693989071 0.34545454545454546 0.8142076502732241 0.3490909090909091 0.8142076502732241 0.3527272727272727 0.819672131147541 0.36363636363636365 0.825136612021858 0.3709090909090909 0.8360655737704918 0.38181818181818183 0.8415300546448088 0.38181818181818183 0.8469945355191257 0.3890909090909091 0.8579234972677595 0.3890909090909091 0.8852459016393442 0.3927272727272727 0.8907103825136612 0.3927272727272727 0.9016393442622951 0.39636363636363636 0.907103825136612 0.39636363636363636 0.9180327868852459 0.4 0.9234972677595629 0.4 0.9453551912568307 0.4072727272727273 0.9562841530054644 0.4072727272727273 0.9617486338797814 0.4109090909090909 0.9672131147540983 0.4109090909090909 0.9781420765027322 0.41454545454545455 0.9836065573770492 0.37454545454545457 0.9836065573770492 0.3709090909090909 0.9781420765027322 0.36363636363636365 0.9781420765027322 0.36 0.9836065573770492 0.3418181818181818 0.9836065573770492 0.3381818181818182 0.9781420765027322 0.3381818181818182 0.9726775956284153 0.3418181818181818 0.9672131147540983 0.3418181818181818 0.9562841530054644 0.33090909090909093 0.9398907103825137 0.33090909090909093 0.9344262295081968 0.33454545454545453 0.9289617486338798 0.33454545454545453 0.9234972677595629 0.33090909090909093 0.9180327868852459 0.32727272727272727 0.9234972677595629 0.3236363636363636 0.9234972677595629 0.31272727272727274 0.9344262295081968 0.31272727272727274 0.9398907103825137 0.3236363636363636 0.9508196721311475 0.31636363636363635 0.9672131147540983 0.32 0.9726775956284153 0.31272727272727274 0.9562841530054644 0.3090909090909091 0.9617486338797814 0.3090909090909091 0.9672131147540983 0.28363636363636363 0.9289617486338798 0.28363636363636363 0.9234972677595629 0.2690909090909091 0.9016393442622951 0.2690909090909091 0.8961748633879781 0.26545454545454544 0.8907103825136612 0.26545454545454544 0.8633879781420765 0.26181818181818184 0.8579234972677595 0.26545454545454544 0.8524590163934426 0.26545454545454544 0.8415300546448088 0.2727272727272727 0.8306010928961749 0.27636363636363637 0.8306010928961749 0.28 0.825136612021858 0.2909090909090909 0.825136612021858 0.29454545454545455 0.819672131147541 0.3018181818181818 0.819672131147541 0.3054545454545455 0.8142076502732241 0.3054545454545455 0.8087431693989071 0.31636363636363635 0.8087431693989071
19 0.9563636363636364 0.8360655737704918 0.96 0.8415300546448088 0.9709090909090909 0.8415300546448088 0.9745454545454545 0.8469945355191257 0.9781818181818182 0.8415300546448088 0.9781818181818182 0.8469945355191257 0.9854545454545455 0.8579234972677595 0.9854545454545455 0.8633879781420765 0.9890909090909091 0.8688524590163934 0.9927272727272727 0.8688524590163934 0.9927272727272727 0.8743169398907104 0.9963636363636363 0.8797814207650273 0.9963636363636363 0.912568306010929 0.9927272727272727 0.9180327868852459 0.9818181818181818 0.9180327868852459 0.9781818181818182 0.912568306010929 0.9745454545454545 0.912568306010929 0.9709090909090909 0.907103825136612 0.96 0.9016393442622951 0.9527272727272728 0.8907103825136612 0.9490909090909091 0.8907103825136612 0.9454545454545454 0.8852459016393442 0.9345454545454546 0.8797814207650273 0.9345454545454546 0.8743169398907104 0.9309090909090909 0.8688524590163934 0.9309090909090909 0.8579234972677595 0.9345454545454546 0.8524590163934426 0.9345454545454546 0.8469945355191257 0.9418181818181818 0.8360655737704918 0.9527272727272728 0.8360655737704918
19 0.4163636363636364 0.453551912568306 0.05454545454545454 0.07650273224043716
19 0.3781818181818182 0.6612021857923497 0.38545454545454544 0.6612021857923497 0.3890909090909091 0.6557377049180327 0.4 0.6557377049180327 0.4036363636363636 0.6502732240437158 0.44363636363636366 0.6502732240437158 0.44363636363636366 0.6557377049180327 0.44 0.6557377049180327 0.43636363636363634 0.6612021857923497 0.43636363636363634 0.6666666666666666 0.44 0.6721311475409836 0.4581818181818182 0.6721311475409836 0.4581818181818182 0.6994535519125683 0.45454545454545453 0.7049180327868853 0.45454545454545453 0.7213114754098361 0.44363636363636366 0.73224043715847 0.44363636363636366 0.7540983606557377 0.44 0.7595628415300546 0.44 0.7704918032786885 0.43272727272727274 0.7814207650273224 0.43272727272727274 0.7923497267759563 0.4290909090909091 0.7978142076502732 0.4254545454545455 0.8142076502732241 0.41818181818181815 0.825136612021858 0.4109090909090909 0.825136612021858 0.4109090909090909 0.819672131147541 0.4072727272727273 0.8142076502732241 0.4072727272727273 0.8087431693989071 0.4109090909090909 0.8032786885245902 0.4036363636363636 0.7923497267759563 0.4 0.7978142076502732 0.39636363636363636 0.7978142076502732 0.38545454545454544 0.8087431693989071 0.38181818181818183 0.8032786885245902 0.37454545454545457 0.8032786885245902 0.3709090909090909 0.7978142076502732 0.37454545454545457 0.7978142076502732 0.3781818181818182 0.7923497267759563 0.3781818181818182 0.7814207650273224 0.3709090909090909 0.7704918032786885 0.36363636363636365 0.7814207650273224 0.36363636363636365 0.7923497267759563 0.3563636363636364 0.7923497267759563 0.3527272727272727 0.7868852459016393 0.3490909090909091 0.7923497267759563 0.34545454545454546 0.7923497267759563 0.34545454545454546 0.7814207650273224 0.3490909090909091 0.7759562841530054 0.3527272727272727 0.7595628415300546 0.3563636363636364 0.7540983606557377 0.36727272727272725 0.7540983606557377 0.3709090909090909 0.7486338797814208 0.36727272727272725 0.7431693989071039 0.3563636363636364 0.7377049180327869 0.3563636363636364 0.73224043715847 0.36363636363636365 0.7158469945355191 0.36363636363636365 0.7049180327868853 0.3709090909090909 0.6939890710382514 0.3709090909090909 0.6775956284153005 0.3781818181818182 0.6666666666666666
19 0.5018181818181818 0.6830601092896175 0.5054545454545455 0.6885245901639344 0.509090909090909 0.6885245901639344 0.5054545454545455 0.6939890710382514 0.52 0.7158469945355191 0.52 0.7486338797814208 0.5163636363636364 0.7540983606557377 0.5163636363636364 0.7595628415300546 0.52 0.7650273224043715 0.52 0.7759562841530054 0.5163636363636364 0.7814207650273224 0.509090909090909 0.7814207650273224 0.5054545454545455 0.7868852459016393 0.5054545454545455 0.7923497267759563 0.49818181818181817 0.8032786885245902 0.5054545454545455 0.8142076502732241 0.5054545454545455 0.8360655737704918 0.49818181818181817 0.8469945355191257 0.4763636363636364 0.8469945355191257 0.4727272727272727 0.8415300546448088 0.4618181818181818 0.8415300546448088 0.4581818181818182 0.8360655737704918 0.44727272727272727 0.8306010928961749 0.44727272727272727 0.8087431693989071 0.4509090909090909 0.8032786885245902 0.4509090909090909 0.7923497267759563 0.45454545454545453 0.7868852459016393 0.45454545454545453 0.7650273224043715 0.4618181818181818 0.7540983606557377 0.4618181818181818 0.7486338797814208 0.46545454545454545 0.7431693989071039 0.46545454545454545 0.726775956284153 0.4618181818181818 0.7213114754098361 0.46545454545454545 0.7158469945355191 0.4690909090909091 0.7158469945355191 0.4727272727272727 0.7103825136612022 0.4727272727272727 0.7049180327868853 0.48 0.7049180327868853 0.48363636363636364 0.6994535519125683 0.49818181818181817 0.6994535519125683 0.5018181818181818 0.6939890710382514 0.5018181818181818 0.6885245901639344
19 0.09454545454545454 0.30601092896174864 0.09818181818181818 0.3114754098360656 0.10545454545454545 0.3114754098360656 0.10909090909090909 0.31693989071038253 0.12 0.31693989071038253 0.13090909090909092 0.32786885245901637 0.13090909090909092 0.36065573770491804 0.12727272727272726 0.366120218579235 0.12727272727272726 0.40437158469945356 0.12363636363636364 0.4098360655737705 0.12 0.4098360655737705 0.11272727272727273 0.3989071038251366 0.11272727272727273 0.3825136612021858 0.11636363636363636 0.3770491803278688 0.11272727272727273 0.36065573770491804 0.10909090909090909 0.3551912568306011 0.10181818181818182 0.3551912568306011 0.09090909090909091 0.3442622950819672 0.08363636363636363 0.3551912568306011 0.08363636363636363 0.36065573770491804 0.07636363636363637 0.36065573770491804 0.07272727272727272 0.366120218579235 0.07272727272727272 0.3989071038251366 0.06909090909090909 0.40437158469945356 0.06909090909090909 0.4371584699453552 0.08 0.453551912568306 0.08363636363636363 0.453551912568306 0.09090909090909091 0.46994535519125685 0.09090909090909091 0.4918032786885246 0.09454545454545454 0.4972677595628415 0.09454545454545454 0.5136612021857924 0.09818181818181818 0.5191256830601093 0.09818181818181818 0.5409836065573771 0.10181818181818182 0.546448087431694 0.10181818181818182 0.6010928961748634 0.10545454545454545 0.6065573770491803 0.10545454545454545 0.6120218579234973 0.11272727272727273 0.6229508196721312 0.11272727272727273 0.644808743169399 0.11636363636363636 0.6502732240437158 0.11636363636363636 0.6830601092896175 0.09818181818181818 0.6830601092896175 0.09454545454545454 0.6775956284153005 0.08363636363636363 0.6775956284153005 0.08 0.6721311475409836 0.06545454545454546 0.6721311475409836 0.06181818181818182 0.6666666666666666 0.05454545454545454 0.6666666666666666 0.05090909090909091 0.6612021857923497 0.04727272727272727 0.6612021857923497 0.04363636363636364 0.6557377049180327 0.02909090909090909 0.6557377049180327 0.025454545454545455 0.6502732240437158 0.02181818181818182 0.6557377049180327 0.014545454545454545 0.6557377049180327 0.01090909090909091 0.6502732240437158 0.007272727272727273 0.6502732240437158 0.0036363636363636364 0.6557377049180327 0.0036363636363636364 0.6338797814207651 0 0.6284153005464481 0 0.5792349726775956 0.0036363636363636364 0.5737704918032787 0 0.5683060109289617 0.007272727272727273 0.5573770491803278 0 0.5409836065573771 0 0.5191256830601093 0.0036363636363636364 0.5136612021857924 0.0036363636363636364 0.5081967213114754 0 0.5027322404371585 0.0036363636363636364 0.4972677595628415 0.0036363636363636364 0.4808743169398907 0.01090909090909091 0.4808743169398907 0.014545454545454545 0.48633879781420764 0.01818181818181818 0.4808743169398907 0.01818181818181818 0.46994535519125685 0.014545454545454545 0.4644808743169399 0.01090909090909091 0.46994535519125685 0.007272727272727273 0.4644808743169399 0.0036363636363636364 0.46994535519125685 0.0036363636363636364 0.45901639344262296 0.007272727272727273 0.453551912568306 0.007272727272727273 0.4426229508196721 0.0036363636363636364 0.4371584699453552 0.0036363636363636364 0.4262295081967213 0.01090909090909091 0.4262295081967213 0.01818181818181818 0.41530054644808745 0.014545454545454545 0.4098360655737705 0.0036363636363636364 0.4098360655737705 0.014545454545454545 0.4098360655737705 0.01818181818181818 0.40437158469945356 0.01818181818181818 0.39344262295081966 0.02181818181818182 0.3879781420765027 0.01818181818181818 0.3825136612021858 0.01818181818181818 0.3770491803278688 0.025454545454545455 0.36065573770491804 0.02181818181818182 0.3551912568306011 0.025454545454545455 0.3551912568306011 0.02909090909090909 0.37158469945355194 0.025454545454545455 0.3770491803278688 0.025454545454545455 0.3879781420765027 0.01818181818181818 0.40437158469945356 0.02181818181818182 0.4098360655737705 0.025454545454545455 0.4098360655737705 0.025454545454545455 0.41530054644808745 0.03636363636363636 0.4262295081967213 0.05090909090909091 0.40437158469945356 0.05090909090909091 0.39344262295081966 0.04727272727272727 0.3879781420765027 0.04727272727272727 0.34972677595628415 0.05454545454545454 0.34972677595628415 0.06545454545454546 0.3333333333333333 0.06545454545454546 0.32786885245901637 0.06181818181818182 0.3224043715846995 0.05818181818181818 0.3224043715846995 0.05818181818181818 0.3114754098360656 0.06181818181818182 0.3114754098360656 0.06545454545454546 0.31693989071038253 0.06909090909090909 0.3114754098360656 0.07636363636363637 0.3114754098360656 0.08 0.30601092896174864 0.09090909090909091 0.30601092896174864
19 0.11272727272727273 0.3114754098360656 0.11636363636363636 0.31693989071038253 0.12363636363636364 0.31693989071038253 0.13454545454545455 0.32786885245901637 0.13454545454545455 0.3442622950819672 0.13090909090909092 0.34972677595628415 0.13090909090909092 0.37158469945355194 0.12727272727272726 0.3770491803278688 0.12727272727272726 0.4098360655737705 0.12363636363636364 0.41530054644808745 0.11636363636363636 0.41530054644808745 0.11272727272727273 0.4098360655737705 0.10545454545454545 0.4098360655737705 0.10909090909090909 0.40437158469945356 0.10545454545454545 0.3989071038251366 0.10909090909090909 0.39344262295081966 0.10545454545454545 0.3879781420765027 0.09818181818181818 0.3879781420765027 0.10181818181818182 0.3825136612021858 0.10909090909090909 0.3825136612021858 0.11272727272727273 0.3770491803278688 0.11272727272727273 0.37158469945355194 0.10545454545454545 0.3551912568306011 0.09454545454545454 0.3551912568306011 0.09090909090909091 0.34972677595628415 0.07636363636363637 0.37158469945355194 0.07636363636363637 0.39344262295081966 0.08 0.3989071038251366 0.08363636363636363 0.3989071038251366 0.07636363636363637 0.3989071038251366 0.07272727272727272 0.40437158469945356 0.07272727272727272 0.4207650273224044 0.06909090909090909 0.4262295081967213 0.06909090909090909 0.43169398907103823 0.07272727272727272 0.4371584699453552 0.07272727272727272 0.4426229508196721 0.08 0.453551912568306 0.09090909090909091 0.453551912568306 0.09090909090909091 0.4644808743169399 0.09454545454545454 0.46994535519125685 0.09454545454545454 0.5027322404371585 0.09818181818181818 0.5081967213114754 0.09818181818181818 0.5191256830601093 0.10181818181818182 0.5245901639344263 0.10181818181818182 0.5519125683060109 0.10545454545454545 0.5573770491803278 0.10545454545454545 0.6010928961748634 0.11272727272727273 0.6174863387978142 0.11272727272727273 0.644808743169399 0.12 0.6612021857923497 0.12 0.6775956284153005 0.11636363636363636 0.6830601092896175 0.09090909090909091 0.6830601092896175 0.08727272727272728 0.6775956284153005 0.08 0.6775956284153005 0.07636363636363637 0.6721311475409836 0.06545454545454546 0.6721311475409836 0.06181818181818182 0.6666666666666666 0.05454545454545454 0.6666666666666666 0.05090909090909091 0.6612021857923497 0.04363636363636364 0.6612021857923497 0.04 0.6557377049180327 0.025454545454545455 0.6557377049180327 0.02181818181818182 0.6502732240437158 0.01818181818181818 0.6502732240437158 0.01090909090909091 0.639344262295082 0.01090909090909091 0.6338797814207651 0.007272727272727273 0.6284153005464481 0.007272727272727273 0.6010928961748634 0.01090909090909091 0.5956284153005464 0.01090909090909091 0.5792349726775956 0.01818181818181818 0.5628415300546448 0.01818181818181818 0.5409836065573771 0.02181818181818182 0.5355191256830601 0.02181818181818182 0.5136612021857924 0.025454545454545455 0.5081967213114754 0.025454545454545455 0.4972677595628415 0.03272727272727273 0.4808743169398907 0.03272727272727273 0.4644808743169399 0.04 0.453551912568306 0.04 0.4207650273224044 0.04727272727272727 0.40437158469945356 0.04727272727272727 0.36065573770491804 0.05090909090909091 0.3551912568306011 0.05090909090909091 0.34972677595628415 0.05454545454545454 0.3442622950819672 0.05454545454545454 0.33879781420765026 0.05818181818181818 0.3333333333333333 0.06181818181818182 0.31693989071038253 0.06545454545454546 0.3114754098360656 0.06909090909090909 0.3114754098360656 0.07272727272727272 0.30601092896174864 0.09818181818181818 0.30601092896174864 0.10181818181818182 0.3114754098360656 0.10909090909090909 0.3114754098360656
19 0.01818181818181818 0 0.02181818181818182 0.00546448087431694 0.03272727272727273 0.00546448087431694 0.03272727272727273 0.01092896174863388 0.02909090909090909 0.01639344262295082 0.01818181818181818 0.02185792349726776 0.0036363636363636364 0.04371584699453552 0 0.04371584699453552 0 0.01092896174863388 0.0036363636363636364 0.00546448087431694 0.014545454545454545 0.00546448087431694
19 0.0036363636363636364 0.7049180327868853 0.007272727272727273 0.7103825136612022 0.007272727272727273 0.726775956284153 0.025454545454545455 0.7540983606557377 0.02909090909090909 0.7540983606557377 0.02909090909090909 0.7595628415300546 0.03636363636363636 0.7704918032786885 0.03636363636363636 0.7759562841530054 0.0036363636363636364 0.825136612021858 0 0.825136612021858 0 0.8032786885245902 0.0036363636363636364 0.7978142076502732 0.0036363636363636364 0.7814207650273224 0 0.7759562841530054 0 0.7377049180327869 0.0036363636363636364 0.73224043715847 0.0036363636363636364 0.7158469945355191 0 0.7103825136612022
19 0.8727272727272727 0.00546448087431694 0.8763636363636363 0.00546448087431694 0.8836363636363637 0.01639344262295082 0.9018181818181819 0.01639344262295082 0.9018181818181819 0.03825136612021858 0.9054545454545454 0.04371584699453552 0.9054545454545454 0.060109289617486336 0.9090909090909091 0.06557377049180328 0.9090909090909091 0.08743169398907104 0.9054545454545454 0.08196721311475409 0.9018181818181819 0.08196721311475409 0.8981818181818182 0.07650273224043716 0.8981818181818182 0.07103825136612021 0.8909090909090909 0.060109289617486336 0.8872727272727273 0.04371584699453552 0.88 0.03278688524590164 0.88 0.02185792349726776 0.8763636363636363 0.01639344262295082 0.8763636363636363 0.01092896174863388
19 0.6072727272727273 0.5081967213114754 0.6218181818181818 0.5081967213114754 0.6254545454545455 0.5136612021857924 0.6363636363636364 0.5191256830601093 0.6436363636363637 0.5355191256830601 0.6436363636363637 0.546448087431694 0.6509090909090909 0.5573770491803278 0.6545454545454545 0.5573770491803278 0.6654545454545454 0.5737704918032787 0.6763636363636364 0.5792349726775956 0.6836363636363636 0.5901639344262295 0.6945454545454546 0.5901639344262295 0.6945454545454546 0.6120218579234973 0.6909090909090909 0.6174863387978142 0.6909090909090909 0.6229508196721312 0.6836363636363636 0.639344262295082 0.6836363636363636 0.6612021857923497 0.6909090909090909 0.6721311475409836 0.6945454545454546 0.6666666666666666 0.6981818181818182 0.6666666666666666 0.6945454545454546 0.6721311475409836 0.6945454545454546 0.6775956284153005 0.6872727272727273 0.6666666666666666 0.6836363636363636 0.6666666666666666 0.6727272727272727 0.6830601092896175 0.6727272727272727 0.6939890710382514 0.6690909090909091 0.6994535519125683 0.6690909090909091 0.726775956284153 0.6836363636363636 0.7486338797814208 0.6872727272727273 0.7486338797814208 0.6909090909090909 0.7431693989071039 0.6981818181818182 0.7431693989071039 0.7054545454545454 0.73224043715847 0.7054545454545454 0.7213114754098361 0.7090909090909091 0.7213114754098361 0.7163636363636363 0.7103825136612022 0.7127272727272728 0.7049180327868853 0.7127272727272728 0.6994535519125683 0.72 0.6830601092896175 0.72 0.6666666666666666 0.7236363636363636 0.6612021857923497 0.7236363636363636 0.6557377049180327 0.7345454545454545 0.639344262295082 0.730909090909091 0.6338797814207651 0.7345454545454545 0.6284153005464481 0.7490909090909091 0.6284153005464481 0.7527272727272727 0.6338797814207651 0.7527272727272727 0.6502732240437158 0.7490909090909091 0.6557377049180327 0.7490909090909091 0.6666666666666666 0.7454545454545455 0.6721311475409836 0.7454545454545455 0.6775956284153005 0.7345454545454545 0.6885245901639344 0.7345454545454545 0.6939890710382514 0.7381818181818182 0.6994535519125683 0.7381818181818182 0.7049180327868853 0.7345454545454545 0.7103825136612022 0.7345454545454545 0.7213114754098361 0.730909090909091 0.726775956284153 0.730909090909091 0.73224043715847 0.72 0.7431693989071039 0.7236363636363636 0.7595628415300546 0.72 0.7650273224043715 0.72 0.7759562841530054 0.7163636363636363 0.7814207650273224 0.7054545454545454 0.7814207650273224 0.7018181818181818 0.7759562841530054 0.6945454545454546 0.7759562841530054 0.6909090909090909 0.7704918032786885 0.6872727272727273 0.7704918032786885 0.68 0.7540983606557377 0.6763636363636364 0.7595628415300546 0.6727272727272727 0.7595628415300546 0.6690909090909091 0.7540983606557377 0.6618181818181819 0.7540983606557377 0.6545454545454545 0.7431693989071039 0.6509090909090909 0.7431693989071039 0.64 0.73224043715847 0.6327272727272727 0.73224043715847 0.6290909090909091 0.7377049180327869 0.6254545454545455 0.73224043715847 0.6145454545454545 0.73224043715847 0.6036363636363636 0.7213114754098361 0.5927272727272728 0.7213114754098361 0.5890909090909091 0.7158469945355191 0.5781818181818181 0.7103825136612022 0.5709090909090909 0.6994535519125683 0.5672727272727273 0.6994535519125683 0.5636363636363636 0.6939890710382514 0.5636363636363636 0.6775956284153005 0.5672727272727273 0.6721311475409836 0.5672727272727273 0.6557377049180327 0.5709090909090909 0.6502732240437158 0.5709090909090909 0.639344262295082 0.5745454545454546 0.6338797814207651 0.5745454545454546 0.6120218579234973 0.5854545454545454 0.5956284153005464 0.5854545454545454 0.5846994535519126 0.5890909090909091 0.5792349726775956 0.5890909090909091 0.5683060109289617 0.5927272727272728 0.5628415300546448 0.5927272727272728 0.5573770491803278 0.5963636363636363 0.5519125683060109 0.5963636363636363 0.546448087431694 0.6036363636363636 0.5300546448087432 0.6036363636363636 0.5191256830601093 0.6072727272727273 0.5136612021857924
19 0.6327272727272727 0.5409836065573771 0.64 0.5519125683060109 0.6436363636363637 0.5519125683060109 0.6472727272727272 0.5573770491803278 0.6472727272727272 0.5901639344262295 0.6436363636363637 0.5956284153005464 0.6436363636363637 0.6065573770491803 0.6363636363636364 0.6229508196721312 0.6363636363636364 0.6338797814207651 0.6327272727272727 0.639344262295082 0.6327272727272727 0.6502732240437158 0.6290909090909091 0.6557377049180327 0.6254545454545455 0.6721311475409836 0.6145454545454545 0.6885245901639344 0.6036363636363636 0.6885245901639344 0.5927272727272728 0.6721311475409836 0.5927272727272728 0.6338797814207651 0.6 0.6229508196721312 0.6 0.6174863387978142 0.6036363636363636 0.6120218579234973 0.6036363636363636 0.6010928961748634 0.6072727272727273 0.5956284153005464 0.6072727272727273 0.5846994535519126 0.6145454545454545 0.5737704918032787 0.6145454545454545 0.5683060109289617 0.6218181818181818 0.5573770491803278 0.6218181818181818 0.5519125683060109 0.6254545454545455 0.546448087431694 0.6290909090909091 0.546448087431694
19 0.38545454545454544 0 0.3890909090909091 0.00546448087431694 0.4254545454545455 0.00546448087431694 0.4290909090909091 0.01092896174863388 0.43636363636363634 0 0.4618181818181818 0 0.46545454545454545 0.00546448087431694 0.4690909090909091 0.00546448087431694 0.4727272727272727 0 0.509090909090909 0 0.5127272727272727 0.01639344262295082 0.5163636363636364 0.02185792349726776 0.5163636363636364 0.03825136612021858 0.509090909090909 0.03825136612021858 0.5054545454545455 0.04371584699453552 0.49818181818181817 0.04371584699453552 0.48727272727272725 0.060109289617486336 0.48727272727272725 0.06557377049180328 0.48363636363636364 0.07103825136612021 0.48727272727272725 0.07650273224043716 0.48363636363636364 0.07650273224043716 0.4763636363636364 0.08743169398907104 0.48 0.09289617486338798 0.48 0.10382513661202186 0.48727272727272725 0.11475409836065574 0.48727272727272725 0.12021857923497267 0.48363636363636364 0.12021857923497267 0.48 0.12568306010928962 0.44727272727272727 0.12568306010928962 0.44363636363636366 0.13114754098360656 0.4036363636363636 0.13114754098360656 0.4 0.12568306010928962 0.3927272727272727 0.12568306010928962 0.38545454545454544 0.11475409836065574 0.37454545454545457 0.11475409836065574 0.3709090909090909 0.1092896174863388 0.36 0.1092896174863388 0.3563636363636364 0.10382513661202186 0.3418181818181818 0.10382513661202186 0.3381818181818182 0.1092896174863388 0.33090909090909093 0.1092896174863388 0.31272727272727274 0.1366120218579235 0.31272727272727274 0.14207650273224043 0.3090909090909091 0.14207650273224043 0.3054545454545455 0.14754098360655737 0.3018181818181818 0.16393442622950818 0.29818181818181816 0.16939890710382513 0.29454545454545455 0.16939890710382513 0.2872727272727273 0.18579234972677597 0.28363636363636363 0.18579234972677597 0.2727272727272727 0.19672131147540983 0.26545454545454544 0.19672131147540983 0.2581818181818182 0.18579234972677597 0.2509090909090909 0.18579234972677597 0.24727272727272728 0.18032786885245902 0.24 0.18032786885245902 0.23636363636363636 0.17486338797814208 0.2290909090909091 0.17486338797814208 0.22545454545454546 0.16939890710382513 0.22545454545454546 0.16393442622950818 0.23636363636363636 0.14754098360655737 0.23636363636363636 0.15300546448087432 0.24 0.15846994535519127 0.24363636363636362 0.15846994535519127 0.24727272727272728 0.15300546448087432 0.24727272727272728 0.14207650273224043 0.24363636363636362 0.1366120218579235 0.24363636363636362 0.13114754098360656 0.24727272727272728 0.13114754098360656 0.26181818181818184 0.1092896174863388 0.26181818181818184 0.10382513661202186 0.2690909090909091 0.09289617486338798 0.2690909090909091 0.08743169398907104 0.2727272727272727 0.08743169398907104 0.27636363636363637 0.08196721311475409 0.27636363636363637 0.07103825136612021 0.2872727272727273 0.0546448087431694 0.2909090909090909 0.03825136612021858 0.3054545454545455 0.01639344262295082 0.3090909090909091 0.01639344262295082 0.31636363636363635 0.00546448087431694 0.33090909090909093 0.00546448087431694 0.33454545454545453 0 0.38181818181818183 0
19 0.6727272727272727 0.9836065573770492 0.6727272727272727 0.9726775956284153 0.6872727272727273 0.9453551912568307 0.6872727272727273 0.9289617486338798 0.6909090909090909 0.9234972677595629 0.6909090909090909 0.912568306010929 0.6945454545454546 0.907103825136612 0.6945454545454546 0.8961748633879781 0.6981818181818182 0.8907103825136612 0.6981818181818182 0.8797814207650273 0.7018181818181818 0.8743169398907104 0.7018181818181818 0.8688524590163934 0.7054545454545454 0.8633879781420765 0.7054545454545454 0.8579234972677595 0.7127272727272728 0.8415300546448088 0.7127272727272728 0.825136612021858 0.7163636363636363 0.819672131147541 0.7163636363636363 0.8142076502732241 0.7236363636363636 0.7978142076502732 0.7236363636363636 0.7868852459016393 0.7272727272727273 0.7814207650273224 0.7272727272727273 0.7704918032786885 0.730909090909091 0.7650273224043715 0.730909090909091 0.7540983606557377 0.7381818181818182 0.7377049180327869 0.7381818181818182 0.726775956284153 0.7418181818181818 0.7213114754098361 0.7418181818181818 0.7103825136612022 0.7454545454545455 0.7049180327868853 0.7490909090909091 0.6885245901639344 0.7527272727272727 0.6830601092896175 0.7563636363636363 0.6830601092896175 0.76 0.6885245901639344 0.76 0.6939890710382514 0.7636363636363637 0.6994535519125683 0.7636363636363637 0.7049180327868853 0.7672727272727272 0.7103825136612022 0.7672727272727272 0.7158469945355191 0.7709090909090909 0.7213114754098361 0.7709090909090909 0.726775956284153 0.7745454545454545 0.73224043715847 0.7745454545454545 0.7377049180327869 0.7781818181818182 0.7431693989071039 0.7781818181818182 0.7486338797814208 0.7854545454545454 0.7650273224043715 0.7854545454545454 0.7759562841530054 0.7927272727272727 0.7923497267759563 0.7927272727272727 0.8087431693989071 0.8036363636363636 0.825136612021858 0.8036363636363636 0.8360655737704918 0.8072727272727273 0.8415300546448088 0.8109090909090909 0.8579234972677595 0.8181818181818182 0.8688524590163934 0.8181818181818182 0.8743169398907104 0.8218181818181818 0.8797814207650273 0.8218181818181818 0.8852459016393442 0.8254545454545454 0.8907103825136612 0.8290909090909091 0.907103825136612 0.8436363636363636 0.9344262295081968 0.8436363636363636 0.9453551912568307 0.8472727272727273 0.9508196721311475 0.8472727272727273 0.9672131147540983 0.8436363636363636 0.9726775956284153 0.84 0.9890710382513661 0.8363636363636363 0.9890710382513661 0.8327272727272728 0.994535519125683 0.8181818181818182 0.994535519125683 0.8145454545454546 0.9890710382513661 0.8072727272727273 0.9890710382513661 0.8 0.9781420765027322 0.7927272727272727 0.9781420765027322 0.7890909090909091 0.9836065573770492 0.7854545454545454 0.9836065573770492 0.7818181818181819 0.9781420765027322 0.7781818181818182 0.9836065573770492 0.7709090909090909 0.9836065573770492 0.7672727272727272 0.9890710382513661 0.7527272727272727 0.9890710382513661 0.7490909090909091 0.994535519125683 0.7381818181818182 0.994535519125683 0.7272727272727273 0.9781420765027322 0.7272727272727273 0.9672131147540983 0.7236363636363636 0.9617486338797814 0.72 0.9617486338797814 0.7127272727272728 0.9781420765027322 0.7090909090909091 0.9781420765027322 0.7054545454545454 0.9836065573770492 0.6981818181818182 0.9836065573770492 0.6945454545454546 0.9890710382513661 0.6909090909090909 0.9890710382513661 0.6836363636363636 0.9781420765027322 0.68 0.9781420765027322 0.6763636363636364 0.9836065573770492
19 0.509090909090909 0.4426229508196721 0.5127272727272727 0.44808743169398907 0.5163636363636364 0.44808743169398907 0.5127272727272727 0.453551912568306 0.5163636363636364 0.45901639344262296 0.52 0.45901639344262296 0.5236363636363637 0.4644808743169399 0.5345454545454545 0.4644808743169399 0.5418181818181819 0.47540983606557374 0.5418181818181819 0.48633879781420764 0.5454545454545454 0.4918032786885246 0.5490909090909091 0.48633879781420764 0.5490909090909091 0.4918032786885246 0.5454545454545454 0.4918032786885246 0.5309090909090909 0.5136612021857924 0.5309090909090909 0.5191256830601093 0.5272727272727272 0.5245901639344263 0.5272727272727272 0.5355191256830601 0.5163636363636364 0.5519125683060109 0.5163636363636364 0.5573770491803278 0.509090909090909 0.5683060109289617 0.509090909090909 0.5737704918032787 0.5054545454545455 0.5737704918032787 0.5018181818181818 0.5792349726775956 0.5054545454545455 0.5846994535519126 0.5054545454545455 0.5956284153005464 0.49818181818181817 0.6065573770491803 0.49818181818181817 0.6120218579234973 0.5018181818181818 0.6174863387978142 0.5018181818181818 0.6338797814207651 0.5054545454545455 0.639344262295082 0.49454545454545457 0.644808743169399 0.4909090909090909 0.6502732240437158 0.49454545454545457 0.6557377049180327 0.5309090909090909 0.6557377049180327 0.5490909090909091 0.6284153005464481 0.5490909090909091 0.6229508196721312 0.5527272727272727 0.6174863387978142 0.5527272727272727 0.6010928961748634 0.5563636363636364 0.5956284153005464 0.5563636363636364 0.5846994535519126 0.56 0.5792349726775956 0.56 0.5737704918032787 0.5672727272727273 0.5737704918032787 0.5709090909090909 0.5683060109289617 0.5709090909090909 0.5628415300546448 0.5672727272727273 0.5573770491803278 0.5672727272727273 0.5409836065573771 0.5709090909090909 0.5355191256830601 0.5709090909090909 0.5081967213114754 0.5672727272727273 0.5027322404371585 0.5672727272727273 0.4972677595628415 0.6036363636363636 0.4972677595628415 0.6072727272727273 0.5027322404371585 0.610909090909091 0.5027322404371585 0.6218181818181818 0.5136612021857924 0.6290909090909091 0.5136612021857924 0.6327272727272727 0.5191256830601093 0.6363636363636364 0.5191256830601093 0.6363636363636364 0.5300546448087432 0.6436363636363637 0.5409836065573771 0.6290909090909091 0.5409836065573771 0.6254545454545455 0.5355191256830601 0.6218181818181818 0.5355191256830601 0.6181818181818182 0.5409836065573771 0.6181818181818182 0.5519125683060109 0.6145454545454545 0.5573770491803278 0.610909090909091 0.5737704918032787 0.6036363636363636 0.5846994535519126 0.6036363636363636 0.5956284153005464 0.6 0.5901639344262295 0.5854545454545454 0.5901639344262295 0.5781818181818181 0.5792349726775956 0.5709090909090909 0.5901639344262295 0.5818181818181818 0.6065573770491803 0.5854545454545454 0.6010928961748634 0.5927272727272728 0.6010928961748634 0.5963636363636363 0.6065573770491803 0.6 0.6065573770491803 0.5963636363636363 0.6120218579234973 0.5963636363636363 0.6284153005464481 0.5854545454545454 0.644808743169399 0.5854545454545454 0.6612021857923497 0.5890909090909091 0.6666666666666666 0.5709090909090909 0.6939890710382514 0.5818181818181818 0.7103825136612022 0.5927272727272728 0.6939890710382514 0.5963636363636363 0.7103825136612022 0.6 0.7158469945355191 0.6036363636363636 0.7158469945355191 0.6072727272727273 0.7103825136612022 0.6072727272727273 0.6939890710382514 0.6145454545454545 0.6939890710382514 0.6218181818181818 0.6830601092896175 0.6218181818181818 0.6775956284153005 0.6327272727272727 0.6612021857923497 0.6327272727272727 0.6557377049180327 0.6363636363636364 0.6502732240437158 0.6363636363636364 0.639344262295082 0.64 0.6338797814207651 0.64 0.6284153005464481 0.6363636363636364 0.6229508196721312 0.6472727272727272 0.6065573770491803 0.6472727272727272 0.5956284153005464 0.6509090909090909 0.5901639344262295 0.6509090909090909 0.5792349726775956 0.6545454545454545 0.5737704918032787 0.6509090909090909 0.5683060109289617 0.6509090909090909 0.5573770491803278 0.6472727272727272 0.5519125683060109 0.6581818181818182 0.5683060109289617 0.6618181818181819 0.5683060109289617 0.6690909090909091 0.5792349726775956 0.6727272727272727 0.5792349726775956 0.68 0.5901639344262295 0.6836363636363636 0.5901639344262295 0.68 0.5956284153005464 0.6763636363636364 0.5901639344262295 0.6727272727272727 0.5956284153005464 0.6727272727272727 0.6120218579234973 0.6763636363636364 0.6174863387978142 0.6618181818181819 0.639344262295082 0.6618181818181819 0.6502732240437158 0.6654545454545454 0.6557377049180327 0.6690909090909091 0.6502732240437158 0.6763636363636364 0.6502732240437158 0.68 0.6557377049180327 0.6763636363636364 0.6612021857923497 0.6763636363636364 0.6721311475409836 0.6654545454545454 0.6721311475409836 0.6618181818181819 0.6775956284153005 0.6581818181818182 0.6775956284153005 0.6472727272727272 0.6939890710382514 0.6581818181818182 0.7049180327868853 0.6545454545454545 0.7049180327868853 0.6436363636363637 0.7158469945355191 0.6472727272727272 0.7213114754098361 0.6436363636363637 0.726775956284153 0.6436363636363637 0.73224043715847 0.6472727272727272 0.7377049180327869 0.6509090909090909 0.7377049180327869 0.6545454545454545 0.7431693989071039 0.6690909090909091 0.7431693989071039 0.6763636363636364 0.7540983606557377 0.68 0.7540983606557377 0.6836363636363636 0.7486338797814208 0.6981818181818182 0.7486338797814208 0.7054545454545454 0.7377049180327869 0.7054545454545454 0.73224043715847 0.7127272727272728 0.7158469945355191 0.7127272727272728 0.7049180327868853 0.7163636363636363 0.6994535519125683 0.7163636363636363 0.6939890710382514 0.7236363636363636 0.6775956284153005 0.7236363636363636 0.6666666666666666 0.7272727272727273 0.6612021857923497 0.7272727272727273 0.6502732240437158 0.730909090909091 0.644808743169399 0.730909090909091 0.6338797814207651 0.7345454545454545 0.6284153005464481 0.7345454545454545 0.6229508196721312 0.730909090909091 0.6174863387978142 0.730909090909091 0.6065573770491803 0.7272727272727273 0.6010928961748634 0.7272727272727273 0.5901639344262295 0.7345454545454545 0.5901639344262295 0.7381818181818182 0.5846994535519126 0.7490909090909091 0.5846994535519126 0.76 0.6010928961748634 0.76 0.6229508196721312 0.7563636363636363 0.6284153005464481 0.7563636363636363 0.6338797814207651 0.7490909090909091 0.6502732240437158 0.7490909090909091 0.6666666666666666 0.7454545454545455 0.6721311475409836 0.7454545454545455 0.6830601092896175 0.7381818181818182 0.6994535519125683 0.7381818181818182 0.7103825136612022 0.7345454545454545 0.7158469945355191 0.7345454545454545 0.7213114754098361 0.730909090909091 0.726775956284153 0.730909090909091 0.73224043715847 0.7236363636363636 0.7486338797814208 0.7236363636363636 0.7650273224043715 0.72 0.7704918032786885 0.72 0.7814207650273224 0.7163636363636363 0.7868852459016393 0.7163636363636363 0.7978142076502732 0.7090909090909091 0.8142076502732241 0.7090909090909091 0.825136612021858 0.7054545454545454 0.8306010928961749 0.7054545454545454 0.8415300546448088 0.7018181818181818 0.8469945355191257 0.7018181818181818 0.8524590163934426 0.6945454545454546 0.8688524590163934 0.6945454545454546 0.8797814207650273 0.6909090909090909 0.8852459016393442 0.6872727272727273 0.9016393442622951 0.68 0.912568306010929 0.68 0.9344262295081968 0.6763636363636364 0.9398907103825137 0.6763636363636364 0.9508196721311475 0.6618181818181819 0.9726775956284153 0.64 0.9726775956284153 0.6363636363636364 0.9672131147540983 0.6327272727272727 0.9672131147540983 0.6218181818181818 0.9562841530054644 0.6145454545454545 0.9562841530054644 0.610909090909091 0.9508196721311475 0.6036363636363636 0.9508196721311475 0.6 0.9453551912568307 0.5963636363636363 0.9453551912568307 0.5854545454545454 0.9344262295081968 0.5745454545454546 0.9344262295081968 0.5709090909090909 0.9289617486338798 0.5672727272727273 0.9289617486338798 0.5563636363636364 0.9180327868852459 0.5490909090909091 0.9180327868852459 0.5454545454545454 0.912568306010929 0.5381818181818182 0.912568306010929 0.5345454545454545 0.907103825136612 0.5272727272727272 0.907103825136612 0.5236363636363637 0.9016393442622951 0.5163636363636364 0.9016393442622951 0.5127272727272727 0.8961748633879781 0.509090909090909 0.8961748633879781 0.5054545454545455 0.8907103825136612 0.49818181818181817 0.8907103825136612 0.49454545454545457 0.8852459016393442 0.4909090909090909 0.8852459016393442 0.48 0.8743169398907104 0.4727272727272727 0.8743169398907104 0.4690909090909091 0.8688524590163934 0.4618181818181818 0.8688524590163934 0.4509090909090909 0.8579234972677595 0.44363636363636366 0.8579234972677595 0.44 0.8524590163934426 0.43272727272727274 0.8524590163934426 0.4218181818181818 0.8415300546448088 0.4072727272727273 0.8415300546448088 0.4036363636363636 0.8360655737704918 0.3927272727272727 0.8360655737704918 0.38545454545454544 0.825136612021858 0.3781818181818182 0.825136612021858 0.37454545454545457 0.819672131147541 0.3709090909090909 0.819672131147541 0.36727272727272725 0.8142076502732241 0.36363636363636365 0.8142076502732241 0.3527272727272727 0.8032786885245902 0.34545454545454546 0.8032786885245902 0.3381818181818182 0.7923497267759563 0.33454545454545453 0.7923497267759563 0.3236363636363636 0.7814207650273224 0.31636363636363635 0.7814207650273224 0.31272727272727274 0.7759562841530054 0.3090909090909091 0.7759562841530054 0.3054545454545455 0.7704918032786885 0.29818181818181816 0.7704918032786885 0.29454545454545455 0.7650273224043715 0.2909090909090909 0.7650273224043715 0.28 0.7540983606557377 0.2727272727272727 0.7540983606557377 0.2690909090909091 0.7486338797814208 0.26545454545454544 0.7486338797814208 0.2545454545454545 0.73224043715847 0.2545454545454545 0.7049180327868853 0.26181818181818184 0.6939890710382514 0.26181818181818184 0.6775956284153005 0.2690909090909091 0.6666666666666666 0.2727272727272727 0.6666666666666666 0.2690909090909091 0.6666666666666666 0.26545454545454544 0.6721311475409836 0.2690909090909091 0.6775956284153005 0.27636363636363637 0.6775956284153005 0.28363636363636363 0.6612021857923497 0.2872727272727273 0.6666666666666666 0.28363636363636363 0.6721311475409836 0.28363636363636363 0.6775956284153005 0.2909090909090909 0.6939890710382514 0.2909090909090909 0.6994535519125683 0.2872727272727273 0.7049180327868853 0.2872727272727273 0.7158469945355191 0.2909090909090909 0.7213114754098361 0.2909090909090909 0.73224043715847 0.29454545454545455 0.7377049180327869 0.29818181818181816 0.7377049180327869 0.3090909090909091 0.7540983606557377 0.31272727272727274 0.7486338797814208 0.31636363636363635 0.7540983606557377 0.32 0.7486338797814208 0.3236363636363636 0.7486338797814208 0.33454545454545453 0.73224043715847 0.33454545454545453 0.726775956284153 0.3490909090909091 0.7049180327868853 0.34545454545454546 0.6994535519125683 0.34545454545454546 0.6939890710382514 0.3490909090909091 0.6885245901639344 0.3490909090909091 0.6775956284153005 0.3527272727272727 0.6721311475409836 0.3527272727272727 0.6666666666666666 0.3563636363636364 0.6612021857923497 0.3563636363636364 0.6502732240437158 0.36 0.644808743169399 0.36727272727272725 0.644808743169399 0.3709090909090909 0.639344262295082 0.38181818181818183 0.639344262295082 0.38545454545454544 0.6338797814207651 0.4036363636363636 0.6338797814207651 0.4072727272727273 0.6284153005464481 0.41818181818181815 0.6284153005464481 0.4218181818181818 0.6229508196721312 0.44727272727272727 0.6229508196721312 0.4509090909090909 0.6174863387978142 0.4509090909090909 0.6229508196721312 0.45454545454545453 0.6284153005464481 0.4581818181818182 0.6229508196721312 0.4618181818181818 0.6229508196721312 0.4690909090909091 0.6120218579234973 0.48 0.6120218579234973 0.48363636363636364 0.6065573770491803 0.48 0.6010928961748634 0.48 0.5956284153005464 0.48363636363636364 0.5901639344262295 0.48727272727272725 0.5901639344262295 0.49454545454545457 0.5792349726775956 0.49454545454545457 0.5737704918032787 0.49818181818181817 0.5683060109289617 0.49818181818181817 0.5573770491803278 0.5018181818181818 0.5519125683060109 0.49818181818181817 0.546448087431694 0.49454545454545457 0.546448087431694 0.49454545454545457 0.5355191256830601 0.49818181818181817 0.5300546448087432 0.49454545454545457 0.5245901639344263 0.49454545454545457 0.5191256830601093 0.5018181818181818 0.5027322404371585 0.5018181818181818 0.4972677595628415 0.49818181818181817 0.4918032786885246 0.49454545454545457 0.4918032786885246 0.49818181818181817 0.48633879781420764 0.5018181818181818 0.48633879781420764 0.509090909090909 0.5027322404371585 0.5127272727272727 0.5027322404371585 0.5163636363636364 0.4972677595628415 0.5163636363636364 0.4808743169398907 0.509090909090909 0.46994535519125685 0.5018181818181818 0.46994535519125685 0.49818181818181817 0.47540983606557374 0.49454545454545457 0.46994535519125685 0.49454545454545457 0.4644808743169399 0.48727272727272725 0.44808743169398907 0.48727272727272725 0.4426229508196721 0.4909090909090909 0.4371584699453552 0.49454545454545457 0.4371584699453552 0.49818181818181817 0.4426229508196721 0.5054545454545455 0.4426229508196721
19 0.84 0.9016393442622951 0.8436363636363636 0.907103825136612 0.8545454545454545 0.907103825136612 0.8581818181818182 0.9016393442622951 0.8618181818181818 0.9016393442622951 0.8654545454545455 0.907103825136612 0.8836363636363637 0.907103825136612 0.8872727272727273 0.912568306010929 0.8981818181818182 0.912568306010929 0.9018181818181819 0.9180327868852459 0.9090909090909091 0.9180327868852459 0.9127272727272727 0.9234972677595629 0.9236363636363636 0.9289617486338798 0.9309090909090909 0.9398907103825137 0.9309090909090909 0.9453551912568307 0.9345454545454546 0.9508196721311475 0.9345454545454546 0.9781420765027322 0.9272727272727272 0.9890710382513661 0.9163636363636364 0.9890710382513661 0.9090909090909091 0.9781420765027322 0.9054545454545454 0.9836065573770492 0.9018181818181819 0.9781420765027322 0.9018181818181819 0.9672131147540983 0.8981818181818182 0.9617486338797814 0.8945454545454545 0.9617486338797814 0.8909090909090909 0.9672131147540983 0.8909090909090909 0.9781420765027322 0.8836363636363637 0.9781420765027322 0.8763636363636363 0.994535519125683 0.8472727272727273 0.994535519125683 0.8472727272727273 0.9836065573770492 0.8545454545454545 0.9672131147540983 0.8545454545454545 0.9562841530054644 0.850909090909091 0.9508196721311475 0.850909090909091 0.9398907103825137 0.8472727272727273 0.9344262295081968 0.8472727272727273 0.9289617486338798 0.84 0.9180327868852459 0.84 0.912568306010929 0.8363636363636363 0.907103825136612
19 0.5381818181818182 0.00546448087431694 0.5381818181818182 0.0273224043715847 0.5345454545454545 0.03278688524590164 0.5345454545454545 0.04918032786885246 0.5381818181818182 0.0546448087431694 0.5345454545454545 0.060109289617486336 0.5345454545454545 0.06557377049180328 0.5381818181818182 0.07103825136612021 0.5381818181818182 0.08196721311475409 0.5345454545454545 0.08743169398907104 0.5345454545454545 0.29508196721311475 0.5309090909090909 0.3005464480874317 0.5309090909090909 0.30601092896174864 0.5345454545454545 0.3114754098360656 0.5309090909090909 0.31693989071038253 0.5309090909090909 0.32786885245901637 0.5272727272727272 0.32786885245901637 0.5272727272727272 0.31693989071038253 0.5236363636363637 0.3114754098360656 0.5236363636363637 0.2896174863387978 0.52 0.28415300546448086 0.52 0.273224043715847 0.5127272727272727 0.2568306010928962 0.5127272727272727 0.2459016393442623 0.509090909090909 0.24043715846994534 0.509090909090909 0.22950819672131148 0.5018181818181818 0.21311475409836064 0.5018181818181818 0.19672131147540983 0.5054545454545455 0.1912568306010929 0.509090909090909 0.17486338797814208 0.5127272727272727 0.17486338797814208 0.5163636363636364 0.16939890710382513 0.5163636363636364 0.16393442622950818 0.5127272727272727 0.15846994535519127 0.5127272727272727 0.15300546448087432 0.5018181818181818 0.1366120218579235 0.49818181818181817 0.1366120218579235 0.49454545454545457 0.13114754098360656 0.49454545454545457 0.12568306010928962 0.48727272727272725 0.11475409836065574 0.48727272727272725 0.1092896174863388 0.48363636363636364 0.10382513661202186 0.48363636363636364 0.08743169398907104 0.48727272727272725 0.08196721311475409 0.48727272727272725 0.060109289617486336 0.49818181818181817 0.04371584699453552 0.52 0.03278688524590164 0.5236363636363637 0.0273224043715847 0.5236363636363637 0.02185792349726776 0.52 0.01639344262295082 0.5272727272727272 0.0273224043715847 0.5345454545454545 0.0273224043715847 0.5381818181818182 0.02185792349726776 0.5381818181818182 0.01092896174863388
19 0.5309090909090909 0.03278688524590164 0.5345454545454545 0.03825136612021858 0.5345454545454545 0.16393442622950818 0.5309090909090909 0.16939890710382513 0.5309090909090909 0.18032786885245902 0.5272727272727272 0.18032786885245902 0.5236363636363637 0.18579234972677597 0.5163636363636364 0.18579234972677597 0.5127272727272727 0.18032786885245902 0.5127272727272727 0.17486338797814208 0.5163636363636364 0.16939890710382513 0.5127272727272727 0.16393442622950818 0.5127272727272727 0.15300546448087432 0.5018181818181818 0.1366120218579235 0.49818181818181817 0.1366120218579235 0.4909090909090909 0.12568306010928962 0.4909090909090909 0.12021857923497267 0.4763636363636364 0.09836065573770492 0.4763636363636364 0.09289617486338798 0.4727272727272727 0.08743169398907104 0.4727272727272727 0.07103825136612021 0.4690909090909091 0.06557377049180328 0.4727272727272727 0.060109289617486336 0.4763636363636364 0.060109289617486336 0.48 0.0546448087431694 0.48 0.04918032786885246 0.4909090909090909 0.04918032786885246 0.49818181818181817 0.03825136612021858 0.5054545454545455 0.03825136612021858 0.509090909090909 0.03278688524590164 0.5272727272727272 0.03278688524590164
19 0.48363636363636364 0.43169398907103823 0.4909090909090909 0.43169398907103823 0.49454545454545457 0.4371584699453552 0.5018181818181818 0.4371584699453552 0.509090909090909 0.44808743169398907 0.5236363636363637 0.44808743169398907 0.5272727272727272 0.453551912568306 0.5272727272727272 0.4644808743169399 0.52 0.47540983606557374 0.52 0.48633879781420764 0.5163636363636364 0.4918032786885246 0.5163636363636364 0.5081967213114754 0.5018181818181818 0.5355191256830601 0.5018181818181818 0.5519125683060109 0.49454545454545457 0.5683060109289617 0.49454545454545457 0.5409836065573771 0.4909090909090909 0.5355191256830601 0.4909090909090909 0.5136612021857924 0.48727272727272725 0.5081967213114754 0.48727272727272725 0.4972677595628415 0.4909090909090909 0.4918032786885246 0.48727272727272725 0.48633879781420764 0.48727272727272725 0.4644808743169399 0.48363636363636364 0.45901639344262296 0.48363636363636364 0.4371584699453552
19 0.27636363636363637 0 0.28 0.00546448087431694 0.2909090909090909 0.00546448087431694 0.29454545454545455 0 0.3054545454545455 0 0.3054545454545455 0.01092896174863388 0.3018181818181818 0.01092896174863388 0.29454545454545455 0.02185792349726776 0.29454545454545455 0.0273224043715847 0.2909090909090909 0.0273224043715847 0.28363636363636363 0.03825136612021858 0.28 0.0546448087431694 0.26545454545454544 0.07650273224043716 0.26181818181818184 0.09289617486338798 0.2545454545454545 0.10382513661202186 0.2545454545454545 0.1092896174863388 0.2509090909090909 0.11475409836065574 0.24 0.12021857923497267 0.20363636363636364 0.17486338797814208 0.1890909090909091 0.17486338797814208 0.18545454545454546 0.18032786885245902 0.1781818181818182 0.18032786885245902 0.1781818181818182 0.16939890710382513 0.18181818181818182 0.16393442622950818 0.18181818181818182 0.15846994535519127 0.18545454545454546 0.15846994535519127 0.1890909090909091 0.15300546448087432 0.1890909090909091 0.14754098360655737 0.19272727272727272 0.14207650273224043 0.19272727272727272 0.13114754098360656 0.1890909090909091 0.12568306010928962 0.1781818181818182 0.12021857923497267 0.16727272727272727 0.13114754098360656 0.16727272727272727 0.14207650273224043 0.16363636363636364 0.14207650273224043 0.16 0.1366120218579235 0.16 0.12568306010928962 0.16363636363636364 0.12021857923497267 0.16 0.11475409836065574 0.16363636363636364 0.11475409836065574 0.1709090909090909 0.12568306010928962 0.17454545454545456 0.12568306010928962 0.1781818181818182 0.12021857923497267 0.1781818181818182 0.11475409836065574 0.17454545454545456 0.1092896174863388 0.1709090909090909 0.1092896174863388 0.16727272727272727 0.10382513661202186 0.13454545454545455 0.10382513661202186 0.13090909090909092 0.1092896174863388 0.14181818181818182 0.12021857923497267 0.14909090909090908 0.12021857923497267 0.15272727272727274 0.11475409836065574 0.14909090909090908 0.12021857923497267 0.14909090909090908 0.12568306010928962 0.15272727272727274 0.13114754098360656 0.14909090909090908 0.1366120218579235 0.15272727272727274 0.14207650273224043 0.14909090909090908 0.14754098360655737 0.14909090909090908 0.15300546448087432 0.15636363636363637 0.16393442622950818 0.16 0.16393442622950818 0.15636363636363637 0.16393442622950818 0.15272727272727274 0.16939890710382513 0.14545454545454545 0.16939890710382513 0.14545454545454545 0.15846994535519127 0.14181818181818182 0.15300546448087432 0.13818181818181818 0.15300546448087432 0.14181818181818182 0.14754098360655737 0.13818181818181818 0.14207650273224043 0.13454545454545455 0.14207650273224043 0.12727272727272726 0.13114754098360656 0.12363636363636364 0.1366120218579235 0.12363636363636364 0.14207650273224043 0.12 0.14207650273224043 0.11636363636363636 0.1366120218579235 0.10545454545454545 0.13114754098360656 0.09818181818181818 0.12021857923497267 0.09454545454545454 0.12021857923497267 0.08727272727272728 0.1092896174863388 0.08727272727272728 0.10382513661202186 0.08363636363636363 0.09836065573770492 0.08 0.09836065573770492 0.08363636363636363 0.09836065573770492 0.08727272727272728 0.09289617486338798 0.08363636363636363 0.08743169398907104 0.07636363636363637 0.08743169398907104 0.09090909090909091 0.08743169398907104 0.09454545454545454 0.08196721311475409 0.09454545454545454 0.07650273224043716 0.10181818181818182 0.07650273224043716 0.10909090909090909 0.06557377049180328 0.10909090909090909 0.04371584699453552 0.10181818181818182 0.0273224043715847 0.09818181818181818 0.0273224043715847 0.09090909090909091 0.03825136612021858 0.08363636363636363 0.03825136612021858 0.08 0.04371584699453552 0.06909090909090909 0.03278688524590164 0.05454545454545454 0.03278688524590164 0.05090909090909091 0.03825136612021858 0.05454545454545454 0.04371584699453552 0.05454545454545454 0.06557377049180328 0.05818181818181818 0.07103825136612021 0.06181818181818182 0.07103825136612021 0.06909090909090909 0.08743169398907104 0.06545454545454546 0.08743169398907104 0.05090909090909091 0.06557377049180328 0.04727272727272727 0.06557377049180328 0.02909090909090909 0.04371584699453552 0.02181818181818182 0.04371584699453552 0.025454545454545455 0.0273224043715847 0.02909090909090909 0.0273224043715847 0.03272727272727273 0.02185792349726776 0.03636363636363636 0.02185792349726776 0.04363636363636364 0.01092896174863388 0.05090909090909091 0.01092896174863388 0.06181818181818182 0 0.12363636363636364 0 0.13454545454545455 0.01639344262295082 0.13818181818181818 0.01639344262295082 0.14909090909090908 0.00546448087431694 0.16363636363636364 0.00546448087431694 0.16727272727272727 0 0.1709090909090909 0 0.17454545454545456 0.00546448087431694 0.19272727272727272 0.00546448087431694 0.19636363636363635 0 0.2290909090909091 0 0.23272727272727273 0.00546448087431694 0.24 0.00546448087431694 0.24363636363636362 0.01092896174863388 0.2509090909090909 0.01092896174863388 0.26181818181818184 0 0.2727272727272727 0
19 0.4727272727272727 0.6612021857923497 0.48727272727272725 0.6612021857923497 0.49818181818181817 0.6721311475409836 0.5054545454545455 0.6721311475409836 0.509090909090909 0.6775956284153005 0.52 0.6830601092896175 0.52 0.6939890710382514 0.5236363636363637 0.6994535519125683 0.5454545454545454 0.6994535519125683 0.5490909090909091 0.7049180327868853 0.5490909090909091 0.7213114754098361 0.5418181818181819 0.7377049180327869 0.5418181818181819 0.7486338797814208 0.5381818181818182 0.7540983606557377 0.5381818181818182 0.7650273224043715 0.5345454545454545 0.7704918032786885 0.5345454545454545 0.7814207650273224 0.5272727272727272 0.7923497267759563 0.5272727272727272 0.7978142076502732 0.5236363636363637 0.8032786885245902 0.5236363636363637 0.8142076502732241 0.52 0.819672131147541 0.52 0.8306010928961749 0.5163636363636364 0.8360655737704918 0.5163636363636364 0.8524590163934426 0.5127272727272727 0.8579234972677595 0.509090909090909 0.8743169398907104 0.5054545454545455 0.8797814207650273 0.48363636363636364 0.8797814207650273 0.48 0.8743169398907104 0.4727272727272727 0.8743169398907104 0.4690909090909091 0.8688524590163934 0.4618181818181818 0.8688524590163934 0.4581818181818182 0.8633879781420765 0.4509090909090909 0.8633879781420765 0.44 0.8524590163934426 0.43272727272727274 0.8524590163934426 0.4254545454545455 0.8415300546448088 0.4218181818181818 0.8415300546448088 0.4218181818181818 0.8306010928961749 0.4290909090909091 0.819672131147541 0.4290909090909091 0.8142076502732241 0.43272727272727274 0.8087431693989071 0.43272727272727274 0.7978142076502732 0.43636363636363634 0.7923497267759563 0.43636363636363634 0.7868852459016393 0.44363636363636366 0.7704918032786885 0.44363636363636366 0.7595628415300546 0.44727272727272727 0.7540983606557377 0.44727272727272727 0.73224043715847 0.4581818181818182 0.7158469945355191 0.4581818181818182 0.7103825136612022 0.4618181818181818 0.7049180327868853 0.4618181818181818 0.6885245901639344 0.46545454545454545 0.6830601092896175 0.46545454545454545 0.6721311475409836 0.4690909090909091 0.6721311475409836 0.4727272727272727 0.6666666666666666
19 0.6945454545454546 0.00546448087431694 0.7018181818181818 0.01639344262295082 0.7090909090909091 0.01639344262295082 0.7127272727272728 0.01092896174863388 0.730909090909091 0.01092896174863388 0.7345454545454545 0.01639344262295082 0.7381818181818182 0.01639344262295082 0.7454545454545455 0.0273224043715847 0.7454545454545455 0.03278688524590164 0.7490909090909091 0.03825136612021858 0.7454545454545455 0.04371584699453552 0.7454545454545455 0.04918032786885246 0.7381818181818182 0.060109289617486336 0.7345454545454545 0.060109289617486336 0.730909090909091 0.06557377049180328 0.6872727272727273 0.06557377049180328 0.6836363636363636 0.07103825136612021 0.68 0.06557377049180328 0.6763636363636364 0.06557377049180328 0.6690909090909091 0.0546448087431694 0.6690909090909091 0.03278688524590164 0.6763636363636364 0.02185792349726776 0.6836363636363636 0.02185792349726776 0.6909090909090909 0.01092896174863388
19 0.48363636363636364 0.4371584699453552 0.4909090909090909 0.4371584699453552 0.5018181818181818 0.44808743169398907 0.5163636363636364 0.44808743169398907 0.5236363636363637 0.45901639344262296 0.52 0.4644808743169399 0.52 0.47540983606557374 0.5163636363636364 0.4808743169398907 0.5163636363636364 0.48633879781420764 0.5127272727272727 0.4918032786885246 0.5127272727272727 0.4972677595628415 0.5054545454545455 0.5136612021857924 0.5054545454545455 0.5245901639344263 0.5018181818181818 0.5300546448087432 0.49818181818181817 0.5300546448087432 0.49454545454545457 0.5355191256830601 0.49454545454545457 0.5409836065573771 0.49454545454545457 0.5300546448087432 0.4909090909090909 0.5245901639344263 0.4909090909090909 0.5027322404371585 0.49454545454545457 0.4972677595628415 0.4909090909090909 0.4918032786885246 0.4909090909090909 0.4808743169398907 0.48727272727272725 0.47540983606557374 0.48727272727272725 0.45901639344262296 0.48363636363636364 0.453551912568306 0.48363636363636364 0.4426229508196721
19 0.025454545454545455 0.04918032786885246 0.02909090909090909 0.0546448087431694 0.03272727272727273 0.0546448087431694 0.05090909090909091 0.08196721311475409 0.05454545454545454 0.08196721311475409 0.04363636363636364 0.08196721311475409 0.04 0.08743169398907104 0.05454545454545454 0.12021857923497267 0.06181818181818182 0.10382513661202186 0.07272727272727272 0.10382513661202186 0.07636363636363637 0.1092896174863388 0.08363636363636363 0.1092896174863388 0.08363636363636363 0.11475409836065574 0.09090909090909091 0.12568306010928962 0.09454545454545454 0.12568306010928962 0.09818181818181818 0.13114754098360656 0.10909090909090909 0.1366120218579235 0.11636363636363636 0.14754098360655737 0.12 0.14754098360655737 0.13090909090909092 0.16393442622950818 0.13454545454545455 0.16393442622950818 0.14181818181818182 0.17486338797814208 0.14545454545454545 0.17486338797814208 0.15636363636363637 0.1912568306010929 0.16727272727272727 0.19672131147540983 0.1709090909090909 0.20218579234972678 0.1709090909090909 0.20765027322404372 0.16 0.22404371584699453 0.14909090909090908 0.22950819672131148 0.13454545454545455 0.20765027322404372 0.13090909090909092 0.20765027322404372 0.13090909090909092 0.20218579234972678 0.12 0.18579234972677597 0.09818181818181818 0.18579234972677597 0.09454545454545454 0.18032786885245902 0.08363636363636363 0.18579234972677597 0.08 0.18032786885245902 0.07272727272727272 0.18032786885245902 0.06545454545454546 0.16939890710382513 0.05454545454545454 0.16939890710382513 0.05090909090909091 0.17486338797814208 0.04727272727272727 0.16939890710382513 0.04 0.16939890710382513 0.03636363636363636 0.16393442622950818 0.02181818181818182 0.16393442622950818 0.01818181818181818 0.15846994535519127 0.007272727272727273 0.15300546448087432 0.0036363636363636364 0.14754098360655737 0.0036363636363636364 0.13114754098360656 0 0.12568306010928962 0.01818181818181818 0.12568306010928962 0.02181818181818182 0.13114754098360656 0.025454545454545455 0.13114754098360656 0.03272727272727273 0.12021857923497267 0.03272727272727273 0.1092896174863388 0.02909090909090909 0.10382513661202186 0.007272727272727273 0.10382513661202186 0 0.08743169398907104 0 0.06557377049180328 0.0036363636363636364 0.060109289617486336 0.014545454545454545 0.06557377049180328 0.02181818181818182 0.0546448087431694
19 0.5672727272727273 0.7158469945355191 0.5781818181818181 0.726775956284153 0.5890909090909091 0.726775956284153 0.5927272727272728 0.73224043715847 0.6 0.73224043715847 0.6036363636363636 0.7377049180327869 0.610909090909091 0.7377049180327869 0.6145454545454545 0.7431693989071039 0.6218181818181818 0.7431693989071039 0.6218181818181818 0.7486338797814208 0.6254545454545455 0.7540983606557377 0.6290909090909091 0.7540983606557377 0.6254545454545455 0.7595628415300546 0.6254545454545455 0.7704918032786885 0.6254545454545455 0.7650273224043715 0.6218181818181818 0.7595628415300546 0.6145454545454545 0.7704918032786885 0.610909090909091 0.7704918032786885 0.610909090909091 0.7650273224043715 0.6072727272727273 0.7595628415300546 0.6036363636363636 0.7650273224043715 0.6036363636363636 0.7759562841530054 0.6072727272727273 0.7814207650273224 0.610909090909091 0.7814207650273224 0.6145454545454545 0.7868852459016393 0.6218181818181818 0.7868852459016393 0.610909090909091 0.7978142076502732 0.610909090909091 0.8087431693989071 0.6072727272727273 0.8142076502732241 0.610909090909091 0.819672131147541 0.610909090909091 0.825136612021858 0.6072727272727273 0.8306010928961749 0.6036363636363636 0.8306010928961749 0.6 0.8360655737704918 0.5927272727272728 0.8360655737704918 0.5890909090909091 0.8415300546448088 0.5963636363636363 0.8524590163934426 0.5963636363636363 0.8688524590163934 0.5890909090909091 0.8797814207650273 0.5781818181818181 0.8797814207650273 0.5781818181818181 0.8688524590163934 0.5818181818181818 0.8633879781420765 0.5818181818181818 0.8524590163934426 0.5854545454545454 0.8469945355191257 0.5854545454545454 0.8415300546448088 0.5890909090909091 0.8415300546448088 0.5927272727272728 0.8360655737704918 0.5890909090909091 0.8306010928961749 0.5927272727272728 0.8306010928961749 0.6 0.8142076502732241 0.6 0.7759562841530054 0.6036363636363636 0.7704918032786885 0.6036363636363636 0.7595628415300546 0.6072727272727273 0.7595628415300546 0.610909090909091 0.7540983606557377 0.610909090909091 0.7486338797814208 0.6072727272727273 0.7431693989071039 0.6036363636363636 0.7486338797814208 0.6 0.7431693989071039 0.5963636363636363 0.7486338797814208 0.5854545454545454 0.7486338797814208 0.5818181818181818 0.7431693989071039 0.5672727272727273 0.7431693989071039 0.56 0.7540983606557377 0.56 0.7595628415300546 0.5527272727272727 0.7595628415300546 0.5418181818181819 0.7704918032786885 0.5418181818181819 0.7595628415300546 0.5454545454545454 0.7540983606557377 0.5454545454545454 0.7486338797814208 0.5527272727272727 0.7377049180327869 0.5527272727272727 0.73224043715847 0.56 0.7431693989071039 0.5636363636363636 0.7377049180327869 0.5636363636363636 0.7213114754098361
19 0.48727272727272725 0.4426229508196721 0.509090909090909 0.4426229508196721 0.52 0.453551912568306 0.52 0.46994535519125685 0.5236363636363637 0.47540983606557374 0.5272727272727272 0.46994535519125685 0.5272727272727272 0.4644808743169399 0.5309090909090909 0.4644808743169399 0.5381818181818182 0.47540983606557374 0.5418181818181819 0.47540983606557374 0.5418181818181819 0.4918032786885246 0.5345454545454545 0.5027322404371585 0.5345454545454545 0.5081967213114754 0.5272727272727272 0.5191256830601093 0.5272727272727272 0.5245901639344263 0.52 0.5355191256830601 0.5163636363636364 0.5355191256830601 0.5127272727272727 0.5409836065573771 0.5163636363636364 0.546448087431694 0.52 0.546448087431694 0.5054545454545455 0.5792349726775956 0.5054545454545455 0.5956284153005464 0.49818181818181817 0.6065573770491803 0.49818181818181817 0.6120218579234973 0.5018181818181818 0.6174863387978142 0.5018181818181818 0.6338797814207651 0.5163636363636364 0.6557377049180327 0.5309090909090909 0.6557377049180327 0.5454545454545454 0.6338797814207651 0.5454545454545454 0.6284153005464481 0.5527272727272727 0.6174863387978142 0.5527272727272727 0.6010928961748634 0.5563636363636364 0.5956284153005464 0.56 0.5792349726775956 0.5709090909090909 0.5683060109289617 0.5672727272727273 0.5628415300546448 0.5672727272727273 0.5573770491803278 0.5709090909090909 0.5519125683060109 0.5709090909090909 0.4972677595628415 0.5963636363636363 0.4972677595628415 0.6 0.5027322404371585 0.610909090909091 0.5027322404371585 0.6145454545454545 0.5081967213114754 0.6218181818181818 0.5081967213114754 0.6254545454545455 0.5136612021857924 0.6290909090909091 0.5136612021857924 0.64 0.5300546448087432 0.64 0.5355191256830601 0.6363636363636364 0.5409836065573771 0.6327272727272727 0.5355191256830601 0.6254545454545455 0.5355191256830601 0.6218181818181818 0.5409836065573771 0.6254545454545455 0.546448087431694 0.6218181818181818 0.546448087431694 0.6072727272727273 0.5737704918032787 0.6072727272727273 0.5956284153005464 0.6036363636363636 0.5956284153005464 0.6 0.6010928961748634 0.6 0.6065573770491803 0.5963636363636363 0.6120218579234973 0.5963636363636363 0.6284153005464481 0.5890909090909091 0.639344262295082 0.5890909090909091 0.644808743169399 0.5854545454545454 0.6502732240437158 0.5890909090909091 0.6557377049180327 0.5890909090909091 0.6775956284153005 0.5927272727272728 0.6830601092896175 0.5963636363636363 0.6830601092896175 0.5963636363636363 0.6885245901639344 0.6 0.6939890710382514 0.6145454545454545 0.6939890710382514 0.6218181818181818 0.6830601092896175 0.6218181818181818 0.6775956284153005 0.64 0.6502732240437158 0.6363636363636364 0.644808743169399 0.6363636363636364 0.639344262295082 0.64 0.6338797814207651 0.64 0.6174863387978142 0.6472727272727272 0.6065573770491803 0.6472727272727272 0.5956284153005464 0.6545454545454545 0.5792349726775956 0.6545454545454545 0.5737704918032787 0.6509090909090909 0.5683060109289617 0.6509090909090909 0.5573770491803278 0.6472727272727272 0.5519125683060109 0.6618181818181819 0.5737704918032787 0.6654545454545454 0.5737704918032787 0.6763636363636364 0.5846994535519126 0.6763636363636364 0.5901639344262295 0.6727272727272727 0.5956284153005464 0.6727272727272727 0.6120218579234973 0.6763636363636364 0.6174863387978142 0.68 0.6174863387978142 0.6836363636363636 0.6120218579234973 0.6836363636363636 0.6010928961748634 0.6909090909090909 0.5901639344262295 0.6909090909090909 0.6120218579234973 0.6872727272727273 0.6120218579234973 0.6836363636363636 0.6174863387978142 0.6836363636363636 0.6284153005464481 0.68 0.6338797814207651 0.68 0.6612021857923497 0.6763636363636364 0.6666666666666666 0.6690909090909091 0.6666666666666666 0.6654545454545454 0.6612021857923497 0.6618181818181819 0.6612021857923497 0.6436363636363637 0.6885245901639344 0.6436363636363637 0.6939890710382514 0.6472727272727272 0.6994535519125683 0.6472727272727272 0.7049180327868853 0.6436363636363637 0.7103825136612022 0.6363636363636364 0.7103825136612022 0.6363636363636364 0.7049180327868853 0.6327272727272727 0.6994535519125683 0.6181818181818182 0.6994535519125683 0.6145454545454545 0.7049180327868853 0.6218181818181818 0.7213114754098361 0.6327272727272727 0.7213114754098361 0.6363636363636364 0.726775956284153 0.6363636363636364 0.73224043715847 0.6327272727272727 0.7377049180327869 0.6290909090909091 0.7377049180327869 0.6254545454545455 0.73224043715847 0.6145454545454545 0.73224043715847 0.6036363636363636 0.7213114754098361 0.5927272727272728 0.7213114754098361 0.5854545454545454 0.7103825136612022 0.5781818181818181 0.7103825136612022 0.5709090909090909 0.6994535519125683 0.5672727272727273 0.6994535519125683 0.5636363636363636 0.6939890710382514 0.5563636363636364 0.6939890710382514 0.5527272727272727 0.6885245901639344 0.5418181818181819 0.6885245901639344 0.5381818181818182 0.6830601092896175 0.5309090909090909 0.6830601092896175 0.5272727272727272 0.6775956284153005 0.5236363636363637 0.6775956284153005 0.52 0.6721311475409836 0.5127272727272727 0.6721311475409836 0.5018181818181818 0.6612021857923497 0.49454545454545457 0.6612021857923497 0.4909090909090909 0.6557377049180327 0.48363636363636364 0.6557377049180327 0.48 0.6502732240437158 0.4763636363636364 0.6502732240437158 0.4690909090909091 0.639344262295082 0.4618181818181818 0.639344262295082 0.4509090909090909 0.6284153005464481 0.44363636363636366 0.6284153005464481 0.44 0.6229508196721312 0.43636363636363634 0.6229508196721312 0.44 0.6229508196721312 0.44363636363636366 0.6174863387978142 0.4509090909090909 0.6174863387978142 0.4509090909090909 0.6229508196721312 0.45454545454545453 0.6284153005464481 0.4618181818181818 0.6284153005464481 0.4690909090909091 0.639344262295082 0.48363636363636364 0.6174863387978142 0.4727272727272727 0.6065573770491803 0.4763636363636364 0.6010928961748634 0.48363636363636364 0.6010928961748634 0.48727272727272725 0.5956284153005464 0.48727272727272725 0.5901639344262295 0.49454545454545457 0.5792349726775956 0.49454545454545457 0.5737704918032787 0.49818181818181817 0.5683060109289617 0.49818181818181817 0.5573770491803278 0.5018181818181818 0.5519125683060109 0.49454545454545457 0.5409836065573771 0.49454545454545457 0.5355191256830601 0.49818181818181817 0.5355191256830601 0.5018181818181818 0.5300546448087432 0.49818181818181817 0.5245901639344263 0.49454545454545457 0.5245901639344263 0.49454545454545457 0.5027322404371585 0.49818181818181817 0.5027322404371585 0.49818181818181817 0.5136612021857924 0.5018181818181818 0.5191256830601093 0.5054545454545455 0.5136612021857924 0.509090909090909 0.5136612021857924 0.5163636363636364 0.5027322404371585 0.5163636363636364 0.4918032786885246 0.52 0.48633879781420764 0.52 0.4808743169398907 0.509090909090909 0.46994535519125685 0.5054545454545455 0.46994535519125685 0.49818181818181817 0.4808743169398907 0.5054545454545455 0.4918032786885246 0.49454545454545457 0.4918032786885246 0.49818181818181817 0.48633879781420764 0.49818181818181817 0.4808743169398907 0.49454545454545457 0.47540983606557374 0.49818181818181817 0.46994535519125685 0.49454545454545457 0.4644808743169399 0.49454545454545457 0.45901639344262296 0.48727272727272725 0.44808743169398907
19 0.92 0.10382513661202186 0.9345454545454546 0.10382513661202186 0.9381818181818182 0.1092896174863388 0.9418181818181818 0.1092896174863388 0.9454545454545454 0.10382513661202186 0.9490909090909091 0.1092896174863388 0.9563636363636364 0.1092896174863388 0.9636363636363636 0.12568306010928962 0.9672727272727273 0.12568306010928962 0.9781818181818182 0.14207650273224043 0.9818181818181818 0.14207650273224043 0.9927272727272727 0.15300546448087432 0.9927272727272727 0.1912568306010929 0.9890909090909091 0.19672131147540983 0.9927272727272727 0.20218579234972678 0.9927272727272727 0.25136612021857924 0.9890909090909091 0.25136612021857924 0.9854545454545455 0.2459016393442623 0.9854545454545455 0.24043715846994534 0.9781818181818182 0.22950819672131148 0.9854545454545455 0.21311475409836064 0.9745454545454545 0.19672131147540983 0.9709090909090909 0.19672131147540983 0.9636363636363636 0.18579234972677597 0.9563636363636364 0.18579234972677597 0.9527272727272728 0.18032786885245902 0.9454545454545454 0.18032786885245902 0.9381818181818182 0.16939890710382513 0.9381818181818182 0.16393442622950818 0.9345454545454546 0.15846994535519127 0.9345454545454546 0.14207650273224043 0.9309090909090909 0.1366120218579235 0.9309090909090909 0.13114754098360656 0.9236363636363636 0.12021857923497267 0.92 0.12021857923497267 0.92 0.1092896174863388
19 0.68 0.5901639344262295 0.7272727272727273 0.5901639344262295 0.730909090909091 0.5956284153005464 0.7345454545454545 0.5956284153005464 0.7345454545454545 0.6010928961748634 0.7381818181818182 0.6065573770491803 0.7381818181818182 0.6229508196721312 0.7418181818181818 0.6284153005464481 0.7563636363636363 0.6284153005464481 0.76 0.6229508196721312 0.76 0.6120218579234973 0.76 0.6229508196721312 0.7563636363636363 0.6284153005464481 0.7563636363636363 0.639344262295082 0.7527272727272727 0.644808743169399 0.7527272727272727 0.6557377049180327 0.7490909090909091 0.6612021857923497 0.7490909090909091 0.6721311475409836 0.7454545454545455 0.6775956284153005 0.7454545454545455 0.6830601092896175 0.7381818181818182 0.6939890710382514 0.7381818181818182 0.7103825136612022 0.7345454545454545 0.7158469945355191 0.7345454545454545 0.726775956284153 0.72 0.7486338797814208 0.7236363636363636 0.7540983606557377 0.7236363636363636 0.7650273224043715 0.72 0.7704918032786885 0.72 0.7759562841530054 0.7163636363636363 0.7814207650273224 0.7054545454545454 0.7814207650273224 0.6945454545454546 0.7704918032786885 0.6872727272727273 0.7704918032786885 0.68 0.7540983606557377 0.6618181818181819 0.7540983606557377 0.6545454545454545 0.7431693989071039 0.6472727272727272 0.7431693989071039 0.6436363636363637 0.7377049180327869 0.6436363636363637 0.73224043715847 0.6472727272727272 0.726775956284153 0.6472727272727272 0.7158469945355191 0.6509090909090909 0.7103825136612022 0.6509090909090909 0.6994535519125683 0.6581818181818182 0.6830601092896175 0.6581818181818182 0.6721311475409836 0.6618181818181819 0.6721311475409836 0.6654545454545454 0.6666666666666666 0.6654545454545454 0.639344262295082 0.6690909090909091 0.6338797814207651 0.6690909090909091 0.6284153005464481 0.6763636363636364 0.6174863387978142 0.6763636363636364 0.6065573770491803 0.68 0.6010928961748634 0.68 0.5956284153005464
19 0.36 0.1092896174863388 0.3709090909090909 0.12021857923497267 0.3781818181818182 0.12021857923497267 0.38181818181818183 0.12568306010928962 0.38545454545454544 0.12568306010928962 0.3890909090909091 0.13114754098360656 0.39636363636363636 0.13114754098360656 0.4 0.1366120218579235 0.4690909090909091 0.1366120218579235 0.4727272727272727 0.13114754098360656 0.48727272727272725 0.13114754098360656 0.4909090909090909 0.1366120218579235 0.49454545454545457 0.1366120218579235 0.5018181818181818 0.14754098360655737 0.5054545454545455 0.14754098360655737 0.5054545454545455 0.15300546448087432 0.509090909090909 0.15846994535519127 0.5054545454545455 0.17486338797814208 0.509090909090909 0.18032786885245902 0.5018181818181818 0.1912568306010929 0.5018181818181818 0.20765027322404372 0.5054545454545455 0.21311475409836064 0.5054545454545455 0.22950819672131148 0.509090909090909 0.23497267759562843 0.509090909090909 0.24043715846994534 0.5127272727272727 0.2459016393442623 0.5127272727272727 0.25136612021857924 0.5163636363636364 0.2568306010928962 0.5163636363636364 0.26229508196721313 0.52 0.2677595628415301 0.52 0.273224043715847 0.5272727272727272 0.2896174863387978 0.5236363636363637 0.29508196721311475 0.52 0.2896174863387978 0.52 0.28415300546448086 0.5127272727272727 0.273224043715847 0.5018181818181818 0.2677595628415301 0.49454545454545457 0.2568306010928962 0.4909090909090909 0.2568306010928962 0.48 0.2459016393442623 0.43636363636363634 0.2459016393442623 0.43272727272727274 0.25136612021857924 0.4254545454545455 0.25136612021857924 0.4218181818181818 0.2568306010928962 0.4109090909090909 0.2568306010928962 0.4 0.24043715846994534 0.39636363636363636 0.24043715846994534 0.3927272727272727 0.23497267759562843 0.3890909090909091 0.23497267759562843 0.3781818181818182 0.22404371584699453 0.3563636363636364 0.22404371584699453 0.3527272727272727 0.2185792349726776 0.34545454545454546 0.2185792349726776 0.3418181818181818 0.22404371584699453 0.32 0.22404371584699453 0.31636363636363635 0.22950819672131148 0.3054545454545455 0.22950819672131148 0.3018181818181818 0.22404371584699453 0.29454545454545455 0.22404371584699453 0.2909090909090909 0.2185792349726776 0.2872727272727273 0.2185792349726776 0.28 0.20765027322404372 0.27636363636363637 0.20765027322404372 0.27636363636363637 0.20218579234972678 0.28 0.19672131147540983 0.28363636363636363 0.19672131147540983 0.31272727272727274 0.15300546448087432 0.31272727272727274 0.14754098360655737 0.32 0.13114754098360656 0.3236363636363636 0.13114754098360656 0.33454545454545453 0.11475409836065574 0.3563636363636364 0.11475409836065574
19 0.7854545454545454 0.00546448087431694 0.7963636363636364 0.00546448087431694 0.8 0 0.8181818181818182 0 0.8181818181818182 0.02185792349726776 0.8218181818181818 0.0273224043715847 0.8218181818181818 0.04918032786885246 0.8254545454545454 0.0546448087431694 0.8254545454545454 0.07103825136612021 0.8290909090909091 0.07650273224043716 0.8290909090909091 0.09289617486338798 0.8327272727272728 0.09836065573770492 0.8327272727272728 0.1092896174863388 0.8363636363636363 0.11475409836065574 0.8363636363636363 0.1366120218579235 0.84 0.14207650273224043 0.84 0.15300546448087432 0.8436363636363636 0.15846994535519127 0.8436363636363636 0.16939890710382513 0.8472727272727273 0.17486338797814208 0.8472727272727273 0.20218579234972678 0.850909090909091 0.20765027322404372 0.850909090909091 0.2185792349726776 0.8581818181818182 0.23497267759562843 0.8581818181818182 0.273224043715847 0.850909090909091 0.2896174863387978 0.8472727272727273 0.2896174863387978 0.8436363636363636 0.29508196721311475 0.8327272727272728 0.29508196721311475 0.8290909090909091 0.3005464480874317 0.8181818181818182 0.3005464480874317 0.8145454545454546 0.30601092896174864 0.8 0.30601092896174864 0.7963636363636364 0.3114754098360656 0.7854545454545454 0.3114754098360656 0.7818181818181819 0.30601092896174864 0.7818181818181819 0.2786885245901639 0.7854545454545454 0.273224043715847 0.7818181818181819 0.2677595628415301 0.7818181818181819 0.2568306010928962 0.7781818181818182 0.25136612021857924 0.7781818181818182 0.24043715846994534 0.7818181818181819 0.23497267759562843 0.7818181818181819 0.22404371584699453 0.7854545454545454 0.2185792349726776 0.7818181818181819 0.21311475409836064 0.7818181818181819 0.18579234972677597 0.7781818181818182 0.18032786885245902 0.7781818181818182 0.15846994535519127 0.7745454545454545 0.15300546448087432 0.7781818181818182 0.14754098360655737 0.7781818181818182 0.1366120218579235 0.7745454545454545 0.13114754098360656 0.7745454545454545 0.09289617486338798 0.7818181818181819 0.09289617486338798 0.7854545454545454 0.08743169398907104 0.7890909090909091 0.08743169398907104 0.7963636363636364 0.07103825136612021 0.7963636363636364 0.04918032786885246 0.7927272727272727 0.04371584699453552 0.7927272727272727 0.0273224043715847 0.7854545454545454 0.01092896174863388
19 0.7709090909090909 0.4808743169398907 0.7781818181818182 0.4918032786885246 0.7781818181818182 0.5027322404371585 0.7854545454545454 0.5136612021857924 0.7854545454545454 0.5191256830601093 0.7927272727272727 0.5355191256830601 0.7927272727272727 0.5409836065573771 0.7818181818181819 0.5573770491803278 0.7818181818181819 0.5683060109289617 0.7745454545454545 0.5683060109289617 0.7709090909090909 0.5737704918032787 0.7272727272727273 0.5737704918032787 0.7236363636363636 0.5683060109289617 0.7163636363636363 0.5683060109289617 0.7127272727272728 0.5737704918032787 0.68 0.5737704918032787 0.6763636363636364 0.5683060109289617 0.6727272727272727 0.5683060109289617 0.6581818181818182 0.546448087431694 0.6581818181818182 0.5409836065573771 0.6436363636363637 0.5191256830601093 0.6436363636363637 0.5136612021857924 0.6363636363636364 0.5027322404371585 0.6363636363636364 0.4972677595628415 0.6327272727272727 0.4918032786885246 0.6545454545454545 0.4918032786885246 0.6581818181818182 0.48633879781420764 0.7381818181818182 0.48633879781420764 0.7418181818181818 0.4808743169398907 0.7672727272727272 0.4808743169398907
19 0.5454545454545454 0.00546448087431694 0.5490909090909091 0.00546448087431694 0.5527272727272727 0 0.5709090909090909 0 0.5745454545454546 0.00546448087431694 0.5963636363636363 0.00546448087431694 0.6 0 0.610909090909091 0 0.6145454545454545 0.00546448087431694 0.6290909090909091 0.00546448087431694 0.6327272727272727 0 0.6727272727272727 0 0.6763636363636364 0.00546448087431694 0.6909090909090909 0.00546448087431694 0.6945454545454546 0 0.7054545454545454 0 0.7090909090909091 0.00546448087431694 0.7490909090909091 0.00546448087431694 0.7527272727272727 0 0.7636363636363637 0 0.7636363636363637 0.00546448087431694 0.7672727272727272 0.01092896174863388 0.7672727272727272 0.08743169398907104 0.7709090909090909 0.09289617486338798 0.7709090909090909 0.16393442622950818 0.7745454545454545 0.16939890710382513 0.7745454545454545 0.20218579234972678 0.7781818181818182 0.20765027322404372 0.7781818181818182 0.21311475409836064 0.7745454545454545 0.2185792349726776 0.7745454545454545 0.2677595628415301 0.7709090909090909 0.273224043715847 0.7709090909090909 0.2786885245901639 0.7781818181818182 0.2896174863387978 0.7781818181818182 0.34972677595628415 0.7818181818181819 0.3551912568306011 0.7818181818181819 0.39344262295081966 0.7781818181818182 0.3989071038251366 0.7818181818181819 0.40437158469945356 0.7818181818181819 0.44808743169398907 0.7745454545454545 0.4644808743169399 0.7672727272727272 0.4644808743169399 0.7636363636363637 0.46994535519125685 0.7418181818181818 0.46994535519125685 0.7381818181818182 0.47540983606557374 0.68 0.47540983606557374 0.6763636363636364 0.4808743169398907 0.5854545454545454 0.4808743169398907 0.5818181818181818 0.47540983606557374 0.5709090909090909 0.47540983606557374 0.5672727272727273 0.46994535519125685 0.5563636363636364 0.46994535519125685 0.5527272727272727 0.4644808743169399 0.5490909090909091 0.4644808743169399 0.5418181818181819 0.453551912568306 0.5418181818181819 0.44808743169398907 0.5381818181818182 0.4426229508196721 0.5381818181818182 0.4371584699453552 0.5418181818181819 0.43169398907103823 0.5418181818181819 0.40437158469945356 0.5381818181818182 0.3989071038251366 0.5381818181818182 0.39344262295081966 0.5418181818181819 0.3879781420765027 0.5418181818181819 0.3825136612021858 0.5381818181818182 0.3770491803278688 0.5381818181818182 0.34972677595628415 0.5345454545454545 0.3442622950819672 0.5345454545454545 0.3224043715846995 0.5381818181818182 0.31693989071038253 0.5381818181818182 0.14754098360655737 0.5418181818181819 0.14207650273224043 0.5418181818181819 0.10382513661202186 0.5381818181818182 0.09836065573770492 0.5418181818181819 0.09289617486338798 0.5418181818181819 0.0273224043715847 0.5454545454545454 0.02185792349726776 0.5454545454545454 0.01092896174863388
19 0.8545454545454545 0.18579234972677597 0.8763636363636363 0.18579234972677597 0.88 0.1912568306010929 0.9563636363636364 0.1912568306010929 0.96 0.19672131147540983 0.9636363636363636 0.19672131147540983 0.9709090909090909 0.20765027322404372 0.9709090909090909 0.22950819672131148 0.9636363636363636 0.22950819672131148 0.96 0.23497267759562843 0.9527272727272728 0.23497267759562843 0.9454545454545454 0.2459016393442623 0.9418181818181818 0.2459016393442623 0.9345454545454546 0.2568306010928962 0.9309090909090909 0.2568306010928962 0.92 0.273224043715847 0.9127272727272727 0.273224043715847 0.9090909090909091 0.2786885245901639 0.9054545454545454 0.2786885245901639 0.8981818181818182 0.2896174863387978 0.8872727272727273 0.29508196721311475 0.88 0.30601092896174864 0.8690909090909091 0.3114754098360656 0.8618181818181818 0.3224043715846995 0.8581818181818182 0.3224043715846995 0.8545454545454545 0.32786885245901637 0.84 0.32786885245901637 0.8363636363636363 0.3333333333333333 0.8290909090909091 0.3333333333333333 0.8254545454545454 0.33879781420765026 0.8218181818181818 0.33879781420765026 0.8181818181818182 0.3442622950819672 0.8072727272727273 0.34972677595628415 0.8036363636363636 0.3551912568306011 0.8 0.3551912568306011 0.7890909090909091 0.366120218579235 0.7890909090909091 0.36065573770491804 0.7854545454545454 0.3551912568306011 0.7854545454545454 0.3224043715846995 0.7890909090909091 0.31693989071038253 0.8 0.31693989071038253 0.8036363636363636 0.3114754098360656 0.8181818181818182 0.3114754098360656 0.8218181818181818 0.30601092896174864 0.8290909090909091 0.30601092896174864 0.8327272727272728 0.3005464480874317 0.84 0.3005464480874317 0.8436363636363636 0.29508196721311475 0.8472727272727273 0.29508196721311475 0.8581818181818182 0.2786885245901639 0.8581818181818182 0.273224043715847 0.8654545454545455 0.26229508196721313 0.8654545454545455 0.2568306010928962 0.8618181818181818 0.25136612021857924 0.8618181818181818 0.23497267759562843 0.8545454545454545 0.2185792349726776 0.8545454545454545 0.20218579234972678 0.850909090909091 0.19672131147540983 0.8545454545454545 0.1912568306010929
19 0.1890909090909091 0.6557377049180327 0.2545454545454545 0.6557377049180327 0.2581818181818182 0.6612021857923497 0.2581818181818182 0.6721311475409836 0.2545454545454545 0.6775956284153005 0.2545454545454545 0.6885245901639344 0.24727272727272728 0.7049180327868853 0.24727272727272728 0.7158469945355191 0.23636363636363636 0.726775956284153 0.23636363636363636 0.7377049180327869 0.24363636363636362 0.7486338797814208 0.24 0.7486338797814208 0.23636363636363636 0.7540983606557377 0.2290909090909091 0.7540983606557377 0.2290909090909091 0.7377049180327869 0.22545454545454546 0.73224043715847 0.22181818181818183 0.7377049180327869 0.22181818181818183 0.7540983606557377 0.21818181818181817 0.7540983606557377 0.21454545454545454 0.7486338797814208 0.2109090909090909 0.7540983606557377 0.20363636363636364 0.7540983606557377 0.2 0.7595628415300546 0.19272727272727272 0.7595628415300546 0.1890909090909091 0.7540983606557377 0.18545454545454546 0.7540983606557377 0.19636363636363635 0.7540983606557377 0.2 0.7595628415300546 0.20363636363636364 0.7540983606557377 0.20363636363636364 0.7486338797814208 0.20727272727272728 0.7431693989071039 0.20363636363636364 0.7377049180327869 0.20727272727272728 0.73224043715847 0.20727272727272728 0.726775956284153 0.20363636363636364 0.7213114754098361 0.2 0.7213114754098361 0.19636363636363635 0.7158469945355191 0.19272727272727272 0.7158469945355191 0.1890909090909091 0.7213114754098361 0.18545454545454546 0.7158469945355191 0.16727272727272727 0.7158469945355191 0.16363636363636364 0.7213114754098361 0.16727272727272727 0.726775956284153 0.16363636363636364 0.73224043715847 0.16363636363636364 0.726775956284153 0.15636363636363637 0.7158469945355191 0.14545454545454545 0.7158469945355191 0.15636363636363637 0.6994535519125683 0.15272727272727274 0.6939890710382514 0.14181818181818182 0.6939890710382514 0.13818181818181818 0.6994535519125683 0.13090909090909092 0.6994535519125683 0.12363636363636364 0.6885245901639344 0.12363636363636364 0.6775956284153005 0.12727272727272726 0.6721311475409836 0.13454545454545455 0.6830601092896175 0.14545454545454545 0.6775956284153005 0.15272727272727274 0.6885245901639344 0.16 0.6885245901639344 0.16363636363636364 0.6830601092896175 0.16727272727272727 0.6885245901639344 0.17454545454545456 0.6885245901639344 0.18545454545454546 0.6775956284153005 0.1890909090909091 0.6612021857923497
19 0.12363636363636364 0.7049180327868853 0.13454545454545455 0.7213114754098361 0.14545454545454545 0.726775956284153 0.15636363636363637 0.7431693989071039 0.16 0.7431693989071039 0.2 0.8032786885245902 0.2 0.8087431693989071 0.2290909090909091 0.8524590163934426 0.23272727272727273 0.8524590163934426 0.23272727272727273 0.8579234972677595 0.24363636363636362 0.8743169398907104 0.24727272727272728 0.8743169398907104 0.24727272727272728 0.8797814207650273 0.27636363636363637 0.9234972677595629 0.27636363636363637 0.9289617486338798 0.28 0.9344262295081968 0.28363636363636363 0.9344262295081968 0.2872727272727273 0.9398907103825137 0.2872727272727273 0.9453551912568307 0.3090909090909091 0.9781420765027322 0.31272727272727274 0.9781420765027322 0.31636363636363635 0.994535519125683 0.3018181818181818 0.994535519125683 0.29818181818181816 0.9890710382513661 0.2909090909090909 0.9890710382513661 0.2872727272727273 0.9836065573770492 0.2727272727272727 0.9836065573770492 0.2690909090909091 0.9781420765027322 0.26181818181818184 0.9890710382513661 0.24 0.9890710382513661 0.23636363636363636 0.994535519125683 0.21818181818181817 0.994535519125683 0.21454545454545454 0.9890710382513661 0.2109090909090909 0.9890710382513661 0.2109090909090909 0.9781420765027322 0.20727272727272728 0.9726775956284153 0.20363636363636364 0.9781420765027322 0.19636363636363635 0.9781420765027322 0.19272727272727272 0.9836065573770492 0.1709090909090909 0.9836065573770492 0.16727272727272727 0.9781420765027322 0.15636363636363637 0.9781420765027322 0.15272727272727274 0.9726775956284153 0.14545454545454545 0.9726775956284153 0.14181818181818182 0.9672131147540983 0.13818181818181818 0.9726775956284153 0.13454545454545455 0.9726775956284153 0.13090909090909092 0.9672131147540983 0.12363636363636364 0.9672131147540983 0.12 0.9617486338797814 0.11636363636363636 0.9617486338797814 0.10909090909090909 0.9508196721311475 0.09818181818181818 0.9508196721311475 0.09454545454545454 0.9562841530054644 0.09454545454545454 0.9672131147540983 0.09454545454545454 0.9617486338797814 0.09090909090909091 0.9562841530054644 0.08727272727272728 0.9562841530054644 0.08363636363636363 0.9617486338797814 0.08363636363636363 0.9726775956284153 0.08 0.9672131147540983 0.07272727272727272 0.9672131147540983 0.06909090909090909 0.9726775956284153 0.06909090909090909 0.9836065573770492 0.07272727272727272 0.9890710382513661 0.05090909090909091 0.9890710382513661 0.04727272727272727 0.9836065573770492 0.04363636363636364 0.9890710382513661 0.03272727272727273 0.9890710382513661 0.02909090909090909 0.9836065573770492 0 0.9836065573770492 0 0.9617486338797814 0.0036363636363636364 0.9617486338797814 0.01090909090909091 0.9726775956284153 0.03272727272727273 0.9726775956284153 0.03636363636363636 0.9672131147540983 0.04 0.9672131147540983 0.06181818181818182 0.9344262295081968 0.06545454545454546 0.9344262295081968 0.06909090909090909 0.9289617486338798 0.06909090909090909 0.9234972677595629 0.08 0.907103825136612 0.08 0.9016393442622951 0.08363636363636363 0.8961748633879781 0.08363636363636363 0.8797814207650273 0.08727272727272728 0.8743169398907104 0.08363636363636363 0.8688524590163934 0.08363636363636363 0.8633879781420765 0.07636363636363637 0.8524590163934426 0.07272727272727272 0.8524590163934426 0.07272727272727272 0.8469945355191257 0.06909090909090909 0.8415300546448088 0.06545454545454546 0.8415300546448088 0.06181818181818182 0.8360655737704918 0.04727272727272727 0.8360655737704918 0.04363636363636364 0.8415300546448088 0.02909090909090909 0.8415300546448088 0.02181818181818182 0.8524590163934426 0.01818181818181818 0.8524590163934426 0.014545454545454545 0.8579234972677595 0.0036363636363636364 0.8579234972677595 0.0036363636363636364 0.8415300546448088 0 0.8360655737704918 0.007272727272727273 0.825136612021858 0.01090909090909091 0.825136612021858 0.01818181818181818 0.8142076502732241 0.01818181818181818 0.8087431693989071 0.03272727272727273 0.7868852459016393 0.03636363636363636 0.7868852459016393 0.04 0.7814207650273224 0.04 0.7759562841530054 0.04363636363636364 0.7759562841530054 0.06545454545454546 0.7431693989071039 0.06909090909090909 0.7431693989071039 0.07272727272727272 0.7377049180327869 0.07272727272727272 0.73224043715847 0.07636363636363637 0.73224043715847 0.09818181818181818 0.6994535519125683 0.11636363636363636 0.6994535519125683 0.12 0.7049180327868853
19 0.9127272727272727 0.5191256830601093 0.9163636363636364 0.5136612021857924 0.92 0.5136612021857924 0.9236363636363636 0.5081967213114754 0.9272727272727272 0.5081967213114754 0.9309090909090909 0.5027322404371585 0.9345454545454546 0.5027322404371585 0.9381818181818182 0.4972677595628415 0.9490909090909091 0.4918032786885246 0.9563636363636364 0.4808743169398907 0.9672727272727273 0.47540983606557374 0.9745454545454545 0.4644808743169399 0.9781818181818182 0.4644808743169399 0.9818181818181818 0.45901639344262296 0.9927272727272727 0.453551912568306 0.9963636363636363 0.45901639344262296 0.9963636363636363 0.5245901639344263 0.9890909090909091 0.5355191256830601 0.9890909090909091 0.5409836065573771 0.9963636363636363 0.5519125683060109 0.9963636363636363 0.5846994535519126 0.9927272727272727 0.5901639344262295 0.9890909090909091 0.5846994535519126 0.9854545454545455 0.5846994535519126 0.9781818181818182 0.5737704918032787 0.9745454545454545 0.5737704918032787 0.9672727272727273 0.5628415300546448 0.9636363636363636 0.5628415300546448 0.96 0.5573770491803278 0.9563636363636364 0.5573770491803278 0.9527272727272728 0.5519125683060109 0.9490909090909091 0.5519125683060109 0.9454545454545454 0.546448087431694 0.9345454545454546 0.5409836065573771 0.9272727272727272 0.5300546448087432 0.92 0.5300546448087432 0.9163636363636364 0.5245901639344263
19 0.14545454545454545 0.24043715846994534 0.14909090909090908 0.2459016393442623 0.14909090909090908 0.2677595628415301 0.14545454545454545 0.273224043715847 0.14545454545454545 0.2896174863387978 0.14181818181818182 0.29508196721311475 0.14181818181818182 0.30601092896174864 0.13818181818181818 0.3114754098360656 0.12 0.3114754098360656 0.11636363636363636 0.30601092896174864 0.10909090909090909 0.30601092896174864 0.10545454545454545 0.3005464480874317 0.09818181818181818 0.3005464480874317 0.09090909090909091 0.2896174863387978 0.09090909090909091 0.2786885245901639 0.08727272727272728 0.273224043715847 0.09818181818181818 0.2568306010928962 0.09818181818181818 0.25136612021857924 0.10909090909090909 0.24043715846994534 0.11636363636363636 0.24043715846994534 0.12 0.23497267759562843 0.13818181818181818 0.23497267759562843 0.14181818181818182 0.24043715846994534
19 0.6981818181818182 0.6010928961748634 0.7018181818181818 0.6065573770491803 0.7054545454545454 0.6010928961748634 0.7163636363636363 0.5956284153005464 0.7272727272727273 0.6065573770491803 0.7272727272727273 0.6174863387978142 0.730909090909091 0.6229508196721312 0.730909090909091 0.6284153005464481 0.7272727272727273 0.6338797814207651 0.7272727272727273 0.6502732240437158 0.7236363636363636 0.6557377049180327 0.7236363636363636 0.6612021857923497 0.72 0.6666666666666666 0.72 0.6775956284153005 0.7163636363636363 0.6830601092896175 0.7163636363636363 0.6885245901639344 0.7090909090909091 0.7049180327868853 0.7090909090909091 0.7213114754098361 0.6981818181818182 0.7377049180327869 0.6909090909090909 0.7377049180327869 0.6872727272727273 0.7431693989071039 0.6836363636363636 0.7431693989071039 0.68 0.7377049180327869 0.6763636363636364 0.7377049180327869 0.6690909090909091 0.726775956284153 0.6690909090909091 0.7158469945355191 0.6654545454545454 0.7103825136612022 0.6727272727272727 0.6939890710382514 0.6727272727272727 0.6830601092896175 0.6836363636363636 0.6666666666666666 0.6836363636363636 0.6557377049180327 0.6872727272727273 0.6502732240437158 0.6836363636363636 0.644808743169399 0.6836363636363636 0.639344262295082 0.6872727272727273 0.6338797814207651 0.6872727272727273 0.6229508196721312 0.6909090909090909 0.6229508196721312 0.6945454545454546 0.6174863387978142 0.6909090909090909 0.6120218579234973 0.6945454545454546 0.6065573770491803
19 0.3490909090909091 0.8142076502732241 0.3563636363636364 0.825136612021858 0.36 0.825136612021858 0.36 0.8306010928961749 0.36363636363636365 0.8360655737704918 0.37454545454545457 0.8415300546448088 0.38181818181818183 0.8524590163934426 0.38181818181818183 0.8797814207650273 0.37454545454545457 0.8797814207650273 0.3709090909090909 0.8852459016393442 0.3563636363636364 0.8852459016393442 0.3527272727272727 0.8907103825136612 0.3527272727272727 0.8961748633879781 0.3490909090909091 0.8907103825136612 0.3381818181818182 0.8852459016393442 0.33090909090909093 0.8961748633879781 0.33454545454545453 0.9016393442622951 0.33090909090909093 0.9016393442622951 0.32727272727272727 0.8961748633879781 0.3236363636363636 0.9016393442622951 0.31272727272727274 0.9016393442622951 0.3090909090909091 0.907103825136612 0.3018181818181818 0.907103825136612 0.29818181818181816 0.912568306010929 0.28363636363636363 0.912568306010929 0.28 0.9180327868852459 0.2727272727272727 0.907103825136612 0.2727272727272727 0.9016393442622951 0.26545454545454544 0.8907103825136612 0.26545454545454544 0.8852459016393442 0.26181818181818184 0.8797814207650273 0.26181818181818184 0.8469945355191257 0.2581818181818182 0.8415300546448088 0.26545454545454544 0.8415300546448088 0.2727272727272727 0.8306010928961749 0.27636363636363637 0.8306010928961749 0.28 0.825136612021858 0.29454545454545455 0.825136612021858 0.3054545454545455 0.8087431693989071 0.31636363636363635 0.8087431693989071 0.32 0.8032786885245902 0.33090909090909093 0.8032786885245902 0.33454545454545453 0.8087431693989071 0.3418181818181818 0.8087431693989071 0.34545454545454546 0.8142076502732241