19 0.6816326530612244 0 0.6979591836734694 0 0.7020408163265306 0.005555555555555556 0.7306122448979592 0.005555555555555556 0.7346938775510204 0 0.9714285714285714 0 0.9755102040816327 0.005555555555555556 0.9836734693877551 0.005555555555555556 0.9877551020408163 0.011111111111111112 0.9959183673469387 0.011111111111111112 0.9959183673469387 0.06666666666666667 0.9918367346938776 0.07222222222222222 0.9918367346938776 0.08888888888888889 0.9836734693877551 0.10555555555555556 0.9918367346938776 0.12222222222222222 0.9877551020408163 0.12777777777777777 0.9877551020408163 0.1388888888888889 0.9836734693877551 0.14444444444444443 0.9836734693877551 0.15 0.9918367346938776 0.16666666666666666 0.9918367346938776 0.18333333333333332 0.9877551020408163 0.18888888888888888 0.9918367346938776 0.19444444444444445 0.9918367346938776 0.2111111111111111 0.9959183673469387 0.21666666666666667 0.9918367346938776 0.2222222222222222 0.9918367346938776 0.22777777777777777 0.9877551020408163 0.22777777777777777 0.9836734693877551 0.2222222222222222 0.9714285714285714 0.2222222222222222 0.9673469387755103 0.21666666666666667 0.9551020408163265 0.21666666666666667 0.9510204081632653 0.2111111111111111 0.9428571428571428 0.2111111111111111 0.9428571428571428 0.20555555555555555 0.9387755102040817 0.2 0.9387755102040817 0.19444444444444445 0.9346938775510204 0.18888888888888888 0.9346938775510204 0.18333333333333332 0.9224489795918367 0.16666666666666666 0.9224489795918367 0.16111111111111112 0.9142857142857143 0.15 0.9142857142857143 0.14444444444444443 0.9061224489795918 0.13333333333333333 0.9061224489795918 0.12777777777777777 0.8979591836734694 0.1111111111111111 0.8979591836734694 0.1 0.8938775510204081 0.09444444444444444 0.8938775510204081 0.08888888888888889 0.8857142857142857 0.07777777777777778 0.8857142857142857 0.07222222222222222 0.8734693877551021 0.05555555555555555 0.8489795918367347 0.05555555555555555 0.8448979591836735 0.06111111111111111 0.8285714285714286 0.06111111111111111 0.8163265306122449 0.07222222222222222 0.8081632653061225 0.07222222222222222 0.7959183673469388 0.08333333333333333 0.7877551020408163 0.08333333333333333 0.7836734693877551 0.08888888888888889 0.7755102040816326 0.08888888888888889 0.763265306122449 0.1 0.7510204081632653 0.1 0.746938775510204 0.10555555555555556 0.726530612244898 0.10555555555555556 0.7183673469387755 0.08888888888888889 0.710204081632653 0.1 0.7020408163265306 0.1 0.6979591836734694 0.09444444444444444 0.689795918367347 0.09444444444444444 0.6857142857142857 0.08888888888888889 0.6816326530612244 0.08888888888888889 0.673469387755102 0.1 0.673469387755102 0.1111111111111111 0.6693877551020408 0.11666666666666667 0.6693877551020408 0.12222222222222222 0.6571428571428571 0.1388888888888889 0.6530612244897959 0.13333333333333333 0.6530612244897959 0.1111111111111111 0.6571428571428571 0.10555555555555556 0.6571428571428571 0.09444444444444444 0.6612244897959184 0.08888888888888889 0.6612244897959184 0.08333333333333333 0.6693877551020408 0.06666666666666667 0.6693877551020408 0.05555555555555555 0.673469387755102 0.05 0.673469387755102 0.03888888888888889 0.6775510204081633 0.03333333333333333 0.6775510204081633 0.016666666666666666 0.6816326530612244 0.011111111111111112 0.6816326530612244 0.005555555555555556
19 0.6857142857142857 0.4222222222222222 0.6857142857142857 0.42777777777777776 0.6938775510204082 0.4388888888888889 0.6938775510204082 0.4444444444444444 0.7020408163265306 0.46111111111111114 0.7020408163265306 0.4722222222222222 0.710204081632653 0.4888888888888889 0.710204081632653 0.5166666666666667 0.7346938775510204 0.55 0.7346938775510204 0.5555555555555556 0.7428571428571429 0.5722222222222222 0.7428571428571429 0.5944444444444444 0.7387755102040816 0.5944444444444444 0.710204081632653 0.5555555555555556 0.710204081632653 0.55 0.7020408163265306 0.5388888888888889 0.6979591836734694 0.5388888888888889 0.6938775510204082 0.5333333333333333 0.689795918367347 0.5333333333333333 0.6857142857142857 0.5277777777777778 0.6816326530612244 0.5277777777777778 0.6693877551020408 0.5111111111111111 0.6653061224489796 0.5111111111111111 0.6571428571428571 0.5 0.6693877551020408 0.48333333333333334 0.6693877551020408 0.4777777777777778 0.673469387755102 0.4722222222222222 0.6693877551020408 0.4666666666666667 0.6693877551020408 0.45 0.6775510204081633 0.4388888888888889 0.6816326530612244 0.4388888888888889 0.6857142857142857 0.43333333333333335 0.6857142857142857 0.42777777777777776
19 0.8408163265306122 0.005555555555555556 0.8489795918367347 0.005555555555555556 0.8530612244897959 0 0.9061224489795918 0 0.9102040816326531 0.005555555555555556 0.9142857142857143 0 0.9428571428571428 0 0.9469387755102041 0.005555555555555556 0.9551020408163265 0.005555555555555556 0.9591836734693877 0 0.963265306122449 0 0.9673469387755103 0.005555555555555556 0.9795918367346939 0.005555555555555556 0.9836734693877551 0.011111111111111112 0.9918367346938776 0.011111111111111112 0.9959183673469387 0.016666666666666666 0.9959183673469387 0.022222222222222223 0.9918367346938776 0.027777777777777776 0.9918367346938776 0.03333333333333333 0.9959183673469387 0.03888888888888889 0.9959183673469387 0.05 0.9918367346938776 0.05555555555555555 0.9918367346938776 0.06111111111111111 0.9877551020408163 0.06111111111111111 0.9836734693877551 0.06666666666666667 0.9836734693877551 0.08888888888888889 0.9795918367346939 0.09444444444444444 0.9795918367346939 0.1111111111111111 0.9836734693877551 0.11666666666666667 0.9836734693877551 0.12222222222222222 0.9714285714285714 0.12222222222222222 0.9673469387755103 0.12777777777777777 0.9673469387755103 0.13333333333333333 0.963265306122449 0.1388888888888889 0.963265306122449 0.15555555555555556 0.9591836734693877 0.16111111111111112 0.963265306122449 0.16666666666666666 0.9591836734693877 0.17222222222222222 0.9591836734693877 0.17777777777777778 0.9673469387755103 0.18888888888888888 0.9714285714285714 0.18888888888888888 0.9795918367346939 0.2 0.9836734693877551 0.2 0.9918367346938776 0.21666666666666667 0.9918367346938776 0.2222222222222222 0.9877551020408163 0.22777777777777777 0.9877551020408163 0.23333333333333334 0.9918367346938776 0.2388888888888889 0.9918367346938776 0.25555555555555554 0.9836734693877551 0.2722222222222222 0.9877551020408163 0.2777777777777778 0.9836734693877551 0.2833333333333333 0.9877551020408163 0.28888888888888886 0.9877551020408163 0.3055555555555556 0.9836734693877551 0.3111111111111111 0.9877551020408163 0.31666666666666665 0.9877551020408163 0.32222222222222224 0.9836734693877551 0.3277777777777778 0.9836734693877551 0.3333333333333333 0.9918367346938776 0.35 0.9918367346938776 0.36666666666666664 0.9959183673469387 0.37222222222222223 0.9918367346938776 0.37222222222222223 0.9795918367346939 0.38333333333333336 0.9714285714285714 0.38333333333333336 0.9673469387755103 0.3888888888888889 0.9673469387755103 0.39444444444444443 0.9591836734693877 0.39444444444444443 0.9551020408163265 0.4 0.9591836734693877 0.40555555555555556 0.9591836734693877 0.4111111111111111 0.9551020408163265 0.4166666666666667 0.9551020408163265 0.4444444444444444 0.9510204081632653 0.45 0.9510204081632653 0.4666666666666667 0.9551020408163265 0.4722222222222222 0.9510204081632653 0.4777777777777778 0.9551020408163265 0.48333333333333334 0.9551020408163265 0.49444444444444446 0.9591836734693877 0.5 0.963265306122449 0.5 0.9673469387755103 0.49444444444444446 0.9714285714285714 0.49444444444444446 0.9714285714285714 0.5 0.9673469387755103 0.5055555555555555 0.9591836734693877 0.5055555555555555 0.9551020408163265 0.5111111111111111 0.9551020408163265 0.5166666666666667 0.9510204081632653 0.5222222222222223 0.9510204081632653 0.5277777777777778 0.9469387755102041 0.5277777777777778 0.9428571428571428 0.5333333333333333 0.9428571428571428 0.55 0.9469387755102041 0.5555555555555556 0.9510204081632653 0.5555555555555556 0.963265306122449 0.5722222222222222 0.9714285714285714 0.5722222222222222 0.9755102040816327 0.5777777777777777 0.9795918367346939 0.5777777777777777 0.9877551020408163 0.5888888888888889 0.9877551020408163 0.5944444444444444 0.9918367346938776 0.6 0.9877551020408163 0.6055555555555555 0.9877551020408163 0.6166666666666667 0.9918367346938776 0.6222222222222222 0.9836734693877551 0.6388888888888888 0.9877551020408163 0.6444444444444445 0.9877551020408163 0.6666666666666666 0.9918367346938776 0.6722222222222223 0.9918367346938776 0.6833333333333333 0.9877551020408163 0.6888888888888889 0.9836734693877551 0.6888888888888889 0.9795918367346939 0.6833333333333333 0.9714285714285714 0.6833333333333333 0.9673469387755103 0.6777777777777778 0.9591836734693877 0.6777777777777778 0.9510204081632653 0.6666666666666666 0.9510204081632653 0.6555555555555556 0.9469387755102041 0.65 0.9469387755102041 0.6166666666666667 0.9428571428571428 0.6111111111111112 0.9428571428571428 0.5777777777777777 0.9387755102040817 0.5722222222222222 0.9387755102040817 0.5666666666666667 0.9428571428571428 0.5611111111111111 0.9387755102040817 0.5555555555555556 0.9428571428571428 0.55 0.9387755102040817 0.5444444444444444 0.9387755102040817 0.5333333333333333 0.9346938775510204 0.5277777777777778 0.9346938775510204 0.4777777777777778 0.926530612244898 0.4666666666666667 0.926530612244898 0.4444444444444444 0.9224489795918367 0.4388888888888889 0.9224489795918367 0.42777777777777776 0.9183673469387755 0.4222222222222222 0.9183673469387755 0.3888888888888889 0.9142857142857143 0.38333333333333336 0.9142857142857143 0.3055555555555556 0.9224489795918367 0.28888888888888886 0.9224489795918367 0.2833333333333333 0.9183673469387755 0.2777777777777778 0.9142857142857143 0.2777777777777778 0.9183673469387755 0.2722222222222222 0.9142857142857143 0.26666666666666666 0.9183673469387755 0.2611111111111111 0.9224489795918367 0.2611111111111111 0.926530612244898 0.25555555555555554 0.926530612244898 0.25 0.9346938775510204 0.25 0.9387755102040817 0.24444444444444444 0.9428571428571428 0.25 0.9469387755102041 0.25 0.9510204081632653 0.24444444444444444 0.9510204081632653 0.23333333333333334 0.9469387755102041 0.22777777777777777 0.9469387755102041 0.2222222222222222 0.9387755102040817 0.20555555555555555 0.9387755102040817 0.19444444444444445 0.9346938775510204 0.18888888888888888 0.9346938775510204 0.18333333333333332 0.9183673469387755 0.16111111111111112 0.9183673469387755 0.15555555555555556 0.9142857142857143 0.15 0.9142857142857143 0.14444444444444443 0.9061224489795918 0.13333333333333333 0.9061224489795918 0.12777777777777777 0.8979591836734694 0.1111111111111111 0.8979591836734694 0.1 0.8938775510204081 0.09444444444444444 0.8938775510204081 0.08888888888888889 0.8857142857142857 0.07777777777777778 0.8857142857142857 0.07222222222222222 0.8775510204081632 0.06111111111111111 0.8775510204081632 0.05555555555555555 0.8734693877551021 0.05 0.8489795918367347 0.05 0.8448979591836735 0.05555555555555555 0.8285714285714286 0.05555555555555555 0.8285714285714286 0.05 0.8244897959183674 0.044444444444444446 0.8367346938775511 0.03333333333333333 0.8367346938775511 0.022222222222222223 0.8326530612244898 0.016666666666666666 0.8367346938775511 0.016666666666666666 0.8408163265306122 0.011111111111111112
19 0.6285714285714286 0.05555555555555555 0.6326530612244898 0.05555555555555555 0.636734693877551 0.05 0.6489795918367347 0.05 0.6530612244897959 0.044444444444444446 0.6653061224489796 0.044444444444444446 0.6653061224489796 0.05 0.6612244897959184 0.05555555555555555 0.6612244897959184 0.06666666666666667 0.6571428571428571 0.07222222222222222 0.6571428571428571 0.08333333333333333 0.6489795918367347 0.1 0.6489795918367347 0.1111111111111111 0.6448979591836734 0.11666666666666667 0.6448979591836734 0.1388888888888889 0.6408163265306123 0.14444444444444443 0.6408163265306123 0.15 0.636734693877551 0.15555555555555556 0.6326530612244898 0.15555555555555556 0.6244897959183674 0.16666666666666666 0.6244897959183674 0.13333333333333333 0.6285714285714286 0.12777777777777777 0.6244897959183674 0.12222222222222222 0.6244897959183674 0.10555555555555556 0.6285714285714286 0.1 0.6285714285714286 0.06111111111111111
19 0.05714285714285714 0 0.061224489795918366 0.005555555555555556 0.09795918367346938 0.005555555555555556 0.10204081632653061 0 0.11836734693877551 0 0.11836734693877551 0.005555555555555556 0.12244897959183673 0.011111111111111112 0.12244897959183673 0.022222222222222223 0.12653061224489795 0.027777777777777776 0.12653061224489795 0.044444444444444446 0.1306122448979592 0.05 0.1306122448979592 0.06666666666666667 0.11836734693877551 0.07777777777777778 0.12653061224489795 0.08888888888888889 0.13877551020408163 0.08888888888888889 0.1469387755102041 0.1 0.1469387755102041 0.10555555555555556 0.1510204081632653 0.1111111111111111 0.1469387755102041 0.11666666666666667 0.1469387755102041 0.12222222222222222 0.14285714285714285 0.12222222222222222 0.13877551020408163 0.12777777777777777 0.1306122448979592 0.12777777777777777 0.11836734693877551 0.1388888888888889 0.10612244897959183 0.1388888888888889 0.10204081632653061 0.14444444444444443 0.08979591836734693 0.14444444444444443 0.08571428571428572 0.15 0.07346938775510205 0.15 0.06938775510204082 0.15555555555555556 0.0653061224489796 0.15555555555555556 0.061224489795918366 0.16111111111111112 0.05714285714285714 0.16111111111111112 0.053061224489795916 0.16666666666666666 0.044897959183673466 0.16666666666666666 0.036734693877551024 0.15555555555555556 0.0326530612244898 0.15555555555555556 0.02857142857142857 0.15 0.024489795918367346 0.15 0.02040816326530612 0.14444444444444443 0 0.14444444444444443 0 0.12222222222222222 0.004081632653061225 0.11666666666666667 0.004081632653061225 0.1 0.00816326530612245 0.1 0.012244897959183673 0.09444444444444444 0.0163265306122449 0.1 0.02040816326530612 0.09444444444444444 0.024489795918367346 0.09444444444444444 0.02857142857142857 0.08888888888888889 0.024489795918367346 0.08333333333333333 0.02857142857142857 0.08333333333333333 0.036734693877551024 0.07222222222222222 0.036734693877551024 0.06111111111111111 0.0326530612244898 0.05555555555555555 0.024489795918367346 0.06666666666666667 0.012244897959183673 0.06666666666666667 0.0163265306122449 0.06111111111111111 0.004081632653061225 0.05 0.00816326530612245 0.044444444444444446 0.004081632653061225 0.03888888888888889 0.004081632653061225 0.027777777777777776 0 0.022222222222222223 0 0.011111111111111112 0.012244897959183673 0.011111111111111112 0.0163265306122449 0.005555555555555556 0.036734693877551024 0.005555555555555556 0.04081632653061224 0 0.053061224489795916 0
19 0.7877551020408163 0.5555555555555556 0.8081632653061225 0.5555555555555556 0.8163265306122449 0.5444444444444444 0.8408163265306122 0.5444444444444444 0.8489795918367347 0.5333333333333333 0.8530612244897959 0.5333333333333333 0.8571428571428571 0.5277777777777778 0.8612244897959184 0.5277777777777778 0.8612244897959184 0.5333333333333333 0.8571428571428571 0.5388888888888889 0.8693877551020408 0.5555555555555556 0.8653061224489796 0.5611111111111111 0.8653061224489796 0.5722222222222222 0.8612244897959184 0.5777777777777777 0.8612244897959184 0.5888888888888889 0.8653061224489796 0.5944444444444444 0.8693877551020408 0.5944444444444444 0.8775510204081632 0.5833333333333334 0.8734693877551021 0.5777777777777777 0.8775510204081632 0.5777777777777777 0.8775510204081632 0.5888888888888889 0.8734693877551021 0.5944444444444444 0.8571428571428571 0.5944444444444444 0.8530612244897959 0.6 0.8571428571428571 0.6055555555555555 0.8612244897959184 0.6055555555555555 0.8530612244897959 0.6055555555555555 0.8489795918367347 0.6111111111111112 0.8448979591836735 0.6055555555555555 0.8408163265306122 0.6055555555555555 0.8326530612244898 0.6166666666666667 0.8326530612244898 0.6222222222222222 0.8285714285714286 0.6277777777777778 0.8244897959183674 0.6222222222222222 0.8163265306122449 0.6333333333333333 0.8081632653061225 0.6333333333333333 0.8040816326530612 0.6277777777777778 0.8 0.6333333333333333 0.8 0.6277777777777778 0.7877551020408163 0.6166666666666667 0.7836734693877551 0.6222222222222222 0.7836734693877551 0.6333333333333333 0.7755102040816326 0.6222222222222222 0.7755102040816326 0.6111111111111112 0.7714285714285715 0.6055555555555555 0.7714285714285715 0.6 0.7918367346938775 0.5722222222222222 0.7877551020408163 0.5666666666666667 0.7877551020408163 0.5611111111111111
19 0.8857142857142857 0 0.9020408163265307 0 0.9061224489795918 0.005555555555555556 0.9102040816326531 0.005555555555555556 0.9142857142857143 0 0.9469387755102041 0 0.9510204081632653 0.005555555555555556 0.9551020408163265 0.005555555555555556 0.9591836734693877 0 0.9714285714285714 0 0.9755102040816327 0.005555555555555556 0.9877551020408163 0.005555555555555556 0.9918367346938776 0.011111111111111112 0.9959183673469387 0.011111111111111112 0.9959183673469387 0.06666666666666667 0.9918367346938776 0.07222222222222222 0.9918367346938776 0.08888888888888889 0.9836734693877551 0.1 0.9836734693877551 0.1111111111111111 0.9918367346938776 0.12222222222222222 0.9877551020408163 0.12777777777777777 0.9877551020408163 0.1388888888888889 0.9836734693877551 0.14444444444444443 0.9836734693877551 0.15 0.9877551020408163 0.15555555555555556 0.9877551020408163 0.18888888888888888 0.9918367346938776 0.19444444444444445 0.9918367346938776 0.2111111111111111 0.9959183673469387 0.21666666666666667 0.9959183673469387 0.2222222222222222 0.9918367346938776 0.22777777777777777 0.9836734693877551 0.22777777777777777 0.9795918367346939 0.2222222222222222 0.9673469387755103 0.2222222222222222 0.963265306122449 0.21666666666666667 0.9551020408163265 0.22777777777777777 0.9591836734693877 0.23333333333333334 0.9551020408163265 0.23333333333333334 0.9551020408163265 0.22777777777777777 0.9387755102040817 0.20555555555555555 0.9387755102040817 0.19444444444444445 0.9346938775510204 0.18888888888888888 0.9346938775510204 0.18333333333333332 0.9183673469387755 0.16111111111111112 0.9183673469387755 0.15555555555555556 0.9142857142857143 0.15 0.9142857142857143 0.14444444444444443 0.9061224489795918 0.13333333333333333 0.9061224489795918 0.12777777777777777 0.9020408163265307 0.12222222222222222 0.9020408163265307 0.1111111111111111 0.8979591836734694 0.10555555555555556 0.8979591836734694 0.1 0.8938775510204081 0.09444444444444444 0.8938775510204081 0.08888888888888889 0.889795918367347 0.08333333333333333 0.889795918367347 0.07777777777777778 0.8816326530612245 0.06111111111111111 0.8816326530612245 0.05555555555555555 0.8775510204081632 0.05 0.8734693877551021 0.05 0.8775510204081632 0.05 0.8816326530612245 0.044444444444444446 0.8816326530612245 0.011111111111111112 0.8857142857142857 0.005555555555555556
19 0.8734693877551021 0.06666666666666667 0.8775510204081632 0.07222222222222222 0.8775510204081632 0.07777777777777778 0.8816326530612245 0.08333333333333333 0.8816326530612245 0.08888888888888889 0.8857142857142857 0.09444444444444444 0.8857142857142857 0.1 0.889795918367347 0.10555555555555556 0.889795918367347 0.11666666666666667 0.8979591836734694 0.12777777777777777 0.8979591836734694 0.13333333333333333 0.9020408163265307 0.1388888888888889 0.9020408163265307 0.14444444444444443 0.9061224489795918 0.15 0.9061224489795918 0.15555555555555556 0.9142857142857143 0.16666666666666666 0.9142857142857143 0.17222222222222222 0.9224489795918367 0.18333333333333332 0.9224489795918367 0.18888888888888888 0.9306122448979591 0.2 0.9306122448979591 0.20555555555555555 0.9346938775510204 0.2111111111111111 0.9346938775510204 0.2222222222222222 0.9387755102040817 0.22777777777777777 0.9387755102040817 0.2388888888888889 0.9346938775510204 0.23333333333333334 0.9306122448979591 0.2388888888888889 0.9183673469387755 0.2388888888888889 0.9142857142857143 0.24444444444444444 0.9142857142857143 0.25 0.9020408163265307 0.2611111111111111 0.9020408163265307 0.26666666666666666 0.9102040816326531 0.2777777777777778 0.9061224489795918 0.2833333333333333 0.9061224489795918 0.3111111111111111 0.9020408163265307 0.31666666666666665 0.9020408163265307 0.36666666666666664 0.9020408163265307 0.35555555555555557 0.8938775510204081 0.34444444444444444 0.8857142857142857 0.34444444444444444 0.8816326530612245 0.35 0.8816326530612245 0.3611111111111111 0.8775510204081632 0.36666666666666664 0.8816326530612245 0.37222222222222223 0.8857142857142857 0.37222222222222223 0.889795918367347 0.36666666666666664 0.889795918367347 0.35555555555555557 0.889795918367347 0.37222222222222223 0.8979591836734694 0.38333333333333336 0.9020408163265307 0.38333333333333336 0.9102040816326531 0.39444444444444443 0.9102040816326531 0.40555555555555556 0.9142857142857143 0.4111111111111111 0.9142857142857143 0.4777777777777778 0.9183673469387755 0.48333333333333334 0.9183673469387755 0.49444444444444446 0.926530612244898 0.5111111111111111 0.926530612244898 0.5333333333333333 0.9102040816326531 0.5333333333333333 0.9061224489795918 0.5388888888888889 0.9142857142857143 0.55 0.9183673469387755 0.55 0.9224489795918367 0.5444444444444444 0.926530612244898 0.5444444444444444 0.926530612244898 0.5611111111111111 0.9306122448979591 0.5666666666666667 0.9306122448979591 0.6055555555555555 0.9346938775510204 0.6111111111111112 0.9346938775510204 0.6333333333333333 0.9387755102040817 0.6388888888888888 0.9346938775510204 0.6444444444444445 0.9387755102040817 0.65 0.9387755102040817 0.6722222222222223 0.9346938775510204 0.6777777777777778 0.926530612244898 0.6777777777777778 0.9224489795918367 0.6833333333333333 0.9224489795918367 0.6888888888888889 0.9061224489795918 0.6888888888888889 0.9020408163265307 0.6944444444444444 0.8938775510204081 0.6944444444444444 0.889795918367347 0.7 0.8857142857142857 0.7 0.8734693877551021 0.7111111111111111 0.8693877551020408 0.7055555555555556 0.8653061224489796 0.7111111111111111 0.8612244897959184 0.7111111111111111 0.8571428571428571 0.7055555555555556 0.8530612244897959 0.7055555555555556 0.8448979591836735 0.7166666666666667 0.8408163265306122 0.7166666666666667 0.8367346938775511 0.7111111111111111 0.8285714285714286 0.7111111111111111 0.8204081632653061 0.7 0.8163265306122449 0.7 0.8163265306122449 0.6944444444444444 0.8122448979591836 0.6888888888888889 0.8081632653061225 0.6888888888888889 0.8081632653061225 0.6833333333333333 0.8040816326530612 0.6777777777777778 0.8040816326530612 0.6722222222222223 0.7918367346938775 0.6555555555555556 0.7918367346938775 0.65 0.7836734693877551 0.6388888888888888 0.7836734693877551 0.6333333333333333 0.7755102040816326 0.6222222222222222 0.7755102040816326 0.6166666666666667 0.7714285714285715 0.6111111111111112 0.7673469387755102 0.6111111111111112 0.7673469387755102 0.5944444444444444 0.7551020408163265 0.5777777777777777 0.7510204081632653 0.5777777777777777 0.7510204081632653 0.5722222222222222 0.746938775510204 0.5666666666666667 0.746938775510204 0.5611111111111111 0.7346938775510204 0.5444444444444444 0.7346938775510204 0.5388888888888889 0.726530612244898 0.5277777777777778 0.7224489795918367 0.5277777777777778 0.7183673469387755 0.5222222222222223 0.7183673469387755 0.5 0.7142857142857143 0.49444444444444446 0.7142857142857143 0.48333333333333334 0.710204081632653 0.4777777777777778 0.710204081632653 0.4722222222222222 0.7020408163265306 0.45555555555555555 0.7020408163265306 0.4444444444444444 0.6938775510204082 0.43333333333333335 0.6938775510204082 0.4222222222222222 0.689795918367347 0.4166666666666667 0.689795918367347 0.4111111111111111 0.6857142857142857 0.40555555555555556 0.6857142857142857 0.4 0.6653061224489796 0.37222222222222223 0.6612244897959184 0.37222222222222223 0.6612244897959184 0.36666666666666664 0.6571428571428571 0.3611111111111111 0.6571428571428571 0.35 0.6530612244897959 0.34444444444444444 0.6530612244897959 0.3388888888888889 0.6571428571428571 0.3333333333333333 0.6571428571428571 0.31666666666666665 0.6530612244897959 0.3111111111111111 0.6530612244897959 0.3055555555555556 0.6489795918367347 0.3 0.6489795918367347 0.29444444444444445 0.6448979591836734 0.28888888888888886 0.6448979591836734 0.2833333333333333 0.636734693877551 0.26666666666666666 0.636734693877551 0.25555555555555554 0.6326530612244898 0.25 0.6326530612244898 0.2388888888888889 0.6285714285714286 0.23333333333333334 0.6285714285714286 0.17777777777777778 0.636734693877551 0.16666666666666666 0.6408163265306123 0.16666666666666666 0.6530612244897959 0.15555555555555556 0.6612244897959184 0.15555555555555556 0.6653061224489796 0.15 0.6775510204081633 0.15 0.6816326530612244 0.14444444444444443 0.689795918367347 0.14444444444444443 0.6938775510204082 0.1388888888888889 0.7020408163265306 0.1388888888888889 0.7142857142857143 0.12777777777777777 0.726530612244898 0.12777777777777777 0.7306122448979592 0.12222222222222222 0.7387755102040816 0.12222222222222222 0.7428571428571429 0.11666666666666667 0.7510204081632653 0.11666666666666667 0.7551020408163265 0.1111111111111111 0.7673469387755102 0.1111111111111111 0.7714285714285715 0.10555555555555556 0.7755102040816326 0.10555555555555556 0.7795918367346939 0.1 0.7836734693877551 0.1 0.7877551020408163 0.09444444444444444 0.7918367346938775 0.09444444444444444 0.7959183673469388 0.08888888888888889 0.8 0.08888888888888889 0.8040816326530612 0.08333333333333333 0.8122448979591836 0.08333333333333333 0.8163265306122449 0.07777777777777778 0.8244897959183674 0.07777777777777778 0.8285714285714286 0.07222222222222222 0.8367346938775511 0.07222222222222222 0.8408163265306122 0.06666666666666667 0.8693877551020408 0.06666666666666667
19 0.9510204081632653 0.22777777777777777 0.9714285714285714 0.22777777777777777 0.9755102040816327 0.23333333333333334 0.9795918367346939 0.23333333333333334 0.9836734693877551 0.2388888888888889 0.9877551020408163 0.2388888888888889 0.9877551020408163 0.24444444444444444 0.9918367346938776 0.25 0.9918367346938776 0.2777777777777778 0.9959183673469387 0.2833333333333333 0.9959183673469387 0.28888888888888886 0.9918367346938776 0.29444444444444445 0.9918367346938776 0.34444444444444444 0.9959183673469387 0.35 0.9959183673469387 0.37222222222222223 0.9918367346938776 0.37777777777777777 0.9836734693877551 0.37777777777777777 0.9795918367346939 0.38333333333333336 0.9755102040816327 0.38333333333333336 0.9591836734693877 0.40555555555555556 0.9591836734693877 0.4166666666666667 0.9510204081632653 0.43333333333333335 0.9510204081632653 0.46111111111111114 0.9469387755102041 0.46111111111111114 0.9428571428571428 0.4666666666666667 0.9428571428571428 0.4722222222222222 0.9346938775510204 0.4722222222222222 0.9346938775510204 0.4666666666666667 0.926530612244898 0.45555555555555555 0.926530612244898 0.4388888888888889 0.9224489795918367 0.43333333333333335 0.9224489795918367 0.4222222222222222 0.926530612244898 0.4166666666666667 0.9224489795918367 0.4111111111111111 0.9224489795918367 0.40555555555555556 0.9183673469387755 0.4 0.9183673469387755 0.3888888888888889 0.9142857142857143 0.38333333333333336 0.9142857142857143 0.29444444444444445 0.9183673469387755 0.28888888888888886 0.9183673469387755 0.2611111111111111 0.926530612244898 0.25 0.926530612244898 0.24444444444444444 0.9469387755102041 0.24444444444444444 0.9551020408163265 0.23333333333333334
19 0.31020408163265306 0.6277777777777778 0.3183673469387755 0.6388888888888888 0.3224489795918367 0.6388888888888888 0.32653061224489793 0.6444444444444445 0.3346938775510204 0.6444444444444445 0.3469387755102041 0.6555555555555556 0.3469387755102041 0.6722222222222223 0.33877551020408164 0.6833333333333333 0.33877551020408164 0.6888888888888889 0.3224489795918367 0.7111111111111111 0.3183673469387755 0.7111111111111111 0.3142857142857143 0.7166666666666667 0.31020408163265306 0.7111111111111111 0.31020408163265306 0.6888888888888889 0.30612244897959184 0.6833333333333333 0.30612244897959184 0.6777777777777778 0.31020408163265306 0.6722222222222223 0.31020408163265306 0.6666666666666666 0.30612244897959184 0.6611111111111111 0.30612244897959184 0.6555555555555556 0.31020408163265306 0.65 0.31020408163265306 0.6388888888888888 0.30612244897959184 0.6333333333333333
19 0.8408163265306122 0.07222222222222222 0.8448979591836735 0.07222222222222222 0.8408163265306122 0.07777777777777778 0.8448979591836735 0.08333333333333333 0.8489795918367347 0.08333333333333333 0.8530612244897959 0.08888888888888889 0.8571428571428571 0.08888888888888889 0.8571428571428571 0.1 0.8612244897959184 0.10555555555555556 0.8653061224489796 0.1 0.8775510204081632 0.1 0.8816326530612245 0.09444444444444444 0.8775510204081632 0.08888888888888889 0.8734693877551021 0.08888888888888889 0.8612244897959184 0.07222222222222222 0.8693877551020408 0.07222222222222222 0.8816326530612245 0.08888888888888889 0.8816326530612245 0.09444444444444444 0.889795918367347 0.1111111111111111 0.889795918367347 0.12222222222222222 0.8938775510204081 0.12777777777777777 0.8938775510204081 0.1388888888888889 0.9061224489795918 0.15 0.9061224489795918 0.16666666666666666 0.9102040816326531 0.17222222222222222 0.9102040816326531 0.17777777777777778 0.9142857142857143 0.18333333333333332 0.9183673469387755 0.18333333333333332 0.9183673469387755 0.18888888888888888 0.9306122448979591 0.20555555555555555 0.9306122448979591 0.2222222222222222 0.9183673469387755 0.2222222222222222 0.9142857142857143 0.22777777777777777 0.9102040816326531 0.22777777777777777 0.8979591836734694 0.2388888888888889 0.8938775510204081 0.23333333333333334 0.8734693877551021 0.23333333333333334 0.8734693877551021 0.22777777777777777 0.8816326530612245 0.22777777777777777 0.8857142857142857 0.2222222222222222 0.8857142857142857 0.2111111111111111 0.889795918367347 0.2111111111111111 0.9020408163265307 0.2 0.9020408163265307 0.18888888888888888 0.8979591836734694 0.18333333333333332 0.9020408163265307 0.18333333333333332 0.9061224489795918 0.17777777777777778 0.8979591836734694 0.16666666666666666 0.8653061224489796 0.16666666666666666 0.8612244897959184 0.17222222222222222 0.8408163265306122 0.17222222222222222 0.8489795918367347 0.15555555555555556 0.8571428571428571 0.15555555555555556 0.8612244897959184 0.15 0.8653061224489796 0.15 0.8734693877551021 0.1388888888888889 0.8734693877551021 0.13333333333333333 0.8775510204081632 0.12777777777777777 0.8775510204081632 0.12222222222222222 0.8734693877551021 0.11666666666666667 0.8693877551020408 0.12222222222222222 0.8653061224489796 0.12222222222222222 0.8612244897959184 0.11666666666666667 0.8571428571428571 0.11666666666666667 0.8571428571428571 0.1111111111111111 0.8530612244897959 0.10555555555555556 0.8489795918367347 0.10555555555555556 0.8448979591836735 0.1111111111111111 0.8367346938775511 0.1111111111111111 0.8326530612244898 0.11666666666666667 0.8326530612244898 0.12777777777777777 0.8285714285714286 0.12777777777777777 0.8285714285714286 0.11666666666666667 0.8244897959183674 0.1111111111111111 0.8163265306122449 0.1111111111111111 0.8122448979591836 0.10555555555555556 0.8040816326530612 0.11666666666666667 0.7959183673469388 0.11666666666666667 0.7918367346938775 0.1111111111111111 0.7795918367346939 0.12222222222222222 0.7836734693877551 0.12777777777777777 0.7877551020408163 0.12777777777777777 0.7877551020408163 0.13333333333333333 0.7836734693877551 0.1388888888888889 0.7836734693877551 0.16111111111111112 0.7877551020408163 0.16666666666666666 0.7877551020408163 0.17222222222222222 0.8 0.18888888888888888 0.8040816326530612 0.18333333333333332 0.8040816326530612 0.17777777777777778 0.8081632653061225 0.17777777777777778 0.8122448979591836 0.18333333333333332 0.8163265306122449 0.17777777777777778 0.8204081632653061 0.17777777777777778 0.8244897959183674 0.18333333333333332 0.8326530612244898 0.18333333333333332 0.8326530612244898 0.18888888888888888 0.8204081632653061 0.18888888888888888 0.8163265306122449 0.19444444444444445 0.8163265306122449 0.2 0.7877551020408163 0.2 0.7836734693877551 0.20555555555555555 0.7836734693877551 0.2111111111111111 0.7959183673469388 0.22777777777777777 0.8 0.2222222222222222 0.8040816326530612 0.22777777777777777 0.8 0.23333333333333334 0.7959183673469388 0.22777777777777777 0.7836734693877551 0.22777777777777777 0.7795918367346939 0.23333333333333334 0.7795918367346939 0.21666666666666667 0.7714285714285715 0.20555555555555555 0.7673469387755102 0.20555555555555555 0.7591836734693878 0.21666666666666667 0.7591836734693878 0.2222222222222222 0.746938775510204 0.2222222222222222 0.7428571428571429 0.22777777777777777 0.746938775510204 0.23333333333333334 0.746938775510204 0.24444444444444444 0.7551020408163265 0.2611111111111111 0.7551020408163265 0.2777777777777778 0.7510204081632653 0.2833333333333333 0.7551020408163265 0.28888888888888886 0.746938775510204 0.28888888888888886 0.746938775510204 0.2833333333333333 0.7428571428571429 0.2777777777777778 0.746938775510204 0.2722222222222222 0.7428571428571429 0.26666666666666666 0.746938775510204 0.2611111111111111 0.7387755102040816 0.25 0.7346938775510204 0.25555555555555554 0.7306122448979592 0.25555555555555554 0.7346938775510204 0.25 0.7428571428571429 0.25 0.746938775510204 0.24444444444444444 0.746938775510204 0.23333333333333334 0.7346938775510204 0.21666666666666667 0.7306122448979592 0.21666666666666667 0.726530612244898 0.2222222222222222 0.7183673469387755 0.2222222222222222 0.7183673469387755 0.21666666666666667 0.7142857142857143 0.2111111111111111 0.7061224489795919 0.2222222222222222 0.6979591836734694 0.2222222222222222 0.6938775510204082 0.22777777777777777 0.6938775510204082 0.23333333333333334 0.6979591836734694 0.2388888888888889 0.7020408163265306 0.2388888888888889 0.7061224489795919 0.23333333333333334 0.6938775510204082 0.25 0.6857142857142857 0.25 0.6857142857142857 0.24444444444444444 0.6938775510204082 0.23333333333333334 0.689795918367347 0.22777777777777777 0.689795918367347 0.21666666666666667 0.6979591836734694 0.21666666666666667 0.7020408163265306 0.2111111111111111 0.7020408163265306 0.20555555555555555 0.7142857142857143 0.20555555555555555 0.7183673469387755 0.2 0.7183673469387755 0.19444444444444445 0.7142857142857143 0.18888888888888888 0.7061224489795919 0.18888888888888888 0.7061224489795919 0.17777777777777778 0.7020408163265306 0.17222222222222222 0.7061224489795919 0.16666666666666666 0.7142857142857143 0.16666666666666666 0.7183673469387755 0.16111111111111112 0.7183673469387755 0.15555555555555556 0.7142857142857143 0.15 0.6979591836734694 0.15 0.689795918367347 0.16111111111111112 0.6816326530612244 0.16111111111111112 0.6775510204081633 0.16666666666666666 0.673469387755102 0.16666666666666666 0.673469387755102 0.16111111111111112 0.6693877551020408 0.15555555555555556 0.6571428571428571 0.15555555555555556 0.6448979591836734 0.17222222222222222 0.6326530612244898 0.17222222222222222 0.636734693877551 0.16666666666666666 0.6408163265306123 0.16666666666666666 0.6489795918367347 0.15555555555555556 0.673469387755102 0.15555555555555556 0.6775510204081633 0.15 0.6816326530612244 0.15555555555555556 0.6938775510204082 0.15555555555555556 0.6979591836734694 0.15 0.6979591836734694 0.1388888888888889 0.7061224489795919 0.1388888888888889 0.7183673469387755 0.12777777777777777 0.726530612244898 0.12777777777777777 0.7306122448979592 0.12222222222222222 0.7428571428571429 0.12222222222222222 0.746938775510204 0.11666666666666667 0.7551020408163265 0.11666666666666667 0.7591836734693878 0.1111111111111111 0.7714285714285715 0.1111111111111111 0.7755102040816326 0.10555555555555556 0.7795918367346939 0.10555555555555556 0.7918367346938775 0.09444444444444444 0.8 0.09444444444444444 0.8040816326530612 0.08888888888888889 0.8081632653061225 0.08888888888888889 0.8204081632653061 0.07777777777777778 0.8285714285714286 0.07777777777777778 0.8326530612244898 0.07222222222222222 0.8367346938775511 0.07222222222222222
19 0.6693877551020408 0.7444444444444445 0.673469387755102 0.75 0.7020408163265306 0.75 0.7061224489795919 0.7444444444444445 0.7224489795918367 0.7444444444444445 0.726530612244898 0.75 0.7306122448979592 0.75 0.7306122448979592 0.7555555555555555 0.7346938775510204 0.7611111111111111 0.7346938775510204 0.7777777777777778 0.7306122448979592 0.7777777777777778 0.726530612244898 0.7833333333333333 0.7387755102040816 0.7944444444444444 0.7387755102040816 0.8111111111111111 0.7346938775510204 0.8166666666666667 0.7224489795918367 0.8166666666666667 0.7183673469387755 0.8222222222222222 0.6979591836734694 0.8222222222222222 0.6938775510204082 0.8277777777777777 0.6816326530612244 0.8277777777777777 0.6775510204081633 0.8333333333333334 0.6612244897959184 0.8333333333333334 0.6571428571428571 0.8388888888888889 0.6326530612244898 0.8388888888888889 0.6285714285714286 0.8444444444444444 0.6204081632653061 0.8444444444444444 0.6122448979591837 0.8555555555555555 0.6081632653061224 0.8555555555555555 0.6040816326530613 0.8611111111111112 0.6 0.8611111111111112 0.6163265306122448 0.8388888888888889 0.6163265306122448 0.8333333333333334 0.6204081632653061 0.8277777777777777 0.6204081632653061 0.8222222222222222 0.636734693877551 0.8 0.636734693877551 0.7944444444444444 0.6408163265306123 0.7944444444444444 0.6448979591836734 0.7888888888888889 0.6448979591836734 0.7833333333333333 0.6530612244897959 0.7722222222222223 0.6530612244897959 0.7666666666666667 0.6653061224489796 0.75
19 0.1346938775510204 0 0.13877551020408163 0 0.14285714285714285 0.005555555555555556 0.1469387755102041 0.005555555555555556 0.1510204081632653 0 0.15510204081632653 0.005555555555555556 0.16326530612244897 0.005555555555555556 0.1673469387755102 0 0.17959183673469387 0 0.1836734693877551 0.005555555555555556 0.19183673469387755 0.005555555555555556 0.19591836734693877 0.011111111111111112 0.2163265306122449 0.011111111111111112 0.22040816326530613 0.005555555555555556 0.22448979591836735 0.011111111111111112 0.23265306122448978 0.011111111111111112 0.23673469387755103 0.005555555555555556 0.24081632653061225 0.011111111111111112 0.2530612244897959 0 0.27346938775510204 0 0.27755102040816326 0.005555555555555556 0.27755102040816326 0.03333333333333333 0.2816326530612245 0.03888888888888889 0.2816326530612245 0.05 0.2857142857142857 0.05555555555555555 0.2857142857142857 0.06111111111111111 0.2979591836734694 0.07777777777777778 0.2979591836734694 0.1 0.3020408163265306 0.10555555555555556 0.2938775510204082 0.11666666666666667 0.2938775510204082 0.12222222222222222 0.2897959183673469 0.12222222222222222 0.2816326530612245 0.13333333333333333 0.27346938775510204 0.13333333333333333 0.2693877551020408 0.1388888888888889 0.24081632653061225 0.1388888888888889 0.23673469387755103 0.14444444444444443 0.23265306122448978 0.1388888888888889 0.22448979591836735 0.15555555555555556 0.1836734693877551 0.15555555555555556 0.17959183673469387 0.15 0.17142857142857143 0.15 0.17142857142857143 0.14444444444444443 0.16326530612244897 0.13333333333333333 0.16326530612244897 0.12222222222222222 0.15510204081632653 0.10555555555555556 0.15510204081632653 0.09444444444444444 0.1469387755102041 0.08333333333333333 0.1469387755102041 0.07777777777777778 0.14285714285714285 0.07222222222222222 0.14285714285714285 0.03888888888888889 0.1346938775510204 0.022222222222222223 0.1346938775510204 0.005555555555555556
19 0.32653061224489793 0.8388888888888889 0.3551020408163265 0.8777777777777778 0.35918367346938773 0.8777777777777778 0.37551020408163266 0.9 0.3142857142857143 0.9 0.31020408163265306 0.8944444444444445 0.31020408163265306 0.8388888888888889 0.3142857142857143 0.8333333333333334 0.3183673469387755 0.8333333333333334 0.3224489795918367 0.8388888888888889
19 0.6693877551020408 0.05555555555555555 0.673469387755102 0.06111111111111111 0.6775510204081633 0.05555555555555555 0.689795918367347 0.07222222222222222 0.6938775510204082 0.07222222222222222 0.6979591836734694 0.07777777777777778 0.7020408163265306 0.07777777777777778 0.7142857142857143 0.08888888888888889 0.7224489795918367 0.08888888888888889 0.7306122448979592 0.1 0.7387755102040816 0.1 0.7387755102040816 0.10555555555555556 0.7346938775510204 0.1111111111111111 0.7306122448979592 0.1111111111111111 0.726530612244898 0.11666666666666667 0.7183673469387755 0.11666666666666667 0.7061224489795919 0.12777777777777777 0.6938775510204082 0.12777777777777777 0.6816326530612244 0.1388888888888889 0.673469387755102 0.1388888888888889 0.6693877551020408 0.14444444444444443 0.6571428571428571 0.14444444444444443 0.6530612244897959 0.15 0.6448979591836734 0.15 0.6448979591836734 0.13333333333333333 0.6489795918367347 0.12777777777777777 0.6489795918367347 0.1111111111111111 0.6530612244897959 0.10555555555555556 0.6530612244897959 0.09444444444444444 0.6571428571428571 0.08888888888888889 0.6571428571428571 0.08333333333333333 0.6612244897959184 0.07777777777777778 0.6612244897959184 0.07222222222222222 0.6653061224489796 0.06666666666666667 0.6653061224489796 0.06111111111111111
19 0 0.17222222222222222 0.004081632653061225 0.17222222222222222 0.012244897959183673 0.16111111111111112 0.024489795918367346 0.16111111111111112 0.0326530612244898 0.17222222222222222 0.02857142857142857 0.17222222222222222 0.02040816326530612 0.18333333333333332 0.02040816326530612 0.18888888888888888 0.024489795918367346 0.19444444444444445 0.02857142857142857 0.19444444444444445 0.02857142857142857 0.2 0.04081632653061224 0.21666666666666667 0.036734693877551024 0.2222222222222222 0.04081632653061224 0.22777777777777777 0.04081632653061224 0.23333333333333334 0.036734693877551024 0.2388888888888889 0.04081632653061224 0.24444444444444444 0.036734693877551024 0.25 0.04081632653061224 0.25555555555555554 0.044897959183673466 0.25555555555555554 0.044897959183673466 0.2611111111111111 0.04897959183673469 0.26666666666666666 0.04897959183673469 0.3055555555555556 0.044897959183673466 0.3055555555555556 0.0326530612244898 0.32222222222222224 0.0326530612244898 0.3333333333333333 0.02857142857142857 0.3388888888888889 0.02857142857142857 0.35 0.024489795918367346 0.35 0.02040816326530612 0.35555555555555557 0.02040816326530612 0.3611111111111111 0.0163265306122449 0.3611111111111111 0.012244897959183673 0.36666666666666664 0.004081632653061225 0.36666666666666664 0.004081632653061225 0.35 0 0.34444444444444444 0 0.3388888888888889 0.004081632653061225 0.3333333333333333 0.004081632653061225 0.28888888888888886 0 0.2833333333333333 0 0.2722222222222222 0.004081632653061225 0.26666666666666666 0.004081632653061225 0.2611111111111111 0 0.25555555555555554 0 0.21666666666666667 0.004081632653061225 0.2111111111111111 0.004081632653061225 0.19444444444444445 0 0.18888888888888888 0.004081632653061225 0.18333333333333332 0 0.17777777777777778
19 0.7591836734693878 0.6222222222222222 0.7591836734693878 0.6277777777777778 0.763265306122449 0.6333333333333333 0.763265306122449 0.6388888888888888 0.7591836734693878 0.6444444444444445 0.763265306122449 0.65 0.7551020408163265 0.6611111111111111 0.763265306122449 0.6722222222222223 0.7673469387755102 0.6722222222222223 0.763265306122449 0.6722222222222223 0.7591836734693878 0.6666666666666666 0.7510204081632653 0.6777777777777778 0.7591836734693878 0.6944444444444444 0.7551020408163265 0.6888888888888889 0.7510204081632653 0.6888888888888889 0.7387755102040816 0.7055555555555556 0.7428571428571429 0.7111111111111111 0.7428571428571429 0.7166666666666667 0.7510204081632653 0.7277777777777777 0.746938775510204 0.7277777777777777 0.7428571428571429 0.7333333333333333 0.746938775510204 0.7388888888888889 0.7591836734693878 0.7388888888888889 0.7673469387755102 0.7277777777777777 0.7673469387755102 0.7222222222222222 0.763265306122449 0.7166666666666667 0.7673469387755102 0.7111111111111111 0.763265306122449 0.7055555555555556 0.7673469387755102 0.7 0.7918367346938775 0.7 0.7959183673469388 0.7055555555555556 0.8040816326530612 0.7055555555555556 0.8081632653061225 0.7111111111111111 0.8122448979591836 0.7111111111111111 0.8163265306122449 0.7166666666666667 0.8204081632653061 0.7166666666666667 0.8285714285714286 0.7277777777777777 0.8326530612244898 0.7277777777777777 0.8367346938775511 0.7333333333333333 0.8408163265306122 0.7277777777777777 0.8530612244897959 0.7277777777777777 0.8571428571428571 0.7222222222222222 0.8857142857142857 0.7222222222222222 0.889795918367347 0.7166666666666667 0.8979591836734694 0.7166666666666667 0.9020408163265307 0.7111111111111111 0.9061224489795918 0.7111111111111111 0.9102040816326531 0.7055555555555556 0.9142857142857143 0.7055555555555556 0.9183673469387755 0.7 0.926530612244898 0.7 0.9346938775510204 0.6888888888888889 0.9428571428571428 0.6888888888888889 0.9469387755102041 0.6833333333333333 0.9510204081632653 0.6833333333333333 0.9551020408163265 0.6888888888888889 0.963265306122449 0.6888888888888889 0.9673469387755103 0.6944444444444444 0.9755102040816327 0.6944444444444444 0.9795918367346939 0.7 0.9877551020408163 0.7 0.9918367346938776 0.7055555555555556 0.9918367346938776 0.7222222222222222 0.9795918367346939 0.7222222222222222 0.9755102040816327 0.7277777777777777 0.9714285714285714 0.7277777777777777 0.963265306122449 0.7388888888888889 0.9591836734693877 0.7388888888888889 0.9510204081632653 0.75 0.9469387755102041 0.75 0.9428571428571428 0.7555555555555555 0.9387755102040817 0.7555555555555555 0.9306122448979591 0.7666666666666667 0.926530612244898 0.7666666666666667 0.9224489795918367 0.7722222222222223 0.9102040816326531 0.7722222222222223 0.9061224489795918 0.7777777777777778 0.8775510204081632 0.7777777777777778 0.8734693877551021 0.7833333333333333 0.8530612244897959 0.7833333333333333 0.8489795918367347 0.7888888888888889 0.8326530612244898 0.7888888888888889 0.8285714285714286 0.7944444444444444 0.8081632653061225 0.7944444444444444 0.8040816326530612 0.8 0.7877551020408163 0.8 0.7836734693877551 0.8055555555555556 0.7591836734693878 0.8055555555555556 0.7551020408163265 0.8111111111111111 0.7428571428571429 0.8111111111111111 0.7387755102040816 0.8166666666666667 0.726530612244898 0.8166666666666667 0.7224489795918367 0.8222222222222222 0.7020408163265306 0.8222222222222222 0.6979591836734694 0.8277777777777777 0.6816326530612244 0.8277777777777777 0.6775510204081633 0.8333333333333334 0.6612244897959184 0.8333333333333334 0.6571428571428571 0.8388888888888889 0.6326530612244898 0.8388888888888889 0.6285714285714286 0.8444444444444444 0.6204081632653061 0.8444444444444444 0.6163265306122448 0.8388888888888889 0.6204081632653061 0.8333333333333334 0.6204081632653061 0.8277777777777777 0.6285714285714286 0.8166666666666667 0.6285714285714286 0.8111111111111111 0.6489795918367347 0.7833333333333333 0.6489795918367347 0.7777777777777778 0.6653061224489796 0.7555555555555555 0.6693877551020408 0.7555555555555555 0.6775510204081633 0.7444444444444445 0.673469387755102 0.7388888888888889 0.673469387755102 0.7333333333333333 0.6775510204081633 0.7277777777777777 0.6775510204081633 0.7222222222222222 0.689795918367347 0.7055555555555556 0.689795918367347 0.7 0.7061224489795919 0.6777777777777778 0.7061224489795919 0.6722222222222223 0.7183673469387755 0.6555555555555556 0.7183673469387755 0.65 0.746938775510204 0.6111111111111112 0.7510204081632653 0.6111111111111112 0.7510204081632653 0.6166666666666667 0.7551020408163265 0.6222222222222222
19 0.7714285714285715 0.7166666666666667 0.7755102040816326 0.7111111111111111 0.7877551020408163 0.7111111111111111 0.7959183673469388 0.7277777777777777 0.8 0.7277777777777777 0.8040816326530612 0.7222222222222222 0.8 0.7166666666666667 0.8040816326530612 0.7166666666666667 0.8081632653061225 0.7222222222222222 0.8122448979591836 0.7166666666666667 0.8163265306122449 0.7166666666666667 0.8244897959183674 0.7277777777777777 0.8285714285714286 0.7277777777777777 0.8326530612244898 0.7333333333333333 0.8408163265306122 0.7333333333333333 0.8448979591836735 0.7277777777777777 0.8530612244897959 0.7277777777777777 0.8571428571428571 0.7222222222222222 0.8857142857142857 0.7222222222222222 0.889795918367347 0.7166666666666667 0.8979591836734694 0.7166666666666667 0.9020408163265307 0.7111111111111111 0.9102040816326531 0.7111111111111111 0.9142857142857143 0.7055555555555556 0.9183673469387755 0.7055555555555556 0.9224489795918367 0.7 0.926530612244898 0.7 0.9306122448979591 0.6944444444444444 0.9346938775510204 0.6944444444444444 0.9469387755102041 0.6833333333333333 0.9510204081632653 0.6833333333333333 0.9551020408163265 0.6888888888888889 0.963265306122449 0.6888888888888889 0.9673469387755103 0.6944444444444444 0.9755102040816327 0.6944444444444444 0.9795918367346939 0.7 0.9877551020408163 0.7 0.9918367346938776 0.7055555555555556 0.9918367346938776 0.7388888888888889 0.9877551020408163 0.7444444444444445 0.9877551020408163 0.75 0.9918367346938776 0.7555555555555555 0.9918367346938776 0.7666666666666667 0.9877551020408163 0.7722222222222223 0.9918367346938776 0.7777777777777778 0.9918367346938776 0.7888888888888889 0.9877551020408163 0.7944444444444444 0.9918367346938776 0.8 0.9918367346938776 0.8111111111111111 0.9836734693877551 0.8111111111111111 0.9795918367346939 0.8166666666666667 0.9795918367346939 0.8055555555555556 0.9755102040816327 0.8 0.9714285714285714 0.8 0.9591836734693877 0.8111111111111111 0.963265306122449 0.8166666666666667 0.9673469387755103 0.8166666666666667 0.9755102040816327 0.8277777777777777 0.9836734693877551 0.8277777777777777 0.9877551020408163 0.8333333333333334 0.9918367346938776 0.8277777777777777 0.9918367346938776 0.85 0.9877551020408163 0.8555555555555555 0.9918367346938776 0.8611111111111112 0.9877551020408163 0.8666666666666667 0.9918367346938776 0.8722222222222222 0.9918367346938776 0.8777777777777778 0.9795918367346939 0.8944444444444445 0.9755102040816327 0.8944444444444445 0.9714285714285714 0.9 0.9591836734693877 0.9 0.9551020408163265 0.8944444444444445 0.9510204081632653 0.8944444444444445 0.9510204081632653 0.8833333333333333 0.9469387755102041 0.8777777777777778 0.9469387755102041 0.8666666666666667 0.9428571428571428 0.8611111111111112 0.9428571428571428 0.8333333333333334 0.9387755102040817 0.8277777777777777 0.9387755102040817 0.8055555555555556 0.9346938775510204 0.8 0.9346938775510204 0.7944444444444444 0.926530612244898 0.7833333333333333 0.9224489795918367 0.7833333333333333 0.9142857142857143 0.7722222222222223 0.9102040816326531 0.7777777777777778 0.8816326530612245 0.7777777777777778 0.8775510204081632 0.7833333333333333 0.8571428571428571 0.7833333333333333 0.8530612244897959 0.7888888888888889 0.8326530612244898 0.7888888888888889 0.8285714285714286 0.7944444444444444 0.8081632653061225 0.7944444444444444 0.8040816326530612 0.8 0.7877551020408163 0.8 0.7836734693877551 0.8055555555555556 0.7795918367346939 0.8055555555555556 0.7755102040816326 0.8 0.7714285714285715 0.8055555555555556 0.7591836734693878 0.8055555555555556 0.7551020408163265 0.8111111111111111 0.746938775510204 0.8111111111111111 0.7428571428571429 0.8166666666666667 0.7306122448979592 0.8166666666666667 0.726530612244898 0.8222222222222222 0.710204081632653 0.8222222222222222 0.7061224489795919 0.8277777777777777 0.6857142857142857 0.8277777777777777 0.6816326530612244 0.8333333333333334 0.6775510204081633 0.8333333333333334 0.6693877551020408 0.8444444444444444 0.6653061224489796 0.8444444444444444 0.6612244897959184 0.8388888888888889 0.6489795918367347 0.8388888888888889 0.6448979591836734 0.8444444444444444 0.6489795918367347 0.85 0.6448979591836734 0.85 0.6408163265306123 0.8444444444444444 0.6285714285714286 0.8444444444444444 0.6163265306122448 0.8555555555555555 0.6204081632653061 0.8611111111111112 0.6163265306122448 0.8666666666666667 0.6204081632653061 0.8722222222222222 0.6204081632653061 0.8944444444444445 0.6122448979591837 0.8944444444444445 0.6081632653061224 0.8888888888888888 0.6040816326530613 0.8888888888888888 0.6 0.8944444444444445 0.6 0.8888888888888888 0.5877551020408164 0.8777777777777778 0.5795918367346938 0.8888888888888888 0.5836734693877551 0.8944444444444445 0.5755102040816327 0.8833333333333333 0.5755102040816327 0.8777777777777778 0.5795918367346938 0.8722222222222222 0.5877551020408164 0.8722222222222222 0.5918367346938775 0.8666666666666667 0.5959183673469388 0.8666666666666667 0.6040816326530613 0.8555555555555555 0.6081632653061224 0.8555555555555555 0.6163265306122448 0.8444444444444444 0.6163265306122448 0.8388888888888889 0.6204081632653061 0.8333333333333334 0.6204081632653061 0.8277777777777777 0.6326530612244898 0.8111111111111111 0.6326530612244898 0.8055555555555556 0.6571428571428571 0.7722222222222223 0.6571428571428571 0.7666666666666667 0.6612244897959184 0.7611111111111111 0.6653061224489796 0.7666666666666667 0.6693877551020408 0.7611111111111111 0.6816326530612244 0.7611111111111111 0.6857142857142857 0.7555555555555555 0.6857142857142857 0.75 0.6775510204081633 0.7388888888888889 0.673469387755102 0.7388888888888889 0.6775510204081633 0.7333333333333333 0.6816326530612244 0.7333333333333333 0.6857142857142857 0.7277777777777777 0.710204081632653 0.7277777777777777 0.7142857142857143 0.7333333333333333 0.726530612244898 0.7333333333333333 0.7306122448979592 0.7388888888888889 0.7387755102040816 0.7388888888888889 0.746938775510204 0.75 0.7510204081632653 0.75 0.7551020408163265 0.7555555555555555 0.7591836734693878 0.7555555555555555 0.7673469387755102 0.7444444444444445 0.7673469387755102 0.7333333333333333 0.7755102040816326 0.7222222222222222
19 0.2857142857142857 0 0.2979591836734694 0 0.3020408163265306 0.005555555555555556 0.3142857142857143 0.005555555555555556 0.3183673469387755 0 0.3306122448979592 0.011111111111111112 0.3551020408163265 0.011111111111111112 0.35918367346938773 0.005555555555555556 0.37551020408163266 0.005555555555555556 0.3795918367346939 0 0.4326530612244898 0 0.4326530612244898 0.016666666666666666 0.42857142857142855 0.022222222222222223 0.42857142857142855 0.08333333333333333 0.42448979591836733 0.08888888888888889 0.4163265306122449 0.08888888888888889 0.4122448979591837 0.09444444444444444 0.3673469387755102 0.09444444444444444 0.363265306122449 0.08888888888888889 0.34285714285714286 0.08888888888888889 0.33877551020408164 0.09444444444444444 0.3346938775510204 0.09444444444444444 0.3306122448979592 0.08888888888888889 0.32653061224489793 0.09444444444444444 0.32653061224489793 0.10555555555555556 0.32653061224489793 0.09444444444444444 0.3183673469387755 0.08333333333333333 0.30612244897959184 0.08333333333333333 0.30612244897959184 0.07777777777777778 0.3020408163265306 0.07222222222222222 0.3020408163265306 0.06666666666666667 0.2979591836734694 0.06111111111111111 0.2938775510204082 0.06111111111111111 0.2938775510204082 0.05555555555555555 0.2897959183673469 0.05 0.2897959183673469 0.027777777777777776 0.2857142857142857 0.022222222222222223 0.2857142857142857 0.005555555555555556
19 0.6816326530612244 0 0.710204081632653 0 0.7142857142857143 0.005555555555555556 0.7183673469387755 0.005555555555555556 0.7224489795918367 0 0.8938775510204081 0 0.8979591836734694 0.005555555555555556 0.9020408163265307 0 0.9061224489795918 0.005555555555555556 0.8979591836734694 0.016666666666666666 0.8979591836734694 0.022222222222222223 0.8938775510204081 0.027777777777777776 0.8938775510204081 0.03333333333333333 0.8816326530612245 0.044444444444444446 0.8816326530612245 0.05555555555555555 0.8775510204081632 0.05555555555555555 0.8734693877551021 0.05 0.8693877551020408 0.05 0.8653061224489796 0.05555555555555555 0.8367346938775511 0.05555555555555555 0.8326530612244898 0.06111111111111111 0.8285714285714286 0.06111111111111111 0.8244897959183674 0.06666666666666667 0.8204081632653061 0.06666666666666667 0.8081632653061225 0.07777777777777778 0.8 0.07777777777777778 0.7877551020408163 0.08888888888888889 0.7755102040816326 0.08888888888888889 0.763265306122449 0.1 0.7510204081632653 0.1 0.746938775510204 0.10555555555555556 0.7387755102040816 0.10555555555555556 0.7346938775510204 0.1 0.7306122448979592 0.1 0.7224489795918367 0.08888888888888889 0.710204081632653 0.08888888888888889 0.7020408163265306 0.07777777777777778 0.6979591836734694 0.07777777777777778 0.6938775510204082 0.08333333333333333 0.6857142857142857 0.07222222222222222 0.6816326530612244 0.07222222222222222 0.6693877551020408 0.05555555555555555 0.673469387755102 0.05 0.673469387755102 0.03333333333333333 0.6775510204081633 0.027777777777777776 0.6775510204081633 0.011111111111111112 0.6816326530612244 0.005555555555555556
19 0.9510204081632653 0.6777777777777778 0.9551020408163265 0.6833333333333333 0.9591836734693877 0.6833333333333333 0.9714285714285714 0.6944444444444444 0.9795918367346939 0.6944444444444444 0.9836734693877551 0.7 0.9877551020408163 0.7 0.9918367346938776 0.7055555555555556 0.9918367346938776 0.7166666666666667 0.9877551020408163 0.7222222222222222 0.9795918367346939 0.7222222222222222 0.9755102040816327 0.7277777777777777 0.9714285714285714 0.7277777777777777 0.9673469387755103 0.7333333333333333 0.963265306122449 0.7333333333333333 0.9551020408163265 0.7444444444444445 0.9510204081632653 0.7444444444444445 0.9469387755102041 0.75 0.9428571428571428 0.75 0.9346938775510204 0.7611111111111111 0.9306122448979591 0.7611111111111111 0.9224489795918367 0.7722222222222223 0.9183673469387755 0.7722222222222223 0.9142857142857143 0.7666666666666667 0.9102040816326531 0.7722222222222223 0.9020408163265307 0.7722222222222223 0.8979591836734694 0.7777777777777778 0.8693877551020408 0.7777777777777778 0.8653061224489796 0.7833333333333333 0.8367346938775511 0.7833333333333333 0.8326530612244898 0.7777777777777778 0.8326530612244898 0.7722222222222223 0.8244897959183674 0.7611111111111111 0.8244897959183674 0.7444444444444445 0.8285714285714286 0.7388888888888889 0.8326530612244898 0.7388888888888889 0.8408163265306122 0.7277777777777777 0.8489795918367347 0.7277777777777777 0.8530612244897959 0.7222222222222222 0.8775510204081632 0.7222222222222222 0.8816326530612245 0.7166666666666667 0.889795918367347 0.7166666666666667 0.8938775510204081 0.7111111111111111 0.9061224489795918 0.7111111111111111 0.9102040816326531 0.7055555555555556 0.9142857142857143 0.7055555555555556 0.9183673469387755 0.7 0.9224489795918367 0.7 0.926530612244898 0.6944444444444444 0.9306122448979591 0.6944444444444444 0.9346938775510204 0.6888888888888889 0.9387755102040817 0.6888888888888889 0.9428571428571428 0.6833333333333333 0.9469387755102041 0.6833333333333333
19 0.9959183673469387 0.8833333333333333 0.9959183673469387 0.8944444444444445 0.9918367346938776 0.9 0.9714285714285714 0.9 0.9795918367346939 0.8888888888888888 0.9836734693877551 0.8888888888888888 0.9877551020408163 0.8833333333333333 0.9918367346938776 0.8833333333333333
19 0.9795918367346939 0.23333333333333334 0.9836734693877551 0.2388888888888889 0.9877551020408163 0.2388888888888889 0.9877551020408163 0.24444444444444444 0.9918367346938776 0.25 0.9918367346938776 0.2833333333333333 0.9959183673469387 0.28888888888888886 0.9918367346938776 0.29444444444444445 0.9918367346938776 0.34444444444444444 0.9959183673469387 0.35 0.9959183673469387 0.39444444444444443 0.9877551020408163 0.4111111111111111 0.9959183673469387 0.4222222222222222 0.9877551020408163 0.43333333333333335 0.9877551020408163 0.4388888888888889 0.9918367346938776 0.4444444444444444 0.9918367346938776 0.4722222222222222 0.9959183673469387 0.4777777777777778 0.9918367346938776 0.48333333333333334 0.9918367346938776 0.5 0.9959183673469387 0.5055555555555555 0.9959183673469387 0.5388888888888889 0.9918367346938776 0.5444444444444444 0.9959183673469387 0.55 0.9959183673469387 0.6222222222222222 0.9918367346938776 0.6277777777777778 0.9918367346938776 0.6444444444444445 0.9959183673469387 0.65 0.9918367346938776 0.6555555555555556 0.9918367346938776 0.6666666666666666 0.9959183673469387 0.6722222222222223 0.9959183673469387 0.6888888888888889 0.9755102040816327 0.6888888888888889 0.9714285714285714 0.6833333333333333 0.963265306122449 0.6833333333333333 0.9551020408163265 0.6722222222222223 0.9551020408163265 0.6666666666666666 0.9510204081632653 0.6611111111111111 0.9510204081632653 0.65 0.9469387755102041 0.6444444444444445 0.9469387755102041 0.6166666666666667 0.9428571428571428 0.6111111111111112 0.9428571428571428 0.5944444444444444 0.9387755102040817 0.5888888888888889 0.9387755102040817 0.55 0.9346938775510204 0.5444444444444444 0.9346938775510204 0.49444444444444446 0.9306122448979591 0.4888888888888889 0.9306122448979591 0.4722222222222222 0.926530612244898 0.4666666666666667 0.926530612244898 0.4388888888888889 0.9224489795918367 0.43333333333333335 0.9224489795918367 0.4166666666666667 0.9183673469387755 0.4111111111111111 0.9183673469387755 0.38333333333333336 0.9142857142857143 0.37777777777777777 0.9142857142857143 0.3055555555555556 0.9224489795918367 0.28888888888888886 0.9224489795918367 0.2611111111111111 0.9346938775510204 0.25 0.9428571428571428 0.25 0.9469387755102041 0.24444444444444444 0.9510204081632653 0.24444444444444444 0.9551020408163265 0.2388888888888889 0.9591836734693877 0.2388888888888889 0.9673469387755103 0.22777777777777777 0.9714285714285714 0.22777777777777777 0.9755102040816327 0.23333333333333334
19 0.6816326530612244 0 0.710204081632653 0 0.7142857142857143 0.005555555555555556 0.7183673469387755 0.005555555555555556 0.7224489795918367 0 0.8448979591836735 0 0.8408163265306122 0.005555555555555556 0.8408163265306122 0.022222222222222223 0.8326530612244898 0.03888888888888889 0.8326530612244898 0.05555555555555555 0.8244897959183674 0.06666666666666667 0.8204081632653061 0.06666666666666667 0.8163265306122449 0.07222222222222222 0.8081632653061225 0.07222222222222222 0.7959183673469388 0.08333333333333333 0.7877551020408163 0.08333333333333333 0.7836734693877551 0.08888888888888889 0.7755102040816326 0.08888888888888889 0.7714285714285715 0.09444444444444444 0.763265306122449 0.09444444444444444 0.7591836734693878 0.1 0.7387755102040816 0.1 0.7306122448979592 0.08888888888888889 0.726530612244898 0.08888888888888889 0.7224489795918367 0.08333333333333333 0.7142857142857143 0.08333333333333333 0.710204081632653 0.07777777777777778 0.7061224489795919 0.07777777777777778 0.7020408163265306 0.07222222222222222 0.6979591836734694 0.07222222222222222 0.6857142857142857 0.06111111111111111 0.6775510204081633 0.06111111111111111 0.673469387755102 0.05555555555555555 0.673469387755102 0.03333333333333333 0.6775510204081633 0.027777777777777776 0.6775510204081633 0.011111111111111112 0.6816326530612244 0.005555555555555556
19 0.963265306122449 0.6888888888888889 0.9673469387755103 0.6944444444444444 0.9755102040816327 0.6944444444444444 0.9795918367346939 0.7 0.9918367346938776 0.7 0.9918367346938776 0.7111111111111111 0.9959183673469387 0.7166666666666667 0.9918367346938776 0.7222222222222222 0.9959183673469387 0.7277777777777777 0.9918367346938776 0.7333333333333333 0.9918367346938776 0.8111111111111111 0.9877551020408163 0.8111111111111111 0.9836734693877551 0.8166666666666667 0.9836734693877551 0.8222222222222222 0.9877551020408163 0.8277777777777777 0.9918367346938776 0.8277777777777777 0.9959183673469387 0.8222222222222222 0.9959183673469387 0.8333333333333334 0.9918367346938776 0.8388888888888889 0.9918367346938776 0.8611111111111112 0.9959183673469387 0.8666666666666667 0.9959183673469387 0.8722222222222222 0.9918367346938776 0.8777777777777778 0.9918367346938776 0.8833333333333333 0.9877551020408163 0.8833333333333333 0.9836734693877551 0.8888888888888888 0.9836734693877551 0.8944444444444445 0.9755102040816327 0.8944444444444445 0.9714285714285714 0.9 0.9551020408163265 0.9 0.9469387755102041 0.8888888888888888 0.9469387755102041 0.8666666666666667 0.9428571428571428 0.8611111111111112 0.9428571428571428 0.8388888888888889 0.9387755102040817 0.8333333333333334 0.9387755102040817 0.8166666666666667 0.9346938775510204 0.8111111111111111 0.9346938775510204 0.8 0.9142857142857143 0.7722222222222223 0.9102040816326531 0.7777777777777778 0.8816326530612245 0.7777777777777778 0.8775510204081632 0.7833333333333333 0.8571428571428571 0.7833333333333333 0.8530612244897959 0.7888888888888889 0.8326530612244898 0.7888888888888889 0.8285714285714286 0.7944444444444444 0.8081632653061225 0.7944444444444444 0.8040816326530612 0.8 0.7795918367346939 0.8 0.7795918367346939 0.7555555555555555 0.7836734693877551 0.75 0.7877551020408163 0.75 0.7918367346938775 0.7444444444444445 0.7959183673469388 0.7444444444444445 0.8 0.7388888888888889 0.8 0.7333333333333333 0.8040816326530612 0.7388888888888889 0.8081632653061225 0.7388888888888889 0.8081632653061225 0.7444444444444445 0.8122448979591836 0.75 0.8081632653061225 0.75 0.8040816326530612 0.7555555555555555 0.8081632653061225 0.7611111111111111 0.8244897959183674 0.7611111111111111 0.8285714285714286 0.7555555555555555 0.8244897959183674 0.75 0.8285714285714286 0.7444444444444445 0.8326530612244898 0.7444444444444445 0.8367346938775511 0.75 0.8408163265306122 0.7444444444444445 0.8408163265306122 0.7333333333333333 0.8448979591836735 0.7277777777777777 0.8612244897959184 0.7277777777777777 0.8653061224489796 0.7222222222222222 0.8857142857142857 0.7222222222222222 0.889795918367347 0.7166666666666667 0.8979591836734694 0.7166666666666667 0.9020408163265307 0.7111111111111111 0.9102040816326531 0.7111111111111111 0.9142857142857143 0.7055555555555556 0.9183673469387755 0.7055555555555556 0.9224489795918367 0.7 0.926530612244898 0.7 0.9387755102040817 0.6888888888888889 0.9591836734693877 0.6888888888888889
19 0 0.18333333333333332 0.02857142857142857 0.18333333333333332 0.04081632653061224 0.2 0.04081632653061224 0.20555555555555555 0.053061224489795916 0.2222222222222222 0.053061224489795916 0.22777777777777777 0.05714285714285714 0.23333333333333334 0.05714285714285714 0.2388888888888889 0.0653061224489796 0.25 0.0653061224489796 0.25555555555555554 0.06938775510204082 0.2611111111111111 0.06938775510204082 0.26666666666666666 0.08163265306122448 0.2833333333333333 0.08163265306122448 0.28888888888888886 0.08979591836734693 0.3 0.08979591836734693 0.3055555555555556 0.09795918367346938 0.31666666666666665 0.09795918367346938 0.32222222222222224 0.11020408163265306 0.3388888888888889 0.11020408163265306 0.34444444444444444 0.12653061224489795 0.36666666666666664 0.12653061224489795 0.37222222222222223 0.1346938775510204 0.38333333333333336 0.1346938775510204 0.3888888888888889 0.15918367346938775 0.4222222222222222 0.15918367346938775 0.42777777777777776 0.1836734693877551 0.46111111111111114 0.1836734693877551 0.4666666666666667 0.18775510204081633 0.4722222222222222 0.19183673469387755 0.4722222222222222 0.19183673469387755 0.4777777777777778 0.22857142857142856 0.5277777777777778 0.22857142857142856 0.5333333333333333 0.23673469387755103 0.5444444444444444 0.24081632653061225 0.5444444444444444 0.3020408163265306 0.6277777777777778 0.3020408163265306 0.7111111111111111 0.30612244897959184 0.7166666666666667 0.3020408163265306 0.7222222222222222 0.3020408163265306 0.7444444444444445 0.2857142857142857 0.7777777777777778 0.2897959183673469 0.7833333333333333 0.2897959183673469 0.7944444444444444 0.3020408163265306 0.8111111111111111 0.3020408163265306 0.8166666666666667 0.30612244897959184 0.8222222222222222 0.30612244897959184 0.8944444444444445 0.2897959183673469 0.8944444444444445 0.2857142857142857 0.9 0.27346938775510204 0.9 0.2693877551020408 0.8944444444444445 0.2612244897959184 0.8944444444444445 0.2571428571428571 0.9 0.2612244897959184 0.8944444444444445 0.2693877551020408 0.8944444444444445 0.27346938775510204 0.8888888888888888 0.27346938775510204 0.8833333333333333 0.2816326530612245 0.8722222222222222 0.27755102040816326 0.8666666666666667 0.27755102040816326 0.8611111111111112 0.2816326530612245 0.8555555555555555 0.27755102040816326 0.85 0.27755102040816326 0.8222222222222222 0.2816326530612245 0.8166666666666667 0.27755102040816326 0.8111111111111111 0.2530612244897959 0.8111111111111111 0.2571428571428571 0.8111111111111111 0.2612244897959184 0.8055555555555556 0.2530612244897959 0.7944444444444444 0.24897959183673468 0.8 0.22857142857142856 0.8 0.22040816326530613 0.8166666666666667 0.22040816326530613 0.85 0.22448979591836735 0.8555555555555555 0.22857142857142856 0.85 0.22857142857142856 0.8611111111111112 0.23265306122448978 0.8666666666666667 0.23673469387755103 0.8611111111111112 0.23673469387755103 0.8555555555555555 0.23673469387755103 0.8666666666666667 0.22857142857142856 0.8666666666666667 0.22448979591836735 0.8722222222222222 0.22448979591836735 0.8777777777777778 0.23265306122448978 0.8888888888888888 0.24081632653061225 0.8888888888888888 0.24897959183673468 0.8777777777777778 0.24897959183673468 0.8722222222222222 0.24897959183673468 0.8944444444444445 0.24897959183673468 0.8888888888888888 0.24489795918367346 0.8833333333333333 0.23673469387755103 0.8944444444444445 0.20816326530612245 0.8944444444444445 0.20408163265306123 0.9 0.18775510204081633 0.9 0.1836734693877551 0.8944444444444445 0.18775510204081633 0.9 0.2 0.8888888888888888 0.2 0.8666666666666667 0.19591836734693877 0.8611111111111112 0.19591836734693877 0.85 0.2 0.8444444444444444 0.2 0.8388888888888889 0.19591836734693877 0.8333333333333334 0.19591836734693877 0.8222222222222222 0.18775510204081633 0.8111111111111111 0.17551020408163265 0.8111111111111111 0.17142857142857143 0.8055555555555556 0.16326530612244897 0.8055555555555556 0.15918367346938775 0.8 0.1510204081632653 0.8 0.1346938775510204 0.8222222222222222 0.1346938775510204 0.8611111111111112 0.1306122448979592 0.8666666666666667 0.13877551020408163 0.8777777777777778 0.13877551020408163 0.8833333333333333 0.14285714285714285 0.8888888888888888 0.14285714285714285 0.8944444444444445 0.1346938775510204 0.8944444444444445 0.1306122448979592 0.9 0.11020408163265306 0.9 0.10612244897959183 0.8944444444444445 0.10612244897959183 0.8555555555555555 0.11020408163265306 0.85 0.11020408163265306 0.8222222222222222 0.10612244897959183 0.8166666666666667 0.10204081632653061 0.8166666666666667 0.08979591836734693 0.8 0.07346938775510205 0.8 0.06938775510204082 0.8055555555555556 0.0653061224489796 0.8055555555555556 0.061224489795918366 0.8111111111111111 0.05714285714285714 0.8111111111111111 0.053061224489795916 0.8166666666666667 0.04897959183673469 0.8166666666666667 0.044897959183673466 0.8222222222222222 0.044897959183673466 0.8388888888888889 0.04081632653061224 0.8444444444444444 0.04081632653061224 0.8555555555555555 0.044897959183673466 0.8611111111111112 0.04897959183673469 0.8555555555555555 0.04897959183673469 0.8611111111111112 0.044897959183673466 0.8611111111111112 0.04081632653061224 0.8666666666666667 0.04081632653061224 0.8722222222222222 0.044897959183673466 0.8777777777777778 0.044897959183673466 0.8944444444444445 0.04081632653061224 0.9 0.0326530612244898 0.9 0.02857142857142857 0.8944444444444445 0.0163265306122449 0.8944444444444445 0.02040816326530612 0.8888888888888888 0.02040816326530612 0.8666666666666667 0.0163265306122449 0.8611111111111112 0.02040816326530612 0.8555555555555555 0.02040816326530612 0.8166666666666667 0.012244897959183673 0.8055555555555556 0.004081632653061225 0.8055555555555556 0.004081632653061225 0.8 0 0.7944444444444444 0 0.7333333333333333 0.004081632653061225 0.7277777777777777 0.004081632653061225 0.7222222222222222 0 0.7166666666666667 0 0.7 0.004081632653061225 0.6944444444444444 0.004081632653061225 0.6666666666666666 0 0.6611111111111111 0 0.6555555555555556 0.004081632653061225 0.65 0.004081632653061225 0.6444444444444445 0 0.6388888888888888 0.004081632653061225 0.6333333333333333 0 0.6277777777777778 0 0.5555555555555556 0.00816326530612245 0.5444444444444444 0.012244897959183673 0.5444444444444444 0.02857142857142857 0.5222222222222223 0.02857142857142857 0.5166666666666667 0.0326530612244898 0.5111111111111111 0.0326530612244898 0.4888888888888889 0.036734693877551024 0.48333333333333334 0.036734693877551024 0.4777777777777778 0.0326530612244898 0.4722222222222222 0.036734693877551024 0.4666666666666667 0.036734693877551024 0.46111111111111114 0.0326530612244898 0.45555555555555555 0.0326530612244898 0.4444444444444444 0.02857142857142857 0.4388888888888889 0.02857142857142857 0.43333333333333335 0.02040816326530612 0.4222222222222222 0.0163265306122449 0.4222222222222222 0.012244897959183673 0.4166666666666667 0.00816326530612245 0.4222222222222222 0.004081632653061225 0.4222222222222222 0.004081632653061225 0.4166666666666667 0 0.4111111111111111 0 0.36666666666666664 0.012244897959183673 0.36666666666666664 0.0163265306122449 0.3611111111111111 0.0163265306122449 0.35555555555555557 0.02857142857142857 0.3388888888888889 0.02857142857142857 0.3333333333333333 0.0326530612244898 0.3277777777777778 0.0326530612244898 0.2833333333333333 0.036734693877551024 0.2777777777777778 0.036734693877551024 0.2611111111111111 0.0326530612244898 0.25555555555555554 0.0326530612244898 0.24444444444444444 0.02040816326530612 0.22777777777777777 0.004081632653061225 0.22777777777777777 0 0.2222222222222222 0 0.18888888888888888
19 0.9714285714285714 0.005555555555555556 0.9795918367346939 0.005555555555555556 0.9836734693877551 0.011111111111111112 0.9959183673469387 0.011111111111111112 0.9959183673469387 0.08888888888888889 0.9918367346938776 0.09444444444444444 0.9918367346938776 0.11666666666666667 0.9959183673469387 0.12222222222222222 0.9959183673469387 0.12777777777777777 0.9918367346938776 0.13333333333333333 0.9918367346938776 0.16111111111111112 0.9959183673469387 0.16666666666666666 0.9959183673469387 0.17777777777777778 0.9918367346938776 0.18333333333333332 0.9918367346938776 0.2 0.9959183673469387 0.20555555555555555 0.9959183673469387 0.22777777777777777 0.9918367346938776 0.23333333333333334 0.9918367346938776 0.2388888888888889 0.9795918367346939 0.2222222222222222 0.9714285714285714 0.2222222222222222 0.9673469387755103 0.21666666666666667 0.9591836734693877 0.21666666666666667 0.9551020408163265 0.2111111111111111 0.9469387755102041 0.2111111111111111 0.9387755102040817 0.19444444444444445 0.9387755102040817 0.15 0.9469387755102041 0.13333333333333333 0.9428571428571428 0.12777777777777777 0.9387755102040817 0.12777777777777777 0.9387755102040817 0.12222222222222222 0.9428571428571428 0.11666666666666667 0.9387755102040817 0.1111111111111111 0.9510204081632653 0.1 0.9510204081632653 0.09444444444444444 0.9551020408163265 0.08888888888888889 0.9551020408163265 0.07222222222222222 0.963265306122449 0.07222222222222222 0.9673469387755103 0.06666666666666667 0.9673469387755103 0.03888888888888889 0.963265306122449 0.03333333333333333 0.963265306122449 0.027777777777777776 0.9714285714285714 0.011111111111111112
19 0.9183673469387755 0.7833333333333333 0.9306122448979591 0.8 0.9306122448979591 0.8111111111111111 0.9346938775510204 0.8166666666666667 0.9346938775510204 0.8333333333333334 0.9387755102040817 0.8388888888888889 0.9387755102040817 0.8666666666666667 0.9428571428571428 0.8722222222222222 0.9428571428571428 0.9 0.6448979591836734 0.9 0.6408163265306123 0.8944444444444445 0.6285714285714286 0.8944444444444445 0.6285714285714286 0.8888888888888888 0.6204081632653061 0.8722222222222222 0.6204081632653061 0.8611111111111112 0.6244897959183674 0.8555555555555555 0.6244897959183674 0.85 0.636734693877551 0.85 0.6408163265306123 0.8444444444444444 0.6612244897959184 0.8444444444444444 0.6653061224489796 0.8388888888888889 0.6857142857142857 0.8388888888888889 0.689795918367347 0.8333333333333334 0.7061224489795919 0.8333333333333334 0.710204081632653 0.8277777777777777 0.7306122448979592 0.8277777777777777 0.7346938775510204 0.8222222222222222 0.746938775510204 0.8222222222222222 0.7510204081632653 0.8166666666666667 0.7673469387755102 0.8166666666666667 0.7714285714285715 0.8111111111111111 0.7918367346938775 0.8111111111111111 0.7959183673469388 0.8055555555555556 0.8122448979591836 0.8055555555555556 0.8163265306122449 0.8 0.8367346938775511 0.8 0.8408163265306122 0.7944444444444444 0.8571428571428571 0.7944444444444444 0.8612244897959184 0.7888888888888889 0.8816326530612245 0.7888888888888889 0.8857142857142857 0.7833333333333333 0.9142857142857143 0.7833333333333333
19 0.8040816326530612 0.7055555555555556 0.8081632653061225 0.7111111111111111 0.8122448979591836 0.7111111111111111 0.8163265306122449 0.7166666666666667 0.8204081632653061 0.7166666666666667 0.8326530612244898 0.7333333333333333 0.8408163265306122 0.7333333333333333 0.8448979591836735 0.7277777777777777 0.8571428571428571 0.7277777777777777 0.8612244897959184 0.7222222222222222 0.8857142857142857 0.7222222222222222 0.889795918367347 0.7166666666666667 0.8979591836734694 0.7166666666666667 0.9020408163265307 0.7111111111111111 0.9102040816326531 0.7111111111111111 0.9183673469387755 0.7 0.926530612244898 0.7 0.9306122448979591 0.6944444444444444 0.9346938775510204 0.6944444444444444 0.9387755102040817 0.6888888888888889 0.9428571428571428 0.6888888888888889 0.9469387755102041 0.6833333333333333 0.9510204081632653 0.6833333333333333 0.9551020408163265 0.6888888888888889 0.963265306122449 0.6888888888888889 0.9673469387755103 0.6944444444444444 0.9755102040816327 0.6944444444444444 0.9795918367346939 0.7 0.9877551020408163 0.7 0.9959183673469387 0.7166666666666667 0.9918367346938776 0.7222222222222222 0.9795918367346939 0.7222222222222222 0.9714285714285714 0.7333333333333333 0.9673469387755103 0.7333333333333333 0.9591836734693877 0.7444444444444445 0.9551020408163265 0.7444444444444445 0.9510204081632653 0.75 0.9469387755102041 0.75 0.9428571428571428 0.7555555555555555 0.9387755102040817 0.7555555555555555 0.9306122448979591 0.7666666666666667 0.926530612244898 0.7666666666666667 0.9224489795918367 0.7722222222222223 0.9102040816326531 0.7722222222222223 0.9061224489795918 0.7777777777777778 0.8775510204081632 0.7777777777777778 0.8734693877551021 0.7833333333333333 0.8530612244897959 0.7833333333333333 0.8489795918367347 0.7888888888888889 0.8367346938775511 0.7888888888888889 0.8326530612244898 0.7944444444444444 0.8122448979591836 0.7944444444444444 0.8081632653061225 0.8 0.7877551020408163 0.8 0.7836734693877551 0.8055555555555556 0.7591836734693878 0.8055555555555556 0.7551020408163265 0.8111111111111111 0.746938775510204 0.8111111111111111 0.7428571428571429 0.8166666666666667 0.726530612244898 0.8166666666666667 0.7224489795918367 0.8222222222222222 0.7061224489795919 0.8222222222222222 0.7020408163265306 0.8277777777777777 0.6816326530612244 0.8277777777777777 0.6775510204081633 0.8333333333333334 0.6612244897959184 0.8333333333333334 0.6571428571428571 0.8388888888888889 0.6326530612244898 0.8388888888888889 0.6285714285714286 0.8444444444444444 0.6163265306122448 0.8444444444444444 0.6122448979591837 0.85 0.6122448979591837 0.8611111111111112 0.6 0.8611111111111112 0.6040816326530613 0.8611111111111112 0.6163265306122448 0.8444444444444444 0.6163265306122448 0.8333333333333334 0.6285714285714286 0.8166666666666667 0.6285714285714286 0.8111111111111111 0.6448979591836734 0.7888888888888889 0.6448979591836734 0.7833333333333333 0.6612244897959184 0.7611111111111111 0.6612244897959184 0.7555555555555555 0.6653061224489796 0.7555555555555555 0.6775510204081633 0.7444444444444445 0.673469387755102 0.7388888888888889 0.673469387755102 0.7333333333333333 0.6775510204081633 0.7277777777777777 0.6816326530612244 0.7333333333333333 0.6857142857142857 0.7277777777777777 0.6857142857142857 0.7333333333333333 0.689795918367347 0.7388888888888889 0.6938775510204082 0.7388888888888889 0.6979591836734694 0.7333333333333333 0.7142857142857143 0.7333333333333333 0.7183673469387755 0.7388888888888889 0.7224489795918367 0.7333333333333333 0.726530612244898 0.7333333333333333 0.7306122448979592 0.7388888888888889 0.7428571428571429 0.7388888888888889 0.7551020408163265 0.75 0.763265306122449 0.75 0.7673469387755102 0.7444444444444445 0.7673469387755102 0.7388888888888889 0.7755102040816326 0.7222222222222222 0.7714285714285715 0.7166666666666667 0.7755102040816326 0.7111111111111111 0.8 0.7111111111111111
19 0.4122448979591837 0.1 0.4163265306122449 0.10555555555555556 0.4204081632653061 0.1 0.42448979591836733 0.10555555555555556 0.42448979591836733 0.22777777777777777 0.4204081632653061 0.23333333333333334 0.4204081632653061 0.26666666666666666 0.42448979591836733 0.2722222222222222 0.42448979591836733 0.2777777777777778 0.4204081632653061 0.2833333333333333 0.4204081632653061 0.29444444444444445 0.40816326530612246 0.29444444444444445 0.40408163265306124 0.3 0.3877551020408163 0.3 0.3836734693877551 0.29444444444444445 0.37142857142857144 0.29444444444444445 0.363265306122449 0.2833333333333333 0.35918367346938773 0.2833333333333333 0.3551020408163265 0.2777777777777778 0.3510204081632653 0.2777777777777778 0.3469387755102041 0.2722222222222222 0.3469387755102041 0.26666666666666666 0.33877551020408164 0.25555555555555554 0.33877551020408164 0.2388888888888889 0.3346938775510204 0.23333333333333334 0.3346938775510204 0.21666666666666667 0.32653061224489793 0.20555555555555555 0.32653061224489793 0.18888888888888888 0.3224489795918367 0.18333333333333332 0.3224489795918367 0.12222222222222222 0.33877551020408164 0.1 0.40816326530612246 0.1
19 0.6122448979591837 0.8444444444444444 0.6163265306122448 0.85 0.6163265306122448 0.8777777777777778 0.6204081632653061 0.8833333333333333 0.6204081632653061 0.9 0.5795918367346938 0.9 0.5755102040816327 0.9055555555555556 0.5714285714285714 0.9 0.563265306122449 0.9 0.563265306122449 0.8833333333333333 0.5714285714285714 0.8722222222222222 0.5795918367346938 0.8722222222222222 0.5836734693877551 0.8666666666666667 0.5918367346938775 0.8666666666666667 0.5959183673469388 0.8611111111111112 0.6 0.8611111111111112 0.6081632653061224 0.85
19 0.6448979591836734 0.31666666666666665 0.6489795918367347 0.32222222222222224 0.6489795918367347 0.34444444444444444 0.6448979591836734 0.3388888888888889 0.6448979591836734 0.3277777777777778 0.6408163265306123 0.32222222222222224
19 0.9591836734693877 0.6833333333333333 0.9714285714285714 0.6944444444444444 0.9795918367346939 0.6944444444444444 0.9836734693877551 0.7 0.9918367346938776 0.7 0.9918367346938776 0.7055555555555556 0.9959183673469387 0.7111111111111111 0.9959183673469387 0.7166666666666667 0.9918367346938776 0.7222222222222222 0.9795918367346939 0.7222222222222222 0.9714285714285714 0.7333333333333333 0.9673469387755103 0.7333333333333333 0.9591836734693877 0.7444444444444445 0.9551020408163265 0.7444444444444445 0.9510204081632653 0.75 0.9469387755102041 0.75 0.9428571428571428 0.7555555555555555 0.9387755102040817 0.7555555555555555 0.9306122448979591 0.7666666666666667 0.926530612244898 0.7666666666666667 0.9224489795918367 0.7722222222222223 0.9183673469387755 0.7722222222222223 0.9142857142857143 0.7666666666666667 0.9102040816326531 0.7722222222222223 0.9020408163265307 0.7722222222222223 0.8979591836734694 0.7777777777777778 0.8489795918367347 0.7777777777777778 0.8448979591836735 0.7722222222222223 0.8408163265306122 0.7722222222222223 0.8326530612244898 0.7611111111111111 0.8326530612244898 0.7555555555555555 0.8285714285714286 0.75 0.8285714285714286 0.7444444444444445 0.8326530612244898 0.7444444444444445 0.8367346938775511 0.7388888888888889 0.8367346938775511 0.7333333333333333 0.8408163265306122 0.7333333333333333 0.8448979591836735 0.7277777777777777 0.8571428571428571 0.7277777777777777 0.8612244897959184 0.7222222222222222 0.8857142857142857 0.7222222222222222 0.889795918367347 0.7166666666666667 0.8938775510204081 0.7166666666666667 0.8979591836734694 0.7111111111111111 0.9061224489795918 0.7111111111111111 0.9102040816326531 0.7055555555555556 0.9142857142857143 0.7055555555555556 0.9183673469387755 0.7 0.9224489795918367 0.7 0.926530612244898 0.6944444444444444 0.9306122448979591 0.6944444444444444 0.9428571428571428 0.6833333333333333 0.9551020408163265 0.6833333333333333
19 0.6285714285714286 0 0.6775510204081633 0 0.673469387755102 0.005555555555555556 0.673469387755102 0.022222222222222223 0.6693877551020408 0.027777777777777776 0.6693877551020408 0.03333333333333333 0.6653061224489796 0.03888888888888889 0.6571428571428571 0.03888888888888889 0.6530612244897959 0.044444444444444446 0.6448979591836734 0.044444444444444446 0.6408163265306123 0.05 0.6326530612244898 0.05 0.6285714285714286 0.044444444444444446 0.6285714285714286 0.005555555555555556
19 0.9387755102040817 0 0.9428571428571428 0.005555555555555556 0.9591836734693877 0.005555555555555556 0.963265306122449 0 0.9673469387755103 0.005555555555555556 0.9836734693877551 0.005555555555555556 0.9959183673469387 0.016666666666666666 0.9959183673469387 0.027777777777777776 0.9918367346938776 0.03333333333333333 0.9959183673469387 0.03888888888888889 0.9959183673469387 0.05 0.9877551020408163 0.06666666666666667 0.9918367346938776 0.07222222222222222 0.9877551020408163 0.07777777777777778 0.9877551020408163 0.08888888888888889 0.9836734693877551 0.09444444444444444 0.9836734693877551 0.11666666666666667 0.9877551020408163 0.12222222222222222 0.9877551020408163 0.12777777777777777 0.9836734693877551 0.13333333333333333 0.9836734693877551 0.16111111111111112 0.9795918367346939 0.16111111111111112 0.9795918367346939 0.14444444444444443 0.9755102040816327 0.1388888888888889 0.9673469387755103 0.15555555555555556 0.9673469387755103 0.16111111111111112 0.9714285714285714 0.16666666666666666 0.9714285714285714 0.17777777777777778 0.9755102040816327 0.18333333333333332 0.9795918367346939 0.18333333333333332 0.9836734693877551 0.17777777777777778 0.9836734693877551 0.17222222222222222 0.9836734693877551 0.2 0.9918367346938776 0.2111111111111111 0.9918367346938776 0.22777777777777777 0.9877551020408163 0.23333333333333334 0.9918367346938776 0.2388888888888889 0.9877551020408163 0.24444444444444444 0.9918367346938776 0.25 0.9918367346938776 0.25555555555555554 0.9836734693877551 0.2722222222222222 0.9836734693877551 0.29444444444444445 0.9795918367346939 0.28888888888888886 0.9714285714285714 0.3 0.9755102040816327 0.3055555555555556 0.9714285714285714 0.3111111111111111 0.9714285714285714 0.31666666666666665 0.9755102040816327 0.32222222222222224 0.9795918367346939 0.31666666666666665 0.9836734693877551 0.31666666666666665 0.9836734693877551 0.32222222222222224 0.9795918367346939 0.3277777777777778 0.9795918367346939 0.3333333333333333 0.9877551020408163 0.34444444444444444 0.9877551020408163 0.35 0.9918367346938776 0.35555555555555557 0.9918367346938776 0.37222222222222223 0.9877551020408163 0.37222222222222223 0.9836734693877551 0.37777777777777777 0.9755102040816327 0.37777777777777777 0.9673469387755103 0.3888888888888889 0.963265306122449 0.3888888888888889 0.9510204081632653 0.4 0.9510204081632653 0.40555555555555556 0.9551020408163265 0.4111111111111111 0.9551020408163265 0.42777777777777776 0.9510204081632653 0.43333333333333335 0.9551020408163265 0.4388888888888889 0.9510204081632653 0.4444444444444444 0.9510204081632653 0.4777777777777778 0.9551020408163265 0.48333333333333334 0.9510204081632653 0.4888888888888889 0.9591836734693877 0.5 0.963265306122449 0.5 0.9673469387755103 0.49444444444444446 0.9714285714285714 0.49444444444444446 0.9714285714285714 0.5 0.9673469387755103 0.5055555555555555 0.9591836734693877 0.5055555555555555 0.9510204081632653 0.5166666666666667 0.9510204081632653 0.5277777777777778 0.9469387755102041 0.5277777777777778 0.9428571428571428 0.5333333333333333 0.9428571428571428 0.55 0.9510204081632653 0.5611111111111111 0.9551020408163265 0.5611111111111111 0.963265306122449 0.5722222222222222 0.9714285714285714 0.5722222222222222 0.9755102040816327 0.5777777777777777 0.9795918367346939 0.5777777777777777 0.9877551020408163 0.5888888888888889 0.9877551020408163 0.6277777777777778 0.9836734693877551 0.6333333333333333 0.9836734693877551 0.6555555555555556 0.9918367346938776 0.6722222222222223 0.9918367346938776 0.6833333333333333 0.9877551020408163 0.6833333333333333 0.9836734693877551 0.6888888888888889 0.9795918367346939 0.6833333333333333 0.9714285714285714 0.6833333333333333 0.9673469387755103 0.6777777777777778 0.963265306122449 0.6777777777777778 0.9510204081632653 0.6611111111111111 0.9510204081632653 0.65 0.9469387755102041 0.6444444444444445 0.9469387755102041 0.6111111111111112 0.9428571428571428 0.6055555555555555 0.9428571428571428 0.5333333333333333 0.9346938775510204 0.5222222222222223 0.9346938775510204 0.5 0.9387755102040817 0.49444444444444446 0.9346938775510204 0.4888888888888889 0.9387755102040817 0.48333333333333334 0.9346938775510204 0.4777777777777778 0.9346938775510204 0.4666666666666667 0.9306122448979591 0.46111111111111114 0.9306122448979591 0.45 0.9224489795918367 0.43333333333333335 0.9224489795918367 0.40555555555555556 0.9183673469387755 0.4 0.9183673469387755 0.37777777777777777 0.9142857142857143 0.37222222222222223 0.9142857142857143 0.3388888888888889 0.9183673469387755 0.3333333333333333 0.9183673469387755 0.3277777777777778 0.9142857142857143 0.32222222222222224 0.9183673469387755 0.31666666666666665 0.9183673469387755 0.3055555555555556 0.9224489795918367 0.3055555555555556 0.9306122448979591 0.29444444444444445 0.926530612244898 0.28888888888888886 0.9306122448979591 0.2833333333333333 0.926530612244898 0.2777777777777778 0.9306122448979591 0.2722222222222222 0.9306122448979591 0.26666666666666666 0.9387755102040817 0.25555555555555554 0.9428571428571428 0.2611111111111111 0.9510204081632653 0.2611111111111111 0.9551020408163265 0.25555555555555554 0.9551020408163265 0.2388888888888889 0.9469387755102041 0.22777777777777777 0.9469387755102041 0.2222222222222222 0.9387755102040817 0.20555555555555555 0.9387755102040817 0.19444444444444445 0.9346938775510204 0.18888888888888888 0.9346938775510204 0.18333333333333332 0.9183673469387755 0.16111111111111112 0.9183673469387755 0.15555555555555556 0.9142857142857143 0.15 0.9142857142857143 0.14444444444444443 0.9061224489795918 0.13333333333333333 0.9061224489795918 0.12777777777777777 0.9020408163265307 0.12222222222222222 0.9020408163265307 0.1111111111111111 0.8979591836734694 0.10555555555555556 0.8979591836734694 0.1 0.8938775510204081 0.09444444444444444 0.8938775510204081 0.08888888888888889 0.889795918367347 0.08333333333333333 0.889795918367347 0.07777777777777778 0.8816326530612245 0.06666666666666667 0.8816326530612245 0.06111111111111111 0.8734693877551021 0.05 0.8693877551020408 0.05 0.8653061224489796 0.044444444444444446 0.8612244897959184 0.05 0.8326530612244898 0.05 0.8326530612244898 0.044444444444444446 0.8367346938775511 0.044444444444444446 0.8408163265306122 0.03888888888888889 0.8408163265306122 0.03333333333333333 0.8367346938775511 0.027777777777777776 0.8408163265306122 0.022222222222222223 0.8367346938775511 0.016666666666666666 0.8448979591836735 0.005555555555555556 0.8530612244897959 0.005555555555555556 0.8571428571428571 0 0.8938775510204081 0 0.8979591836734694 0.005555555555555556 0.9102040816326531 0.005555555555555556 0.9142857142857143 0 0.9346938775510204 0
19 0.6816326530612244 0 0.6979591836734694 0 0.7020408163265306 0.005555555555555556 0.726530612244898 0.005555555555555556 0.7306122448979592 0 0.7836734693877551 0 0.7877551020408163 0.005555555555555556 0.7918367346938775 0 0.7918367346938775 0.005555555555555556 0.7877551020408163 0.005555555555555556 0.7836734693877551 0 0.7714285714285715 0.011111111111111112 0.7673469387755102 0.005555555555555556 0.763265306122449 0.011111111111111112 0.763265306122449 0.016666666666666666 0.7591836734693878 0.022222222222222223 0.7591836734693878 0.027777777777777776 0.7551020408163265 0.03333333333333333 0.7591836734693878 0.03888888888888889 0.7591836734693878 0.044444444444444446 0.7551020408163265 0.05 0.7551020408163265 0.07222222222222222 0.7591836734693878 0.07777777777777778 0.7551020408163265 0.08333333333333333 0.7551020408163265 0.08888888888888889 0.7591836734693878 0.09444444444444444 0.763265306122449 0.08888888888888889 0.7673469387755102 0.08888888888888889 0.7714285714285715 0.09444444444444444 0.7673469387755102 0.09444444444444444 0.763265306122449 0.1 0.7551020408163265 0.1 0.7510204081632653 0.10555555555555556 0.7428571428571429 0.10555555555555556 0.7387755102040816 0.1111111111111111 0.7306122448979592 0.1111111111111111 0.726530612244898 0.11666666666666667 0.7142857142857143 0.11666666666666667 0.7020408163265306 0.12777777777777777 0.689795918367347 0.12777777777777777 0.6775510204081633 0.1388888888888889 0.6693877551020408 0.1388888888888889 0.6653061224489796 0.14444444444444443 0.6530612244897959 0.14444444444444443 0.6489795918367347 0.15 0.6489795918367347 0.12222222222222222 0.6530612244897959 0.11666666666666667 0.6530612244897959 0.1 0.6612244897959184 0.08888888888888889 0.6612244897959184 0.07222222222222222 0.6693877551020408 0.06111111111111111 0.6693877551020408 0.05 0.673469387755102 0.044444444444444446 0.673469387755102 0.03333333333333333 0.6775510204081633 0.027777777777777776 0.6775510204081633 0.011111111111111112 0.6816326530612244 0.005555555555555556
19 0.9387755102040817 0 0.9428571428571428 0.005555555555555556 0.9551020408163265 0.005555555555555556 0.9591836734693877 0 0.9714285714285714 0 0.9755102040816327 0.005555555555555556 0.9836734693877551 0.005555555555555556 0.9959183673469387 0.016666666666666666 0.9959183673469387 0.022222222222222223 0.9918367346938776 0.027777777777777776 0.9918367346938776 0.05 0.9836734693877551 0.06111111111111111 0.9836734693877551 0.06666666666666667 0.9755102040816327 0.07777777777777778 0.9755102040816327 0.08333333333333333 0.9673469387755103 0.1 0.9673469387755103 0.1111111111111111 0.963265306122449 0.11666666666666667 0.963265306122449 0.1388888888888889 0.9591836734693877 0.1388888888888889 0.9551020408163265 0.14444444444444443 0.9551020408163265 0.15 0.9591836734693877 0.15555555555555556 0.9551020408163265 0.16111111111111112 0.9551020408163265 0.17777777777777778 0.9469387755102041 0.18888888888888888 0.9469387755102041 0.2111111111111111 0.9387755102040817 0.2 0.9387755102040817 0.18888888888888888 0.9183673469387755 0.16111111111111112 0.9183673469387755 0.15555555555555556 0.9142857142857143 0.15 0.9142857142857143 0.14444444444444443 0.9061224489795918 0.13333333333333333 0.9061224489795918 0.12777777777777777 0.8979591836734694 0.1111111111111111 0.8979591836734694 0.1 0.8938775510204081 0.09444444444444444 0.8938775510204081 0.08888888888888889 0.889795918367347 0.08333333333333333 0.889795918367347 0.07777777777777778 0.8857142857142857 0.07222222222222222 0.8857142857142857 0.06666666666666667 0.8816326530612245 0.06111111111111111 0.8816326530612245 0.022222222222222223 0.8857142857142857 0.016666666666666666 0.8857142857142857 0.005555555555555556 0.889795918367347 0 0.8938775510204081 0 0.8979591836734694 0.005555555555555556 0.9102040816326531 0.005555555555555556 0.9142857142857143 0 0.9346938775510204 0
19 0.9918367346938776 0.7222222222222222 0.9959183673469387 0.7277777777777777 0.9959183673469387 0.7555555555555555 0.9918367346938776 0.7611111111111111 0.9959183673469387 0.7666666666666667 0.9959183673469387 0.8777777777777778 0.9918367346938776 0.8833333333333333 0.9877551020408163 0.8833333333333333 0.9836734693877551 0.8888888888888888 0.9795918367346939 0.8888888888888888 0.9714285714285714 0.9 0.9591836734693877 0.9 0.9510204081632653 0.8888888888888888 0.9510204081632653 0.8833333333333333 0.9469387755102041 0.8777777777777778 0.9469387755102041 0.8555555555555555 0.9428571428571428 0.85 0.9428571428571428 0.8333333333333334 0.9387755102040817 0.8277777777777777 0.9387755102040817 0.8055555555555556 0.9346938775510204 0.8 0.9346938775510204 0.7944444444444444 0.926530612244898 0.7833333333333333 0.926530612244898 0.7722222222222223 0.9306122448979591 0.7722222222222223 0.9387755102040817 0.7611111111111111 0.9428571428571428 0.7611111111111111 0.9510204081632653 0.75 0.9551020408163265 0.75 0.9591836734693877 0.7444444444444445 0.963265306122449 0.7444444444444445 0.9714285714285714 0.7333333333333333 0.9755102040816327 0.7333333333333333 0.9795918367346939 0.7277777777777777 0.9877551020408163 0.7277777777777777
19 0.27755102040816326 0 0.3224489795918367 0 0.32653061224489793 0.005555555555555556 0.3551020408163265 0.005555555555555556 0.35918367346938773 0 0.42857142857142855 0 0.42857142857142855 0.011111111111111112 0.4163265306122449 0.011111111111111112 0.4122448979591837 0.016666666666666666 0.4 0.016666666666666666 0.39591836734693875 0.022222222222222223 0.39183673469387753 0.022222222222222223 0.3877551020408163 0.027777777777777776 0.3877551020408163 0.03333333333333333 0.37551020408163266 0.044444444444444446 0.37142857142857144 0.044444444444444446 0.3673469387755102 0.03888888888888889 0.32653061224489793 0.03888888888888889 0.3183673469387755 0.022222222222222223 0.30612244897959184 0.022222222222222223 0.2979591836734694 0.011111111111111112 0.2938775510204082 0.011111111111111112 0.2897959183673469 0.016666666666666666 0.2816326530612245 0.005555555555555556
19 0.8775510204081632 0.15 0.8816326530612245 0.14444444444444443 0.8857142857142857 0.14444444444444443 0.889795918367347 0.15 0.8938775510204081 0.15 0.8979591836734694 0.15555555555555556 0.9020408163265307 0.15555555555555556 0.9020408163265307 0.16111111111111112 0.8979591836734694 0.16666666666666666 0.8857142857142857 0.16666666666666666 0.8857142857142857 0.15555555555555556 0.8816326530612245 0.15 0.8734693877551021 0.16666666666666666 0.8653061224489796 0.16666666666666666 0.8612244897959184 0.17222222222222222 0.8653061224489796 0.17777777777777778 0.8734693877551021 0.17777777777777778 0.8775510204081632 0.18333333333333332 0.8857142857142857 0.18333333333333332 0.8775510204081632 0.18333333333333332 0.8734693877551021 0.18888888888888888 0.8571428571428571 0.18888888888888888 0.8571428571428571 0.18333333333333332 0.8530612244897959 0.17777777777777778 0.8448979591836735 0.18888888888888888 0.8244897959183674 0.18888888888888888 0.8204081632653061 0.19444444444444445 0.8244897959183674 0.2 0.8326530612244898 0.2 0.8163265306122449 0.2 0.8122448979591836 0.20555555555555555 0.8040816326530612 0.20555555555555555 0.8 0.2 0.7877551020408163 0.2 0.7836734693877551 0.20555555555555555 0.7836734693877551 0.21666666666666667 0.7959183673469388 0.22777777777777777 0.8 0.2222222222222222 0.8040816326530612 0.22777777777777777 0.8081632653061225 0.22777777777777777 0.8040816326530612 0.23333333333333334 0.8 0.23333333333333334 0.7877551020408163 0.2222222222222222 0.7836734693877551 0.22777777777777777 0.7836734693877551 0.21666666666666667 0.7755102040816326 0.20555555555555555 0.7673469387755102 0.20555555555555555 0.7673469387755102 0.2 0.763265306122449 0.19444444444444445 0.7591836734693878 0.2 0.7591836734693878 0.2111111111111111 0.7551020408163265 0.21666666666666667 0.7591836734693878 0.2222222222222222 0.7551020408163265 0.2222222222222222 0.746938775510204 0.2388888888888889 0.7551020408163265 0.25 0.7551020408163265 0.25555555555555554 0.7591836734693878 0.2611111111111111 0.7551020408163265 0.26666666666666666 0.7551020408163265 0.2722222222222222 0.7591836734693878 0.2777777777777778 0.7551020408163265 0.2833333333333333 0.7591836734693878 0.28888888888888886 0.763265306122449 0.28888888888888886 0.7591836734693878 0.28888888888888886 0.746938775510204 0.3055555555555556 0.7387755102040816 0.3055555555555556 0.726530612244898 0.31666666666666665 0.7224489795918367 0.31666666666666665 0.7183673469387755 0.3111111111111111 0.7183673469387755 0.3055555555555556 0.7224489795918367 0.3111111111111111 0.7306122448979592 0.3 0.7387755102040816 0.3 0.7428571428571429 0.29444444444444445 0.7387755102040816 0.28888888888888886 0.7306122448979592 0.28888888888888886 0.7306122448979592 0.2777777777777778 0.726530612244898 0.2722222222222222 0.7183673469387755 0.28888888888888886 0.7183673469387755 0.2777777777777778 0.7142857142857143 0.2722222222222222 0.710204081632653 0.2722222222222222 0.7061224489795919 0.2777777777777778 0.7061224489795919 0.28888888888888886 0.6979591836734694 0.28888888888888886 0.6938775510204082 0.29444444444444445 0.6979591836734694 0.3 0.7061224489795919 0.3 0.7061224489795919 0.3111111111111111 0.710204081632653 0.31666666666666665 0.7061224489795919 0.31666666666666665 0.7061224489795919 0.3111111111111111 0.7020408163265306 0.3055555555555556 0.6938775510204082 0.3055555555555556 0.689795918367347 0.3111111111111111 0.6938775510204082 0.31666666666666665 0.6816326530612244 0.31666666666666665 0.6775510204081633 0.32222222222222224 0.673469387755102 0.32222222222222224 0.673469387755102 0.31666666666666665 0.6775510204081633 0.3111111111111111 0.6775510204081633 0.3055555555555556 0.6653061224489796 0.28888888888888886 0.6612244897959184 0.29444444444444445 0.6571428571428571 0.29444444444444445 0.6612244897959184 0.29444444444444445 0.673469387755102 0.2777777777777778 0.6693877551020408 0.2722222222222222 0.673469387755102 0.2777777777777778 0.6775510204081633 0.2722222222222222 0.6857142857142857 0.2722222222222222 0.689795918367347 0.26666666666666666 0.710204081632653 0.26666666666666666 0.7142857142857143 0.2611111111111111 0.7224489795918367 0.2611111111111111 0.7306122448979592 0.25 0.7428571428571429 0.25 0.746938775510204 0.24444444444444444 0.7387755102040816 0.23333333333333334 0.7387755102040816 0.22777777777777777 0.7346938775510204 0.2222222222222222 0.7306122448979592 0.22777777777777777 0.7306122448979592 0.23333333333333334 0.7224489795918367 0.2222222222222222 0.7183673469387755 0.2222222222222222 0.7183673469387755 0.17222222222222222 0.7224489795918367 0.17777777777777778 0.7183673469387755 0.18333333333333332 0.726530612244898 0.19444444444444445 0.7306122448979592 0.19444444444444445 0.7428571428571429 0.2111111111111111 0.7510204081632653 0.2111111111111111 0.7591836734693878 0.2 0.7591836734693878 0.19444444444444445 0.7714285714285715 0.19444444444444445 0.7755102040816326 0.18888888888888888 0.7836734693877551 0.2 0.7877551020408163 0.19444444444444445 0.7877551020408163 0.18888888888888888 0.7918367346938775 0.18888888888888888 0.7959183673469388 0.19444444444444445 0.8 0.19444444444444445 0.8040816326530612 0.18888888888888888 0.8122448979591836 0.18888888888888888 0.8163265306122449 0.18333333333333332 0.8408163265306122 0.18333333333333332 0.8448979591836735 0.17777777777777778 0.8448979591836735 0.17222222222222222 0.8489795918367347 0.17222222222222222 0.8530612244897959 0.16666666666666666 0.8653061224489796 0.16666666666666666 0.8693877551020408 0.16111111111111112 0.8653061224489796 0.15555555555555556 0.8693877551020408 0.16111111111111112 0.8734693877551021 0.15555555555555556
19 0.8367346938775511 0 0.889795918367347 0 0.8938775510204081 0.005555555555555556 0.8938775510204081 0.011111111111111112 0.889795918367347 0.016666666666666666 0.889795918367347 0.027777777777777776 0.8857142857142857 0.03333333333333333 0.889795918367347 0.03888888888888889 0.8816326530612245 0.03888888888888889 0.8734693877551021 0.05 0.8448979591836735 0.05 0.8408163265306122 0.05555555555555555 0.8326530612244898 0.05555555555555555 0.8285714285714286 0.05 0.8285714285714286 0.03888888888888889 0.8326530612244898 0.03888888888888889 0.8367346938775511 0.03333333333333333 0.8367346938775511 0.005555555555555556
19 0.746938775510204 0.5944444444444444 0.746938775510204 0.6 0.763265306122449 0.6222222222222222 0.7673469387755102 0.6222222222222222 0.7755102040816326 0.6333333333333333 0.7755102040816326 0.6388888888888888 0.7836734693877551 0.65 0.7836734693877551 0.6555555555555556 0.7959183673469388 0.6722222222222223 0.7959183673469388 0.6777777777777778 0.8 0.6833333333333333 0.8 0.6888888888888889 0.8204081632653061 0.7166666666666667 0.8244897959183674 0.7166666666666667 0.8326530612244898 0.7277777777777777 0.8326530612244898 0.7333333333333333 0.8244897959183674 0.7444444444444445 0.8244897959183674 0.7611111111111111 0.8367346938775511 0.7777777777777778 0.8367346938775511 0.7833333333333333 0.8326530612244898 0.7888888888888889 0.8204081632653061 0.7888888888888889 0.8163265306122449 0.7944444444444444 0.7918367346938775 0.7944444444444444 0.7877551020408163 0.8 0.7795918367346939 0.8 0.7714285714285715 0.7888888888888889 0.763265306122449 0.7888888888888889 0.7551020408163265 0.8 0.7510204081632653 0.8 0.746938775510204 0.8055555555555556 0.7387755102040816 0.7944444444444444 0.7306122448979592 0.7944444444444444 0.726530612244898 0.8 0.7224489795918367 0.8 0.7183673469387755 0.7944444444444444 0.7306122448979592 0.7944444444444444 0.7387755102040816 0.7833333333333333 0.7387755102040816 0.7777777777777778 0.726530612244898 0.7666666666666667 0.7061224489795919 0.7666666666666667 0.7183673469387755 0.7666666666666667 0.726530612244898 0.7555555555555555 0.7183673469387755 0.7444444444444445 0.7142857142857143 0.75 0.7061224489795919 0.75 0.6979591836734694 0.7611111111111111 0.6979591836734694 0.7666666666666667 0.6979591836734694 0.7611111111111111 0.6938775510204082 0.7555555555555555 0.6857142857142857 0.7555555555555555 0.6816326530612244 0.75 0.6775510204081633 0.75 0.6693877551020408 0.7388888888888889 0.6693877551020408 0.7333333333333333 0.6775510204081633 0.7222222222222222 0.6775510204081633 0.7166666666666667 0.6938775510204082 0.6944444444444444 0.6938775510204082 0.6888888888888889 0.710204081632653 0.6666666666666666 0.710204081632653 0.6611111111111111 0.7183673469387755 0.65 0.7183673469387755 0.6444444444444445 0.7428571428571429 0.6111111111111112 0.7428571428571429 0.6055555555555555 0.746938775510204 0.6
19 0.6408163265306123 0.3138888888888889 0.0326530612244898 0.10555555555555556
19 0.1346938775510204 0 0.18775510204081633 0 0.19183673469387755 0.005555555555555556 0.2 0.005555555555555556 0.20408163265306123 0.011111111111111112 0.23265306122448978 0.011111111111111112 0.23673469387755103 0.005555555555555556 0.24489795918367346 0.005555555555555556 0.24897959183673468 0 0.2938775510204082 0 0.2979591836734694 0.005555555555555556 0.32653061224489793 0.005555555555555556 0.3306122448979592 0.011111111111111112 0.3551020408163265 0.011111111111111112 0.35918367346938773 0.005555555555555556 0.3836734693877551 0.005555555555555556 0.3877551020408163 0 0.42448979591836733 0 0.42857142857142855 0.005555555555555556 0.42857142857142855 0.07777777777777778 0.4204081632653061 0.08888888888888889 0.39183673469387753 0.08888888888888889 0.3877551020408163 0.09444444444444444 0.37142857142857144 0.09444444444444444 0.3673469387755102 0.08888888888888889 0.3469387755102041 0.08888888888888889 0.34285714285714286 0.09444444444444444 0.33877551020408164 0.09444444444444444 0.3306122448979592 0.10555555555555556 0.32653061224489793 0.10555555555555556 0.3183673469387755 0.11666666666666667 0.3183673469387755 0.12222222222222222 0.31020408163265306 0.12222222222222222 0.30612244897959184 0.12777777777777777 0.3020408163265306 0.12777777777777777 0.2979591836734694 0.13333333333333333 0.2897959183673469 0.13333333333333333 0.2857142857142857 0.1388888888888889 0.2653061224489796 0.1388888888888889 0.2612244897959184 0.14444444444444443 0.24489795918367346 0.14444444444444443 0.24081632653061225 0.15 0.23265306122448978 0.15 0.22857142857142856 0.15555555555555556 0.1836734693877551 0.15555555555555556 0.17959183673469387 0.15 0.17142857142857143 0.15 0.17142857142857143 0.14444444444444443 0.16326530612244897 0.13333333333333333 0.16326530612244897 0.12222222222222222 0.15918367346938775 0.11666666666666667 0.15918367346938775 0.10555555555555556 0.1510204081632653 0.09444444444444444 0.1510204081632653 0.08888888888888889 0.1469387755102041 0.08333333333333333 0.1469387755102041 0.07777777777777778 0.14285714285714285 0.07222222222222222 0.14285714285714285 0.044444444444444446 0.13877551020408163 0.03888888888888889 0.13877551020408163 0.027777777777777776 0.1346938775510204 0.022222222222222223 0.1346938775510204 0.005555555555555556
19 0.7591836734693878 0.6222222222222222 0.763265306122449 0.6277777777777778 0.763265306122449 0.6333333333333333 0.7755102040816326 0.65 0.7755102040816326 0.6611111111111111 0.7795918367346939 0.6666666666666666 0.7877551020408163 0.6666666666666666 0.7918367346938775 0.6722222222222223 0.7877551020408163 0.6722222222222223 0.7836734693877551 0.6777777777777778 0.7877551020408163 0.6833333333333333 0.7877551020408163 0.6944444444444444 0.7918367346938775 0.7 0.7959183673469388 0.7 0.8 0.7055555555555556 0.8040816326530612 0.7055555555555556 0.8081632653061225 0.7111111111111111 0.8122448979591836 0.7111111111111111 0.8163265306122449 0.7166666666666667 0.8204081632653061 0.7166666666666667 0.8285714285714286 0.7277777777777777 0.8326530612244898 0.7277777777777777 0.8367346938775511 0.7333333333333333 0.8408163265306122 0.7277777777777777 0.8530612244897959 0.7277777777777777 0.8571428571428571 0.7222222222222222 0.8816326530612245 0.7222222222222222 0.8857142857142857 0.7166666666666667 0.8979591836734694 0.7166666666666667 0.9020408163265307 0.7111111111111111 0.9061224489795918 0.7111111111111111 0.9183673469387755 0.7 0.926530612244898 0.7 0.9306122448979591 0.6944444444444444 0.9346938775510204 0.6944444444444444 0.9469387755102041 0.6833333333333333 0.9510204081632653 0.6833333333333333 0.9551020408163265 0.6888888888888889 0.963265306122449 0.6888888888888889 0.9673469387755103 0.6944444444444444 0.9755102040816327 0.6944444444444444 0.9795918367346939 0.7 0.9877551020408163 0.7 0.9918367346938776 0.7055555555555556 0.9918367346938776 0.7222222222222222 0.9877551020408163 0.7277777777777777 0.9836734693877551 0.7222222222222222 0.9795918367346939 0.7277777777777777 0.9795918367346939 0.7333333333333333 0.9836734693877551 0.7388888888888889 0.9836734693877551 0.75 0.9877551020408163 0.7555555555555555 0.9877551020408163 0.7611111111111111 0.9836734693877551 0.7666666666666667 0.9836734693877551 0.7777777777777778 0.9877551020408163 0.7833333333333333 0.9836734693877551 0.7888888888888889 0.9755102040816327 0.7777777777777778 0.9755102040816327 0.7722222222222223 0.9714285714285714 0.7666666666666667 0.9673469387755103 0.7722222222222223 0.9673469387755103 0.7777777777777778 0.9673469387755103 0.7666666666666667 0.9714285714285714 0.7666666666666667 0.9755102040816327 0.7722222222222223 0.9795918367346939 0.7666666666666667 0.9795918367346939 0.7611111111111111 0.9755102040816327 0.7555555555555555 0.9836734693877551 0.7444444444444445 0.9795918367346939 0.7388888888888889 0.963265306122449 0.7388888888888889 0.9591836734693877 0.7444444444444445 0.9591836734693877 0.7555555555555555 0.9551020408163265 0.75 0.9510204081632653 0.75 0.9469387755102041 0.7555555555555555 0.9428571428571428 0.7555555555555555 0.9387755102040817 0.7611111111111111 0.9387755102040817 0.7666666666666667 0.9346938775510204 0.7666666666666667 0.9306122448979591 0.7722222222222223 0.9306122448979591 0.7777777777777778 0.9224489795918367 0.7777777777777778 0.9142857142857143 0.7666666666666667 0.9061224489795918 0.7777777777777778 0.8775510204081632 0.7777777777777778 0.8734693877551021 0.7833333333333333 0.8530612244897959 0.7833333333333333 0.8489795918367347 0.7888888888888889 0.8326530612244898 0.7888888888888889 0.8285714285714286 0.7944444444444444 0.8081632653061225 0.7944444444444444 0.8040816326530612 0.8 0.7877551020408163 0.8 0.7836734693877551 0.8055555555555556 0.7795918367346939 0.8055555555555556 0.7755102040816326 0.8 0.7714285714285715 0.8055555555555556 0.7591836734693878 0.8055555555555556 0.7551020408163265 0.8111111111111111 0.746938775510204 0.8111111111111111 0.7428571428571429 0.8166666666666667 0.726530612244898 0.8166666666666667 0.7224489795918367 0.8222222222222222 0.7020408163265306 0.8222222222222222 0.6979591836734694 0.8277777777777777 0.6857142857142857 0.8277777777777777 0.6816326530612244 0.8333333333333334 0.6612244897959184 0.8333333333333334 0.6571428571428571 0.8388888888888889 0.636734693877551 0.8388888888888889 0.6326530612244898 0.8444444444444444 0.6285714285714286 0.8444444444444444 0.6163265306122448 0.8555555555555555 0.6163265306122448 0.8666666666666667 0.6204081632653061 0.8722222222222222 0.6204081632653061 0.8888888888888888 0.6244897959183674 0.8944444444444445 0.6204081632653061 0.9 0.6163265306122448 0.9 0.6122448979591837 0.8944444444444445 0.6081632653061224 0.8944444444444445 0.6040816326530613 0.9 0.6 0.8944444444444445 0.5959183673469388 0.9 0.5918367346938775 0.8944444444444445 0.5877551020408164 0.9 0.5714285714285714 0.9 0.5673469387755102 0.8944444444444445 0.563265306122449 0.8944444444444445 0.5673469387755102 0.8888888888888888 0.5673469387755102 0.8833333333333333 0.5755102040816327 0.8722222222222222 0.5836734693877551 0.8722222222222222 0.5877551020408164 0.8666666666666667 0.5918367346938775 0.8666666666666667 0.5959183673469388 0.8611111111111112 0.6 0.8611111111111112 0.6163265306122448 0.8388888888888889 0.6163265306122448 0.8333333333333334 0.6285714285714286 0.8166666666666667 0.6285714285714286 0.8111111111111111 0.6489795918367347 0.7833333333333333 0.6489795918367347 0.7777777777777778 0.6653061224489796 0.7555555555555555 0.6693877551020408 0.7611111111111111 0.6775510204081633 0.7611111111111111 0.6816326530612244 0.7555555555555555 0.6816326530612244 0.75 0.673469387755102 0.7388888888888889 0.673469387755102 0.7277777777777777 0.689795918367347 0.7055555555555556 0.689795918367347 0.7 0.7061224489795919 0.6777777777777778 0.7061224489795919 0.6722222222222223 0.7183673469387755 0.6555555555555556 0.7183673469387755 0.65 0.746938775510204 0.6111111111111112 0.7510204081632653 0.6111111111111112 0.7510204081632653 0.6166666666666667 0.7551020408163265 0.6222222222222222
19 0.8122448979591836 0.7111111111111111 0.8367346938775511 0.7333333333333333 0.8408163265306122 0.7277777777777777 0.8530612244897959 0.7277777777777777 0.8571428571428571 0.7222222222222222 0.8775510204081632 0.7222222222222222 0.8816326530612245 0.7166666666666667 0.8938775510204081 0.7166666666666667 0.8979591836734694 0.7111111111111111 0.9061224489795918 0.7111111111111111 0.9183673469387755 0.7 0.926530612244898 0.7 0.9346938775510204 0.6888888888888889 0.9428571428571428 0.6888888888888889 0.9469387755102041 0.6833333333333333 0.9510204081632653 0.6833333333333333 0.9551020408163265 0.6888888888888889 0.963265306122449 0.6888888888888889 0.9673469387755103 0.6944444444444444 0.9755102040816327 0.6944444444444444 0.9795918367346939 0.7 0.9877551020408163 0.7 0.9959183673469387 0.7111111111111111 0.9959183673469387 0.7166666666666667 0.9918367346938776 0.7222222222222222 0.9795918367346939 0.7222222222222222 0.9714285714285714 0.7333333333333333 0.9673469387755103 0.7333333333333333 0.9591836734693877 0.7444444444444445 0.9551020408163265 0.7444444444444445 0.9510204081632653 0.75 0.9469387755102041 0.75 0.9428571428571428 0.7555555555555555 0.9387755102040817 0.7555555555555555 0.9306122448979591 0.7666666666666667 0.926530612244898 0.7666666666666667 0.9224489795918367 0.7722222222222223 0.9102040816326531 0.7722222222222223 0.9061224489795918 0.7777777777777778 0.8775510204081632 0.7777777777777778 0.8734693877551021 0.7833333333333333 0.8530612244897959 0.7833333333333333 0.8489795918367347 0.7888888888888889 0.8326530612244898 0.7888888888888889 0.8285714285714286 0.7944444444444444 0.8081632653061225 0.7944444444444444 0.8040816326530612 0.8 0.7877551020408163 0.8 0.7836734693877551 0.8055555555555556 0.7591836734693878 0.8055555555555556 0.7551020408163265 0.8111111111111111 0.7428571428571429 0.8111111111111111 0.7387755102040816 0.8166666666666667 0.726530612244898 0.8166666666666667 0.7224489795918367 0.8222222222222222 0.7020408163265306 0.8222222222222222 0.6979591836734694 0.8277777777777777 0.6816326530612244 0.8277777777777777 0.6775510204081633 0.8333333333333334 0.6571428571428571 0.8333333333333334 0.6530612244897959 0.8388888888888889 0.6285714285714286 0.8388888888888889 0.6244897959183674 0.8444444444444444 0.6204081632653061 0.8444444444444444 0.6163265306122448 0.8388888888888889 0.6204081632653061 0.8333333333333334 0.6204081632653061 0.8277777777777777 0.6326530612244898 0.8111111111111111 0.6326530612244898 0.8055555555555556 0.6571428571428571 0.7722222222222223 0.6571428571428571 0.7666666666666667 0.6612244897959184 0.7611111111111111 0.673469387755102 0.7611111111111111 0.6775510204081633 0.7555555555555555 0.673469387755102 0.75 0.6775510204081633 0.7444444444444445 0.673469387755102 0.7388888888888889 0.673469387755102 0.7333333333333333 0.6816326530612244 0.7222222222222222 0.6857142857142857 0.7222222222222222 0.689795918367347 0.7277777777777777 0.7142857142857143 0.7277777777777777 0.7183673469387755 0.7333333333333333 0.7387755102040816 0.7333333333333333 0.7510204081632653 0.7444444444444445 0.763265306122449 0.7444444444444445 0.7673469387755102 0.7388888888888889 0.7673469387755102 0.7166666666666667 0.7755102040816326 0.7055555555555556 0.8040816326530612 0.7055555555555556 0.8081632653061225 0.7111111111111111
19 0.6285714285714286 0.3611111111111111 0.6408163265306123 0.3611111111111111 0.6775510204081633 0.4111111111111111 0.6775510204081633 0.4222222222222222 0.6816326530612244 0.42777777777777776 0.6775510204081633 0.43333333333333335 0.6775510204081633 0.4388888888888889 0.673469387755102 0.4388888888888889 0.6653061224489796 0.45555555555555555 0.673469387755102 0.4666666666666667 0.673469387755102 0.4722222222222222 0.6571428571428571 0.49444444444444446 0.6571428571428571 0.5 0.6612244897959184 0.5055555555555555 0.6612244897959184 0.5111111111111111 0.673469387755102 0.5222222222222223 0.6816326530612244 0.5222222222222223 0.689795918367347 0.5333333333333333 0.6938775510204082 0.5333333333333333 0.6979591836734694 0.5388888888888889 0.6979591836734694 0.5444444444444444 0.7306122448979592 0.5888888888888889 0.7306122448979592 0.6111111111111112 0.726530612244898 0.6166666666666667 0.726530612244898 0.6222222222222222 0.7183673469387755 0.6333333333333333 0.7183673469387755 0.6388888888888888 0.6979591836734694 0.6666666666666666 0.6979591836734694 0.6722222222222223 0.689795918367347 0.6833333333333333 0.689795918367347 0.6888888888888889 0.6775510204081633 0.7055555555555556 0.6775510204081633 0.7111111111111111 0.6653061224489796 0.7277777777777777 0.6653061224489796 0.7333333333333333 0.6612244897959184 0.7388888888888889 0.6612244897959184 0.7444444444444445 0.6530612244897959 0.7555555555555555 0.6530612244897959 0.7611111111111111 0.636734693877551 0.7833333333333333 0.636734693877551 0.7888888888888889 0.6122448979591837 0.8222222222222222 0.6122448979591837 0.8277777777777777 0.6 0.8444444444444444 0.6 0.85 0.5959183673469388 0.85 0.5918367346938775 0.8555555555555555 0.5836734693877551 0.8555555555555555 0.5795918367346938 0.8611111111111112 0.5755102040816327 0.8611111111111112 0.5551020408163265 0.8888888888888888 0.5551020408163265 0.8944444444444445 0.45714285714285713 0.8944444444444445 0.4530612244897959 0.9 0.4489795918367347 0.8944444444444445 0.39183673469387753 0.8944444444444445 0.3877551020408163 0.8888888888888888 0.3795918367346939 0.8888888888888888 0.37551020408163266 0.8833333333333333 0.37142857142857144 0.8833333333333333 0.3673469387755102 0.8777777777777778 0.363265306122449 0.8777777777777778 0.3306122448979592 0.8333333333333334 0.32653061224489793 0.8333333333333334 0.31020408163265306 0.8111111111111111 0.31020408163265306 0.8055555555555556 0.3020408163265306 0.7944444444444444 0.3020408163265306 0.7888888888888889 0.2979591836734694 0.7833333333333333 0.2979591836734694 0.7722222222222223 0.3020408163265306 0.7666666666666667 0.3020408163265306 0.7611111111111111 0.31020408163265306 0.75 0.31020408163265306 0.7444444444444445 0.3142857142857143 0.7388888888888889 0.3142857142857143 0.7333333333333333 0.3306122448979592 0.7111111111111111 0.3306122448979592 0.7055555555555556 0.3346938775510204 0.7 0.33877551020408164 0.7 0.3469387755102041 0.6888888888888889 0.3469387755102041 0.6833333333333333 0.3510204081632653 0.6777777777777778 0.3510204081632653 0.6722222222222223 0.3551020408163265 0.6722222222222223 0.363265306122449 0.6611111111111111 0.363265306122449 0.6555555555555556 0.37142857142857144 0.6444444444444445 0.37142857142857144 0.6388888888888888 0.37551020408163266 0.6333333333333333 0.37551020408163266 0.6277777777777778 0.3795918367346939 0.6222222222222222 0.3795918367346939 0.6166666666666667 0.3877551020408163 0.6055555555555555 0.3877551020408163 0.6 0.4 0.5833333333333334 0.4 0.5777777777777777 0.4122448979591837 0.5611111111111111 0.4163265306122449 0.5611111111111111 0.4204081632653061 0.5555555555555556 0.4204081632653061 0.55 0.42857142857142855 0.5388888888888889 0.4326530612244898 0.5388888888888889 0.43673469387755104 0.5333333333333333 0.44081632653061226 0.5333333333333333 0.4530612244897959 0.5166666666666667 0.4530612244897959 0.5111111111111111 0.4816326530612245 0.4722222222222222 0.49387755102040815 0.4722222222222222 0.49795918367346936 0.4777777777777778 0.49795918367346936 0.48333333333333334 0.5020408163265306 0.4888888888888889 0.5020408163265306 0.49444444444444446 0.5102040816326531 0.5055555555555555 0.5224489795918368 0.5055555555555555 0.5306122448979592 0.49444444444444446 0.5346938775510204 0.49444444444444446 0.5387755102040817 0.4888888888888889 0.5387755102040817 0.48333333333333334 0.5469387755102041 0.4722222222222222 0.5469387755102041 0.45 0.6 0.45 0.6122448979591837 0.43333333333333335 0.6163265306122448 0.43333333333333335 0.6244897959183674 0.4166666666666667 0.6244897959183674 0.38333333333333336 0.6285714285714286 0.37777777777777777 0.6285714285714286 0.36666666666666664
19 0.49795918367346936 0.43333333333333335 0.5061224489795918 0.43333333333333335 0.5102040816326531 0.4388888888888889 0.5306122448979592 0.4388888888888889 0.5346938775510204 0.4444444444444444 0.5387755102040817 0.4444444444444444 0.5387755102040817 0.45 0.5428571428571428 0.45555555555555555 0.5387755102040817 0.46111111111111114 0.5387755102040817 0.4777777777777778 0.5265306122448979 0.49444444444444446 0.5224489795918368 0.49444444444444446 0.5183673469387755 0.5 0.5142857142857142 0.5 0.5020408163265306 0.48333333333333334 0.5020408163265306 0.4666666666666667 0.49795918367346936 0.46111111111111114 0.49795918367346936 0.4388888888888889
19 0.3510204081632653 0.6722222222222223 0.3551020408163265 0.6722222222222223 0.3551020408163265 0.6777777777777778 0.37551020408163266 0.7055555555555556 0.3877551020408163 0.7055555555555556 0.3877551020408163 0.7111111111111111 0.40408163265306124 0.7333333333333333 0.40816326530612246 0.7333333333333333 0.4163265306122449 0.7444444444444445 0.40816326530612246 0.7611111111111111 0.40816326530612246 0.7722222222222223 0.4122448979591837 0.7777777777777778 0.4163265306122449 0.7722222222222223 0.42448979591836733 0.7722222222222223 0.42857142857142855 0.7777777777777778 0.4326530612244898 0.7722222222222223 0.4448979591836735 0.7722222222222223 0.45714285714285713 0.7888888888888889 0.45714285714285713 0.8 0.44081632653061226 0.8 0.43673469387755104 0.7944444444444444 0.4326530612244898 0.8 0.4326530612244898 0.8111111111111111 0.42857142857142855 0.8055555555555556 0.42448979591836733 0.8111111111111111 0.42448979591836733 0.8333333333333334 0.4204081632653061 0.8388888888888889 0.4204081632653061 0.85 0.42448979591836733 0.8555555555555555 0.42857142857142855 0.8555555555555555 0.42448979591836733 0.8611111111111112 0.4163265306122449 0.8611111111111112 0.4122448979591837 0.8555555555555555 0.4 0.8555555555555555 0.3877551020408163 0.8666666666666667 0.39183673469387753 0.8722222222222222 0.39591836734693875 0.8722222222222222 0.39591836734693875 0.8833333333333333 0.4 0.8888888888888888 0.40816326530612246 0.8888888888888888 0.4122448979591837 0.8833333333333333 0.4204081632653061 0.8833333333333333 0.42857142857142855 0.8722222222222222 0.42448979591836733 0.8777777777777778 0.4326530612244898 0.8944444444444445 0.39183673469387753 0.8944444444444445 0.3877551020408163 0.8888888888888888 0.37551020408163266 0.8888888888888888 0.3673469387755102 0.8777777777777778 0.363265306122449 0.8777777777777778 0.363265306122449 0.8722222222222222 0.35918367346938773 0.8666666666666667 0.3510204081632653 0.8666666666666667 0.3510204081632653 0.8611111111111112 0.3346938775510204 0.8388888888888889 0.3306122448979592 0.8388888888888889 0.32653061224489793 0.8333333333333334 0.3224489795918367 0.8333333333333334 0.3142857142857143 0.8222222222222222 0.3142857142857143 0.8166666666666667 0.30612244897959184 0.8055555555555556 0.30612244897959184 0.8 0.2979591836734694 0.7888888888888889 0.2979591836734694 0.7722222222222223 0.3020408163265306 0.7666666666666667 0.3020408163265306 0.7611111111111111 0.31020408163265306 0.75 0.31020408163265306 0.7444444444444445 0.3142857142857143 0.7388888888888889 0.3142857142857143 0.7333333333333333 0.3183673469387755 0.7277777777777777 0.3183673469387755 0.7222222222222222 0.3224489795918367 0.7222222222222222 0.32653061224489793 0.7166666666666667 0.32653061224489793 0.7111111111111111 0.3510204081632653 0.6777777777777778
19 0.6816326530612244 0 0.6938775510204082 0 0.6979591836734694 0.005555555555555556 0.726530612244898 0.005555555555555556 0.7306122448979592 0 0.7428571428571429 0 0.7428571428571429 0.011111111111111112 0.7387755102040816 0.016666666666666666 0.7387755102040816 0.022222222222222223 0.7346938775510204 0.027777777777777776 0.7346938775510204 0.03333333333333333 0.7306122448979592 0.03888888888888889 0.7306122448979592 0.044444444444444446 0.726530612244898 0.05 0.7183673469387755 0.05 0.710204081632653 0.06111111111111111 0.710204081632653 0.07777777777777778 0.6938775510204082 0.07777777777777778 0.689795918367347 0.07222222222222222 0.6857142857142857 0.07222222222222222 0.673469387755102 0.06111111111111111 0.6653061224489796 0.07222222222222222 0.6653061224489796 0.07777777777777778 0.6693877551020408 0.08333333333333333 0.6693877551020408 0.08888888888888889 0.6653061224489796 0.09444444444444444 0.6653061224489796 0.1 0.6612244897959184 0.10555555555555556 0.6612244897959184 0.1111111111111111 0.6530612244897959 0.1111111111111111 0.6530612244897959 0.10555555555555556 0.6612244897959184 0.08888888888888889 0.6612244897959184 0.07777777777777778 0.6693877551020408 0.06111111111111111 0.6693877551020408 0.05 0.673469387755102 0.044444444444444446 0.673469387755102 0.027777777777777776 0.6775510204081633 0.022222222222222223 0.6775510204081633 0.011111111111111112 0.6816326530612244 0.005555555555555556
19 0.05714285714285714 0 0.061224489795918366 0.005555555555555556 0.08979591836734693 0.005555555555555556 0.09387755102040816 0.011111111111111112 0.10204081632653061 0.011111111111111112 0.10204081632653061 0.027777777777777776 0.09387755102040816 0.03888888888888889 0.09387755102040816 0.044444444444444446 0.08979591836734693 0.044444444444444446 0.08163265306122448 0.05555555555555555 0.08163265306122448 0.06111111111111111 0.06938775510204082 0.07777777777777778 0.06938775510204082 0.08333333333333333 0.05714285714285714 0.08333333333333333 0.053061224489795916 0.08888888888888889 0.05714285714285714 0.09444444444444444 0.04897959183673469 0.10555555555555556 0.04897959183673469 0.1111111111111111 0.0326530612244898 0.1111111111111111 0.02857142857142857 0.11666666666666667 0.0326530612244898 0.12222222222222222 0.02857142857142857 0.11666666666666667 0.02040816326530612 0.12777777777777777 0.0163265306122449 0.12777777777777777 0.012244897959183673 0.13333333333333333 0.004081632653061225 0.13333333333333333 0.004081632653061225 0.09444444444444444 0.00816326530612245 0.08888888888888889 0.00816326530612245 0.05555555555555555 0.004081632653061225 0.05 0.004081632653061225 0.027777777777777776 0 0.022222222222222223 0 0.011111111111111112 0.004081632653061225 0.011111111111111112 0.00816326530612245 0.005555555555555556 0.036734693877551024 0.005555555555555556 0.04081632653061224 0 0.053061224489795916 0
19 0.5265306122448979 0.2222222222222222 0.20408163265306123 0.4444444444444444
19 0.746938775510204 0.6055555555555555 0.7591836734693878 0.6222222222222222 0.763265306122449 0.6222222222222222 0.7755102040816326 0.6388888888888888 0.7755102040816326 0.6444444444444445 0.7959183673469388 0.6722222222222223 0.7959183673469388 0.6777777777777778 0.8 0.6833333333333333 0.8 0.6944444444444444 0.8163265306122449 0.7166666666666667 0.8204081632653061 0.7166666666666667 0.8285714285714286 0.7277777777777777 0.8285714285714286 0.7333333333333333 0.8204081632653061 0.7444444444444445 0.8204081632653061 0.75 0.8081632653061225 0.7666666666666667 0.8081632653061225 0.7777777777777778 0.8040816326530612 0.7833333333333333 0.8040816326530612 0.7722222222222223 0.8 0.7666666666666667 0.7959183673469388 0.7666666666666667 0.7918367346938775 0.7722222222222223 0.7918367346938775 0.7777777777777778 0.7836734693877551 0.7777777777777778 0.7836734693877551 0.7666666666666667 0.7714285714285715 0.7555555555555555 0.746938775510204 0.7555555555555555 0.7428571428571429 0.75 0.7387755102040816 0.75 0.7346938775510204 0.7444444444444445 0.726530612244898 0.7444444444444445 0.7224489795918367 0.7388888888888889 0.710204081632653 0.7388888888888889 0.6979591836734694 0.75 0.6816326530612244 0.75 0.6693877551020408 0.7388888888888889 0.673469387755102 0.7333333333333333 0.673469387755102 0.7277777777777777 0.6857142857142857 0.7111111111111111 0.6857142857142857 0.7055555555555556 0.7020408163265306 0.6833333333333333 0.7020408163265306 0.6777777777777778 0.7142857142857143 0.6611111111111111 0.7142857142857143 0.6555555555555556 0.726530612244898 0.6388888888888888 0.726530612244898 0.6333333333333333 0.7428571428571429 0.6111111111111112
19 0.0653061224489796 0.5833333333333334 0.06938775510204082 0.5888888888888889 0.07346938775510205 0.5833333333333334 0.08979591836734693 0.5833333333333334 0.09387755102040816 0.5888888888888889 0.11020408163265306 0.5888888888888889 0.11428571428571428 0.5833333333333334 0.1306122448979592 0.5833333333333334 0.1306122448979592 0.5944444444444444 0.1346938775510204 0.6 0.15510204081632653 0.6 0.16326530612244897 0.5888888888888889 0.1673469387755102 0.5888888888888889 0.17142857142857143 0.5833333333333334 0.2 0.5833333333333334 0.20408163265306123 0.5777777777777777 0.23265306122448978 0.5777777777777777 0.23673469387755103 0.5833333333333334 0.2612244897959184 0.5833333333333334 0.27346938775510204 0.6 0.2693877551020408 0.6 0.2653061224489796 0.5944444444444444 0.2612244897959184 0.5944444444444444 0.2571428571428571 0.6 0.2571428571428571 0.6055555555555555 0.23673469387755103 0.6055555555555555 0.22857142857142856 0.6166666666666667 0.22857142857142856 0.6222222222222222 0.22040816326530613 0.6333333333333333 0.22040816326530613 0.6444444444444445 0.2163265306122449 0.65 0.2163265306122449 0.6722222222222223 0.22040816326530613 0.6777777777777778 0.22040816326530613 0.7055555555555556 0.2163265306122449 0.7111111111111111 0.2163265306122449 0.7222222222222222 0.22448979591836735 0.7388888888888889 0.22857142857142856 0.7388888888888889 0.23265306122448978 0.7444444444444445 0.23673469387755103 0.7444444444444445 0.24489795918367346 0.7555555555555555 0.2571428571428571 0.7555555555555555 0.2612244897959184 0.75 0.2653061224489796 0.75 0.2693877551020408 0.7444444444444445 0.27346938775510204 0.7444444444444445 0.2816326530612245 0.7333333333333333 0.2816326530612245 0.7222222222222222 0.2857142857142857 0.7166666666666667 0.2857142857142857 0.7055555555555556 0.2897959183673469 0.7 0.2897959183673469 0.6444444444444445 0.2979591836734694 0.6333333333333333 0.2938775510204082 0.6277777777777778 0.2897959183673469 0.6277777777777778 0.2816326530612245 0.6166666666666667 0.2897959183673469 0.6166666666666667 0.2897959183673469 0.6222222222222222 0.2938775510204082 0.6277777777777778 0.2979591836734694 0.6277777777777778 0.2979591836734694 0.6333333333333333 0.3020408163265306 0.6388888888888888 0.2979591836734694 0.6444444444444445 0.2979591836734694 0.6611111111111111 0.3020408163265306 0.6666666666666666 0.3020408163265306 0.6722222222222223 0.2979591836734694 0.6777777777777778 0.2979591836734694 0.6833333333333333 0.3020408163265306 0.6888888888888889 0.3020408163265306 0.7444444444444445 0.2857142857142857 0.7777777777777778 0.2897959183673469 0.7833333333333333 0.2897959183673469 0.7888888888888889 0.2938775510204082 0.7944444444444444 0.2938775510204082 0.8 0.30612244897959184 0.8166666666666667 0.30612244897959184 0.8944444444444445 0.3020408163265306 0.9 0.2979591836734694 0.9 0.2938775510204082 0.8944444444444445 0.2897959183673469 0.9 0.24897959183673468 0.9 0.24489795918367346 0.8944444444444445 0.23673469387755103 0.8944444444444445 0.23265306122448978 0.9 0.17551020408163265 0.9 0.17551020408163265 0.8944444444444445 0.18775510204081633 0.8944444444444445 0.2 0.8833333333333333 0.2 0.8611111111111112 0.19591836734693877 0.8555555555555555 0.19591836734693877 0.85 0.2 0.8444444444444444 0.2 0.8333333333333334 0.19591836734693877 0.8277777777777777 0.19591836734693877 0.8222222222222222 0.18775510204081633 0.8111111111111111 0.1836734693877551 0.8111111111111111 0.17959183673469387 0.8055555555555556 0.16326530612244897 0.8055555555555556 0.15918367346938775 0.8 0.1510204081632653 0.8 0.1346938775510204 0.8222222222222222 0.1346938775510204 0.8666666666666667 0.13877551020408163 0.8722222222222222 0.13877551020408163 0.8833333333333333 0.14285714285714285 0.8888888888888888 0.1469387755102041 0.8888888888888888 0.1469387755102041 0.8944444444444445 0.14285714285714285 0.9 0.10612244897959183 0.9 0.10612244897959183 0.8944444444444445 0.11020408163265306 0.8888888888888888 0.11020408163265306 0.8722222222222222 0.10612244897959183 0.8666666666666667 0.10612244897959183 0.8611111111111112 0.11020408163265306 0.8555555555555555 0.11020408163265306 0.8222222222222222 0.09795918367346938 0.8055555555555556 0.09387755102040816 0.8055555555555556 0.08979591836734693 0.8 0.07346938775510205 0.8 0.06938775510204082 0.8055555555555556 0.061224489795918366 0.8055555555555556 0.053061224489795916 0.8166666666666667 0.04897959183673469 0.8166666666666667 0.04081632653061224 0.8333333333333334 0.04081632653061224 0.8833333333333333 0.044897959183673466 0.8888888888888888 0.044897959183673466 0.8944444444444445 0.04081632653061224 0.9 0.02857142857142857 0.9 0.024489795918367346 0.8944444444444445 0.02040816326530612 0.8944444444444445 0.024489795918367346 0.8888888888888888 0.024489795918367346 0.8777777777777778 0.02040816326530612 0.8722222222222222 0.02040816326530612 0.8555555555555555 0.024489795918367346 0.85 0.024489795918367346 0.8333333333333334 0.02040816326530612 0.8277777777777777 0.02040816326530612 0.8166666666666667 0.012244897959183673 0.8055555555555556 0.00816326530612245 0.8055555555555556 0 0.7944444444444444 0 0.7611111111111111 0.004081632653061225 0.7555555555555555 0 0.75 0.004081632653061225 0.7444444444444445 0.004081632653061225 0.7055555555555556 0.00816326530612245 0.7 0.02040816326530612 0.7 0.024489795918367346 0.6944444444444444 0.04081632653061224 0.6944444444444444 0.04897959183673469 0.7055555555555556 0.05714285714285714 0.7055555555555556 0.061224489795918366 0.7111111111111111 0.0653061224489796 0.7111111111111111 0.07346938775510205 0.7222222222222222 0.07346938775510205 0.7333333333333333 0.06938775510204082 0.7388888888888889 0.0653061224489796 0.7333333333333333 0.05714285714285714 0.7333333333333333 0.061224489795918366 0.7333333333333333 0.0653061224489796 0.7277777777777777 0.0653061224489796 0.7166666666666667 0.061224489795918366 0.7111111111111111 0.05714285714285714 0.7166666666666667 0.05714285714285714 0.7222222222222222 0.044897959183673466 0.7222222222222222 0.04081632653061224 0.7166666666666667 0.036734693877551024 0.7166666666666667 0.0326530612244898 0.7222222222222222 0.02857142857142857 0.7222222222222222 0.02040816326530612 0.7333333333333333 0.0163265306122449 0.7277777777777777 0.004081632653061225 0.7388888888888889 0.00816326530612245 0.7444444444444445 0.04081632653061224 0.7444444444444445 0.044897959183673466 0.75 0.053061224489795916 0.75 0.05714285714285714 0.7555555555555555 0.07346938775510205 0.7555555555555555 0.07755102040816327 0.7611111111111111 0.08163265306122448 0.7611111111111111 0.08571428571428572 0.7555555555555555 0.09795918367346938 0.7555555555555555 0.10612244897959183 0.7444444444444445 0.10612244897959183 0.7333333333333333 0.11020408163265306 0.7277777777777777 0.11020408163265306 0.7166666666666667 0.11428571428571428 0.7111111111111111 0.11428571428571428 0.6888888888888889 0.11836734693877551 0.6833333333333333 0.11836734693877551 0.65 0.11428571428571428 0.6444444444444445 0.11428571428571428 0.6333333333333333 0.10612244897959183 0.6222222222222222 0.10204081632653061 0.6222222222222222 0.09795918367346938 0.6166666666666667 0.05714285714285714 0.6166666666666667 0.04897959183673469 0.6277777777777778 0.04897959183673469 0.6388888888888888 0.044897959183673466 0.6388888888888888 0.036734693877551024 0.6555555555555556 0.04081632653061224 0.6611111111111111 0.04081632653061224 0.6666666666666666 0.036734693877551024 0.6666666666666666 0.0326530612244898 0.6722222222222223 0.02857142857142857 0.6666666666666666 0.02857142857142857 0.6555555555555556 0.024489795918367346 0.65 0.02857142857142857 0.6444444444444445 0.02857142857142857 0.6388888888888888 0.0163265306122449 0.6222222222222222 0.004081632653061225 0.6222222222222222 0.004081632653061225 0.6166666666666667 0 0.6111111111111112 0 0.6055555555555555 0.004081632653061225 0.6 0.012244897959183673 0.6 0.0163265306122449 0.6055555555555555 0.02040816326530612 0.6 0.024489795918367346 0.6055555555555555 0.02857142857142857 0.6055555555555555 0.0326530612244898 0.6 0.036734693877551024 0.6055555555555555 0.04081632653061224 0.6055555555555555 0.044897959183673466 0.6 0.04897959183673469 0.6 0.05714285714285714 0.5888888888888889 0.061224489795918366 0.5888888888888889
19 0.6816326530612244 0 0.6979591836734694 0 0.7020408163265306 0.005555555555555556 0.7061224489795919 0 0.710204081632653 0 0.7142857142857143 0.005555555555555556 0.7183673469387755 0.005555555555555556 0.7224489795918367 0 0.8448979591836735 0 0.8408163265306122 0.005555555555555556 0.8448979591836735 0.011111111111111112 0.8408163265306122 0.016666666666666666 0.8448979591836735 0.022222222222222223 0.8326530612244898 0.03333333333333333 0.8326530612244898 0.06111111111111111 0.8285714285714286 0.06111111111111111 0.8163265306122449 0.07222222222222222 0.8081632653061225 0.07222222222222222 0.7959183673469388 0.08333333333333333 0.7877551020408163 0.08333333333333333 0.7877551020408163 0.07777777777777778 0.7959183673469388 0.07777777777777778 0.8040816326530612 0.06666666666666667 0.8081632653061225 0.06666666666666667 0.8122448979591836 0.06111111111111111 0.8122448979591836 0.05 0.8081632653061225 0.044444444444444446 0.8 0.044444444444444446 0.7959183673469388 0.05 0.7877551020408163 0.05 0.7877551020408163 0.044444444444444446 0.8 0.03333333333333333 0.8 0.027777777777777776 0.7959183673469388 0.022222222222222223 0.7918367346938775 0.027777777777777776 0.7877551020408163 0.027777777777777776 0.7836734693877551 0.022222222222222223 0.7795918367346939 0.022222222222222223 0.7755102040816326 0.027777777777777776 0.7714285714285715 0.022222222222222223 0.7591836734693878 0.03888888888888889 0.7591836734693878 0.05555555555555555 0.7551020408163265 0.06111111111111111 0.7591836734693878 0.06666666666666667 0.7591836734693878 0.07222222222222222 0.7714285714285715 0.08888888888888889 0.7714285714285715 0.09444444444444444 0.7673469387755102 0.09444444444444444 0.763265306122449 0.1 0.7551020408163265 0.1 0.7510204081632653 0.10555555555555556 0.7428571428571429 0.10555555555555556 0.7387755102040816 0.1111111111111111 0.7306122448979592 0.1111111111111111 0.726530612244898 0.11666666666666667 0.7183673469387755 0.11666666666666667 0.7142857142857143 0.12222222222222222 0.7061224489795919 0.12222222222222222 0.7020408163265306 0.12777777777777777 0.6938775510204082 0.12777777777777777 0.689795918367347 0.13333333333333333 0.6816326530612244 0.13333333333333333 0.6775510204081633 0.1388888888888889 0.6693877551020408 0.1388888888888889 0.6653061224489796 0.14444444444444443 0.6571428571428571 0.14444444444444443 0.6530612244897959 0.15 0.6489795918367347 0.15 0.6489795918367347 0.12222222222222222 0.6530612244897959 0.11666666666666667 0.6530612244897959 0.1 0.6612244897959184 0.08333333333333333 0.6612244897959184 0.07222222222222222 0.6653061224489796 0.06666666666666667 0.6653061224489796 0.06111111111111111 0.6693877551020408 0.05555555555555555 0.6693877551020408 0.05 0.673469387755102 0.044444444444444446 0.673469387755102 0.03333333333333333 0.6775510204081633 0.027777777777777776 0.6775510204081633 0.011111111111111112 0.6816326530612244 0.005555555555555556
19 0.763265306122449 0.6222222222222222 0.7673469387755102 0.6277777777777778 0.7714285714285715 0.6277777777777778 0.7714285714285715 0.6333333333333333 0.7755102040816326 0.6388888888888888 0.7755102040816326 0.6444444444444445 0.7795918367346939 0.65 0.7836734693877551 0.65 0.7836734693877551 0.6555555555555556 0.7918367346938775 0.6666666666666666 0.7918367346938775 0.6722222222222223 0.7959183673469388 0.6777777777777778 0.7959183673469388 0.6833333333333333 0.8040816326530612 0.6944444444444444 0.8040816326530612 0.7 0.8081632653061225 0.7055555555555556 0.8122448979591836 0.7055555555555556 0.8204081632653061 0.7166666666666667 0.8244897959183674 0.7166666666666667 0.8367346938775511 0.7333333333333333 0.8408163265306122 0.7333333333333333 0.8448979591836735 0.7277777777777777 0.8530612244897959 0.7277777777777777 0.8571428571428571 0.7222222222222222 0.8734693877551021 0.7222222222222222 0.8775510204081632 0.7166666666666667 0.8816326530612245 0.7166666666666667 0.8857142857142857 0.7222222222222222 0.889795918367347 0.7222222222222222 0.8938775510204081 0.7166666666666667 0.9020408163265307 0.7166666666666667 0.9142857142857143 0.7055555555555556 0.9183673469387755 0.7055555555555556 0.9183673469387755 0.7166666666666667 0.9224489795918367 0.7222222222222222 0.926530612244898 0.7222222222222222 0.9306122448979591 0.7166666666666667 0.9428571428571428 0.7333333333333333 0.9469387755102041 0.7277777777777777 0.9510204081632653 0.7333333333333333 0.9551020408163265 0.7277777777777777 0.9551020408163265 0.7166666666666667 0.9510204081632653 0.7111111111111111 0.9551020408163265 0.7055555555555556 0.9551020408163265 0.7 0.963265306122449 0.7 0.963265306122449 0.7111111111111111 0.9591836734693877 0.7166666666666667 0.963265306122449 0.7222222222222222 0.963265306122449 0.7277777777777777 0.9551020408163265 0.7277777777777777 0.9510204081632653 0.7333333333333333 0.9510204081632653 0.7388888888888889 0.9469387755102041 0.7388888888888889 0.9346938775510204 0.7555555555555555 0.926530612244898 0.7555555555555555 0.9224489795918367 0.7611111111111111 0.9183673469387755 0.7611111111111111 0.9142857142857143 0.7555555555555555 0.9061224489795918 0.7722222222222223 0.8734693877551021 0.7722222222222223 0.8693877551020408 0.7777777777777778 0.8612244897959184 0.7777777777777778 0.8571428571428571 0.7722222222222223 0.8530612244897959 0.7777777777777778 0.8489795918367347 0.7777777777777778 0.8367346938775511 0.7888888888888889 0.8244897959183674 0.7888888888888889 0.8204081632653061 0.7944444444444444 0.7836734693877551 0.7944444444444444 0.7795918367346939 0.7888888888888889 0.7795918367346939 0.7777777777777778 0.7714285714285715 0.7611111111111111 0.7591836734693878 0.7611111111111111 0.7551020408163265 0.7666666666666667 0.7510204081632653 0.7611111111111111 0.746938775510204 0.7611111111111111 0.7428571428571429 0.7666666666666667 0.7428571428571429 0.7611111111111111 0.7346938775510204 0.75 0.7306122448979592 0.75 0.726530612244898 0.7444444444444445 0.7142857142857143 0.7444444444444445 0.710204081632653 0.75 0.7061224489795919 0.75 0.7020408163265306 0.7555555555555555 0.6979591836734694 0.7555555555555555 0.6938775510204082 0.75 0.6857142857142857 0.75 0.673469387755102 0.7388888888888889 0.673469387755102 0.7333333333333333 0.6775510204081633 0.7277777777777777 0.6775510204081633 0.7222222222222222 0.689795918367347 0.7055555555555556 0.689795918367347 0.7 0.7061224489795919 0.6777777777777778 0.7061224489795919 0.6722222222222223 0.7183673469387755 0.6555555555555556 0.7183673469387755 0.65 0.746938775510204 0.6111111111111112 0.7510204081632653 0.6111111111111112 0.7591836734693878 0.6222222222222222
19 0.15510204081632653 0.13333333333333333 0.17551020408163265 0.16111111111111112 0.19183673469387755 0.16111111111111112 0.19591836734693877 0.16666666666666666 0.21224489795918366 0.16666666666666666 0.2163265306122449 0.17222222222222222 0.22040816326530613 0.17222222222222222 0.22448979591836735 0.16666666666666666 0.2530612244897959 0.16666666666666666 0.2571428571428571 0.16111111111111112 0.27755102040816326 0.16111111111111112 0.2816326530612245 0.15555555555555556 0.2897959183673469 0.15555555555555556 0.2938775510204082 0.15 0.3020408163265306 0.15 0.30612244897959184 0.14444444444444443 0.31020408163265306 0.14444444444444443 0.3142857142857143 0.15 0.3142857142857143 0.16111111111111112 0.3183673469387755 0.16666666666666666 0.3183673469387755 0.19444444444444445 0.32653061224489793 0.2111111111111111 0.32653061224489793 0.22777777777777777 0.3306122448979592 0.23333333333333334 0.3306122448979592 0.24444444444444444 0.3346938775510204 0.25 0.3346938775510204 0.25555555555555554 0.33877551020408164 0.2611111111111111 0.33877551020408164 0.26666666666666666 0.3510204081632653 0.2833333333333333 0.3551020408163265 0.2833333333333333 0.35918367346938773 0.28888888888888886 0.363265306122449 0.28888888888888886 0.3673469387755102 0.29444444444444445 0.37142857142857144 0.29444444444444445 0.3795918367346939 0.3055555555555556 0.3877551020408163 0.3055555555555556 0.39183673469387753 0.3111111111111111 0.4122448979591837 0.3111111111111111 0.4163265306122449 0.3055555555555556 0.4163265306122449 0.3111111111111111 0.4204081632653061 0.31666666666666665 0.4204081632653061 0.3333333333333333 0.4163265306122449 0.3388888888888889 0.4163265306122449 0.38333333333333336 0.4204081632653061 0.3888888888888889 0.4204081632653061 0.4 0.42448979591836733 0.40555555555555556 0.42448979591836733 0.4111111111111111 0.43673469387755104 0.42777777777777776 0.4816326530612245 0.42777777777777776 0.4897959183673469 0.4388888888888889 0.4816326530612245 0.45 0.4816326530612245 0.45555555555555555 0.4775510204081633 0.45555555555555555 0.47346938775510206 0.46111111111111114 0.47346938775510206 0.4666666666666667 0.43673469387755104 0.5166666666666667 0.4326530612244898 0.5166666666666667 0.42448979591836733 0.5277777777777778 0.4204081632653061 0.5277777777777778 0.40408163265306124 0.55 0.40408163265306124 0.5555555555555556 0.3877551020408163 0.5777777777777777 0.3877551020408163 0.5833333333333334 0.37142857142857144 0.6055555555555555 0.37142857142857144 0.6166666666666667 0.3673469387755102 0.6222222222222222 0.3673469387755102 0.6277777777777778 0.363265306122449 0.6333333333333333 0.363265306122449 0.6388888888888888 0.3346938775510204 0.6388888888888888 0.3306122448979592 0.6333333333333333 0.3224489795918367 0.6333333333333333 0.3142857142857143 0.6222222222222222 0.31020408163265306 0.6222222222222222 0.3020408163265306 0.6111111111111112 0.2979591836734694 0.6111111111111112 0.27755102040816326 0.5833333333333334 0.27755102040816326 0.5777777777777777 0.24489795918367346 0.5333333333333333 0.24081632653061225 0.5333333333333333 0.22857142857142856 0.5166666666666667 0.22857142857142856 0.5111111111111111 0.19183673469387755 0.46111111111111114 0.19183673469387755 0.45555555555555555 0.15918367346938775 0.4111111111111111 0.15918367346938775 0.40555555555555556 0.13877551020408163 0.37777777777777777 0.13877551020408163 0.37222222222222223 0.1306122448979592 0.3611111111111111 0.1306122448979592 0.35555555555555557 0.11020408163265306 0.3277777777777778 0.11020408163265306 0.32222222222222224 0.09795918367346938 0.3055555555555556 0.09795918367346938 0.3 0.08979591836734693 0.28888888888888886 0.08979591836734693 0.2833333333333333 0.08163265306122448 0.2722222222222222 0.08163265306122448 0.26666666666666666 0.07346938775510205 0.25555555555555554 0.07346938775510205 0.25 0.0653061224489796 0.2388888888888889 0.0653061224489796 0.23333333333333334 0.061224489795918366 0.22777777777777777 0.061224489795918366 0.2222222222222222 0.053061224489795916 0.2111111111111111 0.053061224489795916 0.20555555555555555 0.044897959183673466 0.19444444444444445 0.044897959183673466 0.18333333333333332 0.04897959183673469 0.17777777777777778 0.05714285714285714 0.17777777777777778 0.061224489795918366 0.17222222222222222 0.06938775510204082 0.17222222222222222 0.08163265306122448 0.16111111111111112 0.09387755102040816 0.16111111111111112 0.09795918367346938 0.15555555555555556 0.11020408163265306 0.15555555555555556 0.11428571428571428 0.15 0.12653061224489795 0.15 0.1306122448979592 0.14444444444444443 0.1346938775510204 0.14444444444444443 0.13877551020408163 0.1388888888888889 0.14285714285714285 0.1388888888888889 0.1469387755102041 0.13333333333333333 0.1510204081632653 0.13333333333333333
19 0.2857142857142857 0 0.3224489795918367 0 0.3346938775510204 0.011111111111111112 0.33877551020408164 0.011111111111111112 0.34285714285714286 0.005555555555555556 0.3551020408163265 0.005555555555555556 0.35918367346938773 0 0.42857142857142855 0 0.42857142857142855 0.011111111111111112 0.4163265306122449 0.011111111111111112 0.4122448979591837 0.016666666666666666 0.39591836734693875 0.016666666666666666 0.3877551020408163 0.027777777777777776 0.37551020408163266 0.027777777777777776 0.37142857142857144 0.03333333333333333 0.37142857142857144 0.044444444444444446 0.3673469387755102 0.03888888888888889 0.3346938775510204 0.03888888888888889 0.3306122448979592 0.03333333333333333 0.32653061224489793 0.03333333333333333 0.3183673469387755 0.022222222222222223 0.31020408163265306 0.022222222222222223 0.30612244897959184 0.016666666666666666 0.3020408163265306 0.016666666666666666 0.2979591836734694 0.011111111111111112 0.2897959183673469 0.011111111111111112 0.2857142857142857 0.005555555555555556
19 0.9428571428571428 0.5388888888888889 0.9428571428571428 0.55 0.9591836734693877 0.5722222222222222 0.9673469387755103 0.5722222222222222 0.9795918367346939 0.5833333333333334 0.9918367346938776 0.5833333333333334 0.9918367346938776 0.5944444444444444 0.9959183673469387 0.6 0.9918367346938776 0.6055555555555555 0.9918367346938776 0.6888888888888889 0.9795918367346939 0.6888888888888889 0.9755102040816327 0.6833333333333333 0.9673469387755103 0.6833333333333333 0.963265306122449 0.6777777777777778 0.9591836734693877 0.6777777777777778 0.9551020408163265 0.6722222222222223 0.9551020408163265 0.6611111111111111 0.9469387755102041 0.6444444444444445 0.9469387755102041 0.6111111111111112 0.9428571428571428 0.6055555555555555 0.9428571428571428 0.5444444444444444
19 0.8530612244897959 0.5333333333333333 0.8571428571428571 0.5277777777777778 0.8612244897959184 0.5277777777777778 0.8612244897959184 0.5444444444444444 0.8653061224489796 0.55 0.8653061224489796 0.5555555555555556 0.8612244897959184 0.5611111111111111 0.8612244897959184 0.5888888888888889 0.8653061224489796 0.5944444444444444 0.8734693877551021 0.5833333333333334 0.8734693877551021 0.5777777777777777 0.8816326530612245 0.5777777777777777 0.8938775510204081 0.5888888888888889 0.9020408163265307 0.5777777777777777 0.9020408163265307 0.5722222222222222 0.9061224489795918 0.5722222222222222 0.9102040816326531 0.5777777777777777 0.9183673469387755 0.5666666666666667 0.926530612244898 0.5666666666666667 0.9306122448979591 0.5722222222222222 0.9306122448979591 0.5944444444444444 0.9346938775510204 0.6 0.9346938775510204 0.6277777777777778 0.9387755102040817 0.6333333333333333 0.9387755102040817 0.6388888888888888 0.9346938775510204 0.6444444444444445 0.9428571428571428 0.6611111111111111 0.9428571428571428 0.6722222222222223 0.9346938775510204 0.6833333333333333 0.9306122448979591 0.6833333333333333 0.9183673469387755 0.6944444444444444 0.9102040816326531 0.6944444444444444 0.9061224489795918 0.7 0.8979591836734694 0.7 0.8938775510204081 0.7055555555555556 0.8857142857142857 0.7055555555555556 0.8816326530612245 0.7111111111111111 0.8734693877551021 0.7111111111111111 0.8693877551020408 0.7166666666666667 0.8326530612244898 0.7166666666666667 0.8285714285714286 0.7111111111111111 0.8244897959183674 0.7111111111111111 0.8081632653061225 0.6888888888888889 0.8081632653061225 0.6833333333333333 0.8040816326530612 0.6777777777777778 0.8040816326530612 0.6555555555555556 0.8 0.65 0.8 0.6388888888888888 0.7959183673469388 0.6333333333333333 0.7918367346938775 0.6388888888888888 0.7877551020408163 0.6388888888888888 0.7836734693877551 0.6333333333333333 0.7836734693877551 0.6222222222222222 0.7795918367346939 0.6166666666666667 0.7795918367346939 0.6111111111111112 0.7755102040816326 0.6055555555555555 0.7714285714285715 0.6111111111111112 0.7714285714285715 0.6055555555555555 0.7755102040816326 0.6055555555555555 0.7795918367346939 0.6 0.7755102040816326 0.5944444444444444 0.7795918367346939 0.5944444444444444 0.7877551020408163 0.5833333333333334 0.7877551020408163 0.5611111111111111 0.8 0.5611111111111111 0.8040816326530612 0.5555555555555556 0.8040816326530612 0.5611111111111111 0.8081632653061225 0.5666666666666667 0.8163265306122449 0.5555555555555556 0.8163265306122449 0.55 0.8204081632653061 0.55 0.8244897959183674 0.5444444444444444 0.8408163265306122 0.5444444444444444 0.8448979591836735 0.5388888888888889 0.8489795918367347 0.5388888888888889
19 0.8163265306122449 0.7333333333333333 0.8163265306122449 0.7388888888888889 0.8081632653061225 0.7555555555555555 0.8163265306122449 0.7666666666666667 0.8204081632653061 0.7666666666666667 0.8244897959183674 0.7722222222222223 0.8326530612244898 0.7722222222222223 0.8408163265306122 0.7833333333333333 0.8489795918367347 0.7833333333333333 0.8448979591836735 0.7888888888888889 0.8326530612244898 0.7888888888888889 0.8285714285714286 0.7944444444444444 0.8122448979591836 0.7944444444444444 0.8081632653061225 0.8 0.7877551020408163 0.8 0.7836734693877551 0.8055555555555556 0.7673469387755102 0.8055555555555556 0.763265306122449 0.8111111111111111 0.746938775510204 0.8111111111111111 0.7428571428571429 0.8166666666666667 0.7306122448979592 0.8166666666666667 0.726530612244898 0.8222222222222222 0.710204081632653 0.8222222222222222 0.7061224489795919 0.8277777777777777 0.6857142857142857 0.8277777777777777 0.6816326530612244 0.8333333333333334 0.6653061224489796 0.8333333333333334 0.6612244897959184 0.8388888888888889 0.6408163265306123 0.8388888888888889 0.636734693877551 0.8444444444444444 0.6163265306122448 0.8444444444444444 0.6163265306122448 0.8333333333333334 0.6285714285714286 0.8166666666666667 0.6285714285714286 0.8111111111111111 0.6448979591836734 0.7888888888888889 0.6448979591836734 0.7833333333333333 0.6693877551020408 0.75 0.6857142857142857 0.75 0.689795918367347 0.7444444444444445 0.7346938775510204 0.7444444444444445 0.746938775510204 0.7555555555555555 0.7836734693877551 0.7555555555555555 0.7877551020408163 0.7611111111111111 0.7959183673469388 0.7611111111111111 0.8 0.7555555555555555 0.7959183673469388 0.75 0.7959183673469388 0.7444444444444445 0.8 0.7444444444444445 0.8040816326530612 0.7388888888888889 0.8122448979591836 0.7388888888888889
19 0.31020408163265306 0.8277777777777777 0.3142857142857143 0.8277777777777777 0.3183673469387755 0.8333333333333334 0.3224489795918367 0.8333333333333334 0.3510204081632653 0.8722222222222222 0.3551020408163265 0.8722222222222222 0.37142857142857144 0.8944444444444445 0.37551020408163266 0.8944444444444445 0.37551020408163266 0.9 0.31020408163265306 0.9 0.31020408163265306 0.8333333333333334