19 0.26640926640926643 0.5979381443298969 0.26640926640926643 0.6030927835051546 0.2702702702702703 0.6082474226804123 0.2702702702702703 0.6134020618556701 0.277992277992278 0.6288659793814433 0.277992277992278 0.6391752577319587 0.2857142857142857 0.6494845360824743 0.2857142857142857 0.6752577319587629 0.28957528957528955 0.6804123711340206 0.28957528957528955 0.6855670103092784 0.2972972972972973 0.7010309278350515 0.2972972972972973 0.7061855670103093 0.28185328185328185 0.7061855670103093 0.27413127413127414 0.7164948453608248 0.277992277992278 0.7216494845360825 0.277992277992278 0.7319587628865979 0.29343629343629346 0.7525773195876289 0.30115830115830117 0.7525773195876289 0.305019305019305 0.7474226804123711 0.3088803088803089 0.7525773195876289 0.3127413127413127 0.7525773195876289 0.3127413127413127 0.7577319587628866 0.3088803088803089 0.7628865979381443 0.3127413127413127 0.7680412371134021 0.3166023166023166 0.7680412371134021 0.3166023166023166 0.7783505154639175 0.29343629343629346 0.7783505154639175 0.28957528957528955 0.7835051546391752 0.277992277992278 0.7783505154639175 0.277992277992278 0.7628865979381443 0.27413127413127414 0.7577319587628866 0.27413127413127414 0.7525773195876289 0.2702702702702703 0.7474226804123711 0.26640926640926643 0.7474226804123711 0.26640926640926643 0.7422680412371134 0.25096525096525096 0.7216494845360825 0.2471042471042471 0.7268041237113402 0.2471042471042471 0.7061855670103093 0.24324324324324326 0.7010309278350515 0.23938223938223938 0.6855670103092784 0.23166023166023167 0.6752577319587629 0.23166023166023167 0.6597938144329897 0.23552123552123552 0.654639175257732 0.23552123552123552 0.6288659793814433 0.23166023166023167 0.6237113402061856 0.24324324324324326 0.6185567010309279 0.2471042471042471 0.6134020618556701 0.2471042471042471 0.6082474226804123 0.25096525096525096 0.6082474226804123 0.25868725868725867 0.5979381443298969 0.2625482625482625 0.5979381443298969
19 0.10424710424710425 0.4896907216494845 0.10810810810810811 0.4948453608247423 0.10810810810810811 0.5051546391752577 0.11583011583011583 0.5154639175257731 0.11583011583011583 0.5257731958762887 0.12355212355212356 0.5360824742268041 0.12355212355212356 0.5412371134020618 0.138996138996139 0.5618556701030928 0.138996138996139 0.5773195876288659 0.14671814671814673 0.5927835051546392 0.14671814671814673 0.6030927835051546 0.15057915057915058 0.6082474226804123 0.15057915057915058 0.6185567010309279 0.15444015444015444 0.6237113402061856 0.15444015444015444 0.6288659793814433 0.16602316602316602 0.6443298969072165 0.18146718146718147 0.6443298969072165 0.1891891891891892 0.654639175257732 0.18532818532818532 0.6597938144329897 0.1891891891891892 0.6649484536082474 0.1891891891891892 0.6701030927835051 0.18146718146718147 0.6804123711340206 0.18146718146718147 0.6907216494845361 0.1776061776061776 0.6907216494845361 0.17374517374517376 0.6958762886597938 0.16988416988416988 0.6907216494845361 0.16602316602316602 0.6958762886597938 0.16602316602316602 0.7010309278350515 0.1583011583011583 0.7010309278350515 0.15444015444015444 0.7061855670103093 0.15444015444015444 0.711340206185567 0.16216216216216217 0.7216494845360825 0.16602316602316602 0.7216494845360825 0.16988416988416988 0.7164948453608248 0.17374517374517376 0.7216494845360825 0.1583011583011583 0.7216494845360825 0.15444015444015444 0.7268041237113402 0.14285714285714285 0.7268041237113402 0.13127413127413126 0.7371134020618557 0.12355212355212356 0.7371134020618557 0.11969111969111969 0.7319587628865979 0.11583011583011583 0.7319587628865979 0.10810810810810811 0.7216494845360825 0.10810810810810811 0.7010309278350515 0.10424710424710425 0.6958762886597938 0.10424710424710425 0.6855670103092784 0.10038610038610038 0.6804123711340206 0.10038610038610038 0.634020618556701 0.09652509652509653 0.6288659793814433 0.09652509652509653 0.6237113402061856 0.10038610038610038 0.6185567010309279 0.10038610038610038 0.5618556701030928 0.10424710424710425 0.5567010309278351 0.10424710424710425 0.5360824742268041 0.10038610038610038 0.5309278350515464 0.10038610038610038 0.5154639175257731 0.10424710424710425 0.5103092783505154 0.10038610038610038 0.5051546391752577 0.10424710424710425 0.5 0.10038610038610038 0.4948453608247423
19 0.10424710424710425 0.6907216494845361 0.10810810810810811 0.6958762886597938 0.12355212355212356 0.6958762886597938 0.1274131274131274 0.6907216494845361 0.18532818532818532 0.6907216494845361 0.18532818532818532 0.7216494845360825 0.1891891891891892 0.7268041237113402 0.1891891891891892 0.7422680412371134 0.19305019305019305 0.7474226804123711 0.19305019305019305 0.7525773195876289 0.10810810810810811 0.7525773195876289 0.10424710424710425 0.7474226804123711 0.07722007722007722 0.7474226804123711 0.07335907335907337 0.7422680412371134 0.04633204633204633 0.7422680412371134 0.04633204633204633 0.7216494845360825 0.04247104247104247 0.7164948453608248 0.04247104247104247 0.6958762886597938 0.05019305019305019 0.6855670103092784 0.05019305019305019 0.6804123711340206 0.08494208494208494 0.634020618556701 0.0888030888030888 0.634020618556701 0.09266409266409266 0.6391752577319587 0.09266409266409266 0.6701030927835051 0.09652509652509653 0.6752577319587629 0.09652509652509653 0.6855670103092784 0.10038610038610038 0.6907216494845361
19 0.5714285714285714 0.26288659793814434 0.5752895752895753 0.26804123711340205 0.5907335907335908 0.26804123711340205 0.6061776061776062 0.28865979381443296 0.6061776061776062 0.29381443298969073 0.61003861003861 0.29896907216494845 0.61003861003861 0.33505154639175255 0.6061776061776062 0.3402061855670103 0.6061776061776062 0.34536082474226804 0.5868725868725869 0.3711340206185567 0.5791505791505791 0.3711340206185567 0.5752895752895753 0.37628865979381443 0.5637065637065637 0.37628865979381443 0.5598455598455598 0.3711340206185567 0.5521235521235521 0.3711340206185567 0.5444015444015444 0.36082474226804123 0.5444015444015444 0.3556701030927835 0.5405405405405406 0.35051546391752575 0.5405405405405406 0.33505154639175255 0.5366795366795367 0.32989690721649484 0.5366795366795367 0.29381443298969073 0.5405405405405406 0.28865979381443296 0.5405405405405406 0.28350515463917525 0.555984555984556 0.26288659793814434 0.5675675675675675 0.26288659793814434
19 0.23552123552123552 0.6185567010309279 0.23938223938223938 0.6237113402061856 0.24324324324324326 0.6237113402061856 0.2471042471042471 0.6391752577319587 0.2548262548262548 0.654639175257732 0.2548262548262548 0.6649484536082474 0.2625482625482625 0.6804123711340206 0.2625482625482625 0.6907216494845361 0.2702702702702703 0.7061855670103093 0.2702702702702703 0.7164948453608248 0.277992277992278 0.7268041237113402 0.277992277992278 0.7422680412371134 0.28185328185328185 0.7474226804123711 0.28185328185328185 0.7628865979381443 0.2857142857142857 0.7680412371134021 0.2857142857142857 0.7783505154639175 0.28957528957528955 0.7835051546391752 0.28957528957528955 0.788659793814433 0.2702702702702703 0.788659793814433 0.26640926640926643 0.7938144329896907 0.2548262548262548 0.7938144329896907 0.25096525096525096 0.788659793814433 0.23938223938223938 0.788659793814433 0.23552123552123552 0.7938144329896907 0.23166023166023167 0.7938144329896907 0.2277992277992278 0.788659793814433 0.21621621621621623 0.788659793814433 0.21235521235521235 0.7938144329896907 0.21235521235521235 0.8041237113402062 0.21621621621621623 0.8092783505154639 0.22007722007722008 0.8092783505154639 0.23166023166023167 0.8247422680412371 0.23552123552123552 0.8195876288659794 0.2548262548262548 0.8195876288659794 0.25868725868725867 0.8144329896907216 0.26640926640926643 0.8144329896907216 0.2702702702702703 0.8195876288659794 0.26640926640926643 0.8195876288659794 0.2625482625482625 0.8247422680412371 0.25868725868725867 0.8247422680412371 0.2548262548262548 0.8298969072164949 0.24324324324324326 0.8350515463917526 0.23938223938223938 0.8402061855670103 0.21621621621621623 0.8402061855670103 0.21621621621621623 0.8350515463917526 0.2084942084942085 0.8195876288659794 0.2084942084942085 0.7938144329896907 0.20463320463320464 0.788659793814433 0.20463320463320464 0.7680412371134021 0.20077220077220076 0.7628865979381443 0.20077220077220076 0.7474226804123711 0.1969111969111969 0.7422680412371134 0.1969111969111969 0.7061855670103093 0.20077220077220076 0.7061855670103093 0.20463320463320464 0.7010309278350515 0.20463320463320464 0.6958762886597938 0.2084942084942085 0.6907216494845361 0.21235521235521235 0.6907216494845361 0.2277992277992278 0.6701030927835051 0.2277992277992278 0.6649484536082474 0.23166023166023167 0.6597938144329897 0.23166023166023167 0.6237113402061856
19 0.06563706563706563 0.44329896907216493 0.07335907335907337 0.44329896907216493 0.08494208494208494 0.4536082474226804 0.08494208494208494 0.4690721649484536 0.0888030888030888 0.4742268041237113 0.0888030888030888 0.5 0.09266409266409266 0.5051546391752577 0.09266409266409266 0.5360824742268041 0.09652509652509653 0.5412371134020618 0.09652509652509653 0.5618556701030928 0.09266409266409266 0.5670103092783505 0.09266409266409266 0.6030927835051546 0.08494208494208494 0.6134020618556701 0.08494208494208494 0.6185567010309279 0.08108108108108109 0.6185567010309279 0.07335907335907337 0.6288659793814433 0.06177606177606178 0.6237113402061856 0.05019305019305019 0.6082474226804123 0.04633204633204633 0.6082474226804123 0.04247104247104247 0.6030927835051546 0.04633204633204633 0.6030927835051546 0.05019305019305019 0.5979381443298969 0.05019305019305019 0.5927835051546392 0.04633204633204633 0.5876288659793815 0.04633204633204633 0.5773195876288659 0.03861003861003861 0.5670103092783505 0.03088803088803089 0.5670103092783505 0.03088803088803089 0.5618556701030928 0.02702702702702703 0.5567010309278351 0.023166023166023165 0.5567010309278351 0.023166023166023165 0.5463917525773195 0.019305019305019305 0.5412371134020618 0.019305019305019305 0.520618556701031 0.015444015444015444 0.5154639175257731 0.015444015444015444 0.5103092783505154 0.007722007722007722 0.5 0 0.5 0.003861003861003861 0.4948453608247423 0.007722007722007722 0.4948453608247423 0.011583011583011582 0.4896907216494845 0.011583011583011582 0.4845360824742268 0.015444015444015444 0.4845360824742268 0.023166023166023165 0.4742268041237113 0.02702702702702703 0.4793814432989691 0.03861003861003861 0.4793814432989691 0.04247104247104247 0.4742268041237113 0.04633204633204633 0.4793814432989691 0.05019305019305019 0.4793814432989691 0.05405405405405406 0.4742268041237113 0.05791505791505792 0.4742268041237113 0.06563706563706563 0.4639175257731959 0.06563706563706563 0.4587628865979381 0.0694980694980695 0.4587628865979381 0.07722007722007722 0.4484536082474227 0.07335907335907337 0.44329896907216493 0.0694980694980695 0.44329896907216493
19 0.25868725868725867 0.4381443298969072 0.2625482625482625 0.44329896907216493 0.26640926640926643 0.44329896907216493 0.277992277992278 0.4587628865979381 0.277992277992278 0.4639175257731959 0.28185328185328185 0.4690721649484536 0.2857142857142857 0.4845360824742268 0.305019305019305 0.5103092783505154 0.3088803088803089 0.5257731958762887 0.3204633204633205 0.5412371134020618 0.3204633204633205 0.5515463917525774 0.32432432432432434 0.5567010309278351 0.32432432432432434 0.5721649484536082 0.3281853281853282 0.5773195876288659 0.3281853281853282 0.5979381443298969 0.3166023166023166 0.5979381443298969 0.305019305019305 0.6082474226804123 0.2972972972972973 0.6082474226804123 0.2857142857142857 0.6237113402061856 0.2857142857142857 0.6134020618556701 0.28185328185328185 0.6082474226804123 0.277992277992278 0.6082474226804123 0.277992277992278 0.5927835051546392 0.27413127413127414 0.5876288659793815 0.27413127413127414 0.5773195876288659 0.2702702702702703 0.5721649484536082 0.2702702702702703 0.5670103092783505 0.2625482625482625 0.5515463917525774 0.2625482625482625 0.5360824742268041 0.25868725868725867 0.5309278350515464 0.25868725868725867 0.520618556701031 0.25096525096525096 0.5103092783505154 0.25096525096525096 0.5 0.2471042471042471 0.4948453608247423 0.2471042471042471 0.4845360824742268 0.24324324324324326 0.4793814432989691 0.24324324324324326 0.4742268041237113 0.23552123552123552 0.4639175257731959 0.23552123552123552 0.4536082474226804 0.23166023166023167 0.4484536082474227 0.23552123552123552 0.44329896907216493 0.2548262548262548 0.44329896907216493
19 0.06177606177606178 0.4020618556701031 0.07335907335907337 0.41237113402061853 0.07335907335907337 0.4175257731958763 0.07722007722007722 0.422680412371134 0.07722007722007722 0.4329896907216495 0.08108108108108109 0.4381443298969072 0.08108108108108109 0.44329896907216493 0.08494208494208494 0.4484536082474227 0.08494208494208494 0.4587628865979381 0.0888030888030888 0.4639175257731959 0.0888030888030888 0.5257731958762887 0.09266409266409266 0.5309278350515464 0.09266409266409266 0.5412371134020618 0.09652509652509653 0.5463917525773195 0.09652509652509653 0.5567010309278351 0.09266409266409266 0.5618556701030928 0.09266409266409266 0.5721649484536082 0.0888030888030888 0.5773195876288659 0.0888030888030888 0.5824742268041238 0.08494208494208494 0.5824742268041238 0.07722007722007722 0.5721649484536082 0.07335907335907337 0.5721649484536082 0.0694980694980695 0.5670103092783505 0.06177606177606178 0.5670103092783505 0.05019305019305019 0.5567010309278351 0.04247104247104247 0.5567010309278351 0.03861003861003861 0.5515463917525774 0.02702702702702703 0.5463917525773195 0.019305019305019305 0.5360824742268041 0.019305019305019305 0.5309278350515464 0.007722007722007722 0.5154639175257731 0.003861003861003861 0.5154639175257731 0 0.5103092783505154 0 0.4690721649484536 0.003861003861003861 0.4639175257731959 0.003861003861003861 0.4587628865979381 0.023166023166023165 0.4329896907216495 0.023166023166023165 0.42783505154639173 0.03088803088803089 0.4175257731958763 0.03474903474903475 0.4175257731958763 0.04633204633204633 0.4020618556701031 0.05791505791505792 0.4020618556701031
19 0.24324324324324326 0.44329896907216493 0.2471042471042471 0.4484536082474227 0.25868725868725867 0.4484536082474227 0.25868725868725867 0.4639175257731959 0.2625482625482625 0.4690721649484536 0.27413127413127414 0.4690721649484536 0.2857142857142857 0.4845360824742268 0.2857142857142857 0.4948453608247423 0.305019305019305 0.5154639175257731 0.305019305019305 0.520618556701031 0.3127413127413127 0.5309278350515464 0.3127413127413127 0.5360824742268041 0.3204633204633205 0.5515463917525774 0.3204633204633205 0.5721649484536082 0.32432432432432434 0.5773195876288659 0.32432432432432434 0.5927835051546392 0.3166023166023166 0.5927835051546392 0.3088803088803089 0.6030927835051546 0.30115830115830117 0.6030927835051546 0.2857142857142857 0.6237113402061856 0.28185328185328185 0.6185567010309279 0.28185328185328185 0.6134020618556701 0.277992277992278 0.6082474226804123 0.277992277992278 0.5979381443298969 0.2702702702702703 0.5876288659793815 0.2702702702702703 0.5773195876288659 0.26640926640926643 0.5721649484536082 0.26640926640926643 0.5618556701030928 0.2625482625482625 0.5567010309278351 0.2625482625482625 0.5412371134020618 0.25868725868725867 0.5360824742268041 0.25868725868725867 0.5309278350515464 0.25096525096525096 0.5154639175257731 0.25096525096525096 0.5051546391752577 0.2471042471042471 0.5 0.2471042471042471 0.4845360824742268 0.23938223938223938 0.4742268041237113 0.23938223938223938 0.4690721649484536 0.23552123552123552 0.4639175257731959 0.23552123552123552 0.4536082474226804 0.23166023166023167 0.4484536082474227 0.23938223938223938 0.4484536082474227
19 0.2277992277992278 0.4536082474226804 0.23552123552123552 0.4639175257731959 0.23552123552123552 0.4690721649484536 0.24324324324324326 0.4793814432989691 0.24324324324324326 0.4845360824742268 0.2471042471042471 0.4896907216494845 0.2471042471042471 0.5 0.25096525096525096 0.5051546391752577 0.25096525096525096 0.5103092783505154 0.2548262548262548 0.5154639175257731 0.2548262548262548 0.520618556701031 0.2625482625482625 0.5360824742268041 0.2625482625482625 0.5567010309278351 0.2702702702702703 0.5670103092783505 0.2702702702702703 0.5773195876288659 0.27413127413127414 0.5824742268041238 0.2625482625482625 0.5927835051546392 0.2548262548262548 0.5927835051546392 0.2471042471042471 0.6030927835051546 0.24324324324324326 0.6030927835051546 0.23938223938223938 0.5979381443298969 0.23938223938223938 0.5773195876288659 0.2277992277992278 0.5618556701030928 0.2277992277992278 0.5515463917525774 0.22393822393822393 0.5463917525773195 0.22393822393822393 0.5360824742268041 0.22007722007722008 0.5309278350515464 0.2277992277992278 0.5309278350515464 0.23166023166023167 0.5257731958762887 0.23166023166023167 0.5103092783505154 0.22007722007722008 0.5 0.22007722007722008 0.4896907216494845 0.22393822393822393 0.4845360824742268 0.22393822393822393 0.4690721649484536 0.2277992277992278 0.4639175257731959 0.2277992277992278 0.4587628865979381
19 0.003861003861003861 0.5309278350515464 0.019305019305019305 0.5309278350515464 0.019305019305019305 0.5360824742268041 0.023166023166023165 0.5412371134020618 0.02702702702702703 0.5360824742268041 0.02702702702702703 0.5412371134020618 0.03088803088803089 0.5463917525773195 0.04247104247104247 0.5463917525773195 0.03861003861003861 0.5515463917525774 0.04247104247104247 0.5567010309278351 0.05019305019305019 0.5567010309278351 0.05405405405405406 0.5618556701030928 0.06177606177606178 0.5618556701030928 0.0694980694980695 0.5721649484536082 0.07722007722007722 0.5721649484536082 0.07722007722007722 0.5773195876288659 0.0888030888030888 0.5876288659793815 0.08494208494208494 0.5876288659793815 0.08108108108108109 0.5927835051546392 0.08108108108108109 0.6082474226804123 0.07722007722007722 0.6082474226804123 0.06563706563706563 0.6185567010309279 0.06177606177606178 0.6134020618556701 0.05405405405405406 0.6134020618556701 0.06177606177606178 0.5979381443298969 0.05405405405405406 0.5876288659793815 0.05019305019305019 0.5876288659793815 0.05019305019305019 0.5824742268041238 0.04247104247104247 0.5721649484536082 0.023166023166023165 0.5721649484536082 0.011583011583011582 0.5824742268041238 0 0.5824742268041238 0 0.5412371134020618 0.003861003861003861 0.5360824742268041
19 0.9073359073359073 0.26804123711340205 0.9111969111969112 0.27319587628865977 0.915057915057915 0.27319587628865977 0.9266409266409267 0.28865979381443296 0.9305019305019305 0.28865979381443296 0.9305019305019305 0.29896907216494845 0.9343629343629344 0.30412371134020616 0.9343629343629344 0.30927835051546393 0.9382239382239382 0.31443298969072164 0.9382239382239382 0.3247422680412371 0.9420849420849421 0.32989690721649484 0.9420849420849421 0.3402061855670103 0.9382239382239382 0.34536082474226804 0.9382239382239382 0.35051546391752575 0.9343629343629344 0.3556701030927835 0.9305019305019305 0.3556701030927835 0.918918918918919 0.36597938144329895 0.8957528957528957 0.36597938144329895 0.8918918918918919 0.36082474226804123 0.888030888030888 0.36082474226804123 0.888030888030888 0.3556701030927835 0.8841698841698842 0.35051546391752575 0.8841698841698842 0.33505154639175255 0.8803088803088803 0.32989690721649484 0.8803088803088803 0.31958762886597936 0.8764478764478765 0.31443298969072164 0.8764478764478765 0.30412371134020616 0.8725868725868726 0.29896907216494845 0.8725868725868726 0.28865979381443296 0.8764478764478765 0.28350515463917525 0.8764478764478765 0.27835051546391754 0.8841698841698842 0.26804123711340205 0.9034749034749034 0.26804123711340205
19 0.722007722007722 0.24742268041237114 0.7258687258687259 0.25257731958762886 0.7374517374517374 0.25257731958762886 0.752895752895753 0.27319587628865977 0.752895752895753 0.27835051546391754 0.749034749034749 0.28350515463917525 0.749034749034749 0.3247422680412371 0.7335907335907336 0.34536082474226804 0.7258687258687259 0.34536082474226804 0.722007722007722 0.35051546391752575 0.7104247104247104 0.35051546391752575 0.6988416988416989 0.36082474226804123 0.6911196911196911 0.36082474226804123 0.6872586872586872 0.3556701030927835 0.6718146718146718 0.3556701030927835 0.6602316602316602 0.34536082474226804 0.6486486486486487 0.34536082474226804 0.6486486486486487 0.3247422680412371 0.6447876447876448 0.31958762886597936 0.6486486486486487 0.31443298969072164 0.6486486486486487 0.29896907216494845 0.6525096525096525 0.29381443298969073 0.6525096525096525 0.27835051546391754 0.6602316602316602 0.26804123711340205 0.6640926640926641 0.26804123711340205 0.667953667953668 0.26288659793814434 0.6756756756756757 0.26288659793814434 0.6795366795366795 0.25773195876288657 0.694980694980695 0.25773195876288657 0.6988416988416989 0.25257731958762886 0.7181467181467182 0.25257731958762886
19 0.4362934362934363 0.5463917525773195 0.44015444015444016 0.5515463917525774 0.444015444015444 0.5515463917525774 0.44787644787644787 0.5463917525773195 0.46332046332046334 0.5463917525773195 0.4671814671814672 0.5515463917525774 0.47876447876447875 0.5515463917525774 0.4826254826254826 0.5463917525773195 0.4864864864864865 0.5515463917525774 0.49034749034749037 0.5515463917525774 0.4942084942084942 0.5463917525773195 0.4980694980694981 0.5515463917525774 0.5096525096525096 0.5515463917525774 0.5096525096525096 0.5567010309278351 0.5057915057915058 0.5618556701030928 0.5057915057915058 0.5721649484536082 0.4980694980694981 0.5824742268041238 0.4826254826254826 0.5618556701030928 0.47876447876447875 0.5618556701030928 0.4671814671814672 0.5515463917525774 0.4555984555984556 0.5515463917525774 0.4517374517374517 0.5567010309278351 0.44015444015444016 0.5567010309278351 0.4362934362934363 0.5618556701030928 0.43243243243243246 0.5618556701030928 0.42084942084942084 0.5773195876288659 0.42084942084942084 0.5927835051546392 0.416988416988417 0.5979381443298969 0.416988416988417 0.6494845360824743 0.42084942084942084 0.654639175257732 0.42084942084942084 0.6597938144329897 0.43243243243243246 0.6752577319587629 0.47876447876447875 0.6752577319587629 0.49034749034749037 0.6649484536082474 0.49034749034749037 0.6597938144329897 0.4942084942084942 0.654639175257732 0.4942084942084942 0.6443298969072165 0.4980694980694981 0.6391752577319587 0.5019305019305019 0.6391752577319587 0.5057915057915058 0.6443298969072165 0.5096525096525096 0.6391752577319587 0.5173745173745173 0.6391752577319587 0.5212355212355212 0.6443298969072165 0.528957528957529 0.6443298969072165 0.5405405405405406 0.6597938144329897 0.5405405405405406 0.6649484536082474 0.5444015444015444 0.6701030927835051 0.5521235521235521 0.6701030927835051 0.555984555984556 0.6752577319587629 0.5752895752895753 0.6752577319587629 0.5791505791505791 0.6701030927835051 0.5907335907335908 0.6701030927835051 0.5945945945945946 0.6752577319587629 0.61003861003861 0.6752577319587629 0.6138996138996139 0.6804123711340206 0.637065637065637 0.6804123711340206 0.6525096525096525 0.6597938144329897 0.6525096525096525 0.654639175257732 0.6718146718146718 0.6752577319587629 0.6872586872586872 0.6752577319587629 0.6911196911196911 0.6804123711340206 0.694980694980695 0.6752577319587629 0.7065637065637066 0.6752577319587629 0.7104247104247104 0.6701030927835051 0.7142857142857143 0.6701030927835051 0.7181467181467182 0.6752577319587629 0.7413127413127413 0.6752577319587629 0.7451737451737451 0.6804123711340206 0.752895752895753 0.6804123711340206 0.7567567567567568 0.6752577319587629 0.7644787644787645 0.6752577319587629 0.7683397683397684 0.6701030927835051 0.7799227799227799 0.6701030927835051 0.7837837837837838 0.6752577319587629 0.8262548262548263 0.6752577319587629 0.8378378378378378 0.6597938144329897 0.8416988416988417 0.6597938144329897 0.8455598455598455 0.654639175257732 0.8455598455598455 0.6494845360824743 0.8532818532818532 0.634020618556701 0.8532818532818532 0.6082474226804123 0.8494208494208494 0.6030927835051546 0.8494208494208494 0.5927835051546392 0.8455598455598455 0.5876288659793815 0.8455598455598455 0.5824742268041238 0.8378378378378378 0.5721649484536082 0.833976833976834 0.5721649484536082 0.8301158301158301 0.5670103092783505 0.8223938223938224 0.5670103092783505 0.8185328185328186 0.5618556701030928 0.8108108108108109 0.5618556701030928 0.806949806949807 0.5567010309278351 0.7915057915057915 0.5567010309278351 0.7876447876447876 0.5618556701030928 0.7567567567567568 0.5618556701030928 0.752895752895753 0.5567010309278351 0.7335907335907336 0.5567010309278351 0.7297297297297297 0.5618556701030928 0.7027027027027027 0.5618556701030928 0.6988416988416989 0.5567010309278351 0.6718146718146718 0.5567010309278351 0.667953667953668 0.5618556701030928 0.6602316602316602 0.5618556701030928 0.6525096525096525 0.5721649484536082 0.6486486486486487 0.5876288659793815 0.6486486486486487 0.5824742268041238 0.6447876447876448 0.5773195876288659 0.640926640926641 0.5773195876288659 0.6332046332046332 0.5670103092783505 0.6216216216216216 0.5670103092783505 0.6177606177606177 0.5618556701030928 0.5907335907335908 0.5618556701030928 0.5791505791505791 0.5515463917525774 0.5752895752895753 0.5567010309278351 0.5714285714285714 0.5567010309278351 0.5675675675675675 0.5515463917525774 0.5637065637065637 0.5567010309278351 0.5328185328185329 0.5567010309278351 0.5328185328185329 0.5515463917525774 0.555984555984556 0.5515463917525774 0.5598455598455598 0.5463917525773195 0.5637065637065637 0.5515463917525774 0.8532818532818532 0.5515463917525774 0.8571428571428571 0.5567010309278351 0.861003861003861 0.5567010309278351 0.8648648648648649 0.5515463917525774 0.8996138996138996 0.5515463917525774 0.9034749034749034 0.5567010309278351 0.918918918918919 0.5567010309278351 0.9073359073359073 0.5567010309278351 0.9034749034749034 0.5618556701030928 0.8957528957528957 0.5618556701030928 0.888030888030888 0.5721649484536082 0.888030888030888 0.5979381443298969 0.8841698841698842 0.6030927835051546 0.8841698841698842 0.6185567010309279 0.888030888030888 0.6237113402061856 0.888030888030888 0.634020618556701 0.8918918918918919 0.6391752577319587 0.8918918918918919 0.6443298969072165 0.8957528957528957 0.6494845360824743 0.8996138996138996 0.6649484536082474 0.9073359073359073 0.6752577319587629 0.915057915057915 0.6752577319587629 0.918918918918919 0.6804123711340206 0.9227799227799228 0.6752577319587629 0.9382239382239382 0.6752577319587629 0.9420849420849421 0.6701030927835051 0.9498069498069498 0.6701030927835051 0.9536679536679536 0.6649484536082474 0.9575289575289575 0.6649484536082474 0.9652509652509652 0.654639175257732 0.9652509652509652 0.6494845360824743 0.972972972972973 0.634020618556701 0.972972972972973 0.6030927835051546 0.9691119691119691 0.5979381443298969 0.9691119691119691 0.5927835051546392 0.9613899613899614 0.5824742268041238 0.9845559845559846 0.5824742268041238 0.9884169884169884 0.5876288659793815 0.9922779922779923 0.5876288659793815 0.9884169884169884 0.6030927835051546 0.9845559845559846 0.6082474226804123 0.9845559845559846 0.6134020618556701 0.9922779922779923 0.6237113402061856 0.9922779922779923 0.6288659793814433 0.9845559845559846 0.6391752577319587 0.9845559845559846 0.654639175257732 0.9884169884169884 0.6597938144329897 0.9884169884169884 0.6701030927835051 0.9961389961389961 0.6855670103092784 0.9961389961389961 0.7061855670103093 0.9922779922779923 0.7061855670103093 0.9884169884169884 0.711340206185567 0.9536679536679536 0.711340206185567 0.9498069498069498 0.7061855670103093 0.9459459459459459 0.711340206185567 0.7065637065637066 0.711340206185567 0.7027027027027027 0.7061855670103093 0.6988416988416989 0.7061855670103093 0.694980694980695 0.711340206185567 0.6177606177606177 0.711340206185567 0.6138996138996139 0.7061855670103093 0.3783783783783784 0.7061855670103093 0.3745173745173745 0.7010309278350515 0.3745173745173745 0.6958762886597938 0.3667953667953668 0.6855670103092784 0.3667953667953668 0.6649484536082474 0.36293436293436293 0.6597938144329897 0.36293436293436293 0.6494845360824743 0.3590733590733591 0.6443298969072165 0.36293436293436293 0.6391752577319587 0.3590733590733591 0.634020618556701 0.36293436293436293 0.6288659793814433 0.3590733590733591 0.6237113402061856 0.37065637065637064 0.6134020618556701 0.37065637065637064 0.5979381443298969 0.3667953667953668 0.5927835051546392 0.36293436293436293 0.5979381443298969 0.36293436293436293 0.5515463917525774 0.37065637065637064 0.5515463917525774 0.37065637065637064 0.5876288659793815 0.3745173745173745 0.5927835051546392 0.3783783783783784 0.5876288659793815 0.38223938223938225 0.5876288659793815 0.3861003861003861 0.5927835051546392 0.3938223938223938 0.5824742268041238 0.3938223938223938 0.5515463917525774 0.4015444015444015 0.5515463917525774 0.40540540540540543 0.5463917525773195 0.43243243243243246 0.5463917525773195
19 0.9073359073359073 0.41237113402061853 0.915057915057915 0.422680412371134 0.915057915057915 0.4381443298969072 0.918918918918919 0.44329896907216493 0.918918918918919 0.4536082474226804 0.9227799227799228 0.4587628865979381 0.9266409266409267 0.4742268041237113 0.9382239382239382 0.4896907216494845 0.9420849420849421 0.4896907216494845 0.9459459459459459 0.4948453608247423 0.9459459459459459 0.5051546391752577 0.9343629343629344 0.5154639175257731 0.9305019305019305 0.5103092783505154 0.9266409266409267 0.5154639175257731 0.8996138996138996 0.5154639175257731 0.8957528957528957 0.5103092783505154 0.8918918918918919 0.5103092783505154 0.8918918918918919 0.5051546391752577 0.888030888030888 0.5 0.8803088803088803 0.5 0.8764478764478765 0.4948453608247423 0.8803088803088803 0.4896907216494845 0.8764478764478765 0.4845360824742268 0.8725868725868726 0.4690721649484536 0.8764478764478765 0.4639175257731959 0.8764478764478765 0.4484536082474227 0.8803088803088803 0.44329896907216493 0.8803088803088803 0.4329896907216495 0.8841698841698842 0.42783505154639173 0.8841698841698842 0.422680412371134 0.888030888030888 0.422680412371134 0.8918918918918919 0.42783505154639173 0.8957528957528957 0.422680412371134 0.8957528957528957 0.4175257731958763 0.8996138996138996 0.41237113402061853 0.9034749034749034 0.41237113402061853
19 0.24324324324324326 0.44329896907216493 0.2471042471042471 0.4484536082474227 0.25868725868725867 0.4484536082474227 0.25868725868725867 0.4639175257731959 0.26640926640926643 0.4742268041237113 0.2702702702702703 0.4690721649484536 0.28185328185328185 0.4845360824742268 0.28185328185328185 0.4948453608247423 0.28957528957528955 0.5051546391752577 0.2972972972972973 0.5051546391752577 0.2972972972972973 0.5103092783505154 0.3127413127413127 0.5360824742268041 0.3127413127413127 0.5670103092783505 0.3166023166023166 0.5721649484536082 0.3166023166023166 0.5927835051546392 0.3127413127413127 0.5876288659793815 0.3088803088803089 0.5876288659793815 0.29343629343629346 0.6082474226804123 0.29343629343629346 0.6134020618556701 0.28957528957528955 0.6185567010309279 0.28957528957528955 0.6288659793814433 0.2857142857142857 0.6288659793814433 0.28185328185328185 0.6237113402061856 0.28185328185328185 0.6185567010309279 0.27413127413127414 0.6082474226804123 0.27413127413127414 0.5979381443298969 0.26640926640926643 0.5876288659793815 0.2702702702702703 0.5824742268041238 0.26640926640926643 0.5773195876288659 0.26640926640926643 0.5670103092783505 0.2625482625482625 0.5618556701030928 0.2625482625482625 0.5463917525773195 0.25868725868725867 0.5412371134020618 0.25868725868725867 0.5360824742268041 0.2548262548262548 0.5309278350515464 0.2548262548262548 0.520618556701031 0.2471042471042471 0.5051546391752577 0.2471042471042471 0.4948453608247423 0.24324324324324326 0.4896907216494845 0.24324324324324326 0.4793814432989691 0.23938223938223938 0.4742268041237113 0.23938223938223938 0.4690721649484536 0.23166023166023167 0.4536082474226804 0.23166023166023167 0.4484536082474227 0.23552123552123552 0.44329896907216493 0.23938223938223938 0.44329896907216493
19 0.15444015444015444 0.6185567010309279 0.1583011583011583 0.6237113402061856 0.1583011583011583 0.6288659793814433 0.16602316602316602 0.6391752577319587 0.1891891891891892 0.6391752577319587 0.18532818532818532 0.6443298969072165 0.18532818532818532 0.6494845360824743 0.1891891891891892 0.654639175257732 0.1891891891891892 0.6804123711340206 0.18532818532818532 0.6855670103092784 0.14671814671814673 0.6855670103092784 0.14671814671814673 0.6701030927835051 0.15057915057915058 0.6649484536082474 0.15057915057915058 0.634020618556701 0.15444015444015444 0.6288659793814433 0.15444015444015444 0.6237113402061856
19 0.003861003861003861 0.12886597938144329 0.019305019305019305 0.12886597938144329 0.023166023166023165 0.12371134020618557 0.06563706563706563 0.12371134020618557 0.0694980694980695 0.12886597938144329 0.07335907335907337 0.12886597938144329 0.07722007722007722 0.13402061855670103 0.0888030888030888 0.13917525773195877 0.10038610038610038 0.14948453608247422 0.10038610038610038 0.15979381443298968 0.09266409266409266 0.17010309278350516 0.09266409266409266 0.17525773195876287 0.07722007722007722 0.1958762886597938 0.05019305019305019 0.1958762886597938 0.04633204633204633 0.20103092783505155 0.03088803088803089 0.20103092783505155 0.03088803088803089 0.1958762886597938 0.02702702702702703 0.19072164948453607 0.023166023166023165 0.19072164948453607 0.023166023166023165 0.18556701030927836 0.011583011583011582 0.17010309278350516 0.007722007722007722 0.17010309278350516 0.003861003861003861 0.16494845360824742 0.003861003861003861 0.13402061855670103
19 0.36293436293436293 0.4020618556701031 0.37065637065637064 0.4020618556701031 0.3745173745173745 0.4072164948453608 0.3745173745173745 0.41237113402061853 0.3783783783783784 0.4175257731958763 0.3783783783783784 0.42783505154639173 0.38223938223938225 0.4329896907216495 0.3861003861003861 0.4329896907216495 0.38996138996138996 0.42783505154639173 0.38996138996138996 0.4175257731958763 0.3938223938223938 0.41237113402061853 0.3938223938223938 0.4020618556701031 0.4015444015444015 0.4020618556701031 0.40540540540540543 0.39690721649484534 0.4092664092664093 0.39690721649484534 0.41312741312741313 0.4020618556701031 0.4362934362934363 0.4020618556701031 0.4362934362934363 0.41237113402061853 0.43243243243243246 0.4175257731958763 0.43243243243243246 0.422680412371134 0.42857142857142855 0.42783505154639173 0.4247104247104247 0.42783505154639173 0.416988416988417 0.44329896907216493 0.416988416988417 0.4896907216494845 0.42084942084942084 0.4948453608247423 0.42084942084942084 0.5051546391752577 0.4362934362934363 0.5257731958762887 0.444015444015444 0.5257731958762887 0.44787644787644787 0.5309278350515464 0.46332046332046334 0.5309278350515464 0.4671814671814672 0.5257731958762887 0.4749034749034749 0.5257731958762887 0.47876447876447875 0.520618556701031 0.4826254826254826 0.520618556701031 0.4942084942084942 0.5051546391752577 0.4942084942084942 0.5 0.4980694980694981 0.4948453608247423 0.4980694980694981 0.4896907216494845 0.5057915057915058 0.4742268041237113 0.5057915057915058 0.4587628865979381 0.5019305019305019 0.4536082474226804 0.5019305019305019 0.44329896907216493 0.49034749034749037 0.42783505154639173 0.49034749034749037 0.422680412371134 0.4864864864864865 0.4175257731958763 0.4826254826254826 0.4175257731958763 0.47104247104247104 0.4072164948453608 0.4749034749034749 0.4072164948453608 0.47876447876447875 0.4020618556701031 0.5019305019305019 0.4020618556701031 0.5057915057915058 0.4072164948453608 0.5135135135135135 0.4072164948453608 0.5173745173745173 0.4020618556701031 0.5444015444015444 0.4020618556701031 0.5482625482625483 0.4072164948453608 0.5714285714285714 0.4072164948453608 0.5752895752895753 0.4020618556701031 0.5791505791505791 0.4072164948453608 0.6061776061776062 0.4072164948453608 0.61003861003861 0.41237113402061853 0.6138996138996139 0.41237113402061853 0.6177606177606177 0.4072164948453608 0.6602316602316602 0.4072164948453608 0.6640926640926641 0.4020618556701031 0.6718146718146718 0.4020618556701031 0.6833976833976834 0.41237113402061853 0.6833976833976834 0.4484536082474227 0.6872586872586872 0.4536082474226804 0.6872586872586872 0.4587628865979381 0.7065637065637066 0.4845360824742268 0.7142857142857143 0.4845360824742268 0.7181467181467182 0.4896907216494845 0.7374517374517374 0.4896907216494845 0.7413127413127413 0.4845360824742268 0.7451737451737451 0.4845360824742268 0.7567567567567568 0.4690721649484536 0.7567567567567568 0.4587628865979381 0.7567567567567568 0.4639175257731959 0.7606177606177607 0.4690721649484536 0.7644787644787645 0.4690721649484536 0.7644787644787645 0.4896907216494845 0.7760617760617761 0.5051546391752577 0.7837837837837838 0.5051546391752577 0.7876447876447876 0.5103092783505154 0.803088803088803 0.5103092783505154 0.806949806949807 0.5154639175257731 0.8146718146718147 0.5154639175257731 0.8185328185328186 0.520618556701031 0.8223938223938224 0.5154639175257731 0.8223938223938224 0.5103092783505154 0.8378378378378378 0.4896907216494845 0.8378378378378378 0.4845360824742268 0.8416988416988417 0.4793814432989691 0.8416988416988417 0.4536082474226804 0.8378378378378378 0.4484536082474227 0.8378378378378378 0.44329896907216493 0.8262548262548263 0.42783505154639173 0.8185328185328186 0.42783505154639173 0.8108108108108109 0.4175257731958763 0.806949806949807 0.4175257731958763 0.803088803088803 0.41237113402061853 0.7837837837837838 0.41237113402061853 0.7799227799227799 0.4175257731958763 0.7722007722007722 0.4175257731958763 0.7606177606177607 0.4329896907216495 0.7644787644787645 0.42783505154639173 0.7644787644787645 0.4072164948453608 0.8841698841698842 0.4072164948453608 0.888030888030888 0.4020618556701031 0.8918918918918919 0.4072164948453608 0.8918918918918919 0.41237113402061853 0.888030888030888 0.41237113402061853 0.8764478764478765 0.42783505154639173 0.8764478764478765 0.4381443298969072 0.8725868725868726 0.44329896907216493 0.8725868725868726 0.4484536082474227 0.8764478764478765 0.4536082474226804 0.8725868725868726 0.4587628865979381 0.8725868725868726 0.4793814432989691 0.8764478764478765 0.4845360824742268 0.8725868725868726 0.4845360824742268 0.8648648648648649 0.4948453608247423 0.8764478764478765 0.5103092783505154 0.8803088803088803 0.5103092783505154 0.8841698841698842 0.5154639175257731 0.888030888030888 0.5103092783505154 0.8918918918918919 0.5154639175257731 0.8957528957528957 0.5154639175257731 0.8957528957528957 0.5360824742268041 0.8996138996138996 0.5412371134020618 0.9034749034749034 0.5412371134020618 0.9034749034749034 0.5463917525773195 0.8996138996138996 0.5463917525773195 0.8957528957528957 0.5412371134020618 0.8725868725868726 0.5412371134020618 0.8687258687258688 0.5463917525773195 0.8532818532818532 0.5463917525773195 0.8494208494208494 0.5412371134020618 0.8262548262548263 0.5412371134020618 0.8185328185328186 0.5257731958762887 0.8146718146718147 0.5309278350515464 0.8108108108108109 0.5309278350515464 0.803088803088803 0.5412371134020618 0.7374517374517374 0.5412371134020618 0.7335907335907336 0.5463917525773195 0.7297297297297297 0.5412371134020618 0.640926640926641 0.5412371134020618 0.637065637065637 0.5463917525773195 0.6332046332046332 0.5412371134020618 0.5791505791505791 0.5412371134020618 0.5752895752895753 0.5360824742268041 0.5598455598455598 0.5360824742268041 0.555984555984556 0.5412371134020618 0.5328185328185329 0.5412371134020618 0.528957528957529 0.5360824742268041 0.525096525096525 0.5412371134020618 0.5135135135135135 0.5412371134020618 0.5096525096525096 0.5463917525773195 0.5057915057915058 0.5412371134020618 0.4671814671814672 0.5412371134020618 0.46332046332046334 0.5360824742268041 0.44787644787644787 0.5360824742268041 0.444015444015444 0.5412371134020618 0.44015444015444016 0.5360824742268041 0.42084942084942084 0.5360824742268041 0.416988416988417 0.5412371134020618 0.3938223938223938 0.5412371134020618 0.3861003861003861 0.5515463917525774 0.3783783783783784 0.5412371134020618 0.3745173745173745 0.5412371134020618 0.37065637065637064 0.5463917525773195 0.3590733590733591 0.5360824742268041 0.3590733590733591 0.5103092783505154 0.36293436293436293 0.5051546391752577 0.3590733590733591 0.5 0.3590733590733591 0.4742268041237113 0.36293436293436293 0.4690721649484536 0.3590733590733591 0.4639175257731959 0.36293436293436293 0.4587628865979381 0.36293436293436293 0.4484536082474227 0.3590733590733591 0.44329896907216493 0.3590733590733591 0.41237113402061853 0.36293436293436293 0.4072164948453608
19 0.38996138996138996 0.23195876288659795 0.3938223938223938 0.23711340206185566 0.40540540540540543 0.23711340206185566 0.4092664092664093 0.23195876288659795 0.416988416988417 0.23195876288659795 0.42084942084942084 0.23711340206185566 0.49034749034749037 0.23711340206185566 0.4942084942084942 0.2422680412371134 0.637065637065637 0.2422680412371134 0.640926640926641 0.24742268041237114 0.6563706563706564 0.24742268041237114 0.6602316602316602 0.2422680412371134 0.6718146718146718 0.2422680412371134 0.6756756756756757 0.24742268041237114 0.7027027027027027 0.24742268041237114 0.6988416988416989 0.24742268041237114 0.694980694980695 0.25257731958762886 0.6833976833976834 0.25257731958762886 0.6795366795366795 0.25773195876288657 0.6718146718146718 0.25773195876288657 0.667953667953668 0.26288659793814434 0.6640926640926641 0.26288659793814434 0.6525096525096525 0.27835051546391754 0.6563706563706564 0.28350515463917525 0.6525096525096525 0.28350515463917525 0.6447876447876448 0.29381443298969073 0.6447876447876448 0.30412371134020616 0.637065637065637 0.31443298969072164 0.640926640926641 0.31958762886597936 0.6447876447876448 0.31958762886597936 0.6447876447876448 0.35051546391752575 0.6525096525096525 0.36082474226804123 0.6563706563706564 0.3556701030927835 0.6640926640926641 0.3556701030927835 0.6718146718146718 0.36597938144329895 0.6756756756756757 0.36597938144329895 0.6795366795366795 0.3711340206185567 0.6988416988416989 0.3711340206185567 0.7104247104247104 0.3556701030927835 0.7258687258687259 0.3556701030927835 0.7297297297297297 0.35051546391752575 0.7335907335907336 0.35051546391752575 0.7451737451737451 0.33505154639175255 0.7451737451737451 0.32989690721649484 0.7567567567567568 0.32989690721649484 0.7606177606177607 0.34536082474226804 0.7683397683397684 0.3556701030927835 0.7799227799227799 0.35051546391752575 0.7837837837837838 0.3556701030927835 0.7799227799227799 0.36082474226804123 0.7837837837837838 0.36597938144329895 0.7953667953667953 0.36597938144329895 0.7992277992277992 0.3711340206185567 0.8146718146718147 0.3711340206185567 0.8223938223938224 0.36082474226804123 0.8223938223938224 0.3556701030927835 0.8301158301158301 0.3556701030927835 0.833976833976834 0.36082474226804123 0.833976833976834 0.3711340206185567 0.8455598455598455 0.3865979381443299 0.8571428571428571 0.3865979381443299 0.8571428571428571 0.3917525773195876 0.861003861003861 0.39690721649484534 0.8648648648648649 0.3917525773195876 0.8687258687258688 0.3917525773195876 0.8687258687258688 0.39690721649484534 0.8648648648648649 0.39690721649484534 0.861003861003861 0.4020618556701031 0.8687258687258688 0.41237113402061853 0.8725868725868726 0.4072164948453608 0.8764478764478765 0.4072164948453608 0.8764478764478765 0.422680412371134 0.8725868725868726 0.422680412371134 0.8687258687258688 0.42783505154639173 0.8725868725868726 0.4329896907216495 0.8725868725868726 0.4381443298969072 0.8687258687258688 0.4381443298969072 0.8648648648648649 0.4329896907216495 0.8571428571428571 0.4329896907216495 0.8571428571428571 0.422680412371134 0.8532818532818532 0.4175257731958763 0.8455598455598455 0.4329896907216495 0.8455598455598455 0.4484536082474227 0.8494208494208494 0.4536082474226804 0.8455598455598455 0.4536082474226804 0.8455598455598455 0.4484536082474227 0.8262548262548263 0.42783505154639173 0.8262548262548263 0.4175257731958763 0.8223938223938224 0.41237113402061853 0.8185328185328186 0.4175257731958763 0.8108108108108109 0.4072164948453608 0.806949806949807 0.41237113402061853 0.7915057915057915 0.41237113402061853 0.7876447876447876 0.4072164948453608 0.7837837837837838 0.4072164948453608 0.7799227799227799 0.41237113402061853 0.7722007722007722 0.41237113402061853 0.7644787644787645 0.4020618556701031 0.7644787644787645 0.39690721649484534 0.7606177606177607 0.3917525773195876 0.749034749034749 0.3865979381443299 0.7413127413127413 0.37628865979381443 0.7374517374517374 0.37628865979381443 0.7335907335907336 0.3711340206185567 0.722007722007722 0.3711340206185567 0.7181467181467182 0.37628865979381443 0.7065637065637066 0.37628865979381443 0.7027027027027027 0.38144329896907214 0.6988416988416989 0.38144329896907214 0.6872586872586872 0.39690721649484534 0.6872586872586872 0.4020618556701031 0.6795366795366795 0.41237113402061853 0.6795366795366795 0.4175257731958763 0.6756756756756757 0.422680412371134 0.6756756756756757 0.4329896907216495 0.6795366795366795 0.4381443298969072 0.6756756756756757 0.44329896907216493 0.6756756756756757 0.4484536082474227 0.6795366795366795 0.4536082474226804 0.6795366795366795 0.4587628865979381 0.6833976833976834 0.4639175257731959 0.6872586872586872 0.4639175257731959 0.6872586872586872 0.4742268041237113 0.6988416988416989 0.4896907216494845 0.7065637065637066 0.4896907216494845 0.7104247104247104 0.4948453608247423 0.7297297297297297 0.4948453608247423 0.7335907335907336 0.4896907216494845 0.7413127413127413 0.4896907216494845 0.752895752895753 0.4793814432989691 0.7606177606177607 0.4793814432989691 0.7606177606177607 0.4845360824742268 0.7760617760617761 0.5103092783505154 0.7953667953667953 0.5103092783505154 0.806949806949807 0.520618556701031 0.8185328185328186 0.520618556701031 0.8223938223938224 0.5154639175257731 0.8223938223938224 0.5103092783505154 0.8262548262548263 0.5154639175257731 0.8378378378378378 0.5 0.8378378378378378 0.4896907216494845 0.8455598455598455 0.4793814432989691 0.8494208494208494 0.4639175257731959 0.861003861003861 0.4793814432989691 0.8571428571428571 0.4845360824742268 0.8571428571428571 0.4896907216494845 0.861003861003861 0.4948453608247423 0.861003861003861 0.5 0.8648648648648649 0.5051546391752577 0.8687258687258688 0.5051546391752577 0.8648648648648649 0.5103092783505154 0.8687258687258688 0.5154639175257731 0.8725868725868726 0.5154639175257731 0.8764478764478765 0.520618556701031 0.8803088803088803 0.5154639175257731 0.8957528957528957 0.5154639175257731 0.8957528957528957 0.520618556701031 0.9073359073359073 0.5360824742268041 0.9111969111969112 0.5309278350515464 0.915057915057915 0.5309278350515464 0.918918918918919 0.5360824742268041 0.9227799227799228 0.5309278350515464 0.9266409266409267 0.5309278350515464 0.9305019305019305 0.5360824742268041 0.9343629343629344 0.5309278350515464 0.9420849420849421 0.5309278350515464 0.9459459459459459 0.5360824742268041 0.9498069498069498 0.5360824742268041 0.9498069498069498 0.5412371134020618 0.9536679536679536 0.5463917525773195 0.9613899613899614 0.5463917525773195 0.9613899613899614 0.5515463917525774 0.9806949806949807 0.5721649484536082 0.9845559845559846 0.5670103092783505 0.9922779922779923 0.5670103092783505 0.9922779922779923 0.5773195876288659 0.9961389961389961 0.5824742268041238 0.9961389961389961 0.5927835051546392 0.9922779922779923 0.5979381443298969 0.9922779922779923 0.6288659793814433 0.9845559845559846 0.6443298969072165 0.9845559845559846 0.6597938144329897 0.9922779922779923 0.6701030927835051 0.9922779922779923 0.6804123711340206 0.9961389961389961 0.6855670103092784 0.9961389961389961 0.7061855670103093 0.9922779922779923 0.711340206185567 0.9613899613899614 0.711340206185567 0.9575289575289575 0.7061855670103093 0.9498069498069498 0.7061855670103093 0.9459459459459459 0.711340206185567 0.9305019305019305 0.711340206185567 0.9266409266409267 0.7061855670103093 0.9227799227799228 0.7061855670103093 0.918918918918919 0.711340206185567 0.61003861003861 0.711340206185567 0.6061776061776062 0.7061855670103093 0.3938223938223938 0.7061855670103093 0.38996138996138996 0.7010309278350515 0.38223938223938225 0.7010309278350515 0.3783783783783784 0.6958762886597938 0.3783783783783784 0.6907216494845361 0.3745173745173745 0.6855670103092784 0.37065637065637064 0.6855670103092784 0.37065637065637064 0.6752577319587629 0.36293436293436293 0.6597938144329897 0.36293436293436293 0.6288659793814433 0.3590733590733591 0.6237113402061856 0.3590733590733591 0.5876288659793815 0.36293436293436293 0.5824742268041238 0.36293436293436293 0.5 0.3590733590733591 0.4948453608247423 0.37065637065637064 0.4845360824742268 0.3667953667953668 0.4793814432989691 0.36293436293436293 0.4793814432989691 0.36293436293436293 0.4742268041237113 0.3667953667953668 0.4690721649484536 0.3590733590733591 0.4536082474226804 0.36293436293436293 0.4484536082474227 0.3590733590733591 0.44329896907216493 0.3590733590733591 0.4381443298969072 0.36293436293436293 0.4329896907216495 0.36293436293436293 0.4072164948453608 0.3590733590733591 0.4020618556701031 0.3590733590733591 0.33505154639175255 0.36293436293436293 0.32989690721649484 0.36293436293436293 0.3247422680412371 0.3590733590733591 0.31958762886597936 0.3590733590733591 0.29381443298969073 0.36293436293436293 0.28865979381443296 0.36293436293436293 0.25773195876288657 0.3667953667953668 0.25257731958762886 0.3667953667953668 0.24742268041237114 0.3783783783783784 0.23711340206185566 0.3861003861003861 0.23711340206185566
19 0.18532818532818532 0.6391752577319587 0.1891891891891892 0.6391752577319587 0.19305019305019305 0.634020618556701 0.1969111969111969 0.634020618556701 0.20077220077220076 0.6288659793814433 0.20463320463320464 0.6288659793814433 0.21621621621621623 0.6185567010309279 0.2277992277992278 0.6185567010309279 0.2277992277992278 0.6494845360824743 0.22393822393822393 0.654639175257732 0.22393822393822393 0.6649484536082474 0.21235521235521235 0.6804123711340206 0.2084942084942085 0.6804123711340206 0.20463320463320464 0.6855670103092784 0.1891891891891892 0.6855670103092784 0.1891891891891892 0.654639175257732 0.18532818532818532 0.6494845360824743 0.18532818532818532 0.6443298969072165
19 0.1969111969111969 0.8298969072164949 0.22007722007722008 0.8505154639175257 0.23166023166023167 0.8505154639175257 0.23166023166023167 0.8556701030927835 0.23552123552123552 0.8608247422680413 0.23552123552123552 0.8711340206185567 0.18532818532818532 0.8711340206185567 0.18146718146718147 0.865979381443299 0.16216216216216217 0.865979381443299 0.18146718146718147 0.865979381443299 0.18532818532818532 0.8608247422680413 0.18532818532818532 0.8556701030927835 0.1891891891891892 0.8505154639175257 0.19305019305019305 0.8350515463917526
19 0.3204633204633205 0.8195876288659794 0.32432432432432434 0.8247422680412371 0.3474903474903475 0.8247422680412371 0.35135135135135137 0.8195876288659794 0.36293436293436293 0.8144329896907216 0.3667953667953668 0.8195876288659794 0.37065637065637064 0.8195876288659794 0.3745173745173745 0.8247422680412371 0.3861003861003861 0.8298969072164949 0.41312741312741313 0.865979381443299 0.41312741312741313 0.8711340206185567 0.3783783783783784 0.8711340206185567 0.3745173745173745 0.865979381443299 0.3590733590733591 0.865979381443299 0.3552123552123552 0.8711340206185567 0.3127413127413127 0.8711340206185567 0.3088803088803089 0.865979381443299 0.305019305019305 0.865979381443299 0.30115830115830117 0.8711340206185567 0.25868725868725867 0.8711340206185567 0.2548262548262548 0.865979381443299 0.24324324324324326 0.865979381443299 0.23938223938223938 0.8608247422680413 0.23552123552123552 0.865979381443299 0.23938223938223938 0.8608247422680413 0.23938223938223938 0.8556701030927835 0.2471042471042471 0.845360824742268 0.25868725868725867 0.8402061855670103 0.26640926640926643 0.8298969072164949 0.2702702702702703 0.8298969072164949 0.27413127413127414 0.8247422680412371 0.29343629343629346 0.8247422680412371 0.2972972972972973 0.8195876288659794 0.3166023166023166 0.8195876288659794
19 0.05019305019305019 0.4020618556701031 0.05405405405405406 0.4072164948453608 0.06177606177606178 0.4072164948453608 0.06563706563706563 0.41237113402061853 0.06563706563706563 0.42783505154639173 0.07722007722007722 0.44329896907216493 0.07722007722007722 0.4484536082474227 0.08108108108108109 0.4536082474226804 0.08108108108108109 0.4690721649484536 0.08494208494208494 0.4742268041237113 0.08494208494208494 0.4896907216494845 0.0888030888030888 0.4948453608247423 0.0888030888030888 0.5309278350515464 0.09266409266409266 0.5360824742268041 0.09266409266409266 0.5670103092783505 0.0888030888030888 0.5721649484536082 0.0888030888030888 0.5876288659793815 0.09266409266409266 0.5927835051546392 0.09266409266409266 0.6030927835051546 0.0888030888030888 0.6082474226804123 0.0888030888030888 0.6134020618556701 0.07335907335907337 0.634020618556701 0.07335907335907337 0.6391752577319587 0.05405405405405406 0.6649484536082474 0.05019305019305019 0.6649484536082474 0.04247104247104247 0.6752577319587629 0.03474903474903475 0.6752577319587629 0.03474903474903475 0.6649484536082474 0.03088803088803089 0.6597938144329897 0.019305019305019305 0.6649484536082474 0.019305019305019305 0.6597938144329897 0.015444015444015444 0.654639175257732 0.011583011583011582 0.654639175257732 0.007722007722007722 0.6597938144329897 0.003861003861003861 0.6597938144329897 0 0.654639175257732 0.003861003861003861 0.6494845360824743 0.003861003861003861 0.5979381443298969 0 0.5927835051546392 0.003861003861003861 0.5876288659793815 0.003861003861003861 0.5463917525773195 0.007722007722007722 0.5412371134020618 0.007722007722007722 0.5257731958762887 0 0.5103092783505154 0 0.4742268041237113 0.003861003861003861 0.4690721649484536 0.003861003861003861 0.4639175257731959 0.019305019305019305 0.44329896907216493 0.019305019305019305 0.4381443298969072 0.03861003861003861 0.41237113402061853 0.04247104247104247 0.41237113402061853 0.04633204633204633 0.4072164948453608
19 0.03861003861003861 0.5773195876288659 0.04247104247104247 0.5773195876288659 0.03861003861003861 0.5824742268041238 0.03861003861003861 0.5876288659793815 0.03474903474903475 0.5876288659793815 0.03088803088803089 0.5927835051546392 0.03474903474903475 0.5979381443298969 0.03474903474903475 0.6030927835051546 0.04247104247104247 0.6134020618556701 0.04633204633204633 0.6082474226804123 0.06177606177606178 0.6288659793814433 0.07335907335907337 0.634020618556701 0.0694980694980695 0.6391752577319587 0.0694980694980695 0.6494845360824743 0.05405405405405406 0.6701030927835051 0.05019305019305019 0.6701030927835051 0.03861003861003861 0.6855670103092784 0.03474903474903475 0.6855670103092784 0.03088803088803089 0.6804123711340206 0.023166023166023165 0.6804123711340206 0.019305019305019305 0.6752577319587629 0.007722007722007722 0.6752577319587629 0.003861003861003861 0.6701030927835051 0 0.6701030927835051 0 0.5927835051546392 0.003861003861003861 0.5876288659793815 0.015444015444015444 0.5824742268041238 0.019305019305019305 0.5773195876288659 0.02702702702702703 0.5773195876288659 0.03088803088803089 0.5721649484536082 0.03474903474903475 0.5721649484536082
19 0.10038610038610038 0.26804123711340205 0.11196911196911197 0.26288659793814434 0.12355212355212356 0.27835051546391754 0.1274131274131274 0.27835051546391754 0.13127413127413126 0.27319587628865977 0.13513513513513514 0.27835051546391754 0.14671814671814673 0.28350515463917525 0.16216216216216217 0.30412371134020616 0.16602316602316602 0.30412371134020616 0.16216216216216217 0.30927835051546393 0.14671814671814673 0.30927835051546393 0.138996138996139 0.31958762886597936 0.138996138996139 0.3247422680412371 0.13513513513513514 0.32989690721649484 0.11583011583011583 0.32989690721649484 0.11196911196911197 0.33505154639175255 0.10424710424710425 0.33505154639175255 0.10424710424710425 0.32989690721649484 0.10038610038610038 0.3247422680412371 0.09652509652509653 0.3247422680412371 0.0888030888030888 0.31443298969072164 0.0888030888030888 0.29381443298969073 0.10038610038610038 0.27835051546391754 0.10038610038610038 0.27319587628865977
19 0.23166023166023167 0.6185567010309279 0.23938223938223938 0.6185567010309279 0.25096525096525096 0.634020618556701 0.25096525096525096 0.6391752577319587 0.25868725868725867 0.6494845360824743 0.25868725868725867 0.6597938144329897 0.2625482625482625 0.6649484536082474 0.2625482625482625 0.6804123711340206 0.26640926640926643 0.6855670103092784 0.26640926640926643 0.6907216494845361 0.277992277992278 0.7061855670103093 0.277992277992278 0.711340206185567 0.27413127413127414 0.7164948453608248 0.277992277992278 0.7216494845360825 0.28185328185328185 0.7216494845360825 0.28957528957528955 0.7319587628865979 0.2857142857142857 0.7319587628865979 0.28185328185328185 0.7371134020618557 0.28185328185328185 0.7422680412371134 0.2857142857142857 0.7474226804123711 0.2857142857142857 0.7628865979381443 0.28957528957528955 0.7680412371134021 0.29343629343629346 0.7680412371134021 0.305019305019305 0.7577319587628866 0.305019305019305 0.7474226804123711 0.305019305019305 0.7628865979381443 0.2972972972972973 0.7628865979381443 0.29343629343629346 0.7680412371134021 0.2972972972972973 0.7731958762886598 0.305019305019305 0.7731958762886598 0.2972972972972973 0.7731958762886598 0.28957528957528955 0.788659793814433 0.26640926640926643 0.788659793814433 0.2625482625482625 0.7938144329896907 0.25868725868725867 0.788659793814433 0.25096525096525096 0.788659793814433 0.25096525096525096 0.7783505154639175 0.2471042471042471 0.7731958762886598 0.24324324324324326 0.7731958762886598 0.2471042471042471 0.7731958762886598 0.25096525096525096 0.7680412371134021 0.2471042471042471 0.7628865979381443 0.2471042471042471 0.7474226804123711 0.23938223938223938 0.7319587628865979 0.23166023166023167 0.7319587628865979 0.23166023166023167 0.7268041237113402 0.23552123552123552 0.7268041237113402 0.23938223938223938 0.7216494845360825 0.23938223938223938 0.7061855670103093 0.23552123552123552 0.7010309278350515 0.23166023166023167 0.6855670103092784 0.2277992277992278 0.6804123711340206 0.22393822393822393 0.6804123711340206 0.2277992277992278 0.6752577319587629 0.2277992277992278 0.6649484536082474 0.23166023166023167 0.6597938144329897 0.23166023166023167 0.6237113402061856
19 0.09652509652509653 0.4896907216494845 0.10810810810810811 0.4896907216494845 0.11583011583011583 0.5 0.11583011583011583 0.5103092783505154 0.11969111969111969 0.5154639175257731 0.11969111969111969 0.520618556701031 0.11583011583011583 0.5257731958762887 0.11969111969111969 0.5309278350515464 0.12355212355212356 0.5309278350515464 0.138996138996139 0.5567010309278351 0.138996138996139 0.5670103092783505 0.14285714285714285 0.5721649484536082 0.14285714285714285 0.5824742268041238 0.15057915057915058 0.5979381443298969 0.15057915057915058 0.6082474226804123 0.15444015444015444 0.6134020618556701 0.1583011583011583 0.6288659793814433 0.16988416988416988 0.6443298969072165 0.18146718146718147 0.6391752577319587 0.18146718146718147 0.6443298969072165 0.18532818532818532 0.6494845360824743 0.18532818532818532 0.6649484536082474 0.1891891891891892 0.6701030927835051 0.18532818532818532 0.6752577319587629 0.18532818532818532 0.6804123711340206 0.1776061776061776 0.6804123711340206 0.17374517374517376 0.6855670103092784 0.16988416988416988 0.6804123711340206 0.16602316602316602 0.6855670103092784 0.12355212355212356 0.6855670103092784 0.11969111969111969 0.6907216494845361 0.11196911196911197 0.6907216494845361 0.10810810810810811 0.6855670103092784 0.10424710424710425 0.6855670103092784 0.10038610038610038 0.6804123711340206 0.10038610038610038 0.5618556701030928 0.10424710424710425 0.5567010309278351 0.10424710424710425 0.5463917525773195 0.10038610038610038 0.5412371134020618 0.10038610038610038 0.5103092783505154 0.09652509652509653 0.5051546391752577 0.09652509652509653 0.5 0.10038610038610038 0.4948453608247423
19 0.36293436293436293 0.6855670103092784 0.3667953667953668 0.6907216494845361 0.3667953667953668 0.6958762886597938 0.3783783783783784 0.711340206185567 0.3783783783783784 0.7216494845360825 0.3745173745173745 0.7268041237113402 0.3745173745173745 0.7319587628865979 0.37065637065637064 0.7319587628865979 0.3667953667953668 0.7371134020618557 0.3667953667953668 0.7422680412371134 0.3590733590733591 0.7525773195876289 0.3552123552123552 0.7525773195876289 0.35135135135135137 0.7577319587628866 0.3474903474903475 0.7577319587628866 0.3474903474903475 0.7525773195876289 0.33976833976833976 0.7422680412371134 0.33976833976833976 0.7371134020618557 0.33204633204633205 0.7268041237113402 0.3281853281853282 0.7268041237113402 0.3281853281853282 0.7216494845360825 0.3359073359073359 0.7061855670103093 0.33976833976833976 0.7061855670103093 0.3552123552123552 0.6855670103092784 0.3590733590733591 0.6855670103092784
19 0.6563706563706564 0.26804123711340205 0.6718146718146718 0.26804123711340205 0.6718146718146718 0.27835051546391754 0.667953667953668 0.28350515463917525 0.667953667953668 0.28865979381443296 0.6718146718146718 0.29381443298969073 0.6718146718146718 0.30927835051546393 0.6756756756756757 0.31443298969072164 0.6795366795366795 0.30927835051546393 0.6795366795366795 0.31958762886597936 0.6833976833976834 0.3247422680412371 0.6795366795366795 0.3247422680412371 0.6756756756756757 0.32989690721649484 0.6795366795366795 0.34536082474226804 0.667953667953668 0.34536082474226804 0.6640926640926641 0.35051546391752575 0.6602316602316602 0.34536082474226804 0.6563706563706564 0.35051546391752575 0.6525096525096525 0.35051546391752575 0.6486486486486487 0.34536082474226804 0.6486486486486487 0.33505154639175255 0.6447876447876448 0.32989690721649484 0.6447876447876448 0.31443298969072164 0.640926640926641 0.30927835051546393 0.6486486486486487 0.29896907216494845 0.6486486486486487 0.28865979381443296 0.6563706563706564 0.27319587628865977
19 0.11583011583011583 0.7938144329896907 0.12355212355212356 0.7938144329896907 0.11196911196911197 0.7989690721649485 0.10424710424710425 0.8144329896907216 0.10038610038610038 0.8144329896907216 0.0888030888030888 0.8247422680412371 0.08494208494208494 0.8195876288659794 0.07722007722007722 0.8195876288659794 0.07335907335907337 0.8144329896907216 0.05791505791505792 0.8144329896907216 0.05405405405405406 0.8092783505154639 0.04247104247104247 0.8092783505154639 0.03474903474903475 0.7989690721649485 0.05791505791505792 0.7989690721649485 0.06177606177606178 0.7938144329896907 0.11196911196911197 0.7938144329896907
19 0.12355212355212356 0.24742268041237114 0.13513513513513514 0.25773195876288657 0.1583011583011583 0.25773195876288657 0.16216216216216217 0.26288659793814434 0.16602316602316602 0.26288659793814434 0.16602316602316602 0.26804123711340205 0.17374517374517376 0.28350515463917525 0.17374517374517376 0.29381443298969073 0.1776061776061776 0.29896907216494845 0.18146718146718147 0.29896907216494845 0.1891891891891892 0.30927835051546393 0.14285714285714285 0.30927835051546393 0.138996138996139 0.31443298969072164 0.138996138996139 0.32989690721649484 0.12355212355212356 0.32989690721649484 0.11969111969111969 0.3247422680412371 0.11583011583011583 0.3247422680412371 0.11583011583011583 0.31958762886597936 0.11969111969111969 0.31443298969072164 0.11969111969111969 0.30927835051546393 0.11583011583011583 0.30412371134020616 0.11583011583011583 0.29381443298969073 0.10810810810810811 0.28350515463917525 0.10038610038610038 0.28350515463917525 0.09652509652509653 0.27835051546391754 0.09266409266409266 0.27835051546391754 0.09266409266409266 0.25773195876288657 0.09652509652509653 0.25773195876288657 0.10810810810810811 0.24742268041237114 0.11969111969111969 0.24742268041237114
19 0.2471042471042471 0.44329896907216493 0.25096525096525096 0.4484536082474227 0.2548262548262548 0.44329896907216493 0.2625482625482625 0.44329896907216493 0.27413127413127414 0.4536082474226804 0.27413127413127414 0.4639175257731959 0.277992277992278 0.4690721649484536 0.277992277992278 0.4793814432989691 0.2972972972972973 0.5051546391752577 0.30115830115830117 0.5051546391752577 0.30115830115830117 0.5103092783505154 0.305019305019305 0.5154639175257731 0.305019305019305 0.5257731958762887 0.3166023166023166 0.5412371134020618 0.3166023166023166 0.5670103092783505 0.3204633204633205 0.5721649484536082 0.3204633204633205 0.5773195876288659 0.32432432432432434 0.5824742268041238 0.32432432432432434 0.5876288659793815 0.33204633204633205 0.6030927835051546 0.33204633204633205 0.6134020618556701 0.3436293436293436 0.6237113402061856 0.3436293436293436 0.6391752577319587 0.3474903474903475 0.6443298969072165 0.3474903474903475 0.6494845360824743 0.3552123552123552 0.6597938144329897 0.3552123552123552 0.6752577319587629 0.3590733590733591 0.6804123711340206 0.36293436293436293 0.6958762886597938 0.37065637065637064 0.7061855670103093 0.37065637065637064 0.711340206185567 0.3745173745173745 0.7164948453608248 0.3745173745173745 0.7216494845360825 0.36293436293436293 0.7371134020618557 0.36293436293436293 0.7422680412371134 0.3590733590733591 0.7422680412371134 0.3552123552123552 0.7474226804123711 0.3436293436293436 0.7422680412371134 0.3281853281853282 0.7216494845360825 0.3166023166023166 0.7216494845360825 0.3166023166023166 0.7164948453608248 0.3127413127413127 0.711340206185567 0.3127413127413127 0.7010309278350515 0.2972972972972973 0.6752577319587629 0.2972972972972973 0.6649484536082474 0.29343629343629346 0.6597938144329897 0.29343629343629346 0.654639175257732 0.2857142857142857 0.6391752577319587 0.2857142857142857 0.6288659793814433 0.277992277992278 0.6185567010309279 0.277992277992278 0.6134020618556701 0.27413127413127414 0.6082474226804123 0.27413127413127414 0.5773195876288659 0.2702702702702703 0.5721649484536082 0.2702702702702703 0.5618556701030928 0.2625482625482625 0.5463917525773195 0.2625482625482625 0.5360824742268041 0.25868725868725867 0.5309278350515464 0.25868725868725867 0.5154639175257731 0.25096525096525096 0.5051546391752577 0.25096525096525096 0.4948453608247423 0.2471042471042471 0.4896907216494845 0.25096525096525096 0.4845360824742268 0.23938223938223938 0.4690721649484536 0.23938223938223938 0.4639175257731959 0.23552123552123552 0.4587628865979381 0.23552123552123552 0.4484536082474227 0.23938223938223938 0.44329896907216493 0.24324324324324326 0.44329896907216493
19 0.20077220077220076 0.38144329896907214 0.21235521235521235 0.38144329896907214 0.22007722007722008 0.3917525773195876 0.22393822393822393 0.3917525773195876 0.25096525096525096 0.42783505154639173 0.2548262548262548 0.42783505154639173 0.25868725868725867 0.4329896907216495 0.25868725868725867 0.4381443298969072 0.2548262548262548 0.4381443298969072 0.25096525096525096 0.44329896907216493 0.2471042471042471 0.4381443298969072 0.23938223938223938 0.4381443298969072 0.23552123552123552 0.44329896907216493 0.2277992277992278 0.44329896907216493 0.22007722007722008 0.4329896907216495 0.21621621621621623 0.4175257731958763 0.20463320463320464 0.4020618556701031 0.20077220077220076 0.3865979381443299
19 0.7451737451737451 0.2422680412371134 0.749034749034749 0.24742268041237114 0.752895752895753 0.24742268041237114 0.7567567567567568 0.2422680412371134 0.7606177606177607 0.2422680412371134 0.7644787644787645 0.24742268041237114 0.8146718146718147 0.24742268041237114 0.8185328185328186 0.2422680412371134 0.8262548262548263 0.2422680412371134 0.8301158301158301 0.24742268041237114 0.9806949806949807 0.24742268041237114 0.9922779922779923 0.25773195876288657 0.9922779922779923 0.26804123711340205 0.9961389961389961 0.27319587628865977 0.9961389961389961 0.29381443298969073 0.9922779922779923 0.29896907216494845 0.9922779922779923 0.32989690721649484 0.9845559845559846 0.3402061855670103 0.9845559845559846 0.34536082474226804 0.9806949806949807 0.3402061855670103 0.9613899613899614 0.3402061855670103 0.9575289575289575 0.33505154639175255 0.9536679536679536 0.3402061855670103 0.9498069498069498 0.3402061855670103 0.9498069498069498 0.32989690721649484 0.9420849420849421 0.31958762886597936 0.9420849420849421 0.31443298969072164 0.9459459459459459 0.30927835051546393 0.9420849420849421 0.30412371134020616 0.9420849420849421 0.29896907216494845 0.9343629343629344 0.28865979381443296 0.9305019305019305 0.28865979381443296 0.915057915057915 0.26804123711340205 0.9111969111969112 0.26804123711340205 0.9073359073359073 0.26288659793814434 0.888030888030888 0.26288659793814434 0.8803088803088803 0.27319587628865977 0.8764478764478765 0.27319587628865977 0.8725868725868726 0.27835051546391754 0.8687258687258688 0.29381443298969073 0.8648648648648649 0.29381443298969073 0.8532818532818532 0.28350515463917525 0.8301158301158301 0.28350515463917525 0.8262548262548263 0.28865979381443296 0.8108108108108109 0.26804123711340205 0.806949806949807 0.26804123711340205 0.803088803088803 0.26288659793814434 0.7876447876447876 0.26288659793814434 0.7837837837837838 0.26804123711340205 0.7760617760617761 0.26804123711340205 0.7644787644787645 0.28350515463917525 0.7606177606177607 0.28350515463917525 0.752895752895753 0.29381443298969073 0.752895752895753 0.27319587628865977 0.7374517374517374 0.25257731958762886 0.7335907335907336 0.25257731958762886 0.7297297297297297 0.24742268041237114 0.7065637065637066 0.24742268041237114 0.7027027027027027 0.25257731958762886 0.6911196911196911 0.25257731958762886 0.6872586872586872 0.25773195876288657 0.6756756756756757 0.25773195876288657 0.6718146718146718 0.26288659793814434 0.6640926640926641 0.26288659793814434 0.6525096525096525 0.27835051546391754 0.6525096525096525 0.29896907216494845 0.6447876447876448 0.30927835051546393 0.6447876447876448 0.31443298969072164 0.6525096525096525 0.3247422680412371 0.6486486486486487 0.3247422680412371 0.6447876447876448 0.32989690721649484 0.6447876447876448 0.34536082474226804 0.6525096525096525 0.36082474226804123 0.6563706563706564 0.3556701030927835 0.6602316602316602 0.36082474226804123 0.6640926640926641 0.36082474226804123 0.667953667953668 0.36597938144329895 0.6756756756756757 0.36597938144329895 0.6795366795366795 0.3711340206185567 0.694980694980695 0.3711340206185567 0.694980694980695 0.37628865979381443 0.6911196911196911 0.37628865979381443 0.6833976833976834 0.3917525773195876 0.6563706563706564 0.3917525773195876 0.6525096525096525 0.39690721649484534 0.5868725868725869 0.39690721649484534 0.5868725868725869 0.38144329896907214 0.5907335907335908 0.38144329896907214 0.5945945945945946 0.37628865979381443 0.5945945945945946 0.3711340206185567 0.6061776061776062 0.3556701030927835 0.6061776061776062 0.35051546391752575 0.6138996138996139 0.3402061855670103 0.6138996138996139 0.32989690721649484 0.6177606177606177 0.3247422680412371 0.6177606177606177 0.30412371134020616 0.6138996138996139 0.29896907216494845 0.61003861003861 0.28350515463917525 0.5984555984555985 0.26804123711340205 0.5945945945945946 0.26804123711340205 0.5907335907335908 0.26288659793814434 0.5791505791505791 0.26288659793814434 0.5752895752895753 0.25773195876288657 0.555984555984556 0.25773195876288657 0.5328185328185329 0.28865979381443296 0.5328185328185329 0.31443298969072164 0.528957528957529 0.31958762886597936 0.5328185328185329 0.3247422680412371 0.5328185328185329 0.3402061855670103 0.5366795366795367 0.34536082474226804 0.5366795366795367 0.36082474226804123 0.5482625482625483 0.37628865979381443 0.5521235521235521 0.37628865979381443 0.5598455598455598 0.3865979381443299 0.5637065637065637 0.3865979381443299 0.5637065637065637 0.3917525773195876 0.5521235521235521 0.3917525773195876 0.5482625482625483 0.39690721649484534 0.5444015444015444 0.3917525773195876 0.3938223938223938 0.3917525773195876 0.38996138996138996 0.3865979381443299 0.3938223938223938 0.38144329896907214 0.3861003861003861 0.3711340206185567 0.3745173745173745 0.38144329896907214 0.3745173745173745 0.3917525773195876 0.36293436293436293 0.3917525773195876 0.3590733590733591 0.3865979381443299 0.3590733590733591 0.26288659793814434 0.36293436293436293 0.25773195876288657 0.36293436293436293 0.25257731958762886 0.3745173745173745 0.23711340206185566 0.3783783783783784 0.23711340206185566 0.38223938223938225 0.23195876288659795 0.4555984555984556 0.23195876288659795 0.4594594594594595 0.23711340206185566 0.5135135135135135 0.23711340206185566 0.5173745173745173 0.2422680412371134 0.528957528957529 0.23711340206185566 0.5328185328185329 0.2422680412371134 0.7335907335907336 0.2422680412371134 0.7374517374517374 0.24742268041237114 0.7413127413127413 0.24742268041237114
19 0.13127413127413126 0.6958762886597938 0.13513513513513514 0.7010309278350515 0.14285714285714285 0.7010309278350515 0.138996138996139 0.7061855670103093 0.14285714285714285 0.711340206185567 0.14285714285714285 0.7319587628865979 0.14671814671814673 0.7371134020618557 0.11583011583011583 0.7371134020618557 0.11196911196911197 0.7319587628865979 0.11196911196911197 0.7216494845360825 0.10810810810810811 0.7164948453608248 0.10810810810810811 0.7061855670103093 0.11196911196911197 0.7010309278350515 0.1274131274131274 0.7010309278350515
19 0.08494208494208494 0.29381443298969073 0.08494208494208494 0.30927835051546393 0.08108108108108109 0.31443298969072164 0.08108108108108109 0.32989690721649484 0.07722007722007722 0.33505154639175255 0.07335907335907337 0.33505154639175255 0.05791505791505792 0.3556701030927835 0.05791505791505792 0.36082474226804123 0.05405405405405406 0.36597938144329895 0.05405405405405406 0.37628865979381443 0.02702702702702703 0.41237113402061853 0.023166023166023165 0.41237113402061853 0.019305019305019305 0.4175257731958763 0.015444015444015444 0.422680412371134 0.015444015444015444 0.42783505154639173 0.007722007722007722 0.42783505154639173 0.003861003861003861 0.422680412371134 0 0.422680412371134 0 0.36597938144329895 0.003861003861003861 0.36082474226804123 0.003861003861003861 0.3556701030927835 0.007722007722007722 0.3556701030927835 0.023166023166023165 0.33505154639175255 0.02702702702702703 0.33505154639175255 0.04633204633204633 0.31443298969072164 0.05019305019305019 0.31443298969072164 0.06177606177606178 0.29896907216494845 0.07335907335907337 0.29896907216494845 0.07722007722007722 0.29381443298969073 0.08108108108108109 0.29381443298969073
19 0.6988416988416989 0.5618556701030928 0.7104247104247104 0.5721649484536082 0.7104247104247104 0.5773195876288659 0.7065637065637066 0.5824742268041238 0.7065637065637066 0.6030927835051546 0.7027027027027027 0.6082474226804123 0.7027027027027027 0.6288659793814433 0.7065637065637066 0.634020618556701 0.7065637065637066 0.6443298969072165 0.7104247104247104 0.6494845360824743 0.7142857142857143 0.6494845360824743 0.7142857142857143 0.654639175257732 0.7181467181467182 0.6597938144329897 0.7181467181467182 0.6701030927835051 0.7027027027027027 0.6701030927835051 0.6988416988416989 0.6752577319587629 0.6911196911196911 0.6752577319587629 0.6872586872586872 0.6701030927835051 0.6718146718146718 0.6701030927835051 0.667953667953668 0.6649484536082474 0.6602316602316602 0.6649484536082474 0.6563706563706564 0.6597938144329897 0.6563706563706564 0.6134020618556701 0.6525096525096525 0.6082474226804123 0.6525096525096525 0.5773195876288659 0.6602316602316602 0.5670103092783505 0.6640926640926641 0.5670103092783505 0.667953667953668 0.5618556701030928 0.694980694980695 0.5618556701030928
19 0.16988416988416988 0.3402061855670103 0.1776061776061776 0.35051546391752575 0.18146718146718147 0.35051546391752575 0.18532818532818532 0.3556701030927835 0.18532818532818532 0.36597938144329895 0.19305019305019305 0.38144329896907214 0.1891891891891892 0.3865979381443299 0.19305019305019305 0.3917525773195876 0.1969111969111969 0.3917525773195876 0.1969111969111969 0.39690721649484534 0.2084942084942085 0.41237113402061853 0.20463320463320464 0.4175257731958763 0.2084942084942085 0.422680412371134 0.20463320463320464 0.422680412371134 0.20077220077220076 0.42783505154639173 0.20463320463320464 0.4329896907216495 0.20077220077220076 0.4381443298969072 0.20077220077220076 0.44329896907216493 0.20463320463320464 0.4484536082474227 0.2084942084942085 0.44329896907216493 0.21235521235521235 0.4484536082474227 0.21621621621621623 0.44329896907216493 0.22007722007722008 0.4484536082474227 0.22393822393822393 0.4484536082474227 0.22393822393822393 0.4587628865979381 0.23552123552123552 0.4690721649484536 0.23552123552123552 0.4742268041237113 0.23938223938223938 0.4793814432989691 0.23938223938223938 0.4948453608247423 0.24324324324324326 0.5 0.24324324324324326 0.5051546391752577 0.25096525096525096 0.5154639175257731 0.25096525096525096 0.5257731958762887 0.25868725868725867 0.5412371134020618 0.25868725868725867 0.5463917525773195 0.2548262548262548 0.5515463917525774 0.25868725868725867 0.5567010309278351 0.2625482625482625 0.5721649484536082 0.2702702702702703 0.5824742268041238 0.2702702702702703 0.5876288659793815 0.2625482625482625 0.5876288659793815 0.25868725868725867 0.5927835051546392 0.25096525096525096 0.5927835051546392 0.2471042471042471 0.5979381443298969 0.24324324324324326 0.5979381443298969 0.24324324324324326 0.5824742268041238 0.2471042471042471 0.5876288659793815 0.25096525096525096 0.5876288659793815 0.2548262548262548 0.5824742268041238 0.25096525096525096 0.5773195876288659 0.25868725868725867 0.5670103092783505 0.2548262548262548 0.5618556701030928 0.25096525096525096 0.5618556701030928 0.2548262548262548 0.5567010309278351 0.2471042471042471 0.5463917525773195 0.23938223938223938 0.5463917525773195 0.23552123552123552 0.5515463917525774 0.23552123552123552 0.5412371134020618 0.23166023166023167 0.5360824742268041 0.2277992277992278 0.5360824742268041 0.2277992277992278 0.5309278350515464 0.23166023166023167 0.5309278350515464 0.23552123552123552 0.5257731958762887 0.23166023166023167 0.520618556701031 0.22393822393822393 0.520618556701031 0.22007722007722008 0.5257731958762887 0.22007722007722008 0.5309278350515464 0.22007722007722008 0.5257731958762887 0.21621621621621623 0.520618556701031 0.21621621621621623 0.5051546391752577 0.22007722007722008 0.5051546391752577 0.22393822393822393 0.5 0.21235521235521235 0.4896907216494845 0.2084942084942085 0.4948453608247423 0.20463320463320464 0.4948453608247423 0.20463320463320464 0.4845360824742268 0.20077220077220076 0.4793814432989691 0.20077220077220076 0.4742268041237113 0.1969111969111969 0.4690721649484536 0.19305019305019305 0.4690721649484536 0.19305019305019305 0.4587628865979381 0.1891891891891892 0.4536082474226804 0.1891891891891892 0.4381443298969072 0.1776061776061776 0.422680412371134 0.1776061776061776 0.4175257731958763 0.16988416988416988 0.4072164948453608 0.16988416988416988 0.3917525773195876 0.1776061776061776 0.3917525773195876 0.18146718146718147 0.3865979381443299 0.1776061776061776 0.38144329896907214 0.16988416988416988 0.38144329896907214 0.18146718146718147 0.3711340206185567 0.1776061776061776 0.36597938144329895 0.16988416988416988 0.36597938144329895 0.16602316602316602 0.36082474226804123 0.15444015444015444 0.36082474226804123 0.15057915057915058 0.36597938144329895 0.15057915057915058 0.36082474226804123 0.14671814671814673 0.3556701030927835 0.14671814671814673 0.3402061855670103 0.15057915057915058 0.33505154639175255 0.16216216216216217 0.33505154639175255 0.16602316602316602 0.3402061855670103
19 0.19305019305019305 0.44329896907216493 0.2084942084942085 0.44329896907216493 0.21235521235521235 0.4484536082474227 0.22007722007722008 0.4484536082474227 0.23166023166023167 0.4639175257731959 0.23166023166023167 0.4690721649484536 0.23938223938223938 0.4793814432989691 0.23938223938223938 0.4896907216494845 0.24324324324324326 0.4948453608247423 0.24324324324324326 0.5051546391752577 0.2471042471042471 0.5103092783505154 0.2471042471042471 0.5154639175257731 0.25096525096525096 0.520618556701031 0.25096525096525096 0.5257731958762887 0.25868725868725867 0.5412371134020618 0.25868725868725867 0.5567010309278351 0.26640926640926643 0.5721649484536082 0.26640926640926643 0.5876288659793815 0.2625482625482625 0.5876288659793815 0.25868725868725867 0.5927835051546392 0.2548262548262548 0.5927835051546392 0.25096525096525096 0.5979381443298969 0.23938223938223938 0.6030927835051546 0.23938223938223938 0.5927835051546392 0.23552123552123552 0.5876288659793815 0.23552123552123552 0.5773195876288659 0.2277992277992278 0.5670103092783505 0.2277992277992278 0.5618556701030928 0.22393822393822393 0.5567010309278351 0.22393822393822393 0.5412371134020618 0.22007722007722008 0.5360824742268041 0.22007722007722008 0.5257731958762887 0.21621621621621623 0.520618556701031 0.21621621621621623 0.5154639175257731 0.2084942084942085 0.5051546391752577 0.2084942084942085 0.4948453608247423 0.19305019305019305 0.4639175257731959 0.19305019305019305 0.4484536082474227
19 0 0.6804123711340206 0.015444015444015444 0.6804123711340206 0.019305019305019305 0.6855670103092784 0.03088803088803089 0.6855670103092784 0.03861003861003861 0.6958762886597938 0.03861003861003861 0.7164948453608248 0.04247104247104247 0.7216494845360825 0.04247104247104247 0.7422680412371134 0.003861003861003861 0.7422680412371134 0 0.7371134020618557 0 0.6855670103092784
19 0.11196911196911197 0.5103092783505154 0.11583011583011583 0.5154639175257731 0.11583011583011583 0.520618556701031 0.11196911196911197 0.5257731958762887 0.11583011583011583 0.5309278350515464 0.11969111969111969 0.5309278350515464 0.1274131274131274 0.5412371134020618 0.1274131274131274 0.5463917525773195 0.138996138996139 0.5618556701030928 0.138996138996139 0.5721649484536082 0.14285714285714285 0.5773195876288659 0.14285714285714285 0.5876288659793815 0.14671814671814673 0.5927835051546392 0.14671814671814673 0.6030927835051546 0.15057915057915058 0.6082474226804123 0.15057915057915058 0.6134020618556701 0.1583011583011583 0.6237113402061856 0.1583011583011583 0.6288659793814433 0.16602316602316602 0.6391752577319587 0.1891891891891892 0.6391752577319587 0.19305019305019305 0.634020618556701 0.20463320463320464 0.6288659793814433 0.21235521235521235 0.6185567010309279 0.21235521235521235 0.6082474226804123 0.21621621621621623 0.6082474226804123 0.22393822393822393 0.5979381443298969 0.22393822393822393 0.5927835051546392 0.21235521235521235 0.5773195876288659 0.21235521235521235 0.5567010309278351 0.22393822393822393 0.5618556701030928 0.22393822393822393 0.5670103092783505 0.23166023166023167 0.5824742268041238 0.23166023166023167 0.5927835051546392 0.23552123552123552 0.5979381443298969 0.23552123552123552 0.6030927835051546 0.23166023166023167 0.6082474226804123 0.22393822393822393 0.6082474226804123 0.21235521235521235 0.6237113402061856 0.21621621621621623 0.6288659793814433 0.22007722007722008 0.6288659793814433 0.22007722007722008 0.6443298969072165 0.22393822393822393 0.6494845360824743 0.22393822393822393 0.6597938144329897 0.22007722007722008 0.6649484536082474 0.22007722007722008 0.6701030927835051 0.21235521235521235 0.6804123711340206 0.16602316602316602 0.6804123711340206 0.16216216216216217 0.6855670103092784 0.10810810810810811 0.6855670103092784 0.10424710424710425 0.6804123711340206 0.10424710424710425 0.6752577319587629 0.10810810810810811 0.6701030927835051 0.10038610038610038 0.6597938144329897 0.10810810810810811 0.6443298969072165 0.10424710424710425 0.6391752577319587 0.10424710424710425 0.5927835051546392 0.12355212355212356 0.5927835051546392 0.13127413127413126 0.5824742268041238 0.12355212355212356 0.5721649484536082 0.11969111969111969 0.5721649484536082 0.12355212355212356 0.5670103092783505 0.11969111969111969 0.5618556701030928 0.11196911196911197 0.5618556701030928 0.10810810810810811 0.5670103092783505 0.10810810810810811 0.5773195876288659 0.10810810810810811 0.5670103092783505 0.10424710424710425 0.5618556701030928 0.10424710424710425 0.520618556701031 0.10810810810810811 0.520618556701031 0.11196911196911197 0.5154639175257731
19 0.30115830115830117 0.8092783505154639 0.3127413127413127 0.8247422680412371 0.3127413127413127 0.8298969072164949 0.3088803088803089 0.8350515463917526 0.3127413127413127 0.8402061855670103 0.3127413127413127 0.8608247422680413 0.3088803088803089 0.865979381443299 0.29343629343629346 0.865979381443299 0.28957528957528955 0.8711340206185567 0.25868725868725867 0.8711340206185567 0.2548262548262548 0.865979381443299 0.24324324324324326 0.865979381443299 0.23938223938223938 0.8608247422680413 0.23938223938223938 0.8505154639175257 0.24324324324324326 0.8505154639175257 0.25096525096525096 0.8402061855670103 0.2625482625482625 0.8350515463917526 0.2702702702702703 0.8247422680412371 0.27413127413127414 0.8247422680412371 0.277992277992278 0.8195876288659794 0.29343629343629346 0.8195876288659794 0.2972972972972973 0.8144329896907216
19 0.05405405405405406 0.39690721649484534 0.05791505791505792 0.4020618556701031 0.06177606177606178 0.4020618556701031 0.0694980694980695 0.41237113402061853 0.0694980694980695 0.422680412371134 0.07722007722007722 0.4329896907216495 0.07722007722007722 0.4742268041237113 0.06563706563706563 0.4896907216494845 0.06563706563706563 0.4948453608247423 0.06177606177606178 0.5 0.05791505791505792 0.4948453608247423 0.05405405405405406 0.4948453608247423 0.05019305019305019 0.5 0.04633204633204633 0.4948453608247423 0.023166023166023165 0.4948453608247423 0.019305019305019305 0.4896907216494845 0.003861003861003861 0.4896907216494845 0 0.4845360824742268 0 0.4690721649484536 0.003861003861003861 0.4639175257731959 0.003861003861003861 0.4536082474226804 0.007722007722007722 0.4536082474226804 0.011583011583011582 0.4484536082474227 0.011583011583011582 0.44329896907216493 0.015444015444015444 0.44329896907216493 0.019305019305019305 0.4381443298969072 0.019305019305019305 0.4329896907216495 0.03861003861003861 0.4072164948453608 0.05019305019305019 0.4020618556701031
19 0.9536679536679536 0.5773195876288659 0.9652509652509652 0.5927835051546392 0.9652509652509652 0.5979381443298969 0.972972972972973 0.6134020618556701 0.972972972972973 0.634020618556701 0.9691119691119691 0.6391752577319587 0.9652509652509652 0.654639175257732 0.9575289575289575 0.6649484536082474 0.9575289575289575 0.6701030927835051 0.918918918918919 0.6701030927835051 0.915057915057915 0.6752577319587629 0.9111969111969112 0.6701030927835051 0.9073359073359073 0.6701030927835051 0.8957528957528957 0.654639175257732 0.8957528957528957 0.6443298969072165 0.888030888030888 0.6288659793814433 0.888030888030888 0.5979381443298969 0.8918918918918919 0.5927835051546392 0.8918918918918919 0.5670103092783505 0.8957528957528957 0.5618556701030928 0.9305019305019305 0.5618556701030928 0.9343629343629344 0.5670103092783505 0.9420849420849421 0.5670103092783505 0.9498069498069498 0.5773195876288659
19 0.18532818532818532 0.6907216494845361 0.1891891891891892 0.6958762886597938 0.1891891891891892 0.7371134020618557 0.19305019305019305 0.7422680412371134 0.19305019305019305 0.7525773195876289 0.16988416988416988 0.7525773195876289 0.16216216216216217 0.7422680412371134 0.15057915057915058 0.7422680412371134 0.14671814671814673 0.7474226804123711 0.138996138996139 0.7371134020618557 0.13513513513513514 0.7371134020618557 0.13127413127413126 0.7422680412371134 0.11583011583011583 0.7422680412371134 0.11196911196911197 0.7371134020618557 0.10810810810810811 0.7371134020618557 0.10810810810810811 0.7268041237113402 0.10424710424710425 0.7216494845360825 0.10424710424710425 0.6958762886597938 0.11196911196911197 0.6958762886597938 0.11583011583011583 0.6907216494845361 0.18146718146718147 0.6907216494845361
19 0.7567567567567568 0.28865979381443296 0.7606177606177607 0.28865979381443296 0.7722007722007722 0.27319587628865977 0.7760617760617761 0.27319587628865977 0.7799227799227799 0.26804123711340205 0.7876447876447876 0.26804123711340205 0.7915057915057915 0.26288659793814434 0.7953667953667953 0.26288659793814434 0.7992277992277992 0.26804123711340205 0.806949806949807 0.26804123711340205 0.8223938223938224 0.28865979381443296 0.8223938223938224 0.29381443298969073 0.8185328185328186 0.29896907216494845 0.8185328185328186 0.30412371134020616 0.8223938223938224 0.30927835051546393 0.8185328185328186 0.31443298969072164 0.8262548262548263 0.32989690721649484 0.8262548262548263 0.3556701030927835 0.8223938223938224 0.3556701030927835 0.8146718146718147 0.36597938144329895 0.7799227799227799 0.36597938144329895 0.7760617760617761 0.36082474226804123 0.7722007722007722 0.36082474226804123 0.7606177606177607 0.34536082474226804 0.7606177606177607 0.33505154639175255 0.7567567567567568 0.32989690721649484 0.7567567567567568 0.29381443298969073
19 0.0694980694980695 0.6649484536082474 0.08494208494208494 0.6649484536082474 0.09266409266409266 0.6752577319587629 0.0888030888030888 0.6804123711340206 0.09266409266409266 0.6855670103092784 0.0888030888030888 0.6907216494845361 0.09266409266409266 0.6958762886597938 0.09652509652509653 0.6958762886597938 0.10038610038610038 0.6907216494845361 0.10810810810810811 0.6907216494845361 0.11196911196911197 0.6958762886597938 0.13513513513513514 0.6958762886597938 0.138996138996139 0.6907216494845361 0.14285714285714285 0.6907216494845361 0.138996138996139 0.6958762886597938 0.14671814671814673 0.7061855670103093 0.15057915057915058 0.7061855670103093 0.14671814671814673 0.7216494845360825 0.15444015444015444 0.7319587628865979 0.18146718146718147 0.7319587628865979 0.18532818532818532 0.7371134020618557 0.1891891891891892 0.7371134020618557 0.1891891891891892 0.7422680412371134 0.19305019305019305 0.7474226804123711 0.19305019305019305 0.7525773195876289 0.1891891891891892 0.7577319587628866 0.14285714285714285 0.7577319587628866 0.138996138996139 0.7525773195876289 0.09652509652509653 0.7525773195876289 0.09266409266409266 0.7474226804123711 0.03861003861003861 0.7474226804123711 0.03474903474903475 0.7422680412371134 0.003861003861003861 0.7422680412371134 0 0.7371134020618557 0 0.6804123711340206 0.007722007722007722 0.6804123711340206 0.011583011583011582 0.6855670103092784 0.02702702702702703 0.6855670103092784 0.03088803088803089 0.6907216494845361 0.04633204633204633 0.6907216494845361 0.05019305019305019 0.6855670103092784 0.06177606177606178 0.6804123711340206 0.0694980694980695 0.6701030927835051
19 0.28957528957528955 0.7835051546391752 0.28957528957528955 0.7731958762886598 0.28185328185328185 0.7577319587628866 0.28185328185328185 0.7422680412371134 0.277992277992278 0.7371134020618557 0.277992277992278 0.7268041237113402 0.27413127413127414 0.7216494845360825 0.27413127413127414 0.711340206185567 0.2702702702702703 0.7061855670103093 0.2702702702702703 0.7010309278350515 0.2625482625482625 0.6855670103092784 0.2625482625482625 0.6752577319587629 0.2548262548262548 0.6597938144329897 0.2548262548262548 0.6494845360824743 0.2471042471042471 0.634020618556701 0.2471042471042471 0.6134020618556701 0.25868725868725867 0.5979381443298969 0.2702702702702703 0.5979381443298969 0.2702702702702703 0.6030927835051546 0.27413127413127414 0.6082474226804123 0.27413127413127414 0.6134020618556701 0.277992277992278 0.6185567010309279 0.277992277992278 0.6237113402061856 0.28185328185328185 0.6288659793814433 0.2857142857142857 0.6443298969072165 0.28957528957528955 0.6494845360824743 0.28957528957528955 0.6701030927835051 0.305019305019305 0.6958762886597938 0.305019305019305 0.711340206185567 0.3088803088803089 0.7164948453608248 0.3088803088803089 0.7268041237113402 0.3127413127413127 0.7319587628865979 0.3127413127413127 0.7422680412371134 0.3166023166023166 0.7474226804123711 0.3166023166023166 0.7577319587628866 0.3204633204633205 0.7628865979381443 0.3204633204633205 0.7783505154639175 0.3166023166023166 0.7835051546391752 0.29343629343629346 0.7835051546391752
19 0.04633204633204633 0.211340206185567 0.04633204633204633 0.21649484536082475 0.05405405405405406 0.2268041237113402 0.0888030888030888 0.2268041237113402 0.09266409266409266 0.23195876288659795 0.09652509652509653 0.23195876288659795 0.09652509652509653 0.23711340206185566 0.09266409266409266 0.23711340206185566 0.0888030888030888 0.2422680412371134 0.0888030888030888 0.24742268041237114 0.08494208494208494 0.24742268041237114 0.08108108108108109 0.25257731958762886 0.08494208494208494 0.25773195876288657 0.08108108108108109 0.25773195876288657 0.07722007722007722 0.26288659793814434 0.08108108108108109 0.26804123711340205 0.08494208494208494 0.26804123711340205 0.08494208494208494 0.27319587628865977 0.08108108108108109 0.27319587628865977 0.07335907335907337 0.28350515463917525 0.0694980694980695 0.28350515463917525 0.06563706563706563 0.27835051546391754 0.06177606177606178 0.28350515463917525 0.05791505791505792 0.27835051546391754 0.03861003861003861 0.27835051546391754 0.03474903474903475 0.27319587628865977 0.03088803088803089 0.27835051546391754 0.02702702702702703 0.27319587628865977 0.003861003861003861 0.27319587628865977 0.003861003861003861 0.24742268041237114 0.007722007722007722 0.24742268041237114 0.007722007722007722 0.26804123711340205 0.011583011583011582 0.27319587628865977 0.019305019305019305 0.26288659793814434 0.019305019305019305 0.2268041237113402 0.02702702702702703 0.21649484536082475 0.03474903474903475 0.21649484536082475 0.03861003861003861 0.211340206185567 0.04247104247104247 0.211340206185567
19 0.1583011583011583 0.6907216494845361 0.14671814671814673 0.7010309278350515 0.15057915057915058 0.7061855670103093 0.15444015444015444 0.7061855670103093 0.14671814671814673 0.7164948453608248 0.1583011583011583 0.7268041237113402 0.16216216216216217 0.7216494845360825 0.16602316602316602 0.7268041237113402 0.16988416988416988 0.7216494845360825 0.17374517374517376 0.7268041237113402 0.18146718146718147 0.7268041237113402 0.18532818532818532 0.7216494845360825 0.1891891891891892 0.7216494845360825 0.1891891891891892 0.7319587628865979 0.19305019305019305 0.7371134020618557 0.19305019305019305 0.7577319587628866 0.14285714285714285 0.7577319587628866 0.138996138996139 0.7525773195876289 0.11583011583011583 0.7525773195876289 0.11196911196911197 0.7474226804123711 0.10038610038610038 0.7474226804123711 0.10810810810810811 0.7371134020618557 0.10810810810810811 0.7268041237113402 0.11196911196911197 0.7268041237113402 0.12355212355212356 0.711340206185567 0.13127413127413126 0.711340206185567 0.14285714285714285 0.7010309278350515 0.138996138996139 0.6958762886597938 0.12355212355212356 0.6958762886597938 0.1274131274131274 0.6907216494845361 0.15444015444015444 0.6907216494845361
19 0.09652509652509653 0.4845360824742268 0.10424710424710425 0.4845360824742268 0.11196911196911197 0.4948453608247423 0.11196911196911197 0.5051546391752577 0.11969111969111969 0.5154639175257731 0.11969111969111969 0.520618556701031 0.11583011583011583 0.5257731958762887 0.11969111969111969 0.5309278350515464 0.12355212355212356 0.5309278350515464 0.1274131274131274 0.5360824742268041 0.1274131274131274 0.5412371134020618 0.13513513513513514 0.5515463917525774 0.13513513513513514 0.5567010309278351 0.14285714285714285 0.5721649484536082 0.14285714285714285 0.5824742268041238 0.14671814671814673 0.5876288659793815 0.14671814671814673 0.5979381443298969 0.15057915057915058 0.6030927835051546 0.15057915057915058 0.6134020618556701 0.15444015444015444 0.6185567010309279 0.15444015444015444 0.6237113402061856 0.16988416988416988 0.6443298969072165 0.1776061776061776 0.6443298969072165 0.18146718146718147 0.6391752577319587 0.19305019305019305 0.6391752577319587 0.1969111969111969 0.634020618556701 0.20077220077220076 0.634020618556701 0.2084942084942085 0.6237113402061856 0.22007722007722008 0.6391752577319587 0.21621621621621623 0.6443298969072165 0.22007722007722008 0.6494845360824743 0.22393822393822393 0.6494845360824743 0.22007722007722008 0.654639175257732 0.22007722007722008 0.6649484536082474 0.21235521235521235 0.6752577319587629 0.2084942084942085 0.6752577319587629 0.20463320463320464 0.6804123711340206 0.20077220077220076 0.6752577319587629 0.1891891891891892 0.6752577319587629 0.18146718146718147 0.6855670103092784 0.18532818532818532 0.6907216494845361 0.18532818532818532 0.7164948453608248 0.1891891891891892 0.7216494845360825 0.1891891891891892 0.7422680412371134 0.19305019305019305 0.7474226804123711 0.19305019305019305 0.7525773195876289 0.16216216216216217 0.7525773195876289 0.1583011583011583 0.7474226804123711 0.15057915057915058 0.7474226804123711 0.138996138996139 0.7371134020618557 0.13513513513513514 0.7371134020618557 0.13127413127413126 0.7422680412371134 0.12355212355212356 0.7422680412371134 0.11969111969111969 0.7371134020618557 0.11196911196911197 0.7371134020618557 0.10810810810810811 0.7319587628865979 0.10810810810810811 0.711340206185567 0.10424710424710425 0.7061855670103093 0.10424710424710425 0.6907216494845361 0.10038610038610038 0.6855670103092784 0.10038610038610038 0.6391752577319587 0.09652509652509653 0.634020618556701 0.09652509652509653 0.6185567010309279 0.10038610038610038 0.6134020618556701 0.10038610038610038 0.5618556701030928 0.10424710424710425 0.5567010309278351 0.10424710424710425 0.5463917525773195 0.10038610038610038 0.5412371134020618 0.10038610038610038 0.5309278350515464 0.09652509652509653 0.5257731958762887 0.09652509652509653 0.4896907216494845
19 0.32432432432432434 0.7422680412371134 0.3359073359073359 0.7474226804123711 0.3359073359073359 0.7525773195876289 0.3436293436293436 0.7680412371134021 0.35135135135135137 0.7680412371134021 0.3590733590733591 0.7577319587628866 0.36293436293436293 0.7577319587628866 0.3667953667953668 0.7525773195876289 0.3667953667953668 0.7474226804123711 0.37065637065637064 0.7474226804123711 0.37065637065637064 0.7577319587628866 0.3745173745173745 0.7628865979381443 0.38223938223938225 0.7628865979381443 0.3783783783783784 0.7680412371134021 0.38223938223938225 0.7731958762886598 0.38996138996138996 0.7731958762886598 0.3938223938223938 0.7783505154639175 0.3938223938223938 0.7835051546391752 0.38996138996138996 0.788659793814433 0.38223938223938225 0.788659793814433 0.3745173745173745 0.8041237113402062 0.3861003861003861 0.8195876288659794 0.39768339768339767 0.8195876288659794 0.4015444015444015 0.8144329896907216 0.40540540540540543 0.8195876288659794 0.4092664092664093 0.8195876288659794 0.41312741312741313 0.8247422680412371 0.4247104247104247 0.8298969072164949 0.4247104247104247 0.8402061855670103 0.42857142857142855 0.845360824742268 0.4247104247104247 0.8505154639175257 0.4247104247104247 0.8608247422680413 0.41312741312741313 0.8711340206185567 0.3783783783783784 0.8711340206185567 0.3745173745173745 0.865979381443299 0.35135135135135137 0.865979381443299 0.3474903474903475 0.8711340206185567 0.3436293436293436 0.865979381443299 0.33976833976833976 0.8711340206185567 0.3204633204633205 0.8711340206185567 0.3166023166023166 0.865979381443299 0.3088803088803089 0.865979381443299 0.3127413127413127 0.8608247422680413 0.3127413127413127 0.8505154639175257 0.3088803088803089 0.845360824742268 0.29343629343629346 0.845360824742268 0.3166023166023166 0.845360824742268 0.32432432432432434 0.8298969072164949 0.3204633204633205 0.8247422680412371 0.305019305019305 0.8247422680412371 0.33204633204633205 0.8247422680412371 0.3359073359073359 0.8195876288659794 0.3474903474903475 0.8195876288659794 0.35135135135135137 0.8144329896907216 0.35135135135135137 0.8092783505154639 0.3590733590733591 0.8092783505154639 0.36293436293436293 0.8041237113402062 0.3590733590733591 0.7989690721649485 0.35135135135135137 0.7989690721649485 0.3474903474903475 0.7938144329896907 0.32432432432432434 0.7938144329896907 0.32432432432432434 0.788659793814433 0.33204633204633205 0.7731958762886598 0.32432432432432434 0.7577319587628866 0.32432432432432434 0.7474226804123711
19 0.3783783783783784 0.7319587628865979 0.38223938223938225 0.7371134020618557 0.3861003861003861 0.7371134020618557 0.3938223938223938 0.7474226804123711 0.39768339768339767 0.7474226804123711 0.39768339768339767 0.7525773195876289 0.4247104247104247 0.788659793814433 0.416988416988417 0.788659793814433 0.41312741312741313 0.7938144329896907 0.40540540540540543 0.7938144329896907 0.3938223938223938 0.7835051546391752 0.3861003861003861 0.7835051546391752 0.3783783783783784 0.7680412371134021 0.37065637065637064 0.7680412371134021 0.3667953667953668 0.7628865979381443 0.3667953667953668 0.7525773195876289 0.3745173745173745 0.7371134020618557
19 0.05019305019305019 0.7422680412371134 0.05019305019305019 0.7371134020618557 0.04247104247104247 0.7216494845360825 0.04247104247104247 0.6907216494845361 0.05019305019305019 0.6804123711340206 0.05019305019305019 0.6752577319587629 0.05405405405405406 0.6701030927835051 0.05791505791505792 0.6701030927835051 0.06563706563706563 0.6597938144329897 0.06563706563706563 0.654639175257732 0.08494208494208494 0.6288659793814433 0.0888030888030888 0.6288659793814433 0.0888030888030888 0.634020618556701 0.09266409266409266 0.6391752577319587 0.09266409266409266 0.6752577319587629 0.09652509652509653 0.6804123711340206 0.09652509652509653 0.6958762886597938 0.10038610038610038 0.7010309278350515 0.10038610038610038 0.7422680412371134 0.05405405405405406 0.7422680412371134
19 0.1274131274131274 0.3402061855670103 0.14671814671814673 0.36082474226804123 0.14671814671814673 0.36597938144329895 0.15057915057915058 0.3711340206185567 0.15444015444015444 0.3865979381443299 0.16602316602316602 0.4020618556701031 0.17374517374517376 0.4329896907216495 0.18532818532818532 0.4484536082474227 0.18532818532818532 0.4536082474226804 0.1891891891891892 0.4587628865979381 0.19305019305019305 0.4742268041237113 0.20077220077220076 0.4845360824742268 0.20077220077220076 0.4948453608247423 0.20463320463320464 0.5 0.20463320463320464 0.5051546391752577 0.2084942084942085 0.5103092783505154 0.2084942084942085 0.5154639175257731 0.21235521235521235 0.520618556701031 0.21621621621621623 0.5360824742268041 0.22007722007722008 0.5412371134020618 0.22007722007722008 0.5515463917525774 0.22393822393822393 0.5567010309278351 0.22007722007722008 0.5618556701030928 0.2277992277992278 0.5721649484536082 0.2277992277992278 0.5773195876288659 0.23552123552123552 0.5927835051546392 0.23552123552123552 0.6082474226804123 0.22393822393822393 0.6082474226804123 0.22007722007722008 0.6134020618556701 0.21235521235521235 0.6134020618556701 0.2084942084942085 0.6082474226804123 0.2084942084942085 0.6030927835051546 0.20463320463320464 0.5979381443298969 0.20463320463320464 0.5927835051546392 0.20077220077220076 0.5876288659793815 0.20077220077220076 0.5824742268041238 0.1969111969111969 0.5773195876288659 0.19305019305019305 0.5618556701030928 0.1891891891891892 0.5567010309278351 0.1891891891891892 0.5463917525773195 0.18146718146718147 0.5360824742268041 0.18146718146718147 0.5257731958762887 0.1776061776061776 0.520618556701031 0.17374517374517376 0.5051546391752577 0.16602316602316602 0.4948453608247423 0.16602316602316602 0.4896907216494845 0.16216216216216217 0.4845360824742268 0.16216216216216217 0.4690721649484536 0.15057915057915058 0.4536082474226804 0.15057915057915058 0.4484536082474227 0.14671814671814673 0.44329896907216493 0.14671814671814673 0.42783505154639173 0.13513513513513514 0.41237113402061853 0.13513513513513514 0.4072164948453608 0.1274131274131274 0.39690721649484534 0.12355212355212356 0.38144329896907214 0.11583011583011583 0.3711340206185567 0.11583011583011583 0.36597938144329895 0.10810810810810811 0.35051546391752575 0.11196911196911197 0.34536082474226804 0.12355212355212356 0.3402061855670103
19 0.06563706563706563 0.6649484536082474 0.08494208494208494 0.6649484536082474 0.0888030888030888 0.6701030927835051 0.09266409266409266 0.6701030927835051 0.09266409266409266 0.6804123711340206 0.09652509652509653 0.6855670103092784 0.09266409266409266 0.6855670103092784 0.0888030888030888 0.6907216494845361 0.0888030888030888 0.7061855670103093 0.09652509652509653 0.7164948453608248 0.10038610038610038 0.711340206185567 0.10038610038610038 0.7010309278350515 0.10424710424710425 0.6958762886597938 0.10424710424710425 0.6907216494845361 0.10810810810810811 0.6958762886597938 0.11583011583011583 0.6958762886597938 0.11969111969111969 0.6907216494845361 0.16216216216216217 0.6907216494845361 0.16602316602316602 0.6855670103092784 0.16988416988416988 0.6855670103092784 0.17374517374517376 0.6907216494845361 0.18146718146718147 0.6907216494845361 0.18146718146718147 0.7164948453608248 0.1776061776061776 0.7216494845360825 0.1583011583011583 0.7216494845360825 0.15444015444015444 0.7268041237113402 0.1583011583011583 0.7319587628865979 0.15444015444015444 0.7371134020618557 0.15444015444015444 0.7422680412371134 0.1583011583011583 0.7474226804123711 0.18146718146718147 0.7474226804123711 0.18532818532818532 0.7525773195876289 0.1274131274131274 0.7525773195876289 0.12355212355212356 0.7474226804123711 0.10038610038610038 0.7474226804123711 0.10038610038610038 0.7319587628865979 0.10424710424710425 0.7268041237113402 0.09652509652509653 0.7164948453608248 0.09266409266409266 0.7216494845360825 0.09266409266409266 0.7268041237113402 0.08108108108108109 0.7422680412371134 0.08108108108108109 0.7474226804123711 0.06563706563706563 0.7474226804123711 0.07722007722007722 0.7474226804123711 0.08108108108108109 0.7422680412371134 0.07722007722007722 0.7371134020618557 0.06177606177606178 0.7371134020618557 0.05791505791505792 0.7422680412371134 0.05405405405405406 0.7371134020618557 0.03861003861003861 0.7371134020618557 0.03861003861003861 0.7319587628865979 0.04633204633204633 0.7319587628865979 0.05019305019305019 0.7268041237113402 0.05019305019305019 0.7216494845360825 0.04633204633204633 0.7164948453608248 0.04633204633204633 0.6907216494845361 0.05405405405405406 0.6907216494845361 0.06177606177606178 0.6804123711340206 0.06177606177606178 0.6752577319587629 0.06563706563706563 0.6701030927835051
19 0.22393822393822393 0.6752577319587629 0.23166023166023167 0.6855670103092784 0.23166023166023167 0.6907216494845361 0.23938223938223938 0.7061855670103093 0.23938223938223938 0.7319587628865979 0.2471042471042471 0.7422680412371134 0.2471042471042471 0.7525773195876289 0.25096525096525096 0.7577319587628866 0.25096525096525096 0.788659793814433 0.23938223938223938 0.788659793814433 0.23552123552123552 0.7938144329896907 0.23166023166023167 0.7938144329896907 0.2277992277992278 0.788659793814433 0.22393822393822393 0.7938144329896907 0.22007722007722008 0.7938144329896907 0.21621621621621623 0.7989690721649485 0.21621621621621623 0.8144329896907216 0.22007722007722008 0.8195876288659794 0.22393822393822393 0.8195876288659794 0.2277992277992278 0.8144329896907216 0.23938223938223938 0.8144329896907216 0.24324324324324326 0.8092783505154639 0.2471042471042471 0.8092783505154639 0.25096525096525096 0.8144329896907216 0.25868725868725867 0.8144329896907216 0.2625482625482625 0.8195876288659794 0.2625482625482625 0.8247422680412371 0.25868725868725867 0.8247422680412371 0.2548262548262548 0.8298969072164949 0.25096525096525096 0.8298969072164949 0.2471042471042471 0.8350515463917526 0.24324324324324326 0.8350515463917526 0.23166023166023167 0.845360824742268 0.22007722007722008 0.845360824742268 0.21235521235521235 0.8350515463917526 0.21235521235521235 0.8298969072164949 0.2084942084942085 0.8247422680412371 0.2084942084942085 0.8092783505154639 0.20463320463320464 0.8041237113402062 0.20463320463320464 0.7783505154639175 0.20077220077220076 0.7731958762886598 0.20077220077220076 0.7628865979381443 0.1969111969111969 0.7577319587628866 0.1969111969111969 0.7371134020618557 0.19305019305019305 0.7319587628865979 0.19305019305019305 0.7061855670103093 0.1969111969111969 0.7010309278350515 0.1969111969111969 0.6958762886597938 0.20077220077220076 0.6958762886597938 0.20463320463320464 0.6907216494845361 0.21235521235521235 0.6907216494845361 0.22007722007722008 0.6804123711340206
19 0.25868725868725867 0.4484536082474227 0.2625482625482625 0.4484536082474227 0.25868725868725867 0.4536082474226804 0.25868725868725867 0.4639175257731959 0.2625482625482625 0.4690721649484536 0.27413127413127414 0.4690721649484536 0.277992277992278 0.4742268041237113 0.277992277992278 0.4793814432989691 0.28185328185328185 0.4845360824742268 0.28185328185328185 0.5 0.2857142857142857 0.5051546391752577 0.29343629343629346 0.5051546391752577 0.2972972972972973 0.5103092783505154 0.2972972972972973 0.5154639175257731 0.30115830115830117 0.520618556701031 0.305019305019305 0.520618556701031 0.305019305019305 0.5309278350515464 0.3088803088803089 0.5360824742268041 0.305019305019305 0.5515463917525774 0.2972972972972973 0.5515463917525774 0.28957528957528955 0.5412371134020618 0.28185328185328185 0.5515463917525774 0.2857142857142857 0.5567010309278351 0.277992277992278 0.5670103092783505 0.27413127413127414 0.5670103092783505 0.2702702702702703 0.5618556701030928 0.2702702702702703 0.5567010309278351 0.26640926640926643 0.5515463917525774 0.26640926640926643 0.5463917525773195 0.2625482625482625 0.5412371134020618 0.2625482625482625 0.5360824742268041 0.25868725868725867 0.5309278350515464 0.25868725868725867 0.5257731958762887 0.2548262548262548 0.520618556701031 0.25096525096525096 0.5051546391752577 0.2471042471042471 0.5 0.2471042471042471 0.4896907216494845 0.24324324324324326 0.4845360824742268 0.24324324324324326 0.4793814432989691 0.23938223938223938 0.4742268041237113 0.23938223938223938 0.4690721649484536 0.23166023166023167 0.4536082474226804 0.23166023166023167 0.4484536082474227 0.23552123552123552 0.44329896907216493 0.2548262548262548 0.44329896907216493
19 0.1969111969111969 0.44329896907216493 0.20463320463320464 0.44329896907216493 0.2084942084942085 0.4484536082474227 0.22007722007722008 0.4536082474226804 0.2277992277992278 0.4639175257731959 0.23166023166023167 0.4639175257731959 0.23166023166023167 0.4690721649484536 0.23938223938223938 0.4793814432989691 0.23938223938223938 0.4845360824742268 0.24324324324324326 0.4896907216494845 0.24324324324324326 0.5 0.2471042471042471 0.5051546391752577 0.2471042471042471 0.5103092783505154 0.25096525096525096 0.5154639175257731 0.25096525096525096 0.520618556701031 0.25868725868725867 0.5360824742268041 0.25868725868725867 0.5515463917525774 0.2625482625482625 0.5567010309278351 0.2625482625482625 0.5670103092783505 0.2702702702702703 0.5824742268041238 0.26640926640926643 0.5876288659793815 0.2625482625482625 0.5876288659793815 0.25868725868725867 0.5927835051546392 0.2548262548262548 0.5927835051546392 0.25096525096525096 0.5979381443298969 0.23938223938223938 0.6030927835051546 0.23938223938223938 0.5927835051546392 0.23552123552123552 0.5876288659793815 0.23166023166023167 0.5721649484536082 0.22393822393822393 0.5618556701030928 0.22393822393822393 0.5412371134020618 0.22007722007722008 0.5360824742268041 0.22007722007722008 0.5257731958762887 0.21621621621621623 0.520618556701031 0.21621621621621623 0.5103092783505154 0.21235521235521235 0.5051546391752577 0.2084942084942085 0.5051546391752577 0.2084942084942085 0.5 0.21235521235521235 0.4948453608247423 0.2084942084942085 0.4896907216494845 0.20463320463320464 0.4896907216494845 0.20463320463320464 0.4793814432989691 0.1969111969111969 0.4690721649484536 0.1969111969111969 0.4639175257731959 0.19305019305019305 0.4587628865979381 0.1969111969111969 0.4536082474226804 0.1969111969111969 0.4484536082474227
19 0.10038610038610038 0.27835051546391754 0.10424710424710425 0.28350515463917525 0.1274131274131274 0.28350515463917525 0.13127413127413126 0.28865979381443296 0.14285714285714285 0.28865979381443296 0.14671814671814673 0.29381443298969073 0.13513513513513514 0.30412371134020616 0.1274131274131274 0.30412371134020616 0.11969111969111969 0.31443298969072164 0.11969111969111969 0.31958762886597936 0.11196911196911197 0.32989690721649484 0.10810810810810811 0.32989690721649484 0.10424710424710425 0.33505154639175255 0.10038610038610038 0.33505154639175255 0.09652509652509653 0.32989690721649484 0.09266409266409266 0.32989690721649484 0.0888030888030888 0.33505154639175255 0.07722007722007722 0.33505154639175255 0.05791505791505792 0.36082474226804123 0.06177606177606178 0.36597938144329895 0.06177606177606178 0.3711340206185567 0.05791505791505792 0.37628865979381443 0.05405405405405406 0.3917525773195876 0.04633204633204633 0.3917525773195876 0.03861003861003861 0.4020618556701031 0.03474903474903475 0.4020618556701031 0.03088803088803089 0.4072164948453608 0.03088803088803089 0.41237113402061853 0.02702702702702703 0.41237113402061853 0.015444015444015444 0.42783505154639173 0.015444015444015444 0.4329896907216495 0.011583011583011582 0.4329896907216495 0.007722007722007722 0.42783505154639173 0 0.42783505154639173 0 0.36082474226804123 0.003861003861003861 0.3556701030927835 0 0.35051546391752575 0 0.31443298969072164 0 0.31958762886597936 0.007722007722007722 0.32989690721649484 0.011583011583011582 0.3247422680412371 0.015444015444015444 0.3247422680412371 0.019305019305019305 0.31958762886597936 0.019305019305019305 0.28865979381443296 0.023166023166023165 0.28865979381443296 0.02702702702702703 0.28350515463917525 0.03088803088803089 0.28865979381443296 0.03861003861003861 0.28865979381443296 0.04247104247104247 0.28350515463917525 0.04633204633204633 0.28865979381443296 0.06177606177606178 0.28865979381443296 0.06563706563706563 0.28350515463917525 0.07335907335907337 0.28350515463917525 0.07722007722007722 0.28865979381443296 0.09266409266409266 0.28865979381443296 0.09652509652509653 0.28350515463917525
19 0.22393822393822393 0.6237113402061856 0.22393822393822393 0.6443298969072165 0.2277992277992278 0.6494845360824743 0.22393822393822393 0.654639175257732 0.22393822393822393 0.6649484536082474 0.2084942084942085 0.6855670103092784 0.20077220077220076 0.6855670103092784 0.1891891891891892 0.7010309278350515 0.1891891891891892 0.711340206185567 0.18532818532818532 0.7164948453608248 0.1891891891891892 0.7216494845360825 0.1891891891891892 0.7525773195876289 0.18532818532818532 0.7525773195876289 0.18146718146718147 0.7474226804123711 0.16988416988416988 0.7474226804123711 0.16216216216216217 0.7371134020618557 0.14285714285714285 0.7371134020618557 0.138996138996139 0.7319587628865979 0.13513513513513514 0.7319587628865979 0.13127413127413126 0.7371134020618557 0.12355212355212356 0.7371134020618557 0.11583011583011583 0.7268041237113402 0.11196911196911197 0.7268041237113402 0.10810810810810811 0.7216494845360825 0.11196911196911197 0.7164948453608248 0.10810810810810811 0.711340206185567 0.10810810810810811 0.7010309278350515 0.10424710424710425 0.6958762886597938 0.10424710424710425 0.6804123711340206 0.10810810810810811 0.6804123711340206 0.11196911196911197 0.6752577319587629 0.1274131274131274 0.6752577319587629 0.13513513513513514 0.6649484536082474 0.13513513513513514 0.6597938144329897 0.138996138996139 0.6649484536082474 0.14285714285714285 0.6649484536082474 0.14671814671814673 0.6597938144329897 0.14671814671814673 0.6494845360824743 0.15057915057915058 0.6443298969072165 0.15057915057915058 0.634020618556701 0.1583011583011583 0.634020618556701 0.16602316602316602 0.6443298969072165 0.1776061776061776 0.6443298969072165 0.18146718146718147 0.6391752577319587 0.19305019305019305 0.6391752577319587 0.1969111969111969 0.634020618556701 0.20077220077220076 0.634020618556701 0.2084942084942085 0.6237113402061856 0.22007722007722008 0.6237113402061856
19 0.03474903474903475 0.20103092783505155 0.03861003861003861 0.20618556701030927 0.03861003861003861 0.21649484536082475 0.04247104247104247 0.22164948453608246 0.04247104247104247 0.2422680412371134 0.03861003861003861 0.2422680412371134 0.023166023166023165 0.26288659793814434 0.023166023166023165 0.26804123711340205 0.015444015444015444 0.26804123711340205 0.011583011583011582 0.27319587628865977 0.003861003861003861 0.27319587628865977 0 0.26804123711340205 0 0.25773195876288657 0.003861003861003861 0.25257731958762886 0.003861003861003861 0.23711340206185566 0.007722007722007722 0.23711340206185566 0.011583011583011582 0.2422680412371134 0.019305019305019305 0.23195876288659795 0.019305019305019305 0.2268041237113402 0.015444015444015444 0.22164948453608246 0.019305019305019305 0.21649484536082475 0.019305019305019305 0.211340206185567 0.03088803088803089 0.20618556701030927
19 0.11583011583011583 0.39690721649484534 0.11583011583011583 0.4020618556701031 0.1274131274131274 0.41237113402061853 0.1274131274131274 0.4175257731958763 0.13127413127413126 0.422680412371134 0.13513513513513514 0.4381443298969072 0.14671814671814673 0.4536082474226804 0.14671814671814673 0.4587628865979381 0.15057915057915058 0.4639175257731959 0.15057915057915058 0.4742268041237113 0.1583011583011583 0.4845360824742268 0.1583011583011583 0.4896907216494845 0.16602316602316602 0.5051546391752577 0.16602316602316602 0.5154639175257731 0.17374517374517376 0.5257731958762887 0.17374517374517376 0.5360824742268041 0.18146718146718147 0.5463917525773195 0.18146718146718147 0.5567010309278351 0.1891891891891892 0.5721649484536082 0.1891891891891892 0.5824742268041238 0.1969111969111969 0.5927835051546392 0.1969111969111969 0.5979381443298969 0.20077220077220076 0.6030927835051546 0.20077220077220076 0.6185567010309279 0.19305019305019305 0.6288659793814433 0.18532818532818532 0.6288659793814433 0.18146718146718147 0.634020618556701 0.17374517374517376 0.634020618556701 0.1583011583011583 0.6134020618556701 0.1583011583011583 0.6030927835051546 0.15444015444015444 0.5979381443298969 0.15057915057915058 0.5824742268041238 0.14285714285714285 0.5721649484536082 0.14285714285714285 0.5618556701030928 0.138996138996139 0.5567010309278351 0.138996138996139 0.5515463917525774 0.13127413127413126 0.5412371134020618 0.13127413127413126 0.5360824742268041 0.1274131274131274 0.5309278350515464 0.1274131274131274 0.5257731958762887 0.12355212355212356 0.520618556701031 0.12355212355212356 0.5154639175257731 0.11583011583011583 0.5 0.11583011583011583 0.4948453608247423 0.11196911196911197 0.4896907216494845 0.10810810810810811 0.4742268041237113 0.09652509652509653 0.4639175257731959 0.09652509652509653 0.4381443298969072 0.09266409266409266 0.4329896907216495 0.09652509652509653 0.42783505154639173 0.0888030888030888 0.41237113402061853 0.09266409266409266 0.4175257731958763 0.09652509652509653 0.4175257731958763 0.09266409266409266 0.422680412371134 0.11583011583011583 0.4536082474226804 0.1274131274131274 0.4536082474226804 0.13127413127413126 0.4484536082474227 0.1274131274131274 0.44329896907216493 0.1274131274131274 0.4381443298969072 0.11583011583011583 0.42783505154639173 0.11583011583011583 0.422680412371134 0.11969111969111969 0.4175257731958763 0.11583011583011583 0.41237113402061853 0.11583011583011583 0.4020618556701031
19 0.10038610038610038 0.5618556701030928 0.10424710424710425 0.5618556701030928 0.10038610038610038 0.5670103092783505 0.10038610038610038 0.5876288659793815 0.09652509652509653 0.5927835051546392 0.10810810810810811 0.6030927835051546 0.11583011583011583 0.6030927835051546 0.10810810810810811 0.6030927835051546 0.10424710424710425 0.6082474226804123 0.10424710424710425 0.6597938144329897 0.09652509652509653 0.6701030927835051 0.10038610038610038 0.6752577319587629 0.10038610038610038 0.6804123711340206 0.11969111969111969 0.7010309278350515 0.14285714285714285 0.7010309278350515 0.15057915057915058 0.711340206185567 0.14671814671814673 0.7164948453608248 0.14671814671814673 0.7216494845360825 0.15444015444015444 0.7319587628865979 0.1583011583011583 0.7319587628865979 0.16216216216216217 0.7371134020618557 0.16602316602316602 0.7319587628865979 0.16988416988416988 0.7319587628865979 0.17374517374517376 0.7371134020618557 0.18532818532818532 0.7371134020618557 0.1891891891891892 0.7422680412371134 0.1891891891891892 0.7525773195876289 0.11583011583011583 0.7525773195876289 0.11196911196911197 0.7474226804123711 0.08108108108108109 0.7474226804123711 0.07722007722007722 0.7422680412371134 0.05791505791505792 0.7422680412371134 0.05405405405405406 0.7371134020618557 0.04247104247104247 0.7319587628865979 0.04633204633204633 0.7268041237113402 0.04633204633204633 0.7164948453608248 0.04247104247104247 0.711340206185567 0.04247104247104247 0.6958762886597938 0.05405405405405406 0.6804123711340206 0.05405405405405406 0.6752577319587629 0.06563706563706563 0.6597938144329897 0.07335907335907337 0.6597938144329897 0.07722007722007722 0.654639175257732 0.07722007722007722 0.6494845360824743 0.08108108108108109 0.6494845360824743 0.08494208494208494 0.6443298969072165 0.0888030888030888 0.6494845360824743 0.09266409266409266 0.6494845360824743 0.09652509652509653 0.6443298969072165 0.09266409266409266 0.6391752577319587 0.09266409266409266 0.6237113402061856 0.10038610038610038 0.6082474226804123 0.09652509652509653 0.6030927835051546 0.09652509652509653 0.5773195876288659 0.10038610038610038 0.5721649484536082 0.10038610038610038 0.5670103092783505
19 0.583011583011583 0.5618556701030928 0.5868725868725869 0.5670103092783505 0.5984555984555985 0.5721649484536082 0.5984555984555985 0.5824742268041238 0.5945945945945946 0.5876288659793815 0.5907335907335908 0.5876288659793815 0.583011583011583 0.5979381443298969 0.583011583011583 0.6082474226804123 0.5791505791505791 0.6134020618556701 0.5791505791505791 0.6237113402061856 0.583011583011583 0.6288659793814433 0.583011583011583 0.6391752577319587 0.5907335907335908 0.6494845360824743 0.5907335907335908 0.6649484536082474 0.5482625482625483 0.6649484536082474 0.5444015444015444 0.6597938144329897 0.5405405405405406 0.6597938144329897 0.5405405405405406 0.654639175257732 0.5366795366795367 0.6494845360824743 0.5366795366795367 0.6391752577319587 0.525096525096525 0.6237113402061856 0.528957528957529 0.6185567010309279 0.528957528957529 0.6134020618556701 0.525096525096525 0.6082474226804123 0.5328185328185329 0.5927835051546392 0.528957528957529 0.5876288659793815 0.528957528957529 0.5721649484536082 0.5328185328185329 0.5721649484536082 0.5366795366795367 0.5670103092783505 0.5482625482625483 0.5670103092783505 0.5521235521235521 0.5618556701030928 0.5791505791505791 0.5618556701030928
19 0 0.5 0.003861003861003861 0.5154639175257731 0.019305019305019305 0.5360824742268041 0.019305019305019305 0.5412371134020618 0.03088803088803089 0.5567010309278351 0.03088803088803089 0.5670103092783505 0.019305019305019305 0.5721649484536082 0.015444015444015444 0.5773195876288659 0.007722007722007722 0.5773195876288659 0.003861003861003861 0.5824742268041238 0 0.5824742268041238 0 0.5051546391752577
19 0.03088803088803089 0.5154639175257731 0.03088803088803089 0.520618556701031 0.03861003861003861 0.5309278350515464 0.05019305019305019 0.5360824742268041 0.05405405405405406 0.5412371134020618 0.08108108108108109 0.5412371134020618 0.08494208494208494 0.5360824742268041 0.09266409266409266 0.5360824742268041 0.09266409266409266 0.5463917525773195 0.09652509652509653 0.5515463917525774 0.09652509652509653 0.5618556701030928 0.09266409266409266 0.5670103092783505 0.09266409266409266 0.5876288659793815 0.0888030888030888 0.5927835051546392 0.08494208494208494 0.5876288659793815 0.0694980694980695 0.5876288659793815 0.06563706563706563 0.5927835051546392 0.06563706563706563 0.5876288659793815 0.06177606177606178 0.5824742268041238 0.05791505791505792 0.5824742268041238 0.05019305019305019 0.5721649484536082 0.03861003861003861 0.5670103092783505 0.023166023166023165 0.5463917525773195 0.023166023166023165 0.5412371134020618 0.019305019305019305 0.5360824742268041 0.019305019305019305 0.5309278350515464 0.02702702702702703 0.520618556701031
19 0.10038610038610038 0.4896907216494845 0.10424710424710425 0.4896907216494845 0.11196911196911197 0.5 0.11196911196911197 0.5051546391752577 0.11583011583011583 0.5103092783505154 0.11583011583011583 0.5257731958762887 0.13127413127413126 0.5463917525773195 0.13127413127413126 0.5515463917525774 0.138996138996139 0.5618556701030928 0.138996138996139 0.5721649484536082 0.14285714285714285 0.5773195876288659 0.14285714285714285 0.5876288659793815 0.14671814671814673 0.5927835051546392 0.14671814671814673 0.6030927835051546 0.15057915057915058 0.6082474226804123 0.15057915057915058 0.6494845360824743 0.14671814671814673 0.654639175257732 0.14671814671814673 0.6804123711340206 0.14285714285714285 0.6804123711340206 0.138996138996139 0.6855670103092784 0.10424710424710425 0.6855670103092784 0.10038610038610038 0.6804123711340206 0.10038610038610038 0.5927835051546392 0.09652509652509653 0.5876288659793815 0.10038610038610038 0.5824742268041238 0.10038610038610038 0.5567010309278351 0.10424710424710425 0.5515463917525774 0.10424710424710425 0.5463917525773195 0.10038610038610038 0.5412371134020618 0.10038610038610038 0.5103092783505154 0.09652509652509653 0.5051546391752577 0.09652509652509653 0.5 0.10038610038610038 0.4948453608247423
19 0.10038610038610038 0.4896907216494845 0.10810810810810811 0.4896907216494845 0.11583011583011583 0.5 0.11583011583011583 0.5051546391752577 0.11969111969111969 0.5103092783505154 0.11969111969111969 0.520618556701031 0.11583011583011583 0.5257731958762887 0.11969111969111969 0.5309278350515464 0.12355212355212356 0.5309278350515464 0.138996138996139 0.5567010309278351 0.138996138996139 0.5670103092783505 0.14285714285714285 0.5721649484536082 0.14285714285714285 0.5824742268041238 0.14671814671814673 0.5876288659793815 0.14671814671814673 0.5927835051546392 0.15057915057915058 0.5979381443298969 0.15057915057915058 0.6082474226804123 0.15444015444015444 0.6134020618556701 0.15444015444015444 0.634020618556701 0.1583011583011583 0.6391752577319587 0.15444015444015444 0.6443298969072165 0.15444015444015444 0.6494845360824743 0.1583011583011583 0.654639175257732 0.1583011583011583 0.6597938144329897 0.16216216216216217 0.6649484536082474 0.16602316602316602 0.6597938144329897 0.16602316602316602 0.6649484536082474 0.16988416988416988 0.6701030927835051 0.18146718146718147 0.6597938144329897 0.18146718146718147 0.6649484536082474 0.18532818532818532 0.6701030927835051 0.18532818532818532 0.6752577319587629 0.1776061776061776 0.6752577319587629 0.17374517374517376 0.6804123711340206 0.15057915057915058 0.6804123711340206 0.14671814671814673 0.6855670103092784 0.12355212355212356 0.6855670103092784 0.11969111969111969 0.6907216494845361 0.11583011583011583 0.6907216494845361 0.11196911196911197 0.6855670103092784 0.10424710424710425 0.6855670103092784 0.10038610038610038 0.6804123711340206 0.10038610038610038 0.5618556701030928 0.10424710424710425 0.5567010309278351 0.10424710424710425 0.5463917525773195 0.10038610038610038 0.5412371134020618 0.10038610038610038 0.4948453608247423
19 0.4594594594594595 0.4072164948453608 0.46332046332046334 0.41237113402061853 0.47104247104247104 0.41237113402061853 0.4749034749034749 0.4175257731958763 0.47876447876447875 0.4175257731958763 0.4942084942084942 0.4381443298969072 0.4942084942084942 0.44329896907216493 0.4980694980694981 0.4484536082474227 0.4980694980694981 0.4793814432989691 0.4942084942084942 0.4845360824742268 0.4942084942084942 0.4948453608247423 0.4749034749034749 0.520618556701031 0.4594594594594595 0.520618556701031 0.4555984555984556 0.5257731958762887 0.4517374517374517 0.520618556701031 0.4362934362934363 0.520618556701031 0.43243243243243246 0.5154639175257731 0.43243243243243246 0.5103092783505154 0.42857142857142855 0.5051546391752577 0.4247104247104247 0.5051546391752577 0.4247104247104247 0.4948453608247423 0.42084942084942084 0.4896907216494845 0.42084942084942084 0.4536082474226804 0.4247104247104247 0.4484536082474227 0.4247104247104247 0.44329896907216493 0.4362934362934363 0.42783505154639173 0.44015444015444016 0.41237113402061853 0.44787644787644787 0.41237113402061853 0.4517374517374517 0.4072164948453608 0.4555984555984556 0.4072164948453608
19 0.14285714285714285 0.3402061855670103 0.14671814671814673 0.3402061855670103 0.15057915057915058 0.33505154639175255 0.16216216216216217 0.33505154639175255 0.16602316602316602 0.3402061855670103 0.1776061776061776 0.34536082474226804 0.1891891891891892 0.36082474226804123 0.1891891891891892 0.36597938144329895 0.19305019305019305 0.3711340206185567 0.19305019305019305 0.37628865979381443 0.1969111969111969 0.38144329896907214 0.20077220077220076 0.39690721649484534 0.2084942084942085 0.4072164948453608 0.2084942084942085 0.4175257731958763 0.21621621621621623 0.42783505154639173 0.21621621621621623 0.4329896907216495 0.22393822393822393 0.44329896907216493 0.22393822393822393 0.4484536082474227 0.23166023166023167 0.4587628865979381 0.23166023166023167 0.4639175257731959 0.23938223938223938 0.4793814432989691 0.23938223938223938 0.4896907216494845 0.24324324324324326 0.4948453608247423 0.24324324324324326 0.5051546391752577 0.25096525096525096 0.520618556701031 0.25096525096525096 0.5257731958762887 0.2548262548262548 0.5309278350515464 0.2548262548262548 0.5412371134020618 0.25868725868725867 0.5463917525773195 0.25868725868725867 0.5618556701030928 0.26640926640926643 0.5773195876288659 0.26640926640926643 0.5876288659793815 0.2625482625482625 0.5876288659793815 0.25868725868725867 0.5927835051546392 0.25096525096525096 0.5927835051546392 0.2471042471042471 0.5979381443298969 0.23938223938223938 0.5979381443298969 0.23938223938223938 0.5927835051546392 0.23552123552123552 0.5876288659793815 0.23552123552123552 0.5773195876288659 0.23166023166023167 0.5721649484536082 0.23166023166023167 0.5670103092783505 0.22393822393822393 0.5515463917525774 0.22393822393822393 0.5412371134020618 0.22007722007722008 0.5360824742268041 0.21621621621621623 0.520618556701031 0.2084942084942085 0.5103092783505154 0.2084942084942085 0.5051546391752577 0.20463320463320464 0.5 0.20463320463320464 0.4896907216494845 0.20077220077220076 0.4845360824742268 0.20077220077220076 0.4793814432989691 0.19305019305019305 0.4690721649484536 0.19305019305019305 0.4639175257731959 0.18532818532818532 0.4484536082474227 0.18532818532818532 0.4381443298969072 0.1776061776061776 0.42783505154639173 0.1776061776061776 0.422680412371134 0.17374517374517376 0.4175257731958763 0.17374517374517376 0.41237113402061853 0.16988416988416988 0.4072164948453608 0.16988416988416988 0.4020618556701031 0.16216216216216217 0.3865979381443299 0.16216216216216217 0.38144329896907214 0.16602316602316602 0.38144329896907214 0.17374517374517376 0.3711340206185567 0.16216216216216217 0.36082474226804123 0.1583011583011583 0.36082474226804123 0.15444015444015444 0.36597938144329895 0.14671814671814673 0.3556701030927835 0.14671814671814673 0.35051546391752575 0.14285714285714285 0.34536082474226804
19 0.8146718146718147 0.5618556701030928 0.8185328185328186 0.5670103092783505 0.8262548262548263 0.5670103092783505 0.8301158301158301 0.5721649484536082 0.833976833976834 0.5721649484536082 0.8455598455598455 0.5876288659793815 0.8455598455598455 0.5979381443298969 0.8494208494208494 0.6030927835051546 0.8494208494208494 0.6391752577319587 0.8455598455598455 0.6443298969072165 0.8455598455598455 0.6494845360824743 0.833976833976834 0.6649484536082474 0.833976833976834 0.6701030927835051 0.8223938223938224 0.6701030927835051 0.8185328185328186 0.6752577319587629 0.7915057915057915 0.6752577319587629 0.7876447876447876 0.6701030927835051 0.7760617760617761 0.6701030927835051 0.7760617760617761 0.6185567010309279 0.7722007722007722 0.6134020618556701 0.7722007722007722 0.5721649484536082 0.7837837837837838 0.5618556701030928 0.8108108108108109 0.5618556701030928
19 0.0888030888030888 0.35051546391752575 0.09266409266409266 0.3556701030927835 0.09652509652509653 0.3556701030927835 0.10038610038610038 0.35051546391752575 0.10424710424710425 0.3556701030927835 0.10424710424710425 0.36082474226804123 0.11969111969111969 0.3865979381443299 0.12355212355212356 0.4020618556701031 0.13513513513513514 0.4175257731958763 0.13513513513513514 0.422680412371134 0.138996138996139 0.42783505154639173 0.138996138996139 0.4329896907216495 0.14285714285714285 0.4381443298969072 0.14285714285714285 0.44329896907216493 0.14671814671814673 0.4484536082474227 0.15057915057915058 0.4639175257731959 0.1583011583011583 0.4742268041237113 0.1583011583011583 0.4896907216494845 0.16602316602316602 0.5 0.16602316602316602 0.5051546391752577 0.17374517374517376 0.520618556701031 0.17374517374517376 0.5309278350515464 0.1776061776061776 0.5360824742268041 0.1776061776061776 0.5412371134020618 0.18532818532818532 0.5567010309278351 0.18532818532818532 0.5670103092783505 0.1891891891891892 0.5721649484536082 0.1891891891891892 0.5824742268041238 0.1969111969111969 0.5927835051546392 0.1969111969111969 0.5979381443298969 0.20463320463320464 0.6134020618556701 0.19305019305019305 0.6288659793814433 0.18532818532818532 0.6288659793814433 0.18146718146718147 0.634020618556701 0.17374517374517376 0.634020618556701 0.16988416988416988 0.6288659793814433 0.16602316602316602 0.6288659793814433 0.16602316602316602 0.6185567010309279 0.1583011583011583 0.6082474226804123 0.1583011583011583 0.6030927835051546 0.15444015444015444 0.5979381443298969 0.15444015444015444 0.5876288659793815 0.15057915057915058 0.5824742268041238 0.15057915057915058 0.5773195876288659 0.14285714285714285 0.5670103092783505 0.14285714285714285 0.5567010309278351 0.13513513513513514 0.5463917525773195 0.13127413127413126 0.5309278350515464 0.12355212355212356 0.520618556701031 0.12355212355212356 0.5154639175257731 0.11969111969111969 0.5103092783505154 0.11969111969111969 0.5051546391752577 0.11583011583011583 0.5 0.11196911196911197 0.4845360824742268 0.10038610038610038 0.4690721649484536 0.10038610038610038 0.4587628865979381 0.09652509652509653 0.4536082474226804 0.09652509652509653 0.4381443298969072 0.09266409266409266 0.4329896907216495 0.09266409266409266 0.422680412371134 0.08494208494208494 0.4072164948453608 0.08494208494208494 0.3917525773195876 0.0888030888030888 0.3917525773195876 0.09266409266409266 0.3865979381443299 0.08494208494208494 0.37628865979381443 0.0888030888030888 0.3711340206185567 0.0888030888030888 0.36597938144329895 0.08494208494208494 0.36082474226804123 0.0888030888030888 0.3556701030927835
19 0.27413127413127414 0.6958762886597938 0.277992277992278 0.6958762886597938 0.28185328185328185 0.7010309278350515 0.2972972972972973 0.7010309278350515 0.305019305019305 0.711340206185567 0.305019305019305 0.7164948453608248 0.3127413127413127 0.7319587628865979 0.3127413127413127 0.7422680412371134 0.3204633204633205 0.7577319587628866 0.3204633204633205 0.7783505154639175 0.3166023166023166 0.7835051546391752 0.28957528957528955 0.7835051546391752 0.28957528957528955 0.7731958762886598 0.28185328185328185 0.7577319587628866 0.28185328185328185 0.7422680412371134 0.277992277992278 0.7371134020618557 0.277992277992278 0.7268041237113402 0.27413127413127414 0.7216494845360825 0.27413127413127414 0.7010309278350515
19 0.03861003861003861 0.5567010309278351 0.04247104247104247 0.5618556701030928 0.05405405405405406 0.5618556701030928 0.05791505791505792 0.5670103092783505 0.0694980694980695 0.5721649484536082 0.07722007722007722 0.5824742268041238 0.0888030888030888 0.5876288659793815 0.09266409266409266 0.5927835051546392 0.09266409266409266 0.6082474226804123 0.07335907335907337 0.634020618556701 0.0694980694980695 0.634020618556701 0.06563706563706563 0.6288659793814433 0.06177606177606178 0.6288659793814433 0.05405405405405406 0.6185567010309279 0.04247104247104247 0.6134020618556701 0.03861003861003861 0.6082474226804123 0.03088803088803089 0.6082474226804123 0.019305019305019305 0.5979381443298969 0.011583011583011582 0.5979381443298969 0.007722007722007722 0.5927835051546392 0.003861003861003861 0.5927835051546392 0.003861003861003861 0.5876288659793815 0.007722007722007722 0.5824742268041238 0.015444015444015444 0.5824742268041238 0.03474903474903475 0.5618556701030928
19 0.3783783783783784 0.28865979381443296 0.38996138996138996 0.29381443298969073 0.3861003861003861 0.29381443298969073 0.3783783783783784 0.30412371134020616 0.38223938223938225 0.30927835051546393 0.38223938223938225 0.31958762886597936 0.3861003861003861 0.3247422680412371 0.38996138996138996 0.31958762886597936 0.3938223938223938 0.3247422680412371 0.4015444015444015 0.3247422680412371 0.40540540540540543 0.31958762886597936 0.4015444015444015 0.3247422680412371 0.38223938223938225 0.3247422680412371 0.3745173745173745 0.3402061855670103 0.37065637065637064 0.3402061855670103 0.37065637065637064 0.33505154639175255 0.3667953667953668 0.32989690721649484 0.36293436293436293 0.33505154639175255 0.36293436293436293 0.34536082474226804 0.36293436293436293 0.31958762886597936 0.3667953667953668 0.3247422680412371 0.37065637065637064 0.3247422680412371 0.3745173745173745 0.31958762886597936 0.3745173745173745 0.31443298969072164 0.37065637065637064 0.30927835051546393 0.36293436293436293 0.30927835051546393 0.36293436293436293 0.29381443298969073 0.3667953667953668 0.29896907216494845 0.37065637065637064 0.29381443298969073 0.3745173745173745 0.29896907216494845 0.3783783783783784 0.29381443298969073
19 0.8532818532818532 0.28350515463917525 0.8571428571428571 0.28865979381443296 0.8648648648648649 0.28865979381443296 0.8725868725868726 0.29896907216494845 0.8725868725868726 0.30927835051546393 0.8764478764478765 0.31443298969072164 0.8764478764478765 0.3247422680412371 0.8841698841698842 0.3402061855670103 0.8841698841698842 0.3711340206185567 0.8803088803088803 0.37628865979381443 0.8725868725868726 0.37628865979381443 0.861003861003861 0.3865979381443299 0.8532818532818532 0.3865979381443299 0.8494208494208494 0.38144329896907214 0.8455598455598455 0.38144329896907214 0.8378378378378378 0.3711340206185567 0.833976833976834 0.3711340206185567 0.833976833976834 0.36082474226804123 0.8301158301158301 0.3556701030927835 0.8301158301158301 0.33505154639175255 0.8223938223938224 0.3247422680412371 0.8223938223938224 0.29381443298969073 0.8262548262548263 0.28865979381443296 0.833976833976834 0.28865979381443296 0.8378378378378378 0.28350515463917525 0.8494208494208494 0.28350515463917525
19 0.3281853281853282 0.6030927835051546 0.33204633204633205 0.6082474226804123 0.33204633204633205 0.6134020618556701 0.3436293436293436 0.6237113402061856 0.3436293436293436 0.634020618556701 0.35135135135135137 0.6443298969072165 0.35135135135135137 0.6494845360824743 0.3552123552123552 0.654639175257732 0.3552123552123552 0.6649484536082474 0.3590733590733591 0.6701030927835051 0.3590733590733591 0.6804123711340206 0.36293436293436293 0.6855670103092784 0.3667953667953668 0.7010309278350515 0.3745173745173745 0.711340206185567 0.3745173745173745 0.7268041237113402 0.3552123552123552 0.7525773195876289 0.3474903474903475 0.7525773195876289 0.33204633204633205 0.7268041237113402 0.3204633204633205 0.7268041237113402 0.3127413127413127 0.7164948453608248 0.3127413127413127 0.7010309278350515 0.3204633204633205 0.6907216494845361 0.3204633204633205 0.6752577319587629 0.3127413127413127 0.6649484536082474 0.3127413127413127 0.6597938144329897 0.2972972972972973 0.634020618556701 0.2972972972972973 0.6185567010309279 0.305019305019305 0.6082474226804123 0.3088803088803089 0.6082474226804123 0.3127413127413127 0.6030927835051546 0.32432432432432434 0.6030927835051546
19 0.2857142857142857 0.8247422680412371 0.28957528957528955 0.8298969072164949 0.29343629343629346 0.8247422680412371 0.32432432432432434 0.8247422680412371 0.32432432432432434 0.845360824742268 0.3204633204633205 0.8505154639175257 0.3204633204633205 0.8608247422680413 0.3166023166023166 0.865979381443299 0.30115830115830117 0.865979381443299 0.2972972972972973 0.8711340206185567 0.26640926640926643 0.8711340206185567 0.2625482625482625 0.865979381443299 0.26640926640926643 0.8505154639175257 0.2702702702702703 0.845360824742268 0.27413127413127414 0.8505154639175257 0.28957528957528955 0.8298969072164949
19 0.8146718146718147 0.422680412371134 0.8185328185328186 0.42783505154639173 0.8223938223938224 0.42783505154639173 0.8378378378378378 0.4484536082474227 0.8378378378378378 0.4845360824742268 0.833976833976834 0.4896907216494845 0.833976833976834 0.4948453608247423 0.8223938223938224 0.5103092783505154 0.7953667953667953 0.5103092783505154 0.7915057915057915 0.5051546391752577 0.7837837837837838 0.5051546391752577 0.7799227799227799 0.5 0.7760617760617761 0.5 0.7683397683397684 0.4896907216494845 0.7644787644787645 0.4896907216494845 0.7644787644787645 0.4845360824742268 0.7606177606177607 0.4793814432989691 0.7606177606177607 0.44329896907216493 0.7644787644787645 0.4381443298969072 0.7644787644787645 0.42783505154639173 0.7722007722007722 0.4175257731958763 0.806949806949807 0.4175257731958763 0.8108108108108109 0.422680412371134
19 0.28957528957528955 0.7268041237113402 0.007722007722007722 0.020618556701030927
19 0.05791505791505792 0.12886597938144329 0.0694980694980695 0.12886597938144329 0.07722007722007722 0.13917525773195877 0.08494208494208494 0.13917525773195877 0.09266409266409266 0.14948453608247422 0.10038610038610038 0.14948453608247422 0.10424710424710425 0.15463917525773196 0.09652509652509653 0.16494845360824742 0.09652509652509653 0.17010309278350516 0.08494208494208494 0.18556701030927836 0.08108108108108109 0.18556701030927836 0.07722007722007722 0.19072164948453607 0.04633204633204633 0.19072164948453607 0.03861003861003861 0.18041237113402062 0.03474903474903475 0.18041237113402062 0.03474903474903475 0.16494845360824742 0.03861003861003861 0.16494845360824742 0.04633204633204633 0.15463917525773196 0.04633204633204633 0.14432989690721648 0.05019305019305019 0.14432989690721648 0.05405405405405406 0.14948453608247422 0.05791505791505792 0.14432989690721648 0.05791505791505792 0.13402061855670103
19 0.47876447876447875 0.5670103092783505 0.4826254826254826 0.5721649484536082 0.4864864864864865 0.5721649484536082 0.4942084942084942 0.5876288659793815 0.4942084942084942 0.6237113402061856 0.4980694980694981 0.6288659793814433 0.5019305019305019 0.6288659793814433 0.5019305019305019 0.634020618556701 0.4980694980694981 0.634020618556701 0.4942084942084942 0.6391752577319587 0.4942084942084942 0.6443298969072165 0.4864864864864865 0.6597938144329897 0.4826254826254826 0.6597938144329897 0.47876447876447875 0.6649484536082474 0.4671814671814672 0.6649484536082474 0.46332046332046334 0.6701030927835051 0.44015444015444016 0.6701030927835051 0.4362934362934363 0.6649484536082474 0.42857142857142855 0.6649484536082474 0.4247104247104247 0.6597938144329897 0.4247104247104247 0.654639175257732 0.42084942084942084 0.6494845360824743 0.42084942084942084 0.6030927835051546 0.4247104247104247 0.5979381443298969 0.4247104247104247 0.5773195876288659 0.43243243243243246 0.5670103092783505 0.44015444015444016 0.5670103092783505 0.444015444015444 0.5618556701030928 0.47104247104247104 0.5618556701030928 0.4749034749034749 0.5670103092783505
19 0.32432432432432434 0.7010309278350515 0.32432432432432434 0.6907216494845361 0.3281853281853282 0.6855670103092784 0.3281853281853282 0.6804123711340206 0.32432432432432434 0.6752577319587629 0.3204633204633205 0.6752577319587629 0.305019305019305 0.654639175257732 0.305019305019305 0.6494845360824743 0.29343629343629346 0.634020618556701 0.29343629343629346 0.6288659793814433 0.2972972972972973 0.6237113402061856 0.2972972972972973 0.6134020618556701 0.30115830115830117 0.6082474226804123 0.305019305019305 0.6082474226804123 0.3166023166023166 0.5979381443298969 0.3281853281853282 0.5979381443298969 0.3474903474903475 0.6237113402061856 0.3474903474903475 0.6391752577319587 0.35135135135135137 0.6443298969072165 0.35135135135135137 0.6597938144329897 0.3552123552123552 0.6649484536082474 0.3552123552123552 0.6752577319587629 0.35135135135135137 0.6804123711340206 0.35135135135135137 0.6855670103092784 0.33976833976833976 0.7010309278350515 0.3281853281853282 0.7010309278350515
19 0.3783783783783784 0.8247422680412371 0.38223938223938225 0.8298969072164949 0.3861003861003861 0.8298969072164949 0.39768339768339767 0.845360824742268 0.4015444015444015 0.845360824742268 0.416988416988417 0.865979381443299 0.416988416988417 0.8711340206185567 0.3745173745173745 0.8711340206185567 0.37065637065637064 0.865979381443299 0.3552123552123552 0.865979381443299 0.35135135135135137 0.8711340206185567 0.32432432432432434 0.8711340206185567 0.3204633204633205 0.865979381443299 0.3166023166023166 0.865979381443299 0.3166023166023166 0.8608247422680413 0.3281853281853282 0.845360824742268 0.3281853281853282 0.8298969072164949 0.33204633204633205 0.8247422680412371 0.3474903474903475 0.8247422680412371 0.35135135135135137 0.8195876288659794 0.37065637065637064 0.8195876288659794 0.3745173745173745 0.8247422680412371
19 0.16216216216216217 0.31443298969072164 0.16988416988416988 0.3247422680412371 0.17374517374517376 0.3247422680412371 0.1776061776061776 0.32989690721649484 0.1776061776061776 0.3402061855670103 0.19305019305019305 0.36082474226804123 0.19305019305019305 0.36597938144329895 0.1969111969111969 0.3711340206185567 0.20077220077220076 0.3711340206185567 0.20077220077220076 0.39690721649484534 0.20463320463320464 0.4020618556701031 0.1891891891891892 0.4020618556701031 0.18532818532818532 0.4072164948453608 0.18146718146718147 0.4020618556701031 0.16988416988416988 0.4020618556701031 0.16988416988416988 0.39690721649484534 0.1583011583011583 0.38144329896907214 0.1583011583011583 0.37628865979381443 0.15057915057915058 0.36597938144329895 0.15057915057915058 0.36082474226804123 0.138996138996139 0.34536082474226804 0.13513513513513514 0.34536082474226804 0.15057915057915058 0.3247422680412371 0.15444015444015444 0.3247422680412371 0.1583011583011583 0.31958762886597936
19 0.915057915057915 0.37628865979381443 0.918918918918919 0.38144329896907214 0.9227799227799228 0.38144329896907214 0.915057915057915 0.39690721649484534 0.915057915057915 0.44329896907216493 0.918918918918919 0.4484536082474227 0.918918918918919 0.4587628865979381 0.9227799227799228 0.4639175257731959 0.915057915057915 0.4536082474226804 0.915057915057915 0.44329896907216493 0.9111969111969112 0.4381443298969072 0.9111969111969112 0.42783505154639173 0.9073359073359073 0.422680412371134 0.8996138996138996 0.422680412371134 0.8918918918918919 0.4329896907216495 0.8918918918918919 0.4381443298969072 0.888030888030888 0.44329896907216493 0.888030888030888 0.4639175257731959 0.8803088803088803 0.4742268041237113 0.888030888030888 0.4845360824742268 0.888030888030888 0.4896907216494845 0.8918918918918919 0.4948453608247423 0.8957528957528957 0.4948453608247423 0.8957528957528957 0.5051546391752577 0.9034749034749034 0.5154639175257731 0.9343629343629344 0.5154639175257731 0.9420849420849421 0.5051546391752577 0.9420849420849421 0.4948453608247423 0.9498069498069498 0.5051546391752577 0.9498069498069498 0.5103092783505154 0.9652509652509652 0.5309278350515464 0.9691119691119691 0.5309278350515464 0.9806949806949807 0.5463917525773195 0.9845559845559846 0.5463917525773195 0.9884169884169884 0.5515463917525774 0.9884169884169884 0.5567010309278351 0.9922779922779923 0.5618556701030928 0.9922779922779923 0.5721649484536082 0.9652509652509652 0.5721649484536082 0.9459459459459459 0.5515463917525774 0.9382239382239382 0.5515463917525774 0.9343629343629344 0.5463917525773195 0.9073359073359073 0.5463917525773195 0.9034749034749034 0.5412371134020618 0.8996138996138996 0.5412371134020618 0.8996138996138996 0.5360824742268041 0.888030888030888 0.520618556701031 0.8764478764478765 0.5154639175257731 0.861003861003861 0.4948453608247423 0.861003861003861 0.4896907216494845 0.8571428571428571 0.4845360824742268 0.8532818532818532 0.4690721649484536 0.8455598455598455 0.4587628865979381 0.8455598455598455 0.44329896907216493 0.8416988416988417 0.4381443298969072 0.8416988416988417 0.4329896907216495 0.8455598455598455 0.42783505154639173 0.8494208494208494 0.41237113402061853 0.8571428571428571 0.4020618556701031 0.861003861003861 0.4020618556701031 0.8648648648648649 0.39690721649484534 0.8648648648648649 0.3917525773195876 0.8687258687258688 0.3917525773195876 0.8725868725868726 0.3865979381443299 0.8841698841698842 0.3865979381443299 0.888030888030888 0.38144329896907214 0.9034749034749034 0.38144329896907214 0.9073359073359073 0.37628865979381443 0.9111969111969112 0.37628865979381443
19 0.7258687258687259 0.6701030927835051 0.7258687258687259 0.6649484536082474 0.722007722007722 0.6597938144329897 0.7181467181467182 0.6597938144329897 0.7142857142857143 0.654639175257732 0.7142857142857143 0.6494845360824743 0.7065637065637066 0.6391752577319587 0.7065637065637066 0.5927835051546392 0.7104247104247104 0.5876288659793815 0.7104247104247104 0.5824742268041238 0.7181467181467182 0.5670103092783505 0.7297297297297297 0.5670103092783505 0.7335907335907336 0.5618556701030928 0.752895752895753 0.5618556701030928 0.7567567567567568 0.5670103092783505 0.7644787644787645 0.5670103092783505 0.7722007722007722 0.5773195876288659 0.7722007722007722 0.6649484536082474 0.7606177606177607 0.6752577319587629 0.7374517374517374 0.6752577319587629 0.7335907335907336 0.6701030927835051 0.7297297297297297 0.6701030927835051
19 0.3938223938223938 0.7371134020618557 0.4015444015444015 0.7474226804123711 0.4015444015444015 0.7525773195876289 0.4092664092664093 0.7680412371134021 0.41312741312741313 0.7680412371134021 0.42857142857142855 0.788659793814433 0.4362934362934363 0.788659793814433 0.42857142857142855 0.788659793814433 0.4247104247104247 0.7938144329896907 0.3783783783783784 0.7938144329896907 0.3745173745173745 0.7989690721649485 0.3745173745173745 0.8041237113402062 0.38223938223938225 0.8144329896907216 0.38996138996138996 0.8144329896907216 0.3938223938223938 0.8092783505154639 0.39768339768339767 0.8144329896907216 0.4015444015444015 0.8092783505154639 0.41312741312741313 0.8195876288659794 0.4362934362934363 0.8195876288659794 0.44015444015444016 0.8144329896907216 0.444015444015444 0.8144329896907216 0.44787644787644787 0.8195876288659794 0.444015444015444 0.8350515463917526 0.44015444015444016 0.8350515463917526 0.42857142857142855 0.8505154639175257 0.42857142857142855 0.8556701030927835 0.416988416988417 0.865979381443299 0.41312741312741313 0.865979381443299 0.4092664092664093 0.8608247422680413 0.40540540540540543 0.865979381443299 0.4015444015444015 0.865979381443299 0.39768339768339767 0.8608247422680413 0.3938223938223938 0.8608247422680413 0.3938223938223938 0.8556701030927835 0.38996138996138996 0.8505154639175257 0.3861003861003861 0.8556701030927835 0.3861003861003861 0.8505154639175257 0.38223938223938225 0.845360824742268 0.3783783783783784 0.8505154639175257 0.3783783783783784 0.8402061855670103 0.3745173745173745 0.8350515463917526 0.3667953667953668 0.8350515463917526 0.37065637065637064 0.8298969072164949 0.3667953667953668 0.8247422680412371 0.3590733590733591 0.8247422680412371 0.3552123552123552 0.8195876288659794 0.35135135135135137 0.8195876288659794 0.3552123552123552 0.8144329896907216 0.3590733590733591 0.8144329896907216 0.37065637065637064 0.8041237113402062 0.3590733590733591 0.7938144329896907 0.3552123552123552 0.7989690721649485 0.35135135135135137 0.7938144329896907 0.33976833976833976 0.7938144329896907 0.3359073359073359 0.788659793814433 0.33204633204633205 0.788659793814433 0.33204633204633205 0.7731958762886598 0.3281853281853282 0.7680412371134021 0.3281853281853282 0.7577319587628866 0.32432432432432434 0.7525773195876289 0.32432432432432434 0.7422680412371134 0.3359073359073359 0.7422680412371134 0.33976833976833976 0.7474226804123711 0.33976833976833976 0.7628865979381443 0.3436293436293436 0.7680412371134021 0.35135135135135137 0.7680412371134021 0.3552123552123552 0.7628865979381443 0.3552123552123552 0.7577319587628866 0.3783783783783784 0.7268041237113402 0.38223938223938225 0.7268041237113402 0.38996138996138996 0.7371134020618557
19 0.3783783783783784 0.7319587628865979 0.38223938223938225 0.7371134020618557 0.3938223938223938 0.7422680412371134 0.39768339768339767 0.7474226804123711 0.39768339768339767 0.7525773195876289 0.4247104247104247 0.788659793814433 0.4015444015444015 0.788659793814433 0.39768339768339767 0.7835051546391752 0.38996138996138996 0.7835051546391752 0.3783783783783784 0.7680412371134021 0.37065637065637064 0.7680412371134021 0.3667953667953668 0.7628865979381443 0.3667953667953668 0.7525773195876289 0.3745173745173745 0.7371134020618557
19 0.1583011583011583 0.33505154639175255 0.16216216216216217 0.3402061855670103 0.16988416988416988 0.3402061855670103 0.18146718146718147 0.3556701030927835 0.18532818532818532 0.3556701030927835 0.18532818532818532 0.36597938144329895 0.19305019305019305 0.37628865979381443 0.19305019305019305 0.3865979381443299 0.1969111969111969 0.3917525773195876 0.20463320463320464 0.3917525773195876 0.2084942084942085 0.39690721649484534 0.21621621621621623 0.39690721649484534 0.22007722007722008 0.4020618556701031 0.22007722007722008 0.41237113402061853 0.21621621621621623 0.41237113402061853 0.21235521235521235 0.4175257731958763 0.21621621621621623 0.422680412371134 0.21235521235521235 0.42783505154639173 0.2084942084942085 0.422680412371134 0.20463320463320464 0.42783505154639173 0.20077220077220076 0.422680412371134 0.19305019305019305 0.4329896907216495 0.19305019305019305 0.4381443298969072 0.1969111969111969 0.44329896907216493 0.20077220077220076 0.4381443298969072 0.1969111969111969 0.44329896907216493 0.20077220077220076 0.4484536082474227 0.20463320463320464 0.4484536082474227 0.20463320463320464 0.4536082474226804 0.2084942084942085 0.4587628865979381 0.21235521235521235 0.4587628865979381 0.21621621621621623 0.4536082474226804 0.21235521235521235 0.4484536082474227 0.21621621621621623 0.44329896907216493 0.2277992277992278 0.44329896907216493 0.23552123552123552 0.4329896907216495 0.23166023166023167 0.42783505154639173 0.2277992277992278 0.41237113402061853 0.23166023166023167 0.41237113402061853 0.23166023166023167 0.4175257731958763 0.23552123552123552 0.422680412371134 0.23938223938223938 0.422680412371134 0.23552123552123552 0.422680412371134 0.23166023166023167 0.42783505154639173 0.23552123552123552 0.4329896907216495 0.2471042471042471 0.4329896907216495 0.2548262548262548 0.44329896907216493 0.25868725868725867 0.44329896907216493 0.26640926640926643 0.4536082474226804 0.2702702702702703 0.4536082474226804 0.2702702702702703 0.4639175257731959 0.27413127413127414 0.4690721649484536 0.27413127413127414 0.4742268041237113 0.2857142857142857 0.4896907216494845 0.2857142857142857 0.4948453608247423 0.29343629343629346 0.5051546391752577 0.2972972972972973 0.5051546391752577 0.30115830115830117 0.5103092783505154 0.305019305019305 0.5257731958762887 0.3166023166023166 0.5412371134020618 0.3166023166023166 0.5567010309278351 0.3127413127413127 0.5567010309278351 0.3088803088803089 0.5618556701030928 0.3088803088803089 0.5670103092783505 0.3127413127413127 0.5721649484536082 0.3166023166023166 0.5876288659793815 0.3204633204633205 0.5927835051546392 0.32432432432432434 0.5927835051546392 0.32432432432432434 0.6030927835051546 0.3204633204633205 0.6082474226804123 0.3281853281853282 0.6185567010309279 0.33204633204633205 0.6185567010309279 0.3359073359073359 0.6237113402061856 0.3359073359073359 0.634020618556701 0.33976833976833976 0.6391752577319587 0.33976833976833976 0.6443298969072165 0.35135135135135137 0.6597938144329897 0.35135135135135137 0.6649484536082474 0.3552123552123552 0.6701030927835051 0.3552123552123552 0.6804123711340206 0.3590733590733591 0.6855670103092784 0.36293436293436293 0.7010309278350515 0.37065637065637064 0.711340206185567 0.37065637065637064 0.7164948453608248 0.3745173745173745 0.7216494845360825 0.3552123552123552 0.7474226804123711 0.35135135135135137 0.7474226804123711 0.33204633204633205 0.7216494845360825 0.3204633204633205 0.7216494845360825 0.3166023166023166 0.7164948453608248 0.3127413127413127 0.7164948453608248 0.3127413127413127 0.711340206185567 0.3166023166023166 0.7061855670103093 0.3088803088803089 0.6958762886597938 0.305019305019305 0.6958762886597938 0.305019305019305 0.6907216494845361 0.3127413127413127 0.7010309278350515 0.3166023166023166 0.7010309278350515 0.32432432432432434 0.6907216494845361 0.3204633204633205 0.6752577319587629 0.3166023166023166 0.6701030927835051 0.3127413127413127 0.6701030927835051 0.3088803088803089 0.6752577319587629 0.2972972972972973 0.6752577319587629 0.2972972972972973 0.6701030927835051 0.28957528957528955 0.654639175257732 0.28957528957528955 0.6443298969072165 0.2857142857142857 0.6391752577319587 0.2857142857142857 0.634020618556701 0.28185328185328185 0.6288659793814433 0.28185328185328185 0.6237113402061856 0.277992277992278 0.6185567010309279 0.277992277992278 0.6134020618556701 0.27413127413127414 0.6082474226804123 0.2702702702702703 0.5927835051546392 0.26640926640926643 0.5876288659793815 0.2548262548262548 0.5876288659793815 0.2471042471042471 0.5979381443298969 0.24324324324324326 0.5927835051546392 0.24324324324324326 0.5876288659793815 0.2548262548262548 0.5876288659793815 0.25868725868725867 0.5824742268041238 0.25868725868725867 0.5670103092783505 0.2548262548262548 0.5618556701030928 0.25096525096525096 0.5618556701030928 0.2548262548262548 0.5567010309278351 0.2548262548262548 0.5515463917525774 0.25096525096525096 0.5463917525773195 0.23938223938223938 0.5463917525773195 0.23552123552123552 0.5515463917525774 0.23166023166023167 0.5515463917525774 0.23552123552123552 0.5463917525773195 0.23552123552123552 0.5412371134020618 0.23166023166023167 0.5360824742268041 0.2277992277992278 0.5360824742268041 0.23166023166023167 0.5309278350515464 0.23938223938223938 0.5309278350515464 0.24324324324324326 0.5257731958762887 0.24324324324324326 0.520618556701031 0.23938223938223938 0.5154639175257731 0.23552123552123552 0.520618556701031 0.23166023166023167 0.5154639175257731 0.2277992277992278 0.520618556701031 0.22007722007722008 0.520618556701031 0.22393822393822393 0.5154639175257731 0.22007722007722008 0.5103092783505154 0.2277992277992278 0.5103092783505154 0.23166023166023167 0.5051546391752577 0.23938223938223938 0.5051546391752577 0.24324324324324326 0.5 0.23938223938223938 0.4948453608247423 0.2277992277992278 0.4948453608247423 0.2277992277992278 0.4896907216494845 0.23552123552123552 0.4896907216494845 0.23938223938223938 0.4845360824742268 0.2277992277992278 0.4742268041237113 0.20463320463320464 0.4742268041237113 0.20077220077220076 0.4690721649484536 0.1969111969111969 0.4690721649484536 0.1969111969111969 0.4639175257731959 0.1891891891891892 0.4484536082474227 0.1891891891891892 0.44329896907216493 0.19305019305019305 0.4381443298969072 0.1891891891891892 0.4329896907216495 0.1891891891891892 0.42783505154639173 0.18532818532818532 0.422680412371134 0.18146718146718147 0.422680412371134 0.18532818532818532 0.4175257731958763 0.18532818532818532 0.41237113402061853 0.18146718146718147 0.4072164948453608 0.17374517374517376 0.4072164948453608 0.17374517374517376 0.4020618556701031 0.16988416988416988 0.39690721649484534 0.1776061776061776 0.3865979381443299 0.17374517374517376 0.38144329896907214 0.17374517374517376 0.37628865979381443 0.1776061776061776 0.3711340206185567 0.16602316602316602 0.36082474226804123 0.15444015444015444 0.36082474226804123 0.15057915057915058 0.3556701030927835 0.14671814671814673 0.3556701030927835 0.14671814671814673 0.34536082474226804 0.15057915057915058 0.3402061855670103 0.15444015444015444 0.3402061855670103
19 0.11583011583011583 0.28865979381443296 0.11969111969111969 0.28865979381443296 0.12355212355212356 0.28350515463917525 0.14285714285714285 0.28350515463917525 0.14671814671814673 0.28865979381443296 0.1583011583011583 0.29381443298969073 0.16602316602316602 0.30412371134020616 0.16988416988416988 0.30412371134020616 0.17374517374517376 0.30927835051546393 0.17374517374517376 0.31958762886597936 0.16216216216216217 0.31958762886597936 0.1583011583011583 0.3247422680412371 0.15057915057915058 0.3247422680412371 0.138996138996139 0.3402061855670103 0.13513513513513514 0.3402061855670103 0.13127413127413126 0.33505154639175255 0.11583011583011583 0.33505154639175255 0.11969111969111969 0.32989690721649484 0.11583011583011583 0.3247422680412371 0.11583011583011583 0.31958762886597936 0.11969111969111969 0.31443298969072164 0.11969111969111969 0.30927835051546393 0.11583011583011583 0.30412371134020616 0.11583011583011583 0.29381443298969073
19 0.2702702702702703 0.6082474226804123 0.2702702702702703 0.6185567010309279 0.277992277992278 0.6288659793814433 0.277992277992278 0.6391752577319587 0.2857142857142857 0.6494845360824743 0.2857142857142857 0.654639175257732 0.28185328185328185 0.6597938144329897 0.2857142857142857 0.6649484536082474 0.2857142857142857 0.6752577319587629 0.28957528957528955 0.6804123711340206 0.29343629343629346 0.6958762886597938 0.305019305019305 0.711340206185567 0.305019305019305 0.7164948453608248 0.3127413127413127 0.7319587628865979 0.3127413127413127 0.7422680412371134 0.3166023166023166 0.7474226804123711 0.3166023166023166 0.7577319587628866 0.3204633204633205 0.7628865979381443 0.3204633204633205 0.7783505154639175 0.3166023166023166 0.7835051546391752 0.29343629343629346 0.7835051546391752 0.28957528957528955 0.788659793814433 0.26640926640926643 0.788659793814433 0.2625482625482625 0.7938144329896907 0.25868725868725867 0.7938144329896907 0.2548262548262548 0.788659793814433 0.21235521235521235 0.788659793814433 0.2084942084942085 0.7938144329896907 0.21235521235521235 0.7989690721649485 0.2084942084942085 0.7989690721649485 0.2084942084942085 0.788659793814433 0.20463320463320464 0.7835051546391752 0.20463320463320464 0.7680412371134021 0.20077220077220076 0.7628865979381443 0.20077220077220076 0.7422680412371134 0.1969111969111969 0.7371134020618557 0.1969111969111969 0.711340206185567 0.20463320463320464 0.7010309278350515 0.20463320463320464 0.6958762886597938 0.2084942084942085 0.6958762886597938 0.2277992277992278 0.6701030927835051 0.2277992277992278 0.6649484536082474 0.23166023166023167 0.6597938144329897 0.23166023166023167 0.6185567010309279 0.24324324324324326 0.6185567010309279 0.25868725868725867 0.5979381443298969 0.2625482625482625 0.5979381443298969 0.2625482625482625 0.6030927835051546 0.26640926640926643 0.6082474226804123
19 0.05791505791505792 0.28350515463917525 0.06177606177606178 0.28865979381443296 0.0694980694980695 0.28865979381443296 0.0694980694980695 0.29381443298969073 0.05791505791505792 0.30927835051546393 0.05019305019305019 0.30927835051546393 0.03861003861003861 0.3247422680412371 0.03474903474903475 0.3247422680412371 0.02702702702702703 0.33505154639175255 0.023166023166023165 0.33505154639175255 0.015444015444015444 0.34536082474226804 0.015444015444015444 0.35051546391752575 0.003861003861003861 0.36597938144329895 0 0.36597938144329895 0 0.29896907216494845 0.007722007722007722 0.28865979381443296 0.019305019305019305 0.28350515463917525 0.023166023166023165 0.27835051546391754 0.03474903474903475 0.27835051546391754 0.03861003861003861 0.28350515463917525 0.05405405405405406 0.28350515463917525
19 0.3667953667953668 0.8350515463917526 0.37065637065637064 0.8298969072164949 0.38223938223938225 0.8298969072164949 0.38996138996138996 0.8402061855670103 0.3938223938223938 0.8402061855670103 0.41312741312741313 0.865979381443299 0.3861003861003861 0.865979381443299 0.3861003861003861 0.8608247422680413 0.3783783783783784 0.8505154639175257 0.3783783783783784 0.8402061855670103 0.37065637065637064 0.8298969072164949
19 0.32432432432432434 0.5927835051546392 0.33204633204633205 0.6030927835051546 0.33204633204633205 0.6082474226804123 0.3359073359073359 0.6134020618556701 0.33976833976833976 0.6134020618556701 0.3474903474903475 0.6237113402061856 0.3474903474903475 0.634020618556701 0.35135135135135137 0.6391752577319587 0.35135135135135137 0.6494845360824743 0.3552123552123552 0.654639175257732 0.3552123552123552 0.6701030927835051 0.3590733590733591 0.6752577319587629 0.3590733590733591 0.6804123711340206 0.36293436293436293 0.6855670103092784 0.3667953667953668 0.7010309278350515 0.3745173745173745 0.711340206185567 0.3745173745173745 0.7268041237113402 0.3552123552123552 0.7525773195876289 0.3474903474903475 0.7525773195876289 0.33204633204633205 0.7268041237113402 0.3204633204633205 0.7268041237113402 0.3166023166023166 0.7216494845360825 0.3127413127413127 0.7216494845360825 0.3127413127413127 0.7164948453608248 0.3088803088803089 0.711340206185567 0.3088803088803089 0.7010309278350515 0.305019305019305 0.6958762886597938 0.30115830115830117 0.6958762886597938 0.30115830115830117 0.6855670103092784 0.2972972972972973 0.6804123711340206 0.2972972972972973 0.6701030927835051 0.28957528957528955 0.654639175257732 0.28957528957528955 0.6443298969072165 0.2857142857142857 0.6391752577319587 0.2857142857142857 0.6134020618556701 0.28957528957528955 0.6134020618556701 0.29343629343629346 0.6082474226804123 0.305019305019305 0.6082474226804123 0.3166023166023166 0.5927835051546392 0.3204633204633205 0.5927835051546392
19 0.38223938223938225 0.7474226804123711 0.38996138996138996 0.7577319587628866 0.3938223938223938 0.7577319587628866 0.4015444015444015 0.7680412371134021 0.40540540540540543 0.7680412371134021 0.42084942084942084 0.788659793814433 0.4092664092664093 0.788659793814433 0.40540540540540543 0.7938144329896907 0.39768339768339767 0.7938144329896907 0.3938223938223938 0.788659793814433 0.3861003861003861 0.788659793814433 0.3745173745173745 0.7989690721649485 0.3667953667953668 0.7989690721649485 0.36293436293436293 0.7938144329896907 0.3474903474903475 0.7938144329896907 0.3436293436293436 0.788659793814433 0.3474903474903475 0.7835051546391752 0.3436293436293436 0.7783505154639175 0.35135135135135137 0.7680412371134021 0.36293436293436293 0.7680412371134021 0.3667953667953668 0.7628865979381443 0.3667953667953668 0.7577319587628866 0.3745173745173745 0.7577319587628866 0.3783783783783784 0.7525773195876289
19 0.6023166023166023 0.5721649484536082 0.6293436293436293 0.5721649484536082 0.6332046332046332 0.5773195876288659 0.6447876447876448 0.5824742268041238 0.6486486486486487 0.5876288659793815 0.6486486486486487 0.6030927835051546 0.6525096525096525 0.6082474226804123 0.6525096525096525 0.6494845360824743 0.6486486486486487 0.654639175257732 0.6486486486486487 0.6597938144329897 0.640926640926641 0.6701030927835051 0.637065637065637 0.6701030927835051 0.6332046332046332 0.6752577319587629 0.6177606177606177 0.6752577319587629 0.6138996138996139 0.6701030927835051 0.6061776061776062 0.6701030927835051 0.6023166023166023 0.6649484536082474 0.5984555984555985 0.6649484536082474 0.583011583011583 0.6443298969072165 0.583011583011583 0.6030927835051546 0.5868725868725869 0.5979381443298969 0.5868725868725869 0.5927835051546392 0.5907335907335908 0.5927835051546392 0.6023166023166023 0.5773195876288659
19 0.2625482625482625 0.4381443298969072 0.2702702702702703 0.4484536082474227 0.27413127413127414 0.4484536082474227 0.27413127413127414 0.4536082474226804 0.28185328185328185 0.4690721649484536 0.28185328185328185 0.4793814432989691 0.305019305019305 0.5103092783505154 0.3088803088803089 0.5257731958762887 0.3166023166023166 0.5360824742268041 0.3166023166023166 0.5412371134020618 0.3204633204633205 0.5463917525773195 0.3204633204633205 0.5567010309278351 0.3166023166023166 0.5567010309278351 0.3127413127413127 0.5618556701030928 0.3127413127413127 0.5670103092783505 0.3088803088803089 0.5618556701030928 0.305019305019305 0.5618556701030928 0.30115830115830117 0.5670103092783505 0.30115830115830117 0.5721649484536082 0.29343629343629346 0.5721649484536082 0.28957528957528955 0.5773195876288659 0.2857142857142857 0.5721649484536082 0.28185328185328185 0.5721649484536082 0.2702702702702703 0.5567010309278351 0.2702702702702703 0.5515463917525774 0.26640926640926643 0.5463917525773195 0.26640926640926643 0.5412371134020618 0.25868725868725867 0.5257731958762887 0.25868725868725867 0.5154639175257731 0.25096525096525096 0.5051546391752577 0.25096525096525096 0.4948453608247423 0.2471042471042471 0.4896907216494845 0.24324324324324326 0.4742268041237113 0.23552123552123552 0.4639175257731959 0.23552123552123552 0.4536082474226804 0.23166023166023167 0.4484536082474227 0.23166023166023167 0.44329896907216493 0.25096525096525096 0.44329896907216493 0.2548262548262548 0.4381443298969072 0.25868725868725867 0.4381443298969072
19 0.09266409266409266 0.7525773195876289 0.09652509652509653 0.7577319587628866 0.12355212355212356 0.7577319587628866 0.1274131274131274 0.7628865979381443 0.1274131274131274 0.7835051546391752 0.12355212355212356 0.788659793814433 0.10424710424710425 0.788659793814433 0.10038610038610038 0.7938144329896907 0.03088803088803089 0.7938144329896907 0.02702702702702703 0.788659793814433 0.023166023166023165 0.788659793814433 0.019305019305019305 0.7835051546391752 0.019305019305019305 0.7783505154639175 0.011583011583011582 0.7680412371134021 0.011583011583011582 0.7577319587628866 0.015444015444015444 0.7525773195876289 0.0888030888030888 0.7525773195876289
19 0.17374517374517376 0.3247422680412371 0.1776061776061776 0.3402061855670103 0.18146718146718147 0.34536082474226804 0.18532818532818532 0.34536082474226804 0.1891891891891892 0.35051546391752575 0.1891891891891892 0.3556701030927835 0.2084942084942085 0.38144329896907214 0.2084942084942085 0.3865979381443299 0.20463320463320464 0.3917525773195876 0.20463320463320464 0.39690721649484534 0.2084942084942085 0.4020618556701031 0.20463320463320464 0.4072164948453608 0.1891891891891892 0.4072164948453608 0.1776061776061776 0.39690721649484534 0.16988416988416988 0.39690721649484534 0.1583011583011583 0.38144329896907214 0.15444015444015444 0.36597938144329895 0.14285714285714285 0.35051546391752575 0.14285714285714285 0.33505154639175255 0.14671814671814673 0.32989690721649484 0.15057915057915058 0.32989690721649484 0.16216216216216217 0.31958762886597936 0.16602316602316602 0.31958762886597936 0.16988416988416988 0.3247422680412371
19 0.749034749034749 0.3917525773195876 0.752895752895753 0.39690721649484534 0.7567567567567568 0.39690721649484534 0.7644787644787645 0.4072164948453608 0.7644787644787645 0.42783505154639173 0.7567567567567568 0.44329896907216493 0.7567567567567568 0.4742268041237113 0.752895752895753 0.4742268041237113 0.7451737451737451 0.4845360824742268 0.7104247104247104 0.4845360824742268 0.7065637065637066 0.4793814432989691 0.7027027027027027 0.4793814432989691 0.6833976833976834 0.4536082474226804 0.6833976833976834 0.41237113402061853 0.6911196911196911 0.4020618556701031 0.6911196911196911 0.39690721649484534 0.694980694980695 0.39690721649484534 0.7027027027027027 0.3865979381443299 0.7065637065637066 0.3865979381443299 0.7104247104247104 0.38144329896907214 0.7374517374517374 0.38144329896907214 0.7451737451737451 0.3917525773195876
19 0.5752895752895753 0.41237113402061853 0.5791505791505791 0.4175257731958763 0.5907335907335908 0.4175257731958763 0.6061776061776062 0.4381443298969072 0.6061776061776062 0.44329896907216493 0.61003861003861 0.4484536082474227 0.61003861003861 0.4793814432989691 0.6023166023166023 0.4948453608247423 0.6023166023166023 0.5051546391752577 0.5907335907335908 0.520618556701031 0.5868725868725869 0.520618556701031 0.5752895752895753 0.5309278350515464 0.5714285714285714 0.5309278350515464 0.5675675675675675 0.5257731958762887 0.5521235521235521 0.5257731958762887 0.5482625482625483 0.5309278350515464 0.525096525096525 0.5309278350515464 0.5173745173745173 0.520618556701031 0.5173745173745173 0.4329896907216495 0.5212355212355212 0.42783505154639173 0.5212355212355212 0.422680412371134 0.5405405405405406 0.422680412371134 0.5444015444015444 0.4175257731958763 0.555984555984556 0.4175257731958763 0.5598455598455598 0.41237113402061853 0.5714285714285714 0.41237113402061853
19 0.07335907335907337 0.35051546391752575 0.07722007722007722 0.35051546391752575 0.08108108108108109 0.34536082474226804 0.10038610038610038 0.34536082474226804 0.10424710424710425 0.35051546391752575 0.10424710424710425 0.3556701030927835 0.11196911196911197 0.36597938144329895 0.11196911196911197 0.3711340206185567 0.11969111969111969 0.3865979381443299 0.11969111969111969 0.3917525773195876 0.1274131274131274 0.4020618556701031 0.13127413127413126 0.4175257731958763 0.138996138996139 0.42783505154639173 0.138996138996139 0.4329896907216495 0.14285714285714285 0.4381443298969072 0.14285714285714285 0.44329896907216493 0.14671814671814673 0.4484536082474227 0.15057915057915058 0.4639175257731959 0.1583011583011583 0.4742268041237113 0.1583011583011583 0.4845360824742268 0.16216216216216217 0.4896907216494845 0.16602316602316602 0.5051546391752577 0.17374517374517376 0.5154639175257731 0.17374517374517376 0.520618556701031 0.1776061776061776 0.5257731958762887 0.1776061776061776 0.5412371134020618 0.18532818532818532 0.5515463917525774 0.18532818532818532 0.5618556701030928 0.1891891891891892 0.5670103092783505 0.1891891891891892 0.5721649484536082 0.19305019305019305 0.5773195876288659 0.19305019305019305 0.5824742268041238 0.1969111969111969 0.5876288659793815 0.20077220077220076 0.6030927835051546 0.20463320463320464 0.6082474226804123 0.20463320463320464 0.6185567010309279 0.20077220077220076 0.6237113402061856 0.1969111969111969 0.6237113402061856 0.18532818532818532 0.634020618556701 0.16988416988416988 0.634020618556701 0.16216216216216217 0.6237113402061856 0.16216216216216217 0.6134020618556701 0.15444015444015444 0.6030927835051546 0.15444015444015444 0.5927835051546392 0.15057915057915058 0.5876288659793815 0.15057915057915058 0.5824742268041238 0.14671814671814673 0.5773195876288659 0.14671814671814673 0.5721649484536082 0.14285714285714285 0.5670103092783505 0.14285714285714285 0.5618556701030928 0.138996138996139 0.5567010309278351 0.138996138996139 0.5515463917525774 0.13513513513513514 0.5463917525773195 0.13127413127413126 0.5309278350515464 0.12355212355212356 0.520618556701031 0.12355212355212356 0.5103092783505154 0.11969111969111969 0.5051546391752577 0.11969111969111969 0.5 0.10424710424710425 0.4742268041237113 0.10424710424710425 0.4690721649484536 0.10038610038610038 0.4639175257731959 0.10038610038610038 0.4587628865979381 0.09266409266409266 0.44329896907216493 0.09266409266409266 0.4329896907216495 0.0888030888030888 0.42783505154639173 0.0888030888030888 0.4175257731958763 0.08108108108108109 0.4020618556701031 0.08108108108108109 0.37628865979381443 0.07722007722007722 0.3711340206185567 0.07335907335907337 0.3556701030927835
19 0.4671814671814672 0.25773195876288657 0.47104247104247104 0.26288659793814434 0.4826254826254826 0.26804123711340205 0.4942084942084942 0.28350515463917525 0.4942084942084942 0.28865979381443296 0.4980694980694981 0.29381443298969073 0.4980694980694981 0.33505154639175255 0.4942084942084942 0.3402061855670103 0.4942084942084942 0.34536082474226804 0.4826254826254826 0.36082474226804123 0.4749034749034749 0.36082474226804123 0.47104247104247104 0.36597938144329895 0.4517374517374517 0.36597938144329895 0.44787644787644787 0.36082474226804123 0.44015444015444016 0.36082474226804123 0.43243243243243246 0.35051546391752575 0.43243243243243246 0.3402061855670103 0.42084942084942084 0.3247422680412371 0.42084942084942084 0.28865979381443296 0.4247104247104247 0.28350515463917525 0.4247104247104247 0.27319587628865977 0.4362934362934363 0.25773195876288657 0.46332046332046334 0.25773195876288657
19 0.416988416988417 0.7783505154639175 0.07722007722007722 0.12371134020618557
19 0.13513513513513514 0.7680412371134021 0.138996138996139 0.7680412371134021 0.14285714285714285 0.7628865979381443 0.19305019305019305 0.7628865979381443 0.19305019305019305 0.7835051546391752 0.1969111969111969 0.788659793814433 0.1969111969111969 0.8041237113402062 0.20077220077220076 0.8092783505154639 0.20077220077220076 0.8298969072164949 0.20463320463320464 0.8350515463917526 0.20077220077220076 0.8402061855670103 0.20077220077220076 0.8505154639175257 0.1969111969111969 0.8505154639175257 0.1891891891891892 0.865979381443299 0.15444015444015444 0.865979381443299 0.15057915057915058 0.8711340206185567 0.14671814671814673 0.8711340206185567 0.14285714285714285 0.865979381443299 0.13513513513513514 0.865979381443299 0.13127413127413126 0.8608247422680413 0.13127413127413126 0.8556701030927835 0.12355212355212356 0.845360824742268 0.11196911196911197 0.8402061855670103 0.10424710424710425 0.8298969072164949 0.10424710424710425 0.8195876288659794 0.11196911196911197 0.8092783505154639 0.11196911196911197 0.7989690721649485 0.11969111969111969 0.7989690721649485 0.12355212355212356 0.7938144329896907 0.1274131274131274 0.7938144329896907 0.13513513513513514 0.7835051546391752 0.13513513513513514 0.7731958762886598