19 0.39591836734693875 0.6055555555555555 0.4122448979591837 0.6277777777777778 0.4122448979591837 0.6444444444444445 0.40816326530612246 0.6444444444444445 0.4 0.6333333333333333 0.39591836734693875 0.6333333333333333 0.3836734693877551 0.6166666666666667 0.3836734693877551 0.6111111111111112 0.3877551020408163 0.6055555555555555 0.39183673469387753 0.6055555555555555
19 0.6693877551020408 0.34444444444444444 0.7061224489795919 0.37777777777777777 0.7061224489795919 0.38333333333333336 0.710204081632653 0.3888888888888889 0.710204081632653 0.40555555555555556 0.7142857142857143 0.4111111111111111 0.7142857142857143 0.4166666666666667 0.726530612244898 0.43333333333333335 0.7306122448979592 0.43333333333333335 0.7306122448979592 0.4388888888888889 0.7346938775510204 0.4444444444444444 0.7346938775510204 0.45555555555555555 0.7306122448979592 0.46111111111111114 0.7142857142857143 0.46111111111111114 0.710204081632653 0.45555555555555555 0.6775510204081633 0.45555555555555555 0.6693877551020408 0.4444444444444444 0.6571428571428571 0.46111111111111114 0.6530612244897959 0.45555555555555555 0.6489795918367347 0.45555555555555555 0.6489795918367347 0.45 0.6448979591836734 0.4444444444444444 0.6448979591836734 0.43333333333333335 0.6408163265306123 0.42777777777777776 0.6408163265306123 0.4111111111111111 0.636734693877551 0.40555555555555556 0.636734693877551 0.39444444444444443 0.6326530612244898 0.3888888888888889 0.6326530612244898 0.3611111111111111 0.6285714285714286 0.35555555555555557 0.6285714285714286 0.35 0.6326530612244898 0.35 0.636734693877551 0.34444444444444444 0.6653061224489796 0.34444444444444444
19 0.5102040816326531 0.3388888888888889 0.5142857142857142 0.34444444444444444 0.5183673469387755 0.34444444444444444 0.5183673469387755 0.35555555555555557 0.5224489795918368 0.3611111111111111 0.5224489795918368 0.37222222222222223 0.5265306122448979 0.37777777777777777 0.5265306122448979 0.3888888888888889 0.5346938775510204 0.40555555555555556 0.5346938775510204 0.42777777777777776 0.5428571428571428 0.4444444444444444 0.5387755102040817 0.4444444444444444 0.5346938775510204 0.45 0.5346938775510204 0.46111111111111114 0.5306122448979592 0.46111111111111114 0.5224489795918368 0.4722222222222222 0.5306122448979592 0.48333333333333334 0.5306122448979592 0.4888888888888889 0.5346938775510204 0.49444444444444446 0.5428571428571428 0.49444444444444446 0.5387755102040817 0.5 0.5673469387755102 0.5388888888888889 0.5673469387755102 0.5444444444444444 0.5714285714285714 0.55 0.5714285714285714 0.5666666666666667 0.5673469387755102 0.5722222222222222 0.5673469387755102 0.5777777777777777 0.5591836734693878 0.5944444444444444 0.5591836734693878 0.6055555555555555 0.5551020408163265 0.6111111111111112 0.5551020408163265 0.6166666666666667 0.5469387755102041 0.6277777777777778 0.5469387755102041 0.6333333333333333 0.5428571428571428 0.6388888888888888 0.5428571428571428 0.6444444444444445 0.5387755102040817 0.65 0.5387755102040817 0.6555555555555556 0.5306122448979592 0.6555555555555556 0.4897959183673469 0.6 0.4897959183673469 0.5833333333333334 0.4857142857142857 0.5777777777777777 0.4816326530612245 0.5833333333333334 0.4816326530612245 0.5722222222222222 0.4857142857142857 0.5722222222222222 0.49387755102040815 0.5833333333333334 0.49795918367346936 0.5833333333333334 0.5061224489795918 0.5722222222222222 0.5061224489795918 0.5555555555555556 0.5102040816326531 0.55 0.5102040816326531 0.5444444444444444 0.5061224489795918 0.5388888888888889 0.5020408163265306 0.5444444444444444 0.49387755102040815 0.5444444444444444 0.4897959183673469 0.5388888888888889 0.4857142857142857 0.5388888888888889 0.4775510204081633 0.55 0.4816326530612245 0.5555555555555556 0.47346938775510206 0.5444444444444444 0.46938775510204084 0.5444444444444444 0.46530612244897956 0.5388888888888889 0.4530612244897959 0.5388888888888889 0.4489795918367347 0.5333333333333333 0.4448979591836735 0.5333333333333333 0.4326530612244898 0.5166666666666667 0.4326530612244898 0.5111111111111111 0.40408163265306124 0.4722222222222222 0.40408163265306124 0.46111111111111114 0.40816326530612246 0.46111111111111114 0.4122448979591837 0.45555555555555555 0.4163265306122449 0.45555555555555555 0.42448979591836733 0.4388888888888889 0.42857142857142855 0.4388888888888889 0.4326530612244898 0.43333333333333335 0.43673469387755104 0.43333333333333335 0.4489795918367347 0.4166666666666667 0.4489795918367347 0.4111111111111111 0.45714285714285713 0.4 0.45714285714285713 0.39444444444444443 0.46122448979591835 0.39444444444444443 0.4816326530612245 0.36666666666666664 0.4816326530612245 0.35555555555555557 0.4857142857142857 0.35 0.4897959183673469 0.35 0.49387755102040815 0.34444444444444444 0.5061224489795918 0.34444444444444444
19 0.5387755102040817 0.15 0.5469387755102041 0.16111111111111112 0.5510204081632653 0.16111111111111112 0.5714285714285714 0.18888888888888888 0.5714285714285714 0.19444444444444445 0.5795918367346938 0.2111111111111111 0.5795918367346938 0.21666666666666667 0.5673469387755102 0.21666666666666667 0.563265306122449 0.2222222222222222 0.563265306122449 0.22777777777777777 0.5673469387755102 0.23333333333333334 0.5673469387755102 0.25 0.563265306122449 0.25555555555555554 0.5673469387755102 0.2611111111111111 0.5673469387755102 0.26666666666666666 0.5591836734693878 0.2833333333333333 0.5591836734693878 0.2722222222222222 0.5551020408163265 0.26666666666666666 0.5551020408163265 0.25555555555555554 0.5510204081632653 0.25 0.5510204081632653 0.18333333333333332 0.5469387755102041 0.17777777777777778 0.5469387755102041 0.17222222222222222 0.5387755102040817 0.15555555555555556
19 0.3306122448979592 0.55 0.3346938775510204 0.5444444444444444 0.3346938775510204 0.5388888888888889 0.35918367346938773 0.5055555555555555 0.35918367346938773 0.5 0.3673469387755102 0.4888888888888889 0.37142857142857144 0.4888888888888889 0.3836734693877551 0.4722222222222222 0.39591836734693875 0.4722222222222222 0.42857142857142855 0.5166666666666667 0.42857142857142855 0.5222222222222223 0.46122448979591835 0.5666666666666667 0.46122448979591835 0.5722222222222222 0.4897959183673469 0.6111111111111112 0.4897959183673469 0.6166666666666667 0.49387755102040815 0.6222222222222222 0.49795918367346936 0.6222222222222222 0.5306122448979592 0.6666666666666666 0.5306122448979592 0.6722222222222223 0.5469387755102041 0.6944444444444444 0.5469387755102041 0.7 0.5510204081632653 0.7055555555555556 0.5551020408163265 0.7055555555555556 0.5551020408163265 0.7111111111111111 0.5714285714285714 0.7333333333333333 0.5714285714285714 0.7388888888888889 0.563265306122449 0.7388888888888889 0.5591836734693878 0.7333333333333333 0.5510204081632653 0.7333333333333333 0.5469387755102041 0.7277777777777777 0.5265306122448979 0.7277777777777777 0.5224489795918368 0.7222222222222222 0.5142857142857142 0.7222222222222222 0.5020408163265306 0.7111111111111111 0.4897959183673469 0.7111111111111111 0.4857142857142857 0.7055555555555556 0.4816326530612245 0.7055555555555556 0.47346938775510206 0.6944444444444444 0.45714285714285713 0.6944444444444444 0.4489795918367347 0.6833333333333333 0.4448979591836735 0.6833333333333333 0.44081632653061226 0.6777777777777778 0.43673469387755104 0.6777777777777778 0.4326530612244898 0.6722222222222223 0.42857142857142855 0.6722222222222223 0.4204081632653061 0.6611111111111111 0.4163265306122449 0.6611111111111111 0.4 0.6388888888888888 0.39591836734693875 0.6388888888888888 0.39591836734693875 0.6333333333333333 0.39183673469387753 0.6277777777777778 0.3877551020408163 0.6277777777777778 0.3836734693877551 0.6222222222222222 0.37142857142857144 0.6222222222222222 0.37142857142857144 0.6166666666666667 0.3551020408163265 0.5944444444444444 0.3551020408163265 0.5888888888888889 0.34285714285714286 0.5777777777777777 0.34285714285714286 0.5722222222222222 0.3346938775510204 0.5611111111111111 0.3346938775510204 0.5555555555555556
19 0.6571428571428571 0.6833333333333333 0.6612244897959184 0.6833333333333333 0.6571428571428571 0.6888888888888889 0.6571428571428571 0.7 0.6530612244897959 0.7055555555555556 0.6489795918367347 0.7 0.6408163265306123 0.7 0.6408163265306123 0.6944444444444444 0.6530612244897959 0.6944444444444444 0.6571428571428571 0.6888888888888889
19 0.6653061224489796 0.6166666666666667 0.673469387755102 0.6166666666666667 0.6775510204081633 0.6222222222222222 0.6857142857142857 0.6222222222222222 0.6938775510204082 0.6333333333333333 0.6938775510204082 0.65 0.6857142857142857 0.6666666666666666 0.6857142857142857 0.6777777777777778 0.689795918367347 0.6833333333333333 0.689795918367347 0.6888888888888889 0.6857142857142857 0.6944444444444444 0.6857142857142857 0.7 0.6816326530612244 0.7 0.6693877551020408 0.7111111111111111 0.6693877551020408 0.6888888888888889 0.6653061224489796 0.6833333333333333 0.6653061224489796 0.6222222222222222
19 0.636734693877551 0.3888888888888889 0.6612244897959184 0.3888888888888889 0.6693877551020408 0.4 0.673469387755102 0.4 0.673469387755102 0.40555555555555556 0.6775510204081633 0.4111111111111111 0.6857142857142857 0.4111111111111111 0.689795918367347 0.40555555555555556 0.689795918367347 0.4166666666666667 0.6857142857142857 0.4222222222222222 0.6857142857142857 0.42777777777777776 0.7061224489795919 0.45555555555555555 0.7142857142857143 0.45555555555555555 0.7183673469387755 0.46111111111111114 0.7224489795918367 0.46111111111111114 0.7224489795918367 0.4666666666666667 0.7183673469387755 0.4722222222222222 0.7183673469387755 0.4777777777777778 0.710204081632653 0.4888888888888889 0.7020408163265306 0.4888888888888889 0.6979591836734694 0.49444444444444446 0.689795918367347 0.49444444444444446 0.6653061224489796 0.5166666666666667 0.6571428571428571 0.5055555555555555 0.6571428571428571 0.4888888888888889 0.6489795918367347 0.4722222222222222 0.6489795918367347 0.45 0.6448979591836734 0.4444444444444444 0.6448979591836734 0.43333333333333335 0.6408163265306123 0.42777777777777776 0.6408163265306123 0.4111111111111111 0.636734693877551 0.40555555555555556 0.636734693877551 0.39444444444444443
19 0.5428571428571428 0.2388888888888889 0.5428571428571428 0.24444444444444444 0.5469387755102041 0.25 0.5469387755102041 0.2611111111111111 0.5510204081632653 0.26666666666666666 0.5510204081632653 0.2833333333333333 0.5469387755102041 0.28888888888888886 0.5469387755102041 0.29444444444444445 0.5346938775510204 0.3111111111111111 0.5306122448979592 0.3111111111111111 0.5183673469387755 0.3277777777777778 0.5102040816326531 0.3277777777777778 0.5061224489795918 0.3333333333333333 0.49387755102040815 0.3333333333333333 0.4897959183673469 0.3388888888888889 0.47346938775510206 0.3388888888888889 0.46938775510204084 0.3333333333333333 0.45714285714285713 0.3333333333333333 0.4530612244897959 0.3388888888888889 0.4530612244897959 0.34444444444444444 0.4489795918367347 0.34444444444444444 0.4448979591836735 0.35 0.4326530612244898 0.35 0.4326530612244898 0.3333333333333333 0.42857142857142855 0.3277777777777778 0.42857142857142855 0.32222222222222224 0.4326530612244898 0.31666666666666665 0.42857142857142855 0.3111111111111111 0.42448979591836733 0.3111111111111111 0.4204081632653061 0.3055555555555556 0.4163265306122449 0.3055555555555556 0.4163265306122449 0.29444444444444445 0.4204081632653061 0.29444444444444445 0.42857142857142855 0.2833333333333333 0.4326530612244898 0.28888888888888886 0.4530612244897959 0.28888888888888886 0.45714285714285713 0.29444444444444445 0.46122448979591835 0.28888888888888886 0.46122448979591835 0.2833333333333333 0.4857142857142857 0.2833333333333333 0.49387755102040815 0.2722222222222222 0.5020408163265306 0.2722222222222222 0.5102040816326531 0.2611111111111111 0.5142857142857142 0.2611111111111111 0.5183673469387755 0.25555555555555554 0.5265306122448979 0.25555555555555554 0.5346938775510204 0.24444444444444444 0.5387755102040817 0.24444444444444444
19 0.5306122448979592 0.23333333333333334 0.5346938775510204 0.23333333333333334 0.5387755102040817 0.22777777777777777 0.5387755102040817 0.2222222222222222 0.5428571428571428 0.21666666666666667 0.5469387755102041 0.21666666666666667 0.5469387755102041 0.25555555555555554 0.5510204081632653 0.2611111111111111 0.5510204081632653 0.2833333333333333 0.5469387755102041 0.28888888888888886 0.5469387755102041 0.29444444444444445 0.5306122448979592 0.31666666666666665 0.5265306122448979 0.31666666666666665 0.5183673469387755 0.3277777777777778 0.5102040816326531 0.3277777777777778 0.5061224489795918 0.3333333333333333 0.49387755102040815 0.3333333333333333 0.4897959183673469 0.3388888888888889 0.4816326530612245 0.3388888888888889 0.4775510204081633 0.34444444444444444 0.4530612244897959 0.34444444444444444 0.4489795918367347 0.35 0.4448979591836735 0.35 0.44081632653061226 0.35555555555555557 0.43673469387755104 0.35555555555555557 0.4326530612244898 0.3611111111111111 0.40408163265306124 0.3611111111111111 0.4 0.36666666666666664 0.3836734693877551 0.36666666666666664 0.3795918367346939 0.37222222222222223 0.363265306122449 0.37222222222222223 0.35918367346938773 0.37777777777777777 0.3551020408163265 0.37777777777777777 0.3510204081632653 0.37222222222222223 0.3551020408163265 0.36666666666666664 0.3551020408163265 0.3611111111111111 0.35918367346938773 0.35555555555555557 0.35918367346938773 0.35 0.37551020408163266 0.3277777777777778 0.3795918367346939 0.3277777777777778 0.3836734693877551 0.32222222222222224 0.3877551020408163 0.32222222222222224 0.39183673469387753 0.31666666666666665 0.39183673469387753 0.3111111111111111 0.4122448979591837 0.2833333333333333 0.4163265306122449 0.2833333333333333 0.42857142857142855 0.2722222222222222 0.4448979591836735 0.2722222222222222 0.4489795918367347 0.26666666666666666 0.46122448979591835 0.26666666666666666 0.46530612244897956 0.2722222222222222 0.46938775510204084 0.26666666666666666 0.47346938775510206 0.26666666666666666 0.4775510204081633 0.2722222222222222 0.4857142857142857 0.2722222222222222 0.4897959183673469 0.26666666666666666 0.49387755102040815 0.26666666666666666 0.5020408163265306 0.25555555555555554 0.5183673469387755 0.25555555555555554 0.5306122448979592 0.2388888888888889
19 0.6653061224489796 0.5944444444444444 0.6693877551020408 0.6 0.673469387755102 0.6 0.673469387755102 0.6055555555555555 0.6816326530612244 0.6166666666666667 0.689795918367347 0.6166666666666667 0.6979591836734694 0.6055555555555555 0.6979591836734694 0.6 0.7020408163265306 0.5944444444444444 0.710204081632653 0.5944444444444444 0.7061224489795919 0.6 0.7061224489795919 0.6111111111111112 0.710204081632653 0.6166666666666667 0.7142857142857143 0.6166666666666667 0.710204081632653 0.6166666666666667 0.7061224489795919 0.6222222222222222 0.7061224489795919 0.6277777777777778 0.7020408163265306 0.6333333333333333 0.7020408163265306 0.6444444444444445 0.689795918367347 0.6611111111111111 0.689795918367347 0.6722222222222223 0.6857142857142857 0.6777777777777778 0.689795918367347 0.6833333333333333 0.6857142857142857 0.6888888888888889 0.6857142857142857 0.6944444444444444 0.6775510204081633 0.7055555555555556 0.6693877551020408 0.7055555555555556 0.6693877551020408 0.6833333333333333 0.6653061224489796 0.6777777777777778 0.6693877551020408 0.6722222222222223 0.6653061224489796 0.6666666666666666 0.6653061224489796 0.6
19 0.6448979591836734 0.5388888888888889 0.6448979591836734 0.5444444444444444 0.6489795918367347 0.55 0.6571428571428571 0.55 0.6571428571428571 0.5888888888888889 0.6530612244897959 0.5944444444444444 0.6571428571428571 0.6 0.6571428571428571 0.6333333333333333 0.6612244897959184 0.6388888888888888 0.6612244897959184 0.6444444444444445 0.6571428571428571 0.65 0.6571428571428571 0.6555555555555556 0.6612244897959184 0.6611111111111111 0.6612244897959184 0.7055555555555556 0.6571428571428571 0.7111111111111111 0.6489795918367347 0.7 0.6408163265306123 0.7 0.636734693877551 0.6944444444444444 0.6244897959183674 0.6944444444444444 0.6163265306122448 0.6833333333333333 0.6204081632653061 0.6777777777777778 0.6163265306122448 0.6722222222222223 0.6204081632653061 0.6722222222222223 0.6285714285714286 0.6611111111111111 0.6285714285714286 0.6444444444444445 0.6244897959183674 0.6388888888888888 0.6244897959183674 0.6333333333333333 0.636734693877551 0.6444444444444445 0.6489795918367347 0.6444444444444445 0.6571428571428571 0.6333333333333333 0.6571428571428571 0.6277777777777778 0.6530612244897959 0.6222222222222222 0.6489795918367347 0.6222222222222222 0.6448979591836734 0.6277777777777778 0.636734693877551 0.6277777777777778 0.636734693877551 0.6222222222222222 0.6326530612244898 0.6166666666666667 0.6326530612244898 0.6055555555555555 0.636734693877551 0.6 0.6408163265306123 0.6 0.6530612244897959 0.5833333333333334 0.6530612244897959 0.5666666666666667 0.6489795918367347 0.5611111111111111 0.6448979591836734 0.5611111111111111 0.6489795918367347 0.5555555555555556 0.6489795918367347 0.55 0.6448979591836734 0.5444444444444444
19 0.6244897959183674 0.3 0.6285714285714286 0.3055555555555556 0.6285714285714286 0.3277777777777778 0.636734693877551 0.3388888888888889 0.6653061224489796 0.3388888888888889 0.6775510204081633 0.35 0.6775510204081633 0.35555555555555557 0.6693877551020408 0.36666666666666664 0.6693877551020408 0.37222222222222223 0.6612244897959184 0.38333333333333336 0.6612244897959184 0.3888888888888889 0.6571428571428571 0.39444444444444443 0.6530612244897959 0.39444444444444443 0.6489795918367347 0.3888888888888889 0.636734693877551 0.3888888888888889 0.6326530612244898 0.38333333333333336 0.6326530612244898 0.37222222222222223 0.6285714285714286 0.36666666666666664 0.6285714285714286 0.3333333333333333 0.6204081632653061 0.31666666666666665 0.6204081632653061 0.3055555555555556
19 0.6653061224489796 0.34444444444444444 0.6693877551020408 0.35 0.673469387755102 0.35 0.6816326530612244 0.3611111111111111 0.6857142857142857 0.3611111111111111 0.6979591836734694 0.37777777777777777 0.6979591836734694 0.4 0.7020408163265306 0.40555555555555556 0.7020408163265306 0.4111111111111111 0.6938775510204082 0.4111111111111111 0.6857142857142857 0.4222222222222222 0.6857142857142857 0.42777777777777776 0.6938775510204082 0.4444444444444444 0.6938775510204082 0.45555555555555555 0.6979591836734694 0.46111111111111114 0.6938775510204082 0.4666666666666667 0.7020408163265306 0.4777777777777778 0.710204081632653 0.4777777777777778 0.7142857142857143 0.4722222222222222 0.7183673469387755 0.4722222222222222 0.710204081632653 0.4888888888888889 0.7061224489795919 0.4888888888888889 0.7020408163265306 0.49444444444444446 0.6979591836734694 0.49444444444444446 0.6938775510204082 0.4888888888888889 0.689795918367347 0.4888888888888889 0.6775510204081633 0.5 0.6816326530612244 0.5055555555555555 0.6857142857142857 0.5055555555555555 0.6857142857142857 0.5166666666666667 0.689795918367347 0.5222222222222223 0.689795918367347 0.5277777777777778 0.6857142857142857 0.5277777777777778 0.673469387755102 0.5444444444444444 0.673469387755102 0.55 0.6775510204081633 0.5555555555555556 0.6816326530612244 0.5555555555555556 0.6857142857142857 0.55 0.6938775510204082 0.55 0.6979591836734694 0.5444444444444444 0.7061224489795919 0.5444444444444444 0.710204081632653 0.5388888888888889 0.710204081632653 0.5333333333333333 0.7142857142857143 0.5388888888888889 0.7142857142857143 0.5444444444444444 0.710204081632653 0.55 0.7020408163265306 0.55 0.6979591836734694 0.5555555555555556 0.6979591836734694 0.5611111111111111 0.7020408163265306 0.5666666666666667 0.7061224489795919 0.5666666666666667 0.7061224489795919 0.5722222222222222 0.7183673469387755 0.5888888888888889 0.7183673469387755 0.5944444444444444 0.7142857142857143 0.6 0.726530612244898 0.6166666666666667 0.7306122448979592 0.6166666666666667 0.7306122448979592 0.6333333333333333 0.726530612244898 0.6388888888888888 0.726530612244898 0.65 0.7183673469387755 0.65 0.7142857142857143 0.6555555555555556 0.7142857142857143 0.6611111111111111 0.7183673469387755 0.6666666666666666 0.7224489795918367 0.6666666666666666 0.7183673469387755 0.6666666666666666 0.7142857142857143 0.6722222222222223 0.710204081632653 0.6722222222222223 0.7020408163265306 0.6833333333333333 0.6979591836734694 0.6833333333333333 0.689795918367347 0.6944444444444444 0.6857142857142857 0.6944444444444444 0.6775510204081633 0.7055555555555556 0.6693877551020408 0.7055555555555556 0.6653061224489796 0.7 0.6653061224489796 0.6111111111111112 0.6612244897959184 0.6055555555555555 0.6653061224489796 0.6 0.6612244897959184 0.5944444444444444 0.6612244897959184 0.5888888888888889 0.6653061224489796 0.5833333333333334 0.6653061224489796 0.5277777777777778 0.6612244897959184 0.5222222222222223 0.6612244897959184 0.5 0.6530612244897959 0.48333333333333334 0.6530612244897959 0.4722222222222222 0.6489795918367347 0.4666666666666667 0.6489795918367347 0.45 0.6448979591836734 0.4444444444444444 0.6448979591836734 0.43333333333333335 0.6408163265306123 0.42777777777777776 0.6408163265306123 0.4111111111111111 0.636734693877551 0.40555555555555556 0.636734693877551 0.3611111111111111 0.6326530612244898 0.35555555555555557 0.636734693877551 0.35555555555555557 0.6448979591836734 0.34444444444444444 0.6489795918367347 0.34444444444444444 0.6530612244897959 0.35 0.6571428571428571 0.34444444444444444 0.6612244897959184 0.34444444444444444
19 0.7673469387755102 0.5055555555555555 0.7714285714285715 0.5111111111111111 0.7714285714285715 0.5166666666666667 0.7755102040816326 0.5222222222222223 0.7755102040816326 0.5333333333333333 0.7795918367346939 0.5388888888888889 0.7795918367346939 0.5555555555555556 0.7714285714285715 0.5555555555555556 0.7673469387755102 0.5611111111111111 0.763265306122449 0.5555555555555556 0.7673469387755102 0.55 0.763265306122449 0.5444444444444444 0.7673469387755102 0.5388888888888889 0.7673469387755102 0.5111111111111111
19 0.4489795918367347 0.10555555555555556 0.45714285714285713 0.10555555555555556 0.46122448979591835 0.1 0.4816326530612245 0.1 0.4857142857142857 0.10555555555555556 0.49795918367346936 0.10555555555555556 0.5020408163265306 0.1111111111111111 0.5020408163265306 0.11666666666666667 0.49795918367346936 0.11666666666666667 0.49387755102040815 0.12222222222222222 0.49387755102040815 0.12777777777777777 0.47346938775510206 0.15555555555555556 0.46122448979591835 0.15555555555555556 0.4530612244897959 0.16666666666666666 0.4489795918367347 0.16666666666666666 0.4448979591836735 0.17222222222222222 0.44081632653061226 0.17222222222222222 0.4326530612244898 0.16111111111111112 0.4326530612244898 0.14444444444444443 0.43673469387755104 0.1388888888888889 0.43673469387755104 0.13333333333333333 0.4489795918367347 0.11666666666666667 0.4489795918367347 0.1111111111111111
19 0.7387755102040816 0.5722222222222222 0.7428571428571429 0.5777777777777777 0.746938775510204 0.5722222222222222 0.7387755102040816 0.5833333333333334 0.7387755102040816 0.5888888888888889 0.7346938775510204 0.5944444444444444 0.7346938775510204 0.6 0.7428571428571429 0.6166666666666667 0.7428571428571429 0.65 0.7346938775510204 0.6611111111111111 0.7306122448979592 0.6611111111111111 0.7224489795918367 0.6722222222222223 0.7142857142857143 0.6722222222222223 0.7061224489795919 0.6833333333333333 0.7020408163265306 0.6833333333333333 0.6938775510204082 0.6944444444444444 0.689795918367347 0.6944444444444444 0.6857142857142857 0.7 0.6775510204081633 0.7 0.6775510204081633 0.6722222222222223 0.673469387755102 0.6666666666666666 0.673469387755102 0.6555555555555556 0.6857142857142857 0.6555555555555556 0.689795918367347 0.65 0.689795918367347 0.6444444444444445 0.7061224489795919 0.6222222222222222 0.7061224489795919 0.6166666666666667 0.710204081632653 0.6111111111111112 0.710204081632653 0.5944444444444444 0.7142857142857143 0.5888888888888889 0.7142857142857143 0.5833333333333334 0.7183673469387755 0.5777777777777777 0.7346938775510204 0.5777777777777777
19 0.6 0.6666666666666666 0.6040816326530613 0.6722222222222223 0.6040816326530613 0.6833333333333333 0.5959183673469388 0.6944444444444444 0.5918367346938775 0.6944444444444444 0.5877551020408164 0.7 0.5755102040816327 0.7 0.5673469387755102 0.7111111111111111 0.5673469387755102 0.7055555555555556 0.5714285714285714 0.7055555555555556 0.5755102040816327 0.7 0.5673469387755102 0.6888888888888889 0.5551020408163265 0.6888888888888889 0.5551020408163265 0.6777777777777778 0.5510204081632653 0.6722222222222223 0.5510204081632653 0.6666666666666666 0.5551020408163265 0.6611111111111111 0.5673469387755102 0.6611111111111111 0.5714285714285714 0.6666666666666666 0.5959183673469388 0.6666666666666666
19 0.7387755102040816 0.46111111111111114 0.7428571428571429 0.46111111111111114 0.7428571428571429 0.4666666666666667 0.7591836734693878 0.4888888888888889 0.7591836734693878 0.49444444444444446 0.7714285714285715 0.5111111111111111 0.7714285714285715 0.5277777777777778 0.7673469387755102 0.5333333333333333 0.7673469387755102 0.5444444444444444 0.7714285714285715 0.55 0.7714285714285715 0.5555555555555556 0.763265306122449 0.5666666666666667 0.7591836734693878 0.5666666666666667 0.7551020408163265 0.5722222222222222 0.7510204081632653 0.5722222222222222 0.7346938775510204 0.5944444444444444 0.7346938775510204 0.6055555555555555 0.7428571428571429 0.6222222222222222 0.7428571428571429 0.6333333333333333 0.7387755102040816 0.6388888888888888 0.7387755102040816 0.65 0.7346938775510204 0.6555555555555556 0.7346938775510204 0.6611111111111111 0.7306122448979592 0.6611111111111111 0.726530612244898 0.6666666666666666 0.7183673469387755 0.6666666666666666 0.7183673469387755 0.65 0.7224489795918367 0.6444444444444445 0.7224489795918367 0.6333333333333333 0.7142857142857143 0.6166666666666667 0.710204081632653 0.6222222222222222 0.710204081632653 0.6055555555555555 0.7142857142857143 0.6 0.710204081632653 0.5944444444444444 0.7142857142857143 0.5888888888888889 0.710204081632653 0.5833333333333334 0.710204081632653 0.5611111111111111 0.7224489795918367 0.5611111111111111 0.726530612244898 0.5555555555555556 0.7346938775510204 0.5555555555555556 0.7428571428571429 0.5444444444444444 0.7428571428571429 0.5333333333333333 0.746938775510204 0.5277777777777778 0.7428571428571429 0.5222222222222223 0.746938775510204 0.5222222222222223 0.7551020408163265 0.5055555555555555 0.7510204081632653 0.5 0.7510204081632653 0.4888888888888889 0.746938775510204 0.48333333333333334 0.746938775510204 0.4777777777777778 0.7387755102040816 0.4666666666666667
19 0.3306122448979592 0.2722222222222222 0.39183673469387753 0.2722222222222222 0.39591836734693875 0.26666666666666666 0.4 0.26666666666666666 0.40408163265306124 0.2722222222222222 0.40816326530612246 0.2722222222222222 0.40816326530612246 0.2777777777777778 0.3877551020408163 0.3055555555555556 0.3877551020408163 0.3111111111111111 0.3795918367346939 0.32222222222222224 0.37551020408163266 0.32222222222222224 0.35918367346938773 0.34444444444444444 0.35918367346938773 0.35 0.3551020408163265 0.35 0.34285714285714286 0.36666666666666664 0.3469387755102041 0.37222222222222223 0.33877551020408164 0.38333333333333336 0.3306122448979592 0.38333333333333336 0.32653061224489793 0.3888888888888889 0.32653061224489793 0.39444444444444443 0.3183673469387755 0.40555555555555556 0.3142857142857143 0.40555555555555556 0.2938775510204082 0.43333333333333335 0.27755102040816326 0.43333333333333335 0.2816326530612245 0.42777777777777776 0.27755102040816326 0.4222222222222222 0.27755102040816326 0.4111111111111111 0.2857142857142857 0.4 0.2857142857142857 0.3888888888888889 0.2897959183673469 0.38333333333333336 0.2897959183673469 0.37222222222222223 0.2979591836734694 0.3611111111111111 0.2979591836734694 0.35 0.3020408163265306 0.34444444444444444 0.3020408163265306 0.3333333333333333 0.30612244897959184 0.3277777777777778 0.30612244897959184 0.32222222222222224 0.3142857142857143 0.3111111111111111 0.3142857142857143 0.3055555555555556 0.3224489795918367 0.29444444444444445 0.3224489795918367 0.28888888888888886 0.3306122448979592 0.2777777777777778
19 0.3510204081632653 0.5222222222222223 0.3551020408163265 0.5222222222222223 0.35918367346938773 0.5166666666666667 0.363265306122449 0.5166666666666667 0.363265306122449 0.5277777777777778 0.3673469387755102 0.5333333333333333 0.3795918367346939 0.5333333333333333 0.3795918367346939 0.5388888888888889 0.3836734693877551 0.5444444444444444 0.39183673469387753 0.5444444444444444 0.39183673469387753 0.55 0.3877551020408163 0.5444444444444444 0.3795918367346939 0.5555555555555556 0.3877551020408163 0.5666666666666667 0.39183673469387753 0.5666666666666667 0.39183673469387753 0.5722222222222222 0.4 0.5833333333333334 0.40408163265306124 0.5833333333333334 0.40816326530612246 0.5777777777777777 0.4122448979591837 0.5777777777777777 0.4122448979591837 0.5833333333333334 0.40816326530612246 0.5888888888888889 0.40816326530612246 0.5944444444444444 0.4163265306122449 0.6055555555555555 0.4204081632653061 0.6 0.4204081632653061 0.6111111111111112 0.42448979591836733 0.6166666666666667 0.42448979591836733 0.6222222222222222 0.42857142857142855 0.6277777777777778 0.42857142857142855 0.6333333333333333 0.43673469387755104 0.6444444444444445 0.43673469387755104 0.65 0.45714285714285713 0.6777777777777778 0.46122448979591835 0.6777777777777778 0.46938775510204084 0.6666666666666666 0.46530612244897956 0.6611111111111111 0.46530612244897956 0.6555555555555556 0.46938775510204084 0.6555555555555556 0.47346938775510206 0.65 0.4775510204081633 0.65 0.4775510204081633 0.6611111111111111 0.47346938775510206 0.6666666666666666 0.47346938775510206 0.6833333333333333 0.46938775510204084 0.6833333333333333 0.46530612244897956 0.6888888888888889 0.46122448979591835 0.6888888888888889 0.45714285714285713 0.6833333333333333 0.4448979591836735 0.6833333333333333 0.44081632653061226 0.6777777777777778 0.4326530612244898 0.6777777777777778 0.42448979591836733 0.6666666666666666 0.42448979591836733 0.6611111111111111 0.4204081632653061 0.6555555555555556 0.4122448979591837 0.6555555555555556 0.4 0.6388888888888888 0.39591836734693875 0.6388888888888888 0.39183673469387753 0.6333333333333333 0.3836734693877551 0.6333333333333333 0.3795918367346939 0.6277777777777778 0.37551020408163266 0.6277777777777778 0.37551020408163266 0.6222222222222222 0.35918367346938773 0.6 0.35918367346938773 0.5944444444444444 0.34285714285714286 0.5722222222222222 0.34285714285714286 0.5666666666666667 0.33877551020408164 0.5611111111111111 0.33877551020408164 0.5555555555555556 0.34285714285714286 0.55 0.34285714285714286 0.5444444444444444 0.33877551020408164 0.5388888888888889 0.3510204081632653 0.5277777777777778
19 0.3183673469387755 0.4444444444444444 0.3224489795918367 0.45 0.3306122448979592 0.45 0.3346938775510204 0.45555555555555555 0.3346938775510204 0.46111111111111114 0.33877551020408164 0.4666666666666667 0.33877551020408164 0.4777777777777778 0.3346938775510204 0.48333333333333334 0.33877551020408164 0.4888888888888889 0.3306122448979592 0.5 0.3183673469387755 0.5 0.3142857142857143 0.49444444444444446 0.3142857142857143 0.4888888888888889 0.31020408163265306 0.48333333333333334 0.31020408163265306 0.45 0.3142857142857143 0.45
19 0.4204081632653061 0.17777777777777778 0.4163265306122449 0.17222222222222222 0.40816326530612246 0.18333333333333332 0.39591836734693875 0.18333333333333332 0.39183673469387753 0.18888888888888888 0.3877551020408163 0.18888888888888888 0.3836734693877551 0.19444444444444445 0.3836734693877551 0.2 0.3877551020408163 0.20555555555555555 0.3877551020408163 0.2111111111111111 0.3795918367346939 0.2111111111111111 0.37142857142857144 0.2222222222222222 0.363265306122449 0.2222222222222222 0.3551020408163265 0.23333333333333334 0.3551020408163265 0.24444444444444444 0.3510204081632653 0.2388888888888889 0.3469387755102041 0.2388888888888889 0.34285714285714286 0.24444444444444444 0.34285714285714286 0.25555555555555554 0.3469387755102041 0.2611111111111111 0.3551020408163265 0.2611111111111111 0.35918367346938773 0.25555555555555554 0.363265306122449 0.2611111111111111 0.35918367346938773 0.26666666666666666 0.3306122448979592 0.26666666666666666 0.3306122448979592 0.25555555555555554 0.33877551020408164 0.24444444444444444 0.33877551020408164 0.2388888888888889 0.34285714285714286 0.23333333333333334 0.34285714285714286 0.22777777777777777 0.3510204081632653 0.21666666666666667 0.3510204081632653 0.2111111111111111 0.3551020408163265 0.20555555555555555 0.3551020408163265 0.2 0.363265306122449 0.18888888888888888 0.363265306122449 0.17222222222222222 0.3673469387755102 0.16666666666666666 0.3673469387755102 0.14444444444444443 0.37142857142857144 0.1388888888888889 0.37142857142857144 0.13333333333333333 0.3836734693877551 0.11666666666666667 0.3877551020408163 0.11666666666666667 0.39591836734693875 0.10555555555555556 0.4163265306122449 0.10555555555555556 0.4204081632653061 0.1 0.44081632653061226 0.1 0.4448979591836735 0.10555555555555556 0.4448979591836735 0.1111111111111111 0.43673469387755104 0.12222222222222222 0.43673469387755104 0.12777777777777777 0.4326530612244898 0.12777777777777777 0.42448979591836733 0.1388888888888889 0.42448979591836733 0.15555555555555556 0.4204081632653061 0.16111111111111112 0.4204081632653061 0.17222222222222222
19 0.3346938775510204 0.4388888888888889 0.33877551020408164 0.4444444444444444 0.33877551020408164 0.45 0.34285714285714286 0.45555555555555555 0.34285714285714286 0.4666666666666667 0.3510204081632653 0.4777777777777778 0.3510204081632653 0.48333333333333334 0.3551020408163265 0.4888888888888889 0.3551020408163265 0.49444444444444446 0.3510204081632653 0.5 0.3510204081632653 0.5055555555555555 0.32653061224489793 0.5388888888888889 0.2979591836734694 0.5 0.2979591836734694 0.49444444444444446 0.2816326530612245 0.4722222222222222 0.2816326530612245 0.4666666666666667 0.27755102040816326 0.46111111111111114 0.27755102040816326 0.45555555555555555 0.2897959183673469 0.4444444444444444 0.30612244897959184 0.4444444444444444 0.31020408163265306 0.4388888888888889 0.3306122448979592 0.4388888888888889
19 0.6857142857142857 0.3611111111111111 0.6938775510204082 0.37222222222222223 0.6979591836734694 0.37222222222222223 0.6979591836734694 0.39444444444444443 0.7142857142857143 0.4166666666666667 0.7142857142857143 0.4222222222222222 0.726530612244898 0.4388888888888889 0.7306122448979592 0.4388888888888889 0.7346938775510204 0.4444444444444444 0.7346938775510204 0.45 0.746938775510204 0.4666666666666667 0.746938775510204 0.4722222222222222 0.7591836734693878 0.4888888888888889 0.7591836734693878 0.49444444444444446 0.7673469387755102 0.5111111111111111 0.7673469387755102 0.5333333333333333 0.763265306122449 0.5388888888888889 0.7714285714285715 0.55 0.7591836734693878 0.5666666666666667 0.7551020408163265 0.5666666666666667 0.746938775510204 0.5777777777777777 0.7428571428571429 0.5777777777777777 0.7346938775510204 0.5944444444444444 0.7346938775510204 0.6055555555555555 0.7428571428571429 0.6222222222222222 0.7428571428571429 0.6277777777777778 0.7387755102040816 0.6333333333333333 0.7387755102040816 0.65 0.7346938775510204 0.6555555555555556 0.7346938775510204 0.6611111111111111 0.7306122448979592 0.6611111111111111 0.726530612244898 0.6666666666666666 0.7224489795918367 0.6666666666666666 0.7183673469387755 0.6722222222222223 0.7142857142857143 0.6722222222222223 0.710204081632653 0.6777777777777778 0.7061224489795919 0.6777777777777778 0.6938775510204082 0.6944444444444444 0.689795918367347 0.6944444444444444 0.6775510204081633 0.7055555555555556 0.6693877551020408 0.7055555555555556 0.6693877551020408 0.6888888888888889 0.6653061224489796 0.6833333333333333 0.6653061224489796 0.6722222222222223 0.6693877551020408 0.6666666666666666 0.6653061224489796 0.6611111111111111 0.6653061224489796 0.5388888888888889 0.6612244897959184 0.5333333333333333 0.6612244897959184 0.4888888888888889 0.6530612244897959 0.4777777777777778 0.6530612244897959 0.46111111111111114 0.6489795918367347 0.45555555555555555 0.6489795918367347 0.4444444444444444 0.6448979591836734 0.4388888888888889 0.6448979591836734 0.42777777777777776 0.6408163265306123 0.4222222222222222 0.6408163265306123 0.4111111111111111 0.636734693877551 0.40555555555555556 0.636734693877551 0.37777777777777777 0.6408163265306123 0.37222222222222223 0.6408163265306123 0.36666666666666664 0.6571428571428571 0.36666666666666664 0.6693877551020408 0.35 0.673469387755102 0.35 0.6816326530612244 0.3611111111111111
19 0.6653061224489796 0.6055555555555555 0.6693877551020408 0.6055555555555555 0.673469387755102 0.6111111111111112 0.6775510204081633 0.6111111111111112 0.6816326530612244 0.6166666666666667 0.6857142857142857 0.6166666666666667 0.689795918367347 0.6222222222222222 0.6938775510204082 0.6222222222222222 0.6938775510204082 0.6444444444444445 0.6857142857142857 0.6555555555555556 0.6816326530612244 0.6555555555555556 0.6775510204081633 0.6611111111111111 0.6653061224489796 0.6444444444444445 0.6653061224489796 0.6111111111111112
19 0.5265306122448979 0.14444444444444443 0.5265306122448979 0.15 0.5224489795918368 0.15555555555555556 0.5224489795918368 0.16111111111111112 0.5265306122448979 0.16666666666666666 0.5306122448979592 0.16666666666666666 0.5387755102040817 0.17777777777777778 0.5387755102040817 0.2111111111111111 0.5346938775510204 0.21666666666666667 0.5346938775510204 0.2222222222222222 0.5306122448979592 0.2222222222222222 0.5265306122448979 0.22777777777777777 0.5265306122448979 0.2222222222222222 0.5183673469387755 0.2111111111111111 0.5102040816326531 0.2111111111111111 0.5020408163265306 0.2222222222222222 0.5020408163265306 0.22777777777777777 0.5061224489795918 0.23333333333333334 0.5142857142857142 0.23333333333333334 0.5183673469387755 0.2388888888888889 0.5142857142857142 0.2388888888888889 0.5102040816326531 0.24444444444444444 0.49795918367346936 0.24444444444444444 0.49387755102040815 0.25 0.49387755102040815 0.25555555555555554 0.4857142857142857 0.26666666666666666 0.4816326530612245 0.26666666666666666 0.47346938775510206 0.25 0.46122448979591835 0.2611111111111111 0.44081632653061226 0.2611111111111111 0.43673469387755104 0.26666666666666666 0.4163265306122449 0.26666666666666666 0.4122448979591837 0.2611111111111111 0.3836734693877551 0.2611111111111111 0.3795918367346939 0.26666666666666666 0.3346938775510204 0.26666666666666666 0.3306122448979592 0.2611111111111111 0.3346938775510204 0.25555555555555554 0.3346938775510204 0.25 0.3469387755102041 0.23333333333333334 0.3469387755102041 0.22777777777777777 0.3551020408163265 0.21666666666666667 0.35918367346938773 0.21666666666666667 0.363265306122449 0.2111111111111111 0.35918367346938773 0.20555555555555555 0.37142857142857144 0.21666666666666667 0.37551020408163266 0.21666666666666667 0.3795918367346939 0.2111111111111111 0.3877551020408163 0.2111111111111111 0.39183673469387753 0.20555555555555555 0.39183673469387753 0.2 0.3877551020408163 0.19444444444444445 0.3836734693877551 0.19444444444444445 0.39183673469387753 0.18333333333333332 0.39591836734693875 0.18888888888888888 0.4 0.18333333333333332 0.40816326530612246 0.18333333333333332 0.4122448979591837 0.17777777777777778 0.42448979591836733 0.17777777777777778 0.42857142857142855 0.18333333333333332 0.4326530612244898 0.17777777777777778 0.45714285714285713 0.17777777777777778 0.46122448979591835 0.17222222222222222 0.46530612244897956 0.17222222222222222 0.46938775510204084 0.16666666666666666 0.47346938775510206 0.16666666666666666 0.4897959183673469 0.14444444444444443 0.49387755102040815 0.14444444444444443 0.5020408163265306 0.13333333333333333 0.5061224489795918 0.13333333333333333 0.5142857142857142 0.14444444444444443 0.5224489795918368 0.14444444444444443
19 0.3551020408163265 0.2777777777777778 0.35918367346938773 0.2833333333333333 0.363265306122449 0.2777777777777778 0.37551020408163266 0.2777777777777778 0.37551020408163266 0.28888888888888886 0.3795918367346939 0.29444444444444445 0.3836734693877551 0.29444444444444445 0.3877551020408163 0.3 0.3877551020408163 0.3055555555555556 0.37142857142857144 0.3055555555555556 0.3673469387755102 0.3111111111111111 0.3673469387755102 0.31666666666666665 0.3551020408163265 0.3333333333333333 0.3510204081632653 0.3333333333333333 0.3469387755102041 0.3388888888888889 0.3469387755102041 0.34444444444444444 0.33877551020408164 0.35555555555555557 0.33877551020408164 0.3611111111111111 0.3346938775510204 0.3611111111111111 0.3306122448979592 0.36666666666666664 0.3306122448979592 0.37222222222222223 0.3224489795918367 0.38333333333333336 0.3224489795918367 0.4 0.3183673469387755 0.40555555555555556 0.3142857142857143 0.40555555555555556 0.31020408163265306 0.4111111111111111 0.30612244897959184 0.4111111111111111 0.30612244897959184 0.3888888888888889 0.31020408163265306 0.38333333333333336 0.31020408163265306 0.37222222222222223 0.3142857142857143 0.37222222222222223 0.3183673469387755 0.36666666666666664 0.3183673469387755 0.35555555555555557 0.32653061224489793 0.34444444444444444 0.32653061224489793 0.3277777777777778 0.3183673469387755 0.31666666666666665 0.3183673469387755 0.3111111111111111 0.3224489795918367 0.3055555555555556 0.3224489795918367 0.29444444444444445 0.3306122448979592 0.2833333333333333 0.33877551020408164 0.2833333333333333 0.34285714285714286 0.2777777777777778 0.3469387755102041 0.2777777777777778 0.3510204081632653 0.2833333333333333
19 0.6653061224489796 0.5555555555555556 0.6816326530612244 0.5555555555555556 0.6857142857142857 0.5611111111111111 0.6938775510204082 0.5611111111111111 0.7020408163265306 0.5722222222222222 0.7020408163265306 0.5777777777777777 0.710204081632653 0.5944444444444444 0.710204081632653 0.6055555555555555 0.7061224489795919 0.6111111111111112 0.7061224489795919 0.6222222222222222 0.6979591836734694 0.6333333333333333 0.6979591836734694 0.6388888888888888 0.6938775510204082 0.6444444444444445 0.6938775510204082 0.65 0.689795918367347 0.65 0.6775510204081633 0.6666666666666666 0.6653061224489796 0.65 0.6653061224489796 0.5611111111111111
19 0.4 0.26666666666666666 0.40408163265306124 0.2722222222222222 0.4122448979591837 0.2722222222222222 0.40816326530612246 0.2777777777777778 0.40816326530612246 0.2833333333333333 0.3795918367346939 0.32222222222222224 0.37551020408163266 0.32222222222222224 0.3673469387755102 0.3333333333333333 0.3673469387755102 0.3388888888888889 0.35918367346938773 0.35 0.3551020408163265 0.35 0.3510204081632653 0.35555555555555557 0.3510204081632653 0.37777777777777777 0.34285714285714286 0.37777777777777777 0.3346938775510204 0.3888888888888889 0.3306122448979592 0.3888888888888889 0.3183673469387755 0.40555555555555556 0.31020408163265306 0.40555555555555556 0.3142857142857143 0.4 0.3142857142857143 0.39444444444444443 0.3183673469387755 0.3888888888888889 0.3183673469387755 0.38333333333333336 0.32653061224489793 0.37222222222222223 0.32653061224489793 0.36666666666666664 0.3306122448979592 0.3611111111111111 0.3306122448979592 0.35555555555555557 0.32653061224489793 0.35 0.3306122448979592 0.34444444444444444 0.3306122448979592 0.3277777777777778 0.3346938775510204 0.32222222222222224 0.3346938775510204 0.31666666666666665 0.33877551020408164 0.3111111111111111 0.33877551020408164 0.3055555555555556 0.3469387755102041 0.28888888888888886 0.3469387755102041 0.2777777777777778 0.35918367346938773 0.2777777777777778 0.363265306122449 0.2722222222222222 0.39591836734693875 0.2722222222222222
19 0.46530612244897956 0.45555555555555555 0.46938775510204084 0.45555555555555555 0.46122448979591835 0.4666666666666667 0.46122448979591835 0.4722222222222222 0.45714285714285713 0.4777777777777778 0.45714285714285713 0.49444444444444446 0.4530612244897959 0.5 0.4530612244897959 0.5111111111111111 0.4489795918367347 0.5111111111111111 0.4448979591836735 0.5055555555555555 0.44081632653061226 0.5055555555555555 0.43673469387755104 0.5 0.4326530612244898 0.5 0.4204081632653061 0.48333333333333334 0.4122448979591837 0.48333333333333334 0.4 0.4666666666666667 0.40816326530612246 0.45555555555555555 0.4122448979591837 0.45555555555555555 0.42857142857142855 0.43333333333333335 0.4326530612244898 0.43333333333333335 0.45714285714285713 0.4 0.46122448979591835 0.4 0.46122448979591835 0.4111111111111111 0.4530612244897959 0.4222222222222222 0.46122448979591835 0.4388888888888889 0.45714285714285713 0.4444444444444444 0.46122448979591835 0.45
19 0.3224489795918367 0.28888888888888886 0.32653061224489793 0.28888888888888886 0.3306122448979592 0.29444444444444445 0.3306122448979592 0.3 0.32653061224489793 0.3055555555555556 0.32653061224489793 0.3388888888888889 0.3224489795918367 0.34444444444444444 0.3224489795918367 0.35555555555555557 0.3183673469387755 0.3611111111111111 0.3183673469387755 0.36666666666666664 0.3142857142857143 0.37222222222222223 0.3142857142857143 0.37777777777777777 0.30612244897959184 0.39444444444444443 0.30612244897959184 0.4111111111111111 0.3020408163265306 0.4166666666666667 0.3020408163265306 0.4222222222222222 0.2857142857142857 0.4444444444444444 0.27755102040816326 0.4444444444444444 0.2693877551020408 0.43333333333333335 0.2693877551020408 0.42777777777777776 0.27346938775510204 0.4222222222222222 0.27346938775510204 0.4111111111111111 0.27755102040816326 0.40555555555555556 0.27755102040816326 0.4 0.2816326530612245 0.39444444444444443 0.2816326530612245 0.3888888888888889 0.2857142857142857 0.38333333333333336 0.2857142857142857 0.37777777777777777 0.2897959183673469 0.37222222222222223 0.2897959183673469 0.36666666666666664 0.2938775510204082 0.3611111111111111 0.2938775510204082 0.35555555555555557 0.2979591836734694 0.35 0.2979591836734694 0.34444444444444444 0.3020408163265306 0.3388888888888889 0.3020408163265306 0.3333333333333333 0.30612244897959184 0.3277777777777778 0.30612244897959184 0.32222222222222224 0.3142857142857143 0.3111111111111111 0.3142857142857143 0.3055555555555556 0.3224489795918367 0.29444444444444445
19 0.7428571428571429 0.4666666666666667 0.746938775510204 0.4722222222222222 0.746938775510204 0.4777777777777778 0.7510204081632653 0.48333333333333334 0.7551020408163265 0.48333333333333334 0.7551020408163265 0.4888888888888889 0.7591836734693878 0.49444444444444446 0.7591836734693878 0.5 0.7673469387755102 0.5111111111111111 0.7673469387755102 0.5277777777777778 0.763265306122449 0.5333333333333333 0.763265306122449 0.5444444444444444 0.7673469387755102 0.55 0.7673469387755102 0.5555555555555556 0.7551020408163265 0.5722222222222222 0.7510204081632653 0.5722222222222222 0.7346938775510204 0.5944444444444444 0.7346938775510204 0.6055555555555555 0.7428571428571429 0.6222222222222222 0.7428571428571429 0.6333333333333333 0.7387755102040816 0.6388888888888888 0.7387755102040816 0.65 0.7346938775510204 0.6555555555555556 0.7346938775510204 0.6611111111111111 0.7306122448979592 0.6611111111111111 0.726530612244898 0.6666666666666666 0.7224489795918367 0.6666666666666666 0.7183673469387755 0.6722222222222223 0.7142857142857143 0.6722222222222223 0.710204081632653 0.6777777777777778 0.7061224489795919 0.6777777777777778 0.6938775510204082 0.6944444444444444 0.6857142857142857 0.6944444444444444 0.6816326530612244 0.7 0.6816326530612244 0.6666666666666666 0.6938775510204082 0.65 0.6938775510204082 0.6444444444444445 0.6979591836734694 0.6388888888888888 0.6979591836734694 0.6333333333333333 0.7061224489795919 0.6222222222222222 0.7061224489795919 0.6111111111111112 0.710204081632653 0.6055555555555555 0.710204081632653 0.5888888888888889 0.7061224489795919 0.5833333333333334 0.7061224489795919 0.5388888888888889 0.710204081632653 0.5333333333333333 0.710204081632653 0.5222222222222223 0.7142857142857143 0.5166666666666667 0.7142857142857143 0.5111111111111111 0.7346938775510204 0.5111111111111111 0.7387755102040816 0.5055555555555555 0.7387755102040816 0.4888888888888889 0.7346938775510204 0.48333333333333334 0.7387755102040816 0.4777777777777778 0.7346938775510204 0.4722222222222222 0.7306122448979592 0.4722222222222222 0.7346938775510204 0.4666666666666667 0.7387755102040816 0.4666666666666667
19 0.636734693877551 0.39444444444444443 0.6408163265306123 0.4 0.6448979591836734 0.4 0.6489795918367347 0.39444444444444443 0.6612244897959184 0.39444444444444443 0.6612244897959184 0.4 0.6775510204081633 0.4222222222222222 0.6816326530612244 0.4166666666666667 0.6857142857142857 0.4166666666666667 0.6775510204081633 0.42777777777777776 0.6775510204081633 0.45 0.6816326530612244 0.45555555555555555 0.6857142857142857 0.45555555555555555 0.6816326530612244 0.46111111111111114 0.6857142857142857 0.4666666666666667 0.6857142857142857 0.4777777777777778 0.6938775510204082 0.4888888888888889 0.6979591836734694 0.48333333333333334 0.7020408163265306 0.4888888888888889 0.7020408163265306 0.49444444444444446 0.689795918367347 0.49444444444444446 0.6857142857142857 0.5 0.689795918367347 0.5055555555555555 0.6857142857142857 0.5111111111111111 0.689795918367347 0.5166666666666667 0.6816326530612244 0.5166666666666667 0.6775510204081633 0.5222222222222223 0.6775510204081633 0.5277777777777778 0.6816326530612244 0.5333333333333333 0.6816326530612244 0.5388888888888889 0.6775510204081633 0.5444444444444444 0.6816326530612244 0.55 0.689795918367347 0.55 0.6938775510204082 0.5444444444444444 0.689795918367347 0.5388888888888889 0.6979591836734694 0.5388888888888889 0.7020408163265306 0.5444444444444444 0.7020408163265306 0.55 0.6979591836734694 0.5555555555555556 0.6979591836734694 0.5611111111111111 0.7061224489795919 0.5722222222222222 0.7061224489795919 0.5833333333333334 0.710204081632653 0.5888888888888889 0.7142857142857143 0.5888888888888889 0.7142857142857143 0.5944444444444444 0.710204081632653 0.6 0.710204081632653 0.6111111111111112 0.7020408163265306 0.6277777777777778 0.7020408163265306 0.6444444444444445 0.6979591836734694 0.6444444444444445 0.689795918367347 0.6611111111111111 0.689795918367347 0.6666666666666666 0.6938775510204082 0.6722222222222223 0.6979591836734694 0.6666666666666666 0.6938775510204082 0.6722222222222223 0.6938775510204082 0.6777777777777778 0.6979591836734694 0.6833333333333333 0.6938775510204082 0.6833333333333333 0.6775510204081633 0.7055555555555556 0.6693877551020408 0.7055555555555556 0.6693877551020408 0.6944444444444444 0.6653061224489796 0.6888888888888889 0.6653061224489796 0.6 0.6612244897959184 0.5944444444444444 0.6612244897959184 0.5888888888888889 0.6653061224489796 0.5833333333333334 0.6653061224489796 0.55 0.6612244897959184 0.5444444444444444 0.6612244897959184 0.49444444444444446 0.6530612244897959 0.4777777777777778 0.6530612244897959 0.46111111111111114 0.6489795918367347 0.45555555555555555 0.6489795918367347 0.45 0.6530612244897959 0.4444444444444444 0.6448979591836734 0.42777777777777776 0.6448979591836734 0.40555555555555556 0.6408163265306123 0.4
19 0.5224489795918368 0.4888888888888889 0.5265306122448979 0.49444444444444446 0.5306122448979592 0.49444444444444446 0.5387755102040817 0.5055555555555555 0.5428571428571428 0.5055555555555555 0.5673469387755102 0.5388888888888889 0.5673469387755102 0.55 0.5714285714285714 0.5555555555555556 0.5714285714285714 0.5666666666666667 0.5673469387755102 0.5722222222222222 0.5673469387755102 0.5777777777777777 0.5591836734693878 0.5944444444444444 0.5591836734693878 0.6055555555555555 0.5551020408163265 0.6111111111111112 0.5551020408163265 0.6166666666666667 0.5510204081632653 0.6222222222222222 0.5510204081632653 0.6277777777777778 0.5469387755102041 0.6333333333333333 0.5469387755102041 0.6388888888888888 0.5387755102040817 0.65 0.5387755102040817 0.6555555555555556 0.5306122448979592 0.6555555555555556 0.5183673469387755 0.6388888888888888 0.5142857142857142 0.6388888888888888 0.5142857142857142 0.6333333333333333 0.5061224489795918 0.6222222222222222 0.5020408163265306 0.6222222222222222 0.49387755102040815 0.6111111111111112 0.49387755102040815 0.6055555555555555 0.4897959183673469 0.6 0.4897959183673469 0.5888888888888889 0.49387755102040815 0.5833333333333334 0.5020408163265306 0.5833333333333334 0.5061224489795918 0.5777777777777777 0.5061224489795918 0.5611111111111111 0.5102040816326531 0.5555555555555556 0.5142857142857142 0.5611111111111111 0.5142857142857142 0.5722222222222222 0.5183673469387755 0.5777777777777777 0.5346938775510204 0.5777777777777777 0.5428571428571428 0.5666666666666667 0.5428571428571428 0.5611111111111111 0.5387755102040817 0.5555555555555556 0.5428571428571428 0.55 0.5428571428571428 0.5444444444444444 0.5387755102040817 0.5388888888888889 0.5346938775510204 0.5388888888888889 0.5346938775510204 0.5333333333333333 0.5306122448979592 0.5277777777777778 0.5265306122448979 0.5277777777777778 0.5224489795918368 0.5333333333333333 0.5224489795918368 0.5388888888888889 0.5183673469387755 0.5388888888888889 0.5142857142857142 0.5333333333333333 0.5142857142857142 0.5166666666666667 0.5183673469387755 0.5111111111111111 0.5183673469387755 0.49444444444444446
19 0.710204081632653 0.5388888888888889 0.7142857142857143 0.5444444444444444 0.7142857142857143 0.55 0.7183673469387755 0.5555555555555556 0.7224489795918367 0.5555555555555556 0.726530612244898 0.55 0.7346938775510204 0.55 0.7428571428571429 0.5388888888888889 0.746938775510204 0.5388888888888889 0.7591836734693878 0.5222222222222223 0.763265306122449 0.5222222222222223 0.763265306122449 0.5611111111111111 0.7591836734693878 0.5666666666666667 0.7551020408163265 0.5666666666666667 0.7346938775510204 0.5944444444444444 0.7346938775510204 0.6 0.7306122448979592 0.6055555555555555 0.7306122448979592 0.6111111111111112 0.7142857142857143 0.6111111111111112 0.710204081632653 0.6166666666666667 0.710204081632653 0.5888888888888889 0.7061224489795919 0.5833333333333334 0.7061224489795919 0.5444444444444444
19 0.3224489795918367 0.4444444444444444 0.32653061224489793 0.45 0.3346938775510204 0.45 0.33877551020408164 0.45555555555555555 0.33877551020408164 0.46111111111111114 0.34285714285714286 0.4666666666666667 0.34285714285714286 0.4722222222222222 0.3469387755102041 0.4777777777777778 0.3469387755102041 0.48333333333333334 0.3551020408163265 0.49444444444444446 0.3551020408163265 0.5 0.3469387755102041 0.5111111111111111 0.3469387755102041 0.5166666666666667 0.33877551020408164 0.5277777777777778 0.3346938775510204 0.5277777777777778 0.32653061224489793 0.5388888888888889 0.3224489795918367 0.5388888888888889 0.30612244897959184 0.5166666666666667 0.30612244897959184 0.5111111111111111 0.2938775510204082 0.49444444444444446 0.2938775510204082 0.4888888888888889 0.27755102040816326 0.4666666666666667 0.27755102040816326 0.45555555555555555 0.2816326530612245 0.45555555555555555 0.2938775510204082 0.4444444444444444 0.2979591836734694 0.4444444444444444 0.3020408163265306 0.45 0.31020408163265306 0.45 0.3142857142857143 0.4444444444444444 0.3183673469387755 0.4444444444444444
19 0.3836734693877551 0.3277777777777778 0.3877551020408163 0.3277777777777778 0.39183673469387753 0.32222222222222224 0.4122448979591837 0.32222222222222224 0.4163265306122449 0.3277777777777778 0.4163265306122449 0.3611111111111111 0.4122448979591837 0.3611111111111111 0.40816326530612246 0.36666666666666664 0.39183673469387753 0.36666666666666664 0.3795918367346939 0.35 0.3795918367346939 0.3388888888888889 0.3836734693877551 0.3333333333333333
19 0.5306122448979592 0.21666666666666667 0.5346938775510204 0.21666666666666667 0.5387755102040817 0.2111111111111111 0.5428571428571428 0.2111111111111111 0.5469387755102041 0.21666666666666667 0.5469387755102041 0.2611111111111111 0.5510204081632653 0.26666666666666666 0.5510204081632653 0.2777777777777778 0.5469387755102041 0.2833333333333333 0.5469387755102041 0.28888888888888886 0.5306122448979592 0.3111111111111111 0.5265306122448979 0.3111111111111111 0.5142857142857142 0.3277777777777778 0.49795918367346936 0.3277777777777778 0.49387755102040815 0.3333333333333333 0.4775510204081633 0.3333333333333333 0.4816326530612245 0.3277777777777778 0.4775510204081633 0.32222222222222224 0.47346938775510206 0.32222222222222224 0.47346938775510206 0.3111111111111111 0.46938775510204084 0.3055555555555556 0.46938775510204084 0.3 0.46530612244897956 0.29444444444444445 0.46122448979591835 0.29444444444444445 0.45714285714285713 0.3 0.4530612244897959 0.3 0.4489795918367347 0.3055555555555556 0.4489795918367347 0.3111111111111111 0.44081632653061226 0.3111111111111111 0.43673469387755104 0.31666666666666665 0.43673469387755104 0.3277777777777778 0.44081632653061226 0.3333333333333333 0.4448979591836735 0.3333333333333333 0.4489795918367347 0.3388888888888889 0.4489795918367347 0.34444444444444444 0.4448979591836735 0.34444444444444444 0.44081632653061226 0.35 0.4326530612244898 0.35 0.4326530612244898 0.34444444444444444 0.43673469387755104 0.3388888888888889 0.42857142857142855 0.3277777777777778 0.42857142857142855 0.31666666666666665 0.42448979591836733 0.3111111111111111 0.4163265306122449 0.3111111111111111 0.40816326530612246 0.3 0.4163265306122449 0.2833333333333333 0.4204081632653061 0.2833333333333333 0.4326530612244898 0.2722222222222222 0.4489795918367347 0.2722222222222222 0.4530612244897959 0.26666666666666666 0.47346938775510206 0.26666666666666666 0.4775510204081633 0.2722222222222222 0.4897959183673469 0.2611111111111111 0.4816326530612245 0.25 0.4857142857142857 0.24444444444444444 0.4897959183673469 0.25 0.5061224489795918 0.25 0.5102040816326531 0.24444444444444444 0.5142857142857142 0.24444444444444444 0.5306122448979592 0.2222222222222222
19 0.47346938775510206 0.35 0.47346938775510206 0.3611111111111111 0.46530612244897956 0.37222222222222223 0.46530612244897956 0.37777777777777777 0.46122448979591835 0.37777777777777777 0.4448979591836735 0.4 0.4448979591836735 0.40555555555555556 0.4326530612244898 0.4222222222222222 0.42857142857142855 0.4222222222222222 0.4163265306122449 0.4388888888888889 0.4122448979591837 0.4388888888888889 0.40408163265306124 0.45 0.4 0.45 0.39183673469387753 0.46111111111111114 0.3836734693877551 0.46111111111111114 0.37142857142857144 0.4777777777777778 0.3673469387755102 0.4777777777777778 0.363265306122449 0.48333333333333334 0.35918367346938773 0.48333333333333334 0.3469387755102041 0.4666666666666667 0.3469387755102041 0.45555555555555555 0.34285714285714286 0.45 0.34285714285714286 0.4388888888888889 0.33877551020408164 0.43333333333333335 0.3183673469387755 0.43333333333333335 0.3183673469387755 0.42777777777777776 0.3142857142857143 0.4222222222222222 0.3346938775510204 0.39444444444444443 0.3469387755102041 0.39444444444444443 0.35918367346938773 0.38333333333333336 0.37551020408163266 0.38333333333333336 0.3795918367346939 0.37777777777777777 0.39183673469387753 0.37777777777777777 0.39591836734693875 0.38333333333333336 0.40816326530612246 0.38333333333333336 0.4204081632653061 0.36666666666666664 0.4448979591836735 0.36666666666666664 0.4489795918367347 0.3611111111111111 0.4489795918367347 0.35555555555555557 0.46122448979591835 0.35555555555555557 0.46530612244897956 0.35 0.46938775510204084 0.35
19 0.3081632653061224 0.36666666666666664 0.06938775510204082 0.16666666666666666
19 0.6530612244897959 0.4777777777777778 0.6612244897959184 0.4666666666666667 0.6693877551020408 0.4666666666666667 0.673469387755102 0.46111111111111114 0.6775510204081633 0.46111111111111114 0.6816326530612244 0.4666666666666667 0.6816326530612244 0.4722222222222222 0.6857142857142857 0.4777777777777778 0.6857142857142857 0.48333333333333334 0.6816326530612244 0.4888888888888889 0.6816326530612244 0.49444444444444446 0.6693877551020408 0.5111111111111111 0.6612244897959184 0.5111111111111111 0.6612244897959184 0.5055555555555555 0.6571428571428571 0.5 0.6571428571428571 0.48333333333333334
19 0.43673469387755104 0.10555555555555556 0.43673469387755104 0.11666666666666667 0.44081632653061226 0.12222222222222222 0.4448979591836735 0.11666666666666667 0.4489795918367347 0.11666666666666667 0.46122448979591835 0.1 0.47346938775510206 0.1 0.4857142857142857 0.11666666666666667 0.5020408163265306 0.11666666666666667 0.5061224489795918 0.12222222222222222 0.5102040816326531 0.12222222222222222 0.5224489795918368 0.1388888888888889 0.5265306122448979 0.1388888888888889 0.5306122448979592 0.14444444444444443 0.5306122448979592 0.15555555555555556 0.5265306122448979 0.16111111111111112 0.5306122448979592 0.16666666666666666 0.5346938775510204 0.16666666666666666 0.5428571428571428 0.17777777777777778 0.5428571428571428 0.18888888888888888 0.5387755102040817 0.19444444444444445 0.5387755102040817 0.20555555555555555 0.5346938775510204 0.2111111111111111 0.5265306122448979 0.2111111111111111 0.5183673469387755 0.2 0.5142857142857142 0.2 0.5061224489795918 0.2111111111111111 0.5061224489795918 0.21666666666666667 0.4857142857142857 0.24444444444444444 0.4857142857142857 0.25 0.4816326530612245 0.25555555555555554 0.4816326530612245 0.2611111111111111 0.4775510204081633 0.2611111111111111 0.4775510204081633 0.25555555555555554 0.47346938775510206 0.25 0.46938775510204084 0.25 0.45714285714285713 0.2611111111111111 0.4326530612244898 0.2611111111111111 0.42857142857142855 0.26666666666666666 0.4204081632653061 0.26666666666666666 0.4163265306122449 0.2611111111111111 0.3673469387755102 0.2611111111111111 0.363265306122449 0.26666666666666666 0.3346938775510204 0.26666666666666666 0.3346938775510204 0.25 0.34285714285714286 0.2388888888888889 0.34285714285714286 0.23333333333333334 0.3469387755102041 0.22777777777777777 0.3469387755102041 0.2222222222222222 0.3551020408163265 0.2111111111111111 0.3551020408163265 0.20555555555555555 0.363265306122449 0.19444444444444445 0.363265306122449 0.18888888888888888 0.3673469387755102 0.18333333333333332 0.3673469387755102 0.17222222222222222 0.3836734693877551 0.17222222222222222 0.3877551020408163 0.16666666666666666 0.3877551020408163 0.16111111111111112 0.3836734693877551 0.15555555555555556 0.3795918367346939 0.15555555555555556 0.3795918367346939 0.13333333333333333 0.3877551020408163 0.12222222222222222 0.3877551020408163 0.11666666666666667 0.4 0.11666666666666667 0.40408163265306124 0.12222222222222222 0.4122448979591837 0.10555555555555556 0.4326530612244898 0.10555555555555556
19 0.27755102040816326 0.4444444444444444 0.27755102040816326 0.4388888888888889 0.27346938775510204 0.43333333333333335 0.27346938775510204 0.4222222222222222 0.27755102040816326 0.4166666666666667 0.27755102040816326 0.40555555555555556 0.2857142857142857 0.3888888888888889 0.2857142857142857 0.37777777777777777 0.2938775510204082 0.36666666666666664 0.2938775510204082 0.3611111111111111 0.3020408163265306 0.34444444444444444 0.3020408163265306 0.3333333333333333 0.30612244897959184 0.3277777777777778 0.30612244897959184 0.32222222222222224 0.3142857142857143 0.3111111111111111 0.3142857142857143 0.3055555555555556 0.3224489795918367 0.29444444444444445 0.3224489795918367 0.28888888888888886 0.3306122448979592 0.2777777777777778 0.35918367346938773 0.2777777777777778 0.363265306122449 0.2722222222222222 0.40816326530612246 0.2722222222222222 0.40816326530612246 0.2777777777777778 0.3877551020408163 0.3055555555555556 0.3877551020408163 0.3111111111111111 0.3795918367346939 0.32222222222222224 0.37551020408163266 0.32222222222222224 0.3469387755102041 0.3611111111111111 0.3469387755102041 0.36666666666666664 0.3510204081632653 0.37222222222222223 0.3469387755102041 0.37777777777777777 0.33877551020408164 0.37777777777777777 0.32653061224489793 0.39444444444444443 0.32653061224489793 0.4 0.3224489795918367 0.40555555555555556 0.3183673469387755 0.40555555555555556 0.3142857142857143 0.4111111111111111 0.31020408163265306 0.4111111111111111 0.2897959183673469 0.4388888888888889 0.2816326530612245 0.4388888888888889
19 0.47346938775510206 0.35 0.47346938775510206 0.3611111111111111 0.46530612244897956 0.37222222222222223 0.46530612244897956 0.37777777777777777 0.46122448979591835 0.37777777777777777 0.4448979591836735 0.4 0.4448979591836735 0.40555555555555556 0.44081632653061226 0.40555555555555556 0.43673469387755104 0.4111111111111111 0.43673469387755104 0.4166666666666667 0.4326530612244898 0.4222222222222222 0.42857142857142855 0.4222222222222222 0.4122448979591837 0.4444444444444444 0.40816326530612246 0.4444444444444444 0.40408163265306124 0.45 0.4 0.45 0.39183673469387753 0.46111111111111114 0.3877551020408163 0.46111111111111114 0.3836734693877551 0.4666666666666667 0.3795918367346939 0.4666666666666667 0.3673469387755102 0.48333333333333334 0.363265306122449 0.48333333333333334 0.3551020408163265 0.49444444444444446 0.3551020408163265 0.5 0.3306122448979592 0.5333333333333333 0.3224489795918367 0.5333333333333333 0.3020408163265306 0.5055555555555555 0.3020408163265306 0.5 0.2857142857142857 0.4777777777777778 0.2857142857142857 0.4722222222222222 0.27755102040816326 0.46111111111111114 0.27755102040816326 0.45555555555555555 0.2816326530612245 0.45555555555555555 0.2897959183673469 0.4444444444444444 0.2938775510204082 0.4444444444444444 0.31020408163265306 0.4222222222222222 0.31020408163265306 0.4166666666666667 0.3142857142857143 0.4166666666666667 0.3183673469387755 0.4111111111111111 0.3224489795918367 0.4111111111111111 0.3306122448979592 0.4 0.3346938775510204 0.4 0.33877551020408164 0.39444444444444443 0.3469387755102041 0.39444444444444443 0.3510204081632653 0.3888888888888889 0.35918367346938773 0.3888888888888889 0.363265306122449 0.38333333333333336 0.3795918367346939 0.38333333333333336 0.3836734693877551 0.37777777777777777 0.39183673469387753 0.37777777777777777 0.39591836734693875 0.38333333333333336 0.40816326530612246 0.38333333333333336 0.4204081632653061 0.36666666666666664 0.4448979591836735 0.36666666666666664 0.4530612244897959 0.35555555555555557 0.46122448979591835 0.35555555555555557 0.46530612244897956 0.35 0.46938775510204084 0.35
19 0.6653061224489796 0.65 0.6693877551020408 0.65 0.6775510204081633 0.6611111111111111 0.6857142857142857 0.6611111111111111 0.6816326530612244 0.6666666666666666 0.6816326530612244 0.6888888888888889 0.6857142857142857 0.6944444444444444 0.6775510204081633 0.7055555555555556 0.673469387755102 0.7055555555555556 0.6693877551020408 0.7111111111111111 0.6693877551020408 0.6888888888888889 0.6653061224489796 0.6833333333333333 0.6653061224489796 0.6555555555555556
19 0.689795918367347 0.36666666666666664 0.689795918367347 0.37222222222222223 0.6938775510204082 0.37777777777777777 0.689795918367347 0.38333333333333336 0.689795918367347 0.40555555555555556 0.6857142857142857 0.4111111111111111 0.6857142857142857 0.4166666666666667 0.6816326530612244 0.4222222222222222 0.6816326530612244 0.42777777777777776 0.6693877551020408 0.4388888888888889 0.6816326530612244 0.45555555555555555 0.6857142857142857 0.45555555555555555 0.6816326530612244 0.46111111111111114 0.6857142857142857 0.4666666666666667 0.6857142857142857 0.4888888888888889 0.673469387755102 0.5055555555555555 0.673469387755102 0.5111111111111111 0.6693877551020408 0.5166666666666667 0.673469387755102 0.5222222222222223 0.673469387755102 0.5277777777777778 0.6693877551020408 0.5333333333333333 0.6693877551020408 0.5388888888888889 0.673469387755102 0.5444444444444444 0.6693877551020408 0.55 0.6816326530612244 0.5666666666666667 0.6938775510204082 0.5666666666666667 0.6979591836734694 0.5722222222222222 0.6979591836734694 0.5944444444444444 0.7020408163265306 0.6 0.6979591836734694 0.6055555555555555 0.6979591836734694 0.6333333333333333 0.6938775510204082 0.6388888888888888 0.6938775510204082 0.6444444444444445 0.689795918367347 0.65 0.689795918367347 0.6555555555555556 0.6816326530612244 0.6666666666666666 0.6816326530612244 0.6777777777777778 0.6775510204081633 0.6833333333333333 0.6775510204081633 0.7 0.673469387755102 0.7055555555555556 0.6693877551020408 0.7055555555555556 0.6693877551020408 0.7 0.6653061224489796 0.6944444444444444 0.6653061224489796 0.6166666666666667 0.6612244897959184 0.6111111111111112 0.6612244897959184 0.5888888888888889 0.6653061224489796 0.5833333333333334 0.6653061224489796 0.5555555555555556 0.6612244897959184 0.55 0.6612244897959184 0.5111111111111111 0.6571428571428571 0.5055555555555555 0.6571428571428571 0.4888888888888889 0.6489795918367347 0.4722222222222222 0.6489795918367347 0.45 0.6408163265306123 0.43333333333333335 0.6408163265306123 0.4111111111111111 0.636734693877551 0.40555555555555556 0.636734693877551 0.39444444444444443 0.6326530612244898 0.3888888888888889 0.6326530612244898 0.35555555555555557 0.6408163265306123 0.34444444444444444 0.6693877551020408 0.34444444444444444 0.6857142857142857 0.36666666666666664
19 0.32653061224489793 0.3388888888888889 0.32653061224489793 0.35 0.3306122448979592 0.35555555555555557 0.3306122448979592 0.3611111111111111 0.32653061224489793 0.36666666666666664 0.32653061224489793 0.37777777777777777 0.3224489795918367 0.38333333333333336 0.3224489795918367 0.4 0.3183673469387755 0.40555555555555556 0.3142857142857143 0.40555555555555556 0.3020408163265306 0.4222222222222222 0.2979591836734694 0.4222222222222222 0.2979591836734694 0.4111111111111111 0.30612244897959184 0.39444444444444443 0.30612244897959184 0.37777777777777777 0.3142857142857143 0.36666666666666664 0.3142857142857143 0.3611111111111111 0.32653061224489793 0.34444444444444444
19 0.3795918367346939 0.4111111111111111 0.3877551020408163 0.4222222222222222 0.39183673469387753 0.4222222222222222 0.39183673469387753 0.43333333333333335 0.4 0.4444444444444444 0.39591836734693875 0.4444444444444444 0.3877551020408163 0.45555555555555555 0.3877551020408163 0.46111111111111114 0.3795918367346939 0.46111111111111114 0.363265306122449 0.48333333333333334 0.3551020408163265 0.48333333333333334 0.3510204081632653 0.4777777777777778 0.3510204081632653 0.4722222222222222 0.3469387755102041 0.4666666666666667 0.3469387755102041 0.45555555555555555 0.34285714285714286 0.45 0.34285714285714286 0.4444444444444444 0.33877551020408164 0.4388888888888889 0.33877551020408164 0.43333333333333335 0.34285714285714286 0.43333333333333335 0.3551020408163265 0.4166666666666667 0.35918367346938773 0.4166666666666667 0.363265306122449 0.4111111111111111 0.37551020408163266 0.4111111111111111
19 0.5122448979591837 0.3055555555555556 0.044897959183673466 0.05555555555555555
19 0.6224489795918368 0.7277777777777777 0.036734693877551024 0.044444444444444446
19 0.5591836734693878 0.20555555555555555 0.5755102040816327 0.20555555555555555 0.5755102040816327 0.2111111111111111 0.5877551020408164 0.22777777777777777 0.5918367346938775 0.22777777777777777 0.5918367346938775 0.2388888888888889 0.5959183673469388 0.24444444444444444 0.5959183673469388 0.25 0.6 0.25555555555555554 0.6 0.26666666666666666 0.6040816326530613 0.2722222222222222 0.6040816326530613 0.28888888888888886 0.6081632653061224 0.29444444444444445 0.6081632653061224 0.3 0.6122448979591837 0.3055555555555556 0.6122448979591837 0.31666666666666665 0.6163265306122448 0.32222222222222224 0.6163265306122448 0.3388888888888889 0.6244897959183674 0.35555555555555557 0.6244897959183674 0.37777777777777777 0.6285714285714286 0.38333333333333336 0.6285714285714286 0.40555555555555556 0.6326530612244898 0.4111111111111111 0.6326530612244898 0.4222222222222222 0.636734693877551 0.42777777777777776 0.636734693877551 0.4388888888888889 0.6408163265306123 0.4444444444444444 0.6408163265306123 0.46111111111111114 0.6448979591836734 0.4666666666666667 0.6448979591836734 0.4777777777777778 0.6489795918367347 0.48333333333333334 0.6489795918367347 0.49444444444444446 0.6530612244897959 0.5 0.6530612244897959 0.5166666666666667 0.6489795918367347 0.5166666666666667 0.6408163265306123 0.5277777777777778 0.636734693877551 0.5277777777777778 0.6326530612244898 0.5333333333333333 0.6163265306122448 0.5333333333333333 0.6122448979591837 0.5388888888888889 0.5877551020408164 0.5388888888888889 0.5836734693877551 0.5333333333333333 0.5795918367346938 0.5333333333333333 0.5714285714285714 0.5222222222222223 0.5673469387755102 0.5222222222222223 0.5673469387755102 0.5166666666666667 0.563265306122449 0.5111111111111111 0.5591836734693878 0.5111111111111111 0.5591836734693878 0.4888888888888889 0.563265306122449 0.48333333333333334 0.563265306122449 0.4722222222222222 0.5591836734693878 0.4666666666666667 0.5591836734693878 0.46111111111111114 0.5551020408163265 0.45555555555555555 0.5551020408163265 0.45 0.5510204081632653 0.4444444444444444 0.5510204081632653 0.4388888888888889 0.5469387755102041 0.43333333333333335 0.5469387755102041 0.42777777777777776 0.5428571428571428 0.4222222222222222 0.5428571428571428 0.40555555555555556 0.5387755102040817 0.4 0.5387755102040817 0.3888888888888889 0.5306122448979592 0.37777777777777777 0.5306122448979592 0.3611111111111111 0.5265306122448979 0.35555555555555557 0.5265306122448979 0.34444444444444444 0.5224489795918368 0.3388888888888889 0.5265306122448979 0.3333333333333333 0.5265306122448979 0.3277777777777778 0.5387755102040817 0.3111111111111111 0.5428571428571428 0.3111111111111111 0.5469387755102041 0.3055555555555556 0.5510204081632653 0.3055555555555556 0.5591836734693878 0.29444444444444445 0.5591836734693878 0.2722222222222222 0.563265306122449 0.26666666666666666 0.563265306122449 0.24444444444444444 0.5551020408163265 0.22777777777777777 0.5551020408163265 0.2222222222222222 0.5591836734693878 0.21666666666666667 0.5591836734693878 0.2111111111111111
19 0.4816326530612245 0.6166666666666667 0.49387755102040815 0.6333333333333333 0.49387755102040815 0.6388888888888888 0.49795918367346936 0.6444444444444445 0.49795918367346936 0.65 0.4897959183673469 0.6611111111111111 0.4775510204081633 0.6611111111111111 0.4775510204081633 0.6444444444444445 0.46938775510204084 0.6333333333333333 0.46938775510204084 0.6277777777777778 0.46530612244897956 0.6222222222222222 0.46938775510204084 0.6222222222222222 0.47346938775510206 0.6166666666666667 0.4775510204081633 0.6166666666666667
19 0.7142857142857143 0.5944444444444444 0.7224489795918367 0.5944444444444444 0.7306122448979592 0.6055555555555555 0.7346938775510204 0.6055555555555555 0.7428571428571429 0.6222222222222222 0.7428571428571429 0.6277777777777778 0.7387755102040816 0.6333333333333333 0.7387755102040816 0.6444444444444445 0.7346938775510204 0.65 0.7346938775510204 0.6611111111111111 0.7306122448979592 0.6611111111111111 0.7224489795918367 0.6722222222222223 0.7142857142857143 0.6722222222222223 0.7061224489795919 0.6833333333333333 0.7020408163265306 0.6833333333333333 0.6938775510204082 0.6944444444444444 0.689795918367347 0.6944444444444444 0.6857142857142857 0.7 0.6775510204081633 0.7 0.6775510204081633 0.6666666666666666 0.673469387755102 0.6611111111111111 0.6816326530612244 0.6611111111111111 0.6979591836734694 0.6388888888888888 0.6979591836734694 0.6333333333333333 0.7142857142857143 0.6111111111111112 0.7142857142857143 0.6
19 0.42857142857142855 0.5555555555555556 0.44081632653061226 0.5555555555555556 0.4448979591836735 0.5611111111111111 0.4489795918367347 0.5611111111111111 0.4489795918367347 0.5777777777777777 0.4530612244897959 0.5833333333333334 0.4530612244897959 0.5888888888888889 0.4489795918367347 0.5888888888888889 0.4448979591836735 0.5944444444444444 0.44081632653061226 0.5944444444444444 0.4326530612244898 0.5833333333333334 0.4326530612244898 0.5777777777777777 0.42857142857142855 0.5722222222222222 0.42448979591836733 0.5722222222222222 0.42857142857142855 0.5666666666666667 0.42857142857142855 0.5611111111111111
19 0.6857142857142857 0.3611111111111111 0.6938775510204082 0.37222222222222223 0.6979591836734694 0.37222222222222223 0.7020408163265306 0.37777777777777777 0.6979591836734694 0.38333333333333336 0.6979591836734694 0.39444444444444443 0.7020408163265306 0.4 0.7020408163265306 0.40555555555555556 0.7061224489795919 0.4111111111111111 0.710204081632653 0.4111111111111111 0.7387755102040816 0.45 0.7387755102040816 0.45555555555555555 0.746938775510204 0.4666666666666667 0.746938775510204 0.4722222222222222 0.7591836734693878 0.4888888888888889 0.7591836734693878 0.49444444444444446 0.7673469387755102 0.5111111111111111 0.7673469387755102 0.5388888888888889 0.7714285714285715 0.5444444444444444 0.7755102040816326 0.5444444444444444 0.7755102040816326 0.55 0.7714285714285715 0.55 0.7673469387755102 0.5555555555555556 0.7673469387755102 0.5444444444444444 0.7591836734693878 0.5277777777777778 0.7551020408163265 0.5333333333333333 0.746938775510204 0.5333333333333333 0.7428571428571429 0.5388888888888889 0.7306122448979592 0.5388888888888889 0.726530612244898 0.5444444444444444 0.710204081632653 0.5444444444444444 0.710204081632653 0.5388888888888889 0.7142857142857143 0.5333333333333333 0.710204081632653 0.5277777777777778 0.7142857142857143 0.5222222222222223 0.7142857142857143 0.5333333333333333 0.7183673469387755 0.5388888888888889 0.7224489795918367 0.5388888888888889 0.7306122448979592 0.5277777777777778 0.7306122448979592 0.5222222222222223 0.726530612244898 0.5166666666666667 0.726530612244898 0.5111111111111111 0.7183673469387755 0.5 0.7142857142857143 0.5055555555555555 0.7061224489795919 0.49444444444444446 0.6857142857142857 0.49444444444444446 0.6775510204081633 0.5055555555555555 0.6775510204081633 0.5111111111111111 0.673469387755102 0.5111111111111111 0.6693877551020408 0.5166666666666667 0.6653061224489796 0.5166666666666667 0.6653061224489796 0.5111111111111111 0.6775510204081633 0.5 0.6775510204081633 0.4888888888888889 0.6816326530612244 0.48333333333333334 0.6816326530612244 0.4666666666666667 0.6775510204081633 0.46111111111111114 0.6693877551020408 0.46111111111111114 0.6612244897959184 0.4722222222222222 0.6530612244897959 0.4722222222222222 0.6489795918367347 0.4666666666666667 0.6489795918367347 0.45 0.6448979591836734 0.4444444444444444 0.6448979591836734 0.43333333333333335 0.6408163265306123 0.42777777777777776 0.6408163265306123 0.4111111111111111 0.636734693877551 0.40555555555555556 0.636734693877551 0.37777777777777777 0.6571428571428571 0.37777777777777777 0.6612244897959184 0.37222222222222223 0.6612244897959184 0.36666666666666664 0.6693877551020408 0.35 0.673469387755102 0.35 0.6816326530612244 0.3611111111111111
19 0.47346938775510206 0.35555555555555557 0.47346938775510206 0.3611111111111111 0.42448979591836733 0.42777777777777776 0.4204081632653061 0.42777777777777776 0.40408163265306124 0.45 0.4 0.45 0.39183673469387753 0.46111111111111114 0.3836734693877551 0.46111111111111114 0.37142857142857144 0.4777777777777778 0.3673469387755102 0.4777777777777778 0.3510204081632653 0.5 0.3510204081632653 0.5055555555555555 0.3306122448979592 0.5333333333333333 0.3224489795918367 0.5333333333333333 0.3020408163265306 0.5055555555555555 0.3020408163265306 0.5 0.2816326530612245 0.4722222222222222 0.2816326530612245 0.4666666666666667 0.27755102040816326 0.46111111111111114 0.27755102040816326 0.45 0.2816326530612245 0.4444444444444444 0.2857142857142857 0.4444444444444444 0.2897959183673469 0.4388888888888889 0.2938775510204082 0.4388888888888889 0.2979591836734694 0.43333333333333335 0.2979591836734694 0.42777777777777776 0.3020408163265306 0.42777777777777776 0.3142857142857143 0.4111111111111111 0.3224489795918367 0.4111111111111111 0.3346938775510204 0.39444444444444443 0.3469387755102041 0.39444444444444443 0.3510204081632653 0.3888888888888889 0.3551020408163265 0.3888888888888889 0.35918367346938773 0.38333333333333336 0.3673469387755102 0.38333333333333336 0.37142857142857144 0.37777777777777777 0.40408163265306124 0.37777777777777777 0.40816326530612246 0.37222222222222223 0.4163265306122449 0.37222222222222223 0.4204081632653061 0.36666666666666664 0.44081632653061226 0.36666666666666664 0.4489795918367347 0.35555555555555557 0.46938775510204084 0.35555555555555557
19 0.6938775510204082 0.4166666666666667 0.710204081632653 0.4166666666666667 0.7306122448979592 0.4444444444444444 0.7306122448979592 0.45555555555555555 0.726530612244898 0.46111111111111114 0.710204081632653 0.46111111111111114 0.7061224489795919 0.45555555555555555 0.7020408163265306 0.45555555555555555 0.7020408163265306 0.45 0.6938775510204082 0.4388888888888889 0.6938775510204082 0.43333333333333335 0.689795918367347 0.42777777777777776 0.6938775510204082 0.4222222222222222
19 0.7510204081632653 0.48333333333333334 0.7551020408163265 0.48333333333333334 0.7591836734693878 0.4888888888888889 0.7591836734693878 0.49444444444444446 0.7714285714285715 0.5111111111111111 0.7714285714285715 0.5333333333333333 0.7673469387755102 0.5388888888888889 0.7673469387755102 0.5444444444444444 0.7714285714285715 0.55 0.7714285714285715 0.5611111111111111 0.7673469387755102 0.5611111111111111 0.763265306122449 0.5666666666666667 0.7591836734693878 0.5666666666666667 0.7551020408163265 0.5722222222222222 0.7510204081632653 0.5722222222222222 0.7387755102040816 0.5833333333333334 0.7306122448979592 0.5833333333333334 0.7224489795918367 0.5722222222222222 0.7142857142857143 0.5722222222222222 0.7142857142857143 0.5666666666666667 0.7224489795918367 0.5666666666666667 0.726530612244898 0.5722222222222222 0.7306122448979592 0.5722222222222222 0.7428571428571429 0.5555555555555556 0.7428571428571429 0.5444444444444444 0.7591836734693878 0.5111111111111111 0.7591836734693878 0.5055555555555555 0.7551020408163265 0.5 0.7551020408163265 0.4888888888888889
19 0.5265306122448979 0.49444444444444446 0.5306122448979592 0.5 0.5346938775510204 0.5 0.5387755102040817 0.5055555555555555 0.5428571428571428 0.5055555555555555 0.5428571428571428 0.5111111111111111 0.5469387755102041 0.5166666666666667 0.5510204081632653 0.5166666666666667 0.563265306122449 0.5333333333333333 0.563265306122449 0.5388888888888889 0.5714285714285714 0.5555555555555556 0.5714285714285714 0.5666666666666667 0.5673469387755102 0.5722222222222222 0.5673469387755102 0.5777777777777777 0.563265306122449 0.5833333333333334 0.563265306122449 0.5888888888888889 0.5551020408163265 0.6055555555555555 0.5551020408163265 0.6166666666666667 0.5510204081632653 0.6222222222222222 0.5510204081632653 0.6277777777777778 0.5469387755102041 0.6333333333333333 0.5469387755102041 0.6388888888888888 0.5387755102040817 0.65 0.5387755102040817 0.6555555555555556 0.5306122448979592 0.6555555555555556 0.5142857142857142 0.6333333333333333 0.5142857142857142 0.6166666666666667 0.5102040816326531 0.6111111111111112 0.5102040816326531 0.5833333333333334 0.5142857142857142 0.5777777777777777 0.5306122448979592 0.5777777777777777 0.5346938775510204 0.5833333333333334 0.5428571428571428 0.5722222222222222 0.5428571428571428 0.5666666666666667 0.5469387755102041 0.5611111111111111 0.5428571428571428 0.5555555555555556 0.5469387755102041 0.55 0.5469387755102041 0.5388888888888889 0.5387755102040817 0.5277777777777778 0.5346938775510204 0.5277777777777778 0.5306122448979592 0.5222222222222223 0.5265306122448979 0.5222222222222223 0.5224489795918368 0.5277777777777778 0.5183673469387755 0.5277777777777778 0.5183673469387755 0.5166666666666667 0.5265306122448979 0.5
19 0.536734693877551 0.7111111111111111 0.06938775510204082 0.06666666666666667
19 0.7020408163265306 0.45555555555555555 0.7061224489795919 0.46111111111111114 0.7142857142857143 0.46111111111111114 0.7183673469387755 0.4666666666666667 0.7183673469387755 0.4722222222222222 0.710204081632653 0.4888888888888889 0.7020408163265306 0.4888888888888889 0.689795918367347 0.5 0.6938775510204082 0.5055555555555555 0.689795918367347 0.5111111111111111 0.6938775510204082 0.5166666666666667 0.689795918367347 0.5111111111111111 0.6938775510204082 0.5055555555555555 0.689795918367347 0.5 0.6775510204081633 0.5 0.6693877551020408 0.5111111111111111 0.6653061224489796 0.5111111111111111 0.6612244897959184 0.5055555555555555 0.6653061224489796 0.5 0.6653061224489796 0.49444444444444446 0.6693877551020408 0.49444444444444446 0.673469387755102 0.5 0.6816326530612244 0.4888888888888889 0.6816326530612244 0.4666666666666667 0.6857142857142857 0.4666666666666667 0.6938775510204082 0.45555555555555555 0.6979591836734694 0.45555555555555555
19 0.5346938775510204 0.16111111111111112 0.5346938775510204 0.17777777777777778 0.5306122448979592 0.17777777777777778 0.5265306122448979 0.18333333333333332 0.5265306122448979 0.19444444444444445 0.5306122448979592 0.2 0.5265306122448979 0.2 0.5224489795918368 0.20555555555555555 0.5306122448979592 0.21666666666666667 0.5346938775510204 0.2111111111111111 0.5469387755102041 0.2111111111111111 0.5510204081632653 0.20555555555555555 0.5714285714285714 0.20555555555555555 0.5877551020408164 0.22777777777777777 0.5918367346938775 0.22777777777777777 0.5918367346938775 0.23333333333333334 0.5959183673469388 0.2388888888888889 0.5959183673469388 0.25 0.6 0.25555555555555554 0.6 0.26666666666666666 0.6081632653061224 0.2777777777777778 0.6081632653061224 0.28888888888888886 0.6122448979591837 0.29444444444444445 0.6081632653061224 0.3 0.6122448979591837 0.3055555555555556 0.6122448979591837 0.31666666666666665 0.6163265306122448 0.32222222222222224 0.6163265306122448 0.3388888888888889 0.6244897959183674 0.35555555555555557 0.6244897959183674 0.38333333333333336 0.6285714285714286 0.3888888888888889 0.6285714285714286 0.39444444444444443 0.6244897959183674 0.4 0.6326530612244898 0.4166666666666667 0.6285714285714286 0.4111111111111111 0.6244897959183674 0.4166666666666667 0.6244897959183674 0.42777777777777776 0.6204081632653061 0.43333333333333335 0.6204081632653061 0.4388888888888889 0.6244897959183674 0.4444444444444444 0.6244897959183674 0.45555555555555555 0.6326530612244898 0.4666666666666667 0.636734693877551 0.46111111111111114 0.6408163265306123 0.46111111111111114 0.6408163265306123 0.4666666666666667 0.6448979591836734 0.4722222222222222 0.6571428571428571 0.4722222222222222 0.6571428571428571 0.4777777777777778 0.6612244897959184 0.48333333333333334 0.6530612244897959 0.49444444444444446 0.6530612244897959 0.5 0.6530612244897959 0.49444444444444446 0.6489795918367347 0.4888888888888889 0.6489795918367347 0.4777777777777778 0.6408163265306123 0.4666666666666667 0.636734693877551 0.4722222222222222 0.636734693877551 0.4777777777777778 0.6408163265306123 0.48333333333333334 0.6163265306122448 0.5166666666666667 0.6244897959183674 0.5277777777777778 0.6244897959183674 0.5333333333333333 0.6204081632653061 0.5333333333333333 0.6163265306122448 0.5388888888888889 0.6081632653061224 0.5388888888888889 0.6040816326530613 0.5444444444444444 0.5918367346938775 0.5444444444444444 0.5877551020408164 0.5388888888888889 0.5836734693877551 0.5444444444444444 0.5795918367346938 0.5388888888888889 0.5795918367346938 0.5333333333333333 0.5755102040816327 0.5277777777777778 0.5755102040816327 0.5222222222222223 0.5714285714285714 0.5166666666666667 0.5673469387755102 0.5166666666666667 0.563265306122449 0.5111111111111111 0.5591836734693878 0.5111111111111111 0.5591836734693878 0.4888888888888889 0.5755102040816327 0.4888888888888889 0.5755102040816327 0.5 0.5795918367346938 0.5055555555555555 0.5836734693877551 0.5 0.5836734693877551 0.49444444444444446 0.5877551020408164 0.4888888888888889 0.5877551020408164 0.48333333333333334 0.5836734693877551 0.4777777777777778 0.5755102040816327 0.4777777777777778 0.5673469387755102 0.4666666666666667 0.563265306122449 0.4666666666666667 0.563265306122449 0.45555555555555555 0.5510204081632653 0.4444444444444444 0.5510204081632653 0.4388888888888889 0.5428571428571428 0.4222222222222222 0.5428571428571428 0.39444444444444443 0.5306122448979592 0.37777777777777777 0.5306122448979592 0.3611111111111111 0.5346938775510204 0.36666666666666664 0.5551020408163265 0.36666666666666664 0.563265306122449 0.35555555555555557 0.563265306122449 0.35 0.5755102040816327 0.35 0.5795918367346938 0.34444444444444444 0.5755102040816327 0.3388888888888889 0.5673469387755102 0.3388888888888889 0.5591836734693878 0.3277777777777778 0.5510204081632653 0.3277777777777778 0.5387755102040817 0.31666666666666665 0.5306122448979592 0.3333333333333333 0.5346938775510204 0.3388888888888889 0.5346938775510204 0.35 0.5306122448979592 0.34444444444444444 0.5265306122448979 0.34444444444444444 0.5224489795918368 0.3388888888888889 0.5224489795918368 0.3277777777777778 0.5183673469387755 0.32222222222222224 0.5142857142857142 0.32222222222222224 0.5102040816326531 0.3277777777777778 0.5061224489795918 0.3277777777777778 0.49387755102040815 0.3388888888888889 0.46938775510204084 0.3388888888888889 0.45714285714285713 0.35 0.4489795918367347 0.35 0.4448979591836735 0.35555555555555557 0.4448979591836735 0.3611111111111111 0.44081632653061226 0.35555555555555557 0.43673469387755104 0.35555555555555557 0.4326530612244898 0.3611111111111111 0.42857142857142855 0.3611111111111111 0.4163265306122449 0.37777777777777777 0.4163265306122449 0.38333333333333336 0.4122448979591837 0.38333333333333336 0.40816326530612246 0.3888888888888889 0.4122448979591837 0.39444444444444443 0.40816326530612246 0.3888888888888889 0.40408163265306124 0.39444444444444443 0.39183673469387753 0.39444444444444443 0.3877551020408163 0.4 0.3836734693877551 0.4 0.3795918367346939 0.40555555555555556 0.3795918367346939 0.4166666666666667 0.3836734693877551 0.4222222222222222 0.3877551020408163 0.4222222222222222 0.3877551020408163 0.42777777777777776 0.4 0.4444444444444444 0.4 0.45 0.39591836734693875 0.45555555555555555 0.39183673469387753 0.45555555555555555 0.3836734693877551 0.4666666666666667 0.3836734693877551 0.4722222222222222 0.3795918367346939 0.4722222222222222 0.37551020408163266 0.4777777777777778 0.3673469387755102 0.4777777777777778 0.35918367346938773 0.4888888888888889 0.35918367346938773 0.5 0.3551020408163265 0.5 0.34285714285714286 0.5166666666666667 0.3469387755102041 0.5222222222222223 0.34285714285714286 0.5166666666666667 0.3306122448979592 0.5333333333333333 0.3224489795918367 0.5333333333333333 0.3224489795918367 0.5277777777777778 0.31020408163265306 0.5111111111111111 0.30612244897959184 0.5111111111111111 0.30612244897959184 0.5055555555555555 0.3020408163265306 0.5 0.3020408163265306 0.49444444444444446 0.2857142857142857 0.4722222222222222 0.2857142857142857 0.4666666666666667 0.2816326530612245 0.46111111111111114 0.2816326530612245 0.45555555555555555 0.2857142857142857 0.45555555555555555 0.2979591836734694 0.4388888888888889 0.2897959183673469 0.4222222222222222 0.2857142857142857 0.42777777777777776 0.2857142857142857 0.43333333333333335 0.27755102040816326 0.43333333333333335 0.2816326530612245 0.42777777777777776 0.2816326530612245 0.4222222222222222 0.2857142857142857 0.4222222222222222 0.2897959183673469 0.4166666666666667 0.2816326530612245 0.40555555555555556 0.2857142857142857 0.40555555555555556 0.2897959183673469 0.4 0.2857142857142857 0.39444444444444443 0.3020408163265306 0.3611111111111111 0.3020408163265306 0.34444444444444444 0.31020408163265306 0.3333333333333333 0.3142857142857143 0.3333333333333333 0.3183673469387755 0.3277777777777778 0.3183673469387755 0.32222222222222224 0.32653061224489793 0.3111111111111111 0.32653061224489793 0.3 0.3306122448979592 0.29444444444444445 0.3306122448979592 0.2777777777777778 0.3346938775510204 0.2722222222222222 0.33877551020408164 0.2722222222222222 0.3469387755102041 0.2611111111111111 0.3551020408163265 0.2611111111111111 0.35918367346938773 0.25555555555555554 0.3795918367346939 0.25555555555555554 0.3836734693877551 0.2611111111111111 0.4 0.2611111111111111 0.40408163265306124 0.25555555555555554 0.42857142857142855 0.25555555555555554 0.4326530612244898 0.25 0.42857142857142855 0.24444444444444444 0.42448979591836733 0.24444444444444444 0.42857142857142855 0.24444444444444444 0.4326530612244898 0.2388888888888889 0.4326530612244898 0.23333333333333334 0.43673469387755104 0.23333333333333334 0.44081632653061226 0.22777777777777777 0.44081632653061226 0.2222222222222222 0.43673469387755104 0.21666666666666667 0.43673469387755104 0.2111111111111111 0.42857142857142855 0.2 0.42448979591836733 0.20555555555555555 0.42448979591836733 0.2111111111111111 0.4204081632653061 0.20555555555555555 0.4163265306122449 0.2111111111111111 0.4163265306122449 0.21666666666666667 0.4122448979591837 0.21666666666666667 0.40816326530612246 0.2222222222222222 0.40816326530612246 0.21666666666666667 0.4122448979591837 0.21666666666666667 0.42448979591836733 0.2 0.42857142857142855 0.2 0.4326530612244898 0.20555555555555555 0.43673469387755104 0.20555555555555555 0.44081632653061226 0.2 0.4448979591836735 0.2 0.4530612244897959 0.18888888888888888 0.4530612244897959 0.18333333333333332 0.4489795918367347 0.17777777777777778 0.4448979591836735 0.17777777777777778 0.4448979591836735 0.17222222222222222 0.4530612244897959 0.17222222222222222 0.45714285714285713 0.16666666666666666 0.45714285714285713 0.17222222222222222 0.46122448979591835 0.17777777777777778 0.46530612244897956 0.17777777777777778 0.46122448979591835 0.17777777777777778 0.45714285714285713 0.18333333333333332 0.45714285714285713 0.18888888888888888 0.4530612244897959 0.19444444444444445 0.4530612244897959 0.2 0.4448979591836735 0.2111111111111111 0.4489795918367347 0.21666666666666667 0.4489795918367347 0.2222222222222222 0.4448979591836735 0.2222222222222222 0.44081632653061226 0.22777777777777777 0.44081632653061226 0.2388888888888889 0.4326530612244898 0.25 0.4326530612244898 0.25555555555555554 0.43673469387755104 0.2611111111111111 0.4448979591836735 0.25 0.4448979591836735 0.25555555555555554 0.4489795918367347 0.2611111111111111 0.4530612244897959 0.25555555555555554 0.46122448979591835 0.25555555555555554 0.46530612244897956 0.2611111111111111 0.46938775510204084 0.25555555555555554 0.46938775510204084 0.24444444444444444 0.4775510204081633 0.24444444444444444 0.47346938775510206 0.25 0.4775510204081633 0.25555555555555554 0.4857142857142857 0.25555555555555554 0.4857142857142857 0.2611111111111111 0.4897959183673469 0.26666666666666666 0.49387755102040815 0.26666666666666666 0.5020408163265306 0.25 0.49795918367346936 0.24444444444444444 0.49795918367346936 0.2388888888888889 0.4897959183673469 0.22777777777777777 0.4857142857142857 0.22777777777777777 0.4857142857142857 0.2222222222222222 0.4897959183673469 0.21666666666666667 0.49795918367346936 0.21666666666666667 0.49387755102040815 0.2222222222222222 0.49795918367346936 0.22777777777777777 0.5020408163265306 0.22777777777777777 0.5102040816326531 0.2111111111111111 0.5020408163265306 0.19444444444444445 0.49795918367346936 0.2 0.49795918367346936 0.20555555555555555 0.4897959183673469 0.20555555555555555 0.4897959183673469 0.2 0.4857142857142857 0.19444444444444445 0.4775510204081633 0.19444444444444445 0.4897959183673469 0.17777777777777778 0.4857142857142857 0.17222222222222222 0.4775510204081633 0.17222222222222222 0.47346938775510206 0.17777777777777778 0.47346938775510206 0.17222222222222222 0.4775510204081633 0.17222222222222222 0.4816326530612245 0.16666666666666666 0.4897959183673469 0.16666666666666666 0.4897959183673469 0.17777777777777778 0.4857142857142857 0.18333333333333332 0.4897959183673469 0.18888888888888888 0.4897959183673469 0.19444444444444445 0.49387755102040815 0.2 0.49795918367346936 0.2 0.5020408163265306 0.19444444444444445 0.5061224489795918 0.19444444444444445 0.5183673469387755 0.17777777777777778 0.5183673469387755 0.16111111111111112 0.5224489795918368 0.15555555555555556 0.5265306122448979 0.15555555555555556 0.5306122448979592 0.16111111111111112
19 0.37551020408163266 0.12222222222222222 0.3795918367346939 0.12222222222222222 0.39183673469387753 0.10555555555555556 0.40816326530612246 0.10555555555555556 0.4122448979591837 0.1 0.4489795918367347 0.1 0.4489795918367347 0.1111111111111111 0.43673469387755104 0.12777777777777777 0.42857142857142855 0.12777777777777777 0.4204081632653061 0.14444444444444443 0.4204081632653061 0.15555555555555556 0.4122448979591837 0.16666666666666666 0.40816326530612246 0.16666666666666666 0.40408163265306124 0.17222222222222222 0.3795918367346939 0.17222222222222222 0.3673469387755102 0.18333333333333332 0.3673469387755102 0.14444444444444443 0.37551020408163266 0.12777777777777777
19 0.5387755102040817 0.43333333333333335 0.5469387755102041 0.4444444444444444 0.5469387755102041 0.45 0.5510204081632653 0.45555555555555555 0.5510204081632653 0.4722222222222222 0.5551020408163265 0.4777777777777778 0.5551020408163265 0.49444444444444446 0.5510204081632653 0.5 0.5510204081632653 0.5055555555555555 0.5469387755102041 0.5055555555555555 0.5346938775510204 0.4888888888888889 0.5306122448979592 0.4888888888888889 0.5265306122448979 0.48333333333333334 0.5265306122448979 0.4722222222222222 0.5306122448979592 0.4666666666666667 0.5306122448979592 0.45 0.5346938775510204 0.4444444444444444 0.5346938775510204 0.4388888888888889
19 0.7428571428571429 0.46111111111111114 0.7428571428571429 0.4666666666666667 0.7591836734693878 0.4888888888888889 0.7591836734693878 0.49444444444444446 0.7673469387755102 0.5111111111111111 0.763265306122449 0.5166666666666667 0.763265306122449 0.5611111111111111 0.7591836734693878 0.5611111111111111 0.7551020408163265 0.5666666666666667 0.746938775510204 0.5666666666666667 0.746938775510204 0.5611111111111111 0.7428571428571429 0.5555555555555556 0.7387755102040816 0.5611111111111111 0.7346938775510204 0.5555555555555556 0.7306122448979592 0.5555555555555556 0.726530612244898 0.5611111111111111 0.7224489795918367 0.5611111111111111 0.7183673469387755 0.5666666666666667 0.7142857142857143 0.5666666666666667 0.7142857142857143 0.5555555555555556 0.710204081632653 0.55 0.710204081632653 0.5222222222222223 0.7142857142857143 0.5166666666666667 0.7142857142857143 0.5 0.7183673469387755 0.49444444444444446 0.7183673469387755 0.48333333333333334 0.7346938775510204 0.46111111111111114 0.7387755102040816 0.46111111111111114
19 0.763265306122449 0.5333333333333333 0.763265306122449 0.5444444444444444 0.7673469387755102 0.55 0.7673469387755102 0.5555555555555556 0.763265306122449 0.5611111111111111 0.7591836734693878 0.5611111111111111 0.7510204081632653 0.5722222222222222 0.746938775510204 0.5722222222222222 0.7346938775510204 0.5888888888888889 0.7346938775510204 0.6111111111111112 0.7387755102040816 0.6166666666666667 0.7387755102040816 0.65 0.726530612244898 0.6666666666666666 0.7224489795918367 0.6666666666666666 0.7183673469387755 0.6722222222222223 0.7142857142857143 0.6722222222222223 0.710204081632653 0.6777777777777778 0.7061224489795919 0.6777777777777778 0.6979591836734694 0.6888888888888889 0.6938775510204082 0.6888888888888889 0.689795918367347 0.6944444444444444 0.6857142857142857 0.6944444444444444 0.673469387755102 0.7055555555555556 0.6693877551020408 0.7055555555555556 0.6693877551020408 0.6666666666666666 0.6653061224489796 0.6611111111111111 0.6653061224489796 0.6 0.673469387755102 0.6166666666666667 0.6816326530612244 0.6166666666666667 0.6857142857142857 0.6111111111111112 0.6857142857142857 0.6055555555555555 0.6816326530612244 0.6 0.6816326530612244 0.5777777777777777 0.6775510204081633 0.5722222222222222 0.673469387755102 0.5722222222222222 0.6693877551020408 0.5777777777777777 0.6693877551020408 0.5611111111111111 0.6653061224489796 0.5555555555555556 0.6693877551020408 0.55 0.673469387755102 0.55 0.6775510204081633 0.5555555555555556 0.6816326530612244 0.55 0.6938775510204082 0.55 0.6979591836734694 0.5444444444444444 0.7061224489795919 0.5444444444444444 0.710204081632653 0.5388888888888889 0.7142857142857143 0.5444444444444444 0.7142857142857143 0.5611111111111111 0.7183673469387755 0.5666666666666667 0.7224489795918367 0.5666666666666667 0.7306122448979592 0.5555555555555556 0.7346938775510204 0.5611111111111111 0.7551020408163265 0.5333333333333333 0.7591836734693878 0.5333333333333333
19 0.6 0.6944444444444444 0.6040816326530613 0.6944444444444444 0.6 0.6944444444444444 0.5959183673469388 0.7 0.6040816326530613 0.7111111111111111 0.6040816326530613 0.7333333333333333 0.6 0.7388888888888889 0.5836734693877551 0.7388888888888889 0.5755102040816327 0.7277777777777777 0.5755102040816327 0.7166666666666667 0.5714285714285714 0.7111111111111111 0.5755102040816327 0.7111111111111111 0.5836734693877551 0.7 0.5959183673469388 0.7
19 0.34285714285714286 0.55 0.3469387755102041 0.55 0.3510204081632653 0.5444444444444444 0.3551020408163265 0.5444444444444444 0.363265306122449 0.5555555555555556 0.3673469387755102 0.5555555555555556 0.3673469387755102 0.5611111111111111 0.37551020408163266 0.5722222222222222 0.37551020408163266 0.5777777777777777 0.37142857142857144 0.5833333333333334 0.37142857142857144 0.5888888888888889 0.3551020408163265 0.5888888888888889 0.34285714285714286 0.5722222222222222 0.34285714285714286 0.5666666666666667 0.33877551020408164 0.5611111111111111 0.34285714285714286 0.5555555555555556
19 0.5183673469387755 0.35 0.5224489795918368 0.35555555555555557 0.5224489795918368 0.39444444444444443 0.5183673469387755 0.39444444444444443 0.5142857142857142 0.3888888888888889 0.5102040816326531 0.39444444444444443 0.5061224489795918 0.3888888888888889 0.5020408163265306 0.3888888888888889 0.49387755102040815 0.37777777777777777 0.49387755102040815 0.3611111111111111 0.5020408163265306 0.35 0.5142857142857142 0.35
19 0.636734693877551 0.3055555555555556 0.6489795918367347 0.31666666666666665 0.6571428571428571 0.31666666666666665 0.6489795918367347 0.31666666666666665 0.6448979591836734 0.32222222222222224 0.6326530612244898 0.32222222222222224 0.6285714285714286 0.3277777777777778 0.6285714285714286 0.3333333333333333 0.6326530612244898 0.3388888888888889 0.636734693877551 0.3388888888888889 0.6408163265306123 0.3333333333333333 0.6448979591836734 0.3388888888888889 0.673469387755102 0.3388888888888889 0.6938775510204082 0.36666666666666664 0.7020408163265306 0.36666666666666664 0.7142857142857143 0.38333333333333336 0.7142857142857143 0.39444444444444443 0.7183673469387755 0.4 0.7183673469387755 0.4111111111111111 0.7306122448979592 0.42777777777777776 0.7306122448979592 0.43333333333333335 0.7224489795918367 0.43333333333333335 0.7224489795918367 0.42777777777777776 0.7142857142857143 0.4166666666666667 0.710204081632653 0.4166666666666667 0.7061224489795919 0.4111111111111111 0.689795918367347 0.4111111111111111 0.6938775510204082 0.40555555555555556 0.6938775510204082 0.39444444444444443 0.6979591836734694 0.3888888888888889 0.6979591836734694 0.37222222222222223 0.689795918367347 0.3611111111111111 0.6775510204081633 0.3611111111111111 0.6653061224489796 0.37777777777777777 0.6653061224489796 0.38333333333333336 0.6571428571428571 0.39444444444444443 0.6530612244897959 0.3888888888888889 0.6408163265306123 0.3888888888888889 0.6326530612244898 0.37777777777777777 0.6326530612244898 0.36666666666666664 0.6285714285714286 0.3611111111111111 0.6285714285714286 0.3333333333333333 0.6204081632653061 0.31666666666666665 0.6204081632653061 0.3055555555555556 0.6244897959183674 0.3 0.6285714285714286 0.3 0.6326530612244898 0.3055555555555556
19 0.6530612244897959 0.5222222222222223 0.6571428571428571 0.5277777777777778 0.6571428571428571 0.5722222222222222 0.6612244897959184 0.5777777777777777 0.6571428571428571 0.5833333333333334 0.6571428571428571 0.6111111111111112 0.6612244897959184 0.6166666666666667 0.6612244897959184 0.6833333333333333 0.6653061224489796 0.6888888888888889 0.6653061224489796 0.7055555555555556 0.6612244897959184 0.7111111111111111 0.6571428571428571 0.7111111111111111 0.6530612244897959 0.7166666666666667 0.6489795918367347 0.7166666666666667 0.6448979591836734 0.7222222222222222 0.6408163265306123 0.7222222222222222 0.636734693877551 0.7277777777777777 0.6326530612244898 0.7277777777777777 0.6285714285714286 0.7333333333333333 0.6244897959183674 0.7333333333333333 0.6122448979591837 0.7444444444444445 0.6081632653061224 0.7388888888888889 0.5836734693877551 0.7388888888888889 0.5755102040816327 0.7277777777777777 0.5755102040816327 0.7222222222222222 0.563265306122449 0.7055555555555556 0.563265306122449 0.7 0.5591836734693878 0.6944444444444444 0.5551020408163265 0.6944444444444444 0.5551020408163265 0.6888888888888889 0.5469387755102041 0.6777777777777778 0.5469387755102041 0.65 0.5510204081632653 0.6444444444444445 0.5510204081632653 0.6388888888888888 0.5551020408163265 0.6333333333333333 0.5551020408163265 0.6277777777777778 0.5591836734693878 0.6222222222222222 0.5591836734693878 0.6166666666666667 0.563265306122449 0.6111111111111112 0.563265306122449 0.6055555555555555 0.5673469387755102 0.6 0.5673469387755102 0.5944444444444444 0.5714285714285714 0.5888888888888889 0.5714285714285714 0.5833333333333334 0.5755102040816327 0.5777777777777777 0.5755102040816327 0.5722222222222222 0.5795918367346938 0.5666666666666667 0.5795918367346938 0.5611111111111111 0.5836734693877551 0.5611111111111111 0.5918367346938775 0.55 0.6081632653061224 0.55 0.6204081632653061 0.5388888888888889 0.636734693877551 0.5388888888888889 0.6489795918367347 0.5277777777777778
19 0.5346938775510204 0.14444444444444443 0.5387755102040817 0.14444444444444443 0.5714285714285714 0.18888888888888888 0.5673469387755102 0.19444444444444445 0.5551020408163265 0.19444444444444445 0.5510204081632653 0.18888888888888888 0.5510204081632653 0.18333333333333332 0.5469387755102041 0.17777777777777778 0.5469387755102041 0.17222222222222222 0.5387755102040817 0.16111111111111112 0.5387755102040817 0.15555555555555556 0.5346938775510204 0.15
19 0.6489795918367347 0.5722222222222222 0.6530612244897959 0.5722222222222222 0.6571428571428571 0.5777777777777777 0.6571428571428571 0.5888888888888889 0.6530612244897959 0.5944444444444444 0.6530612244897959 0.6 0.6571428571428571 0.6055555555555555 0.6571428571428571 0.6222222222222222 0.6489795918367347 0.6333333333333333 0.6530612244897959 0.6388888888888888 0.6571428571428571 0.6388888888888888 0.6571428571428571 0.6555555555555556 0.6612244897959184 0.6611111111111111 0.6612244897959184 0.7055555555555556 0.6571428571428571 0.7111111111111111 0.6530612244897959 0.7111111111111111 0.6489795918367347 0.7055555555555556 0.6448979591836734 0.7111111111111111 0.6408163265306123 0.7055555555555556 0.6326530612244898 0.7055555555555556 0.6285714285714286 0.7111111111111111 0.6244897959183674 0.7055555555555556 0.6163265306122448 0.7055555555555556 0.6163265306122448 0.6944444444444444 0.6122448979591837 0.6888888888888889 0.6081632653061224 0.6888888888888889 0.6040816326530613 0.6833333333333333 0.6 0.6833333333333333 0.6 0.6777777777777778 0.6040816326530613 0.6777777777777778 0.6163265306122448 0.6666666666666666 0.6163265306122448 0.65 0.6122448979591837 0.6444444444444445 0.6122448979591837 0.6388888888888888 0.6163265306122448 0.6444444444444445 0.6285714285714286 0.6277777777777778 0.6285714285714286 0.6222222222222222 0.6244897959183674 0.6166666666666667 0.6244897959183674 0.6055555555555555 0.6285714285714286 0.6 0.6285714285714286 0.5944444444444444 0.636734693877551 0.5944444444444444 0.6489795918367347 0.5777777777777777
19 0.49387755102040815 0.12222222222222222 0.5102040816326531 0.12222222222222222 0.5224489795918368 0.1388888888888889 0.5265306122448979 0.1388888888888889 0.5346938775510204 0.15 0.5346938775510204 0.15555555555555556 0.5387755102040817 0.16111111111111112 0.5387755102040817 0.16666666666666666 0.5469387755102041 0.17777777777777778 0.5469387755102041 0.23333333333333334 0.5510204081632653 0.2388888888888889 0.5510204081632653 0.24444444444444444 0.5469387755102041 0.25 0.5469387755102041 0.25555555555555554 0.5510204081632653 0.2611111111111111 0.5510204081632653 0.2777777777777778 0.5469387755102041 0.2833333333333333 0.5469387755102041 0.29444444444444445 0.5346938775510204 0.3111111111111111 0.5306122448979592 0.3111111111111111 0.5265306122448979 0.31666666666666665 0.5224489795918368 0.31666666666666665 0.5142857142857142 0.3277777777777778 0.5061224489795918 0.3277777777777778 0.5020408163265306 0.3333333333333333 0.49387755102040815 0.3333333333333333 0.4897959183673469 0.3388888888888889 0.47346938775510206 0.3388888888888889 0.46938775510204084 0.34444444444444444 0.4530612244897959 0.34444444444444444 0.44081632653061226 0.35555555555555557 0.4326530612244898 0.35555555555555557 0.42857142857142855 0.3611111111111111 0.4 0.3611111111111111 0.39591836734693875 0.36666666666666664 0.3795918367346939 0.36666666666666664 0.37551020408163266 0.37222222222222223 0.35918367346938773 0.37222222222222223 0.3551020408163265 0.37777777777777777 0.3469387755102041 0.37777777777777777 0.34285714285714286 0.38333333333333336 0.33877551020408164 0.38333333333333336 0.33877551020408164 0.37222222222222223 0.3469387755102041 0.37222222222222223 0.3551020408163265 0.3611111111111111 0.3551020408163265 0.35555555555555557 0.35918367346938773 0.35 0.363265306122449 0.35 0.37142857142857144 0.3388888888888889 0.37142857142857144 0.3333333333333333 0.37551020408163266 0.3277777777777778 0.3795918367346939 0.3277777777777778 0.40816326530612246 0.28888888888888886 0.40816326530612246 0.2833333333333333 0.4122448979591837 0.2777777777777778 0.4 0.2611111111111111 0.39591836734693875 0.26666666666666666 0.3346938775510204 0.26666666666666666 0.3346938775510204 0.25 0.3469387755102041 0.23333333333333334 0.3469387755102041 0.22777777777777777 0.363265306122449 0.20555555555555555 0.363265306122449 0.19444444444444445 0.3673469387755102 0.18888888888888888 0.37142857142857144 0.18888888888888888 0.3795918367346939 0.17777777777777778 0.3836734693877551 0.17777777777777778 0.3877551020408163 0.17222222222222222 0.39183673469387753 0.17777777777777778 0.39591836734693875 0.17777777777777778 0.3795918367346939 0.17777777777777778 0.37142857142857144 0.18888888888888888 0.37142857142857144 0.19444444444444445 0.3673469387755102 0.2 0.3673469387755102 0.2111111111111111 0.363265306122449 0.2111111111111111 0.35918367346938773 0.21666666666666667 0.37142857142857144 0.22777777777777777 0.3795918367346939 0.21666666666666667 0.37551020408163266 0.2111111111111111 0.39591836734693875 0.2111111111111111 0.4 0.20555555555555555 0.4 0.19444444444444445 0.4122448979591837 0.2111111111111111 0.4163265306122449 0.2111111111111111 0.4204081632653061 0.20555555555555555 0.43673469387755104 0.20555555555555555 0.43673469387755104 0.2111111111111111 0.44081632653061226 0.21666666666666667 0.4448979591836735 0.2111111111111111 0.4489795918367347 0.2111111111111111 0.4530612244897959 0.20555555555555555 0.4530612244897959 0.2 0.45714285714285713 0.2 0.46530612244897956 0.18888888888888888 0.45714285714285713 0.17777777777777778 0.4489795918367347 0.17777777777777778 0.45714285714285713 0.17777777777777778 0.46122448979591835 0.17222222222222222 0.46530612244897956 0.17777777777777778 0.46938775510204084 0.17222222222222222 0.46938775510204084 0.16111111111111112 0.49387755102040815 0.12777777777777777
19 0.6530612244897959 0.5222222222222223 0.6571428571428571 0.5277777777777778 0.6571428571428571 0.5444444444444444 0.6612244897959184 0.55 0.6612244897959184 0.5833333333333334 0.6571428571428571 0.5888888888888889 0.6571428571428571 0.6055555555555555 0.6612244897959184 0.6111111111111112 0.6612244897959184 0.6944444444444444 0.6653061224489796 0.7 0.6653061224489796 0.7055555555555556 0.6612244897959184 0.7111111111111111 0.6571428571428571 0.7111111111111111 0.6489795918367347 0.7 0.6285714285714286 0.7 0.6163265306122448 0.6888888888888889 0.6163265306122448 0.6833333333333333 0.6244897959183674 0.6666666666666666 0.6204081632653061 0.6611111111111111 0.6204081632653061 0.65 0.6163265306122448 0.6444444444444445 0.6163265306122448 0.6388888888888888 0.6204081632653061 0.6388888888888888 0.6285714285714286 0.6277777777777778 0.6285714285714286 0.6166666666666667 0.6244897959183674 0.6111111111111112 0.6285714285714286 0.6055555555555555 0.6285714285714286 0.5888888888888889 0.6244897959183674 0.5833333333333334 0.6244897959183674 0.5777777777777777 0.6285714285714286 0.5777777777777777 0.6326530612244898 0.5722222222222222 0.6326530612244898 0.5611111111111111 0.636734693877551 0.5555555555555556 0.636734693877551 0.5388888888888889 0.6448979591836734 0.5277777777777778 0.6489795918367347 0.5277777777777778
19 0.5061224489795918 0.12222222222222222 0.5142857142857142 0.13333333333333333 0.5183673469387755 0.13333333333333333 0.5265306122448979 0.14444444444444443 0.5306122448979592 0.14444444444444443 0.5306122448979592 0.15 0.5346938775510204 0.15555555555555556 0.5346938775510204 0.16111111111111112 0.5428571428571428 0.17222222222222222 0.5428571428571428 0.18888888888888888 0.5469387755102041 0.19444444444444445 0.5428571428571428 0.2 0.5428571428571428 0.2111111111111111 0.5469387755102041 0.21666666666666667 0.5469387755102041 0.25 0.5428571428571428 0.25555555555555554 0.5469387755102041 0.2611111111111111 0.5469387755102041 0.28888888888888886 0.5306122448979592 0.3111111111111111 0.5265306122448979 0.3111111111111111 0.5224489795918368 0.31666666666666665 0.5183673469387755 0.31666666666666665 0.5142857142857142 0.32222222222222224 0.5102040816326531 0.32222222222222224 0.49795918367346936 0.3333333333333333 0.4897959183673469 0.3333333333333333 0.4857142857142857 0.3388888888888889 0.47346938775510206 0.3388888888888889 0.46938775510204084 0.34444444444444444 0.4530612244897959 0.34444444444444444 0.4489795918367347 0.35 0.4448979591836735 0.35 0.44081632653061226 0.35555555555555557 0.43673469387755104 0.35555555555555557 0.4326530612244898 0.3611111111111111 0.4122448979591837 0.3611111111111111 0.40816326530612246 0.36666666666666664 0.3877551020408163 0.36666666666666664 0.3836734693877551 0.37222222222222223 0.37142857142857144 0.37222222222222223 0.3673469387755102 0.37777777777777777 0.3551020408163265 0.37777777777777777 0.3510204081632653 0.38333333333333336 0.34285714285714286 0.38333333333333336 0.33877551020408164 0.3888888888888889 0.3306122448979592 0.3888888888888889 0.3183673469387755 0.40555555555555556 0.3142857142857143 0.40555555555555556 0.2938775510204082 0.43333333333333335 0.2897959183673469 0.43333333333333335 0.2857142857142857 0.4388888888888889 0.2816326530612245 0.4388888888888889 0.27755102040816326 0.43333333333333335 0.27346938775510204 0.43333333333333335 0.27346938775510204 0.4222222222222222 0.27755102040816326 0.4166666666666667 0.27755102040816326 0.4111111111111111 0.2816326530612245 0.40555555555555556 0.2816326530612245 0.4 0.2857142857142857 0.39444444444444443 0.2857142857142857 0.3888888888888889 0.2897959183673469 0.38333333333333336 0.2897959183673469 0.37777777777777777 0.2938775510204082 0.37222222222222223 0.2938775510204082 0.36666666666666664 0.2979591836734694 0.3611111111111111 0.2979591836734694 0.35 0.3020408163265306 0.34444444444444444 0.3020408163265306 0.3388888888888889 0.30612244897959184 0.3333333333333333 0.30612244897959184 0.3277777777777778 0.31020408163265306 0.32222222222222224 0.31020408163265306 0.31666666666666665 0.3183673469387755 0.3055555555555556 0.3183673469387755 0.3 0.32653061224489793 0.28888888888888886 0.32653061224489793 0.2833333333333333 0.3346938775510204 0.2722222222222222 0.33877551020408164 0.2722222222222222 0.34285714285714286 0.26666666666666666 0.3469387755102041 0.26666666666666666 0.3510204081632653 0.2722222222222222 0.3551020408163265 0.26666666666666666 0.363265306122449 0.26666666666666666 0.3673469387755102 0.2611111111111111 0.3836734693877551 0.2611111111111111 0.3877551020408163 0.26666666666666666 0.39183673469387753 0.26666666666666666 0.39591836734693875 0.2611111111111111 0.4163265306122449 0.2611111111111111 0.42448979591836733 0.2722222222222222 0.4448979591836735 0.2722222222222222 0.45714285714285713 0.2611111111111111 0.46530612244897956 0.2611111111111111 0.4775510204081633 0.24444444444444444 0.4775510204081633 0.23333333333333334 0.4857142857142857 0.2222222222222222 0.4857142857142857 0.2111111111111111 0.4897959183673469 0.20555555555555555 0.4897959183673469 0.19444444444444445 0.49387755102040815 0.18888888888888888 0.49795918367346936 0.19444444444444445 0.5020408163265306 0.18888888888888888 0.5020408163265306 0.18333333333333332 0.49387755102040815 0.16666666666666666 0.49795918367346936 0.17222222222222222 0.5020408163265306 0.17222222222222222 0.5020408163265306 0.18333333333333332 0.5061224489795918 0.18888888888888888 0.5102040816326531 0.18888888888888888 0.5183673469387755 0.17777777777777778 0.5183673469387755 0.16666666666666666 0.5102040816326531 0.15555555555555556 0.5061224489795918 0.15555555555555556 0.5020408163265306 0.15 0.4897959183673469 0.15 0.4857142857142857 0.15555555555555556 0.4857142857142857 0.16666666666666666 0.4775510204081633 0.16666666666666666 0.4775510204081633 0.1388888888888889 0.4816326530612245 0.14444444444444443 0.49795918367346936 0.12222222222222222 0.5020408163265306 0.12222222222222222
19 0.6693877551020408 0.35 0.673469387755102 0.35555555555555557 0.6816326530612244 0.35555555555555557 0.689795918367347 0.36666666666666664 0.6938775510204082 0.36666666666666664 0.6938775510204082 0.37222222222222223 0.6979591836734694 0.37777777777777777 0.6979591836734694 0.39444444444444443 0.6938775510204082 0.4 0.6938775510204082 0.40555555555555556 0.6857142857142857 0.4222222222222222 0.6857142857142857 0.43333333333333335 0.6775510204081633 0.43333333333333335 0.673469387755102 0.4388888888888889 0.6653061224489796 0.4388888888888889 0.6612244897959184 0.4444444444444444 0.6612244897959184 0.45 0.6530612244897959 0.45 0.6448979591836734 0.4388888888888889 0.6448979591836734 0.42777777777777776 0.6408163265306123 0.4222222222222222 0.6408163265306123 0.4111111111111111 0.636734693877551 0.40555555555555556 0.636734693877551 0.37777777777777777 0.6408163265306123 0.37222222222222223 0.6489795918367347 0.37222222222222223 0.6530612244897959 0.37777777777777777 0.6612244897959184 0.36666666666666664 0.6612244897959184 0.3611111111111111 0.6653061224489796 0.35555555555555557
19 0.6816326530612244 0.5611111111111111 0.6857142857142857 0.5666666666666667 0.6938775510204082 0.5666666666666667 0.6979591836734694 0.5722222222222222 0.6979591836734694 0.5777777777777777 0.7061224489795919 0.5944444444444444 0.7061224489795919 0.6166666666666667 0.6979591836734694 0.6277777777777778 0.6979591836734694 0.6333333333333333 0.6938775510204082 0.6388888888888888 0.6938775510204082 0.6444444444444445 0.6816326530612244 0.6555555555555556 0.6775510204081633 0.65 0.6693877551020408 0.65 0.6653061224489796 0.6444444444444445 0.6653061224489796 0.6277777777777778 0.6693877551020408 0.6277777777777778 0.673469387755102 0.6222222222222222 0.6693877551020408 0.6166666666666667 0.6653061224489796 0.6166666666666667 0.6653061224489796 0.5611111111111111 0.6693877551020408 0.5555555555555556 0.673469387755102 0.5555555555555556 0.6775510204081633 0.5611111111111111
19 0.4775510204081633 0.1 0.4857142857142857 0.1111111111111111 0.49387755102040815 0.1111111111111111 0.49387755102040815 0.12777777777777777 0.47346938775510206 0.15555555555555556 0.46938775510204084 0.15555555555555556 0.46530612244897956 0.16111111111111112 0.46122448979591835 0.16111111111111112 0.4530612244897959 0.17222222222222222 0.43673469387755104 0.17222222222222222 0.4326530612244898 0.16666666666666666 0.4326530612244898 0.16111111111111112 0.42857142857142855 0.15555555555555556 0.42857142857142855 0.15 0.4326530612244898 0.14444444444444443 0.4326530612244898 0.1388888888888889 0.44081632653061226 0.12777777777777777 0.44081632653061226 0.12222222222222222 0.4489795918367347 0.1111111111111111 0.4489795918367347 0.10555555555555556 0.45714285714285713 0.10555555555555556 0.46122448979591835 0.1 0.47346938775510206 0.1
19 0.37142857142857144 0.4888888888888889 0.37142857142857144 0.5 0.3795918367346939 0.5111111111111111 0.37551020408163266 0.5055555555555555 0.37142857142857144 0.5111111111111111 0.37142857142857144 0.5222222222222223 0.37551020408163266 0.5277777777777778 0.3795918367346939 0.5277777777777778 0.3795918367346939 0.5388888888888889 0.3836734693877551 0.5444444444444444 0.3836734693877551 0.5611111111111111 0.39183673469387753 0.5722222222222222 0.39183673469387753 0.5777777777777777 0.4 0.5888888888888889 0.4 0.5944444444444444 0.40816326530612246 0.6055555555555555 0.4163265306122449 0.6055555555555555 0.4163265306122449 0.6111111111111112 0.4122448979591837 0.6166666666666667 0.4163265306122449 0.6222222222222222 0.4204081632653061 0.6222222222222222 0.4204081632653061 0.6277777777777778 0.4163265306122449 0.6333333333333333 0.4163265306122449 0.6388888888888888 0.4204081632653061 0.6444444444444445 0.4204081632653061 0.65 0.40408163265306124 0.65 0.4 0.6444444444444445 0.39591836734693875 0.6444444444444445 0.39183673469387753 0.6388888888888888 0.3877551020408163 0.6388888888888888 0.3836734693877551 0.6333333333333333 0.3795918367346939 0.6333333333333333 0.3551020408163265 0.6 0.3551020408163265 0.5944444444444444 0.3346938775510204 0.5666666666666667 0.3346938775510204 0.5444444444444444 0.33877551020408164 0.5388888888888889 0.33877551020408164 0.5333333333333333 0.34285714285714286 0.5333333333333333 0.3469387755102041 0.5277777777777778 0.3469387755102041 0.5222222222222223 0.3510204081632653 0.5166666666666667 0.3551020408163265 0.5166666666666667 0.35918367346938773 0.5111111111111111 0.35918367346938773 0.5055555555555555 0.3673469387755102 0.49444444444444446
19 0.7020408163265306 0.49444444444444446 0.710204081632653 0.5055555555555555 0.710204081632653 0.5111111111111111 0.7061224489795919 0.5166666666666667 0.7061224489795919 0.5222222222222223 0.7020408163265306 0.5277777777777778 0.7020408163265306 0.5333333333333333 0.6979591836734694 0.5388888888888889 0.6979591836734694 0.5444444444444444 0.6857142857142857 0.5444444444444444 0.6816326530612244 0.55 0.6693877551020408 0.55 0.6653061224489796 0.5444444444444444 0.6653061224489796 0.5388888888888889 0.6612244897959184 0.5333333333333333 0.6653061224489796 0.5277777777777778 0.6653061224489796 0.5166666666666667 0.6693877551020408 0.5111111111111111 0.673469387755102 0.5111111111111111 0.6816326530612244 0.5 0.689795918367347 0.5 0.6938775510204082 0.49444444444444446 0.6979591836734694 0.49444444444444446
19 0.6653061224489796 0.6111111111111112 0.673469387755102 0.6111111111111112 0.6816326530612244 0.6222222222222222 0.689795918367347 0.6222222222222222 0.6938775510204082 0.6277777777777778 0.6938775510204082 0.6444444444444445 0.6816326530612244 0.6611111111111111 0.6775510204081633 0.6611111111111111 0.6693877551020408 0.65 0.6653061224489796 0.65 0.6653061224489796 0.6166666666666667
19 0.4816326530612245 0.10555555555555556 0.4816326530612245 0.1111111111111111 0.49387755102040815 0.12222222222222222 0.4857142857142857 0.13333333333333333 0.4857142857142857 0.1388888888888889 0.4816326530612245 0.1388888888888889 0.47346938775510206 0.15 0.46530612244897956 0.1388888888888889 0.46122448979591835 0.14444444444444443 0.46122448979591835 0.16111111111111112 0.45714285714285713 0.16111111111111112 0.4530612244897959 0.16666666666666666 0.4530612244897959 0.16111111111111112 0.46122448979591835 0.15 0.46122448979591835 0.13333333333333333 0.45714285714285713 0.12777777777777777 0.4448979591836735 0.12777777777777777 0.4326530612244898 0.14444444444444443 0.4326530612244898 0.15 0.42448979591836733 0.16111111111111112 0.42448979591836733 0.16666666666666666 0.4163265306122449 0.16666666666666666 0.40816326530612246 0.17777777777777778 0.3836734693877551 0.17777777777777778 0.3795918367346939 0.18333333333333332 0.37551020408163266 0.18333333333333332 0.37142857142857144 0.18888888888888888 0.37142857142857144 0.19444444444444445 0.35918367346938773 0.19444444444444445 0.363265306122449 0.18888888888888888 0.363265306122449 0.17777777777777778 0.3673469387755102 0.17222222222222222 0.3673469387755102 0.14444444444444443 0.37142857142857144 0.1388888888888889 0.37142857142857144 0.13333333333333333 0.37551020408163266 0.12777777777777777 0.37551020408163266 0.12222222222222222 0.3795918367346939 0.12222222222222222 0.39183673469387753 0.10555555555555556 0.40816326530612246 0.10555555555555556 0.4122448979591837 0.1 0.4489795918367347 0.1 0.4530612244897959 0.10555555555555556 0.45714285714285713 0.10555555555555556 0.46122448979591835 0.1 0.47346938775510206 0.1 0.4775510204081633 0.10555555555555556