19 0.11244979919678715 0.07777777777777778 0.11646586345381527 0.08333333333333333 0.12449799196787148 0.08333333333333333 0.1285140562248996 0.08888888888888889 0.14457831325301204 0.08888888888888889 0.14859437751004015 0.09444444444444444 0.1686746987951807 0.09444444444444444 0.17269076305220885 0.1 0.18072289156626506 0.1 0.1927710843373494 0.1111111111111111 0.20080321285140562 0.1111111111111111 0.21285140562248997 0.12777777777777777 0.21285140562248997 0.16111111111111112 0.20080321285140562 0.17777777777777778 0.1927710843373494 0.17777777777777778 0.18072289156626506 0.19444444444444445 0.1686746987951807 0.19444444444444445 0.1646586345381526 0.18888888888888888 0.1606425702811245 0.18888888888888888 0.1566265060240964 0.18333333333333332 0.14859437751004015 0.18333333333333332 0.14457831325301204 0.17777777777777778 0.14056224899598393 0.18333333333333332 0.13654618473895583 0.17777777777777778 0.12449799196787148 0.17777777777777778 0.12048192771084337 0.18333333333333332 0.11244979919678715 0.18333333333333332 0.0963855421686747 0.20555555555555555 0.0963855421686747 0.2222222222222222 0.08032128514056225 0.24444444444444444 0.08032128514056225 0.25 0.07228915662650602 0.2611111111111111 0.07228915662650602 0.26666666666666666 0.06827309236947791 0.26666666666666666 0.0642570281124498 0.2722222222222222 0.0642570281124498 0.2777777777777778 0.060240963855421686 0.2833333333333333 0.060240963855421686 0.28888888888888886 0.05622489959839357 0.28888888888888886 0.0642570281124498 0.2722222222222222 0.04417670682730924 0.24444444444444444 0.040160642570281124 0.24444444444444444 0.0321285140562249 0.23333333333333334 0.020080321285140562 0.23333333333333334 0.01606425702811245 0.22777777777777777 0.008032128514056224 0.22777777777777777 0.004016064257028112 0.2222222222222222 0 0.2222222222222222 0 0.17222222222222222 0.004016064257028112 0.17222222222222222 0.008032128514056224 0.16666666666666666 0.012048192771084338 0.16666666666666666 0.024096385542168676 0.15 0.028112449799196786 0.15 0.03614457831325301 0.1388888888888889 0.03614457831325301 0.13333333333333333 0.040160642570281124 0.12777777777777777 0.04417670682730924 0.12777777777777777 0.04819277108433735 0.12222222222222222 0.05220883534136546 0.12222222222222222 0.05622489959839357 0.11666666666666667 0.060240963855421686 0.11666666666666667 0.0642570281124498 0.1111111111111111 0.0642570281124498 0.1 0.06827309236947791 0.1 0.07228915662650602 0.09444444444444444 0.07228915662650602 0.08888888888888889 0.07630522088353414 0.08888888888888889 0.08835341365461848 0.07777777777777778 0.10843373493975904 0.07777777777777778
19 0.7710843373493976 0.005555555555555556 0.7831325301204819 0.022222222222222223 0.7831325301204819 0.027777777777777776 0.7871485943775101 0.03333333333333333 0.7871485943775101 0.05 0.7791164658634538 0.06111111111111111 0.7791164658634538 0.06666666666666667 0.7751004016064257 0.07222222222222222 0.7710843373493976 0.07222222222222222 0.7670682730923695 0.07777777777777778 0.7670682730923695 0.08333333333333333 0.7630522088353414 0.08333333333333333 0.7349397590361446 0.12222222222222222 0.7349397590361446 0.12777777777777777 0.7188755020080321 0.15 0.714859437751004 0.15 0.7108433734939759 0.15555555555555556 0.6907630522088354 0.15555555555555556 0.6867469879518072 0.16111111111111112 0.6827309236947792 0.15555555555555556 0.6546184738955824 0.15555555555555556 0.6506024096385542 0.15 0.6506024096385542 0.1 0.6546184738955824 0.09444444444444444 0.6546184738955824 0.08888888888888889 0.6586345381526104 0.08333333333333333 0.6586345381526104 0.07777777777777778 0.6666666666666666 0.06666666666666667 0.6666666666666666 0.06111111111111111 0.6706827309236948 0.06111111111111111 0.6746987951807228 0.05555555555555555 0.6746987951807228 0.05 0.7068273092369478 0.005555555555555556 0.7670682730923695 0.005555555555555556
19 0.5502008032128514 0 0.5783132530120482 0 0.5783132530120482 0.005555555555555556 0.5823293172690763 0.011111111111111112 0.5783132530120482 0.016666666666666666 0.5783132530120482 0.03333333333333333 0.5742971887550201 0.03888888888888889 0.570281124497992 0.03888888888888889 0.5542168674698795 0.016666666666666666 0.5542168674698795 0.011111111111111112 0.5502008032128514 0.005555555555555556
19 0.8232931726907631 0 0.8955823293172691 0 0.8995983935742972 0.005555555555555556 0.9036144578313253 0 0.9156626506024096 0 0.9196787148594378 0.005555555555555556 0.9437751004016064 0.005555555555555556 0.9477911646586346 0.011111111111111112 0.9397590361445783 0.022222222222222223 0.9397590361445783 0.03333333333333333 0.9477911646586346 0.044444444444444446 0.9518072289156626 0.044444444444444446 0.9558232931726908 0.03888888888888889 0.9598393574297188 0.044444444444444446 0.9759036144578314 0.044444444444444446 0.9799196787148594 0.03888888888888889 0.9839357429718876 0.03888888888888889 0.9919678714859438 0.05 0.9919678714859438 0.06111111111111111 0.9879518072289156 0.06666666666666667 0.9879518072289156 0.07222222222222222 0.9759036144578314 0.07222222222222222 0.9718875502008032 0.07777777777777778 0.963855421686747 0.07777777777777778 0.9477911646586346 0.1 0.9477911646586346 0.10555555555555556 0.9437751004016064 0.1111111111111111 0.9437751004016064 0.11666666666666667 0.9397590361445783 0.12222222222222222 0.9397590361445783 0.12777777777777777 0.9357429718875502 0.12222222222222222 0.9317269076305221 0.12222222222222222 0.9196787148594378 0.10555555555555556 0.9156626506024096 0.10555555555555556 0.927710843373494 0.09444444444444444 0.927710843373494 0.08888888888888889 0.9317269076305221 0.08333333333333333 0.927710843373494 0.07777777777777778 0.9317269076305221 0.07222222222222222 0.927710843373494 0.06666666666666667 0.927710843373494 0.06111111111111111 0.9116465863453815 0.03888888888888889 0.9116465863453815 0.027777777777777776 0.9076305220883534 0.022222222222222223 0.891566265060241 0.022222222222222223 0.8875502008032129 0.027777777777777776 0.8835341365461847 0.022222222222222223 0.8795180722891566 0.022222222222222223 0.8634538152610441 0.044444444444444446 0.8594377510040161 0.044444444444444446 0.8554216867469879 0.03888888888888889 0.8514056224899599 0.03888888888888889 0.8433734939759037 0.027777777777777776 0.8393574297188755 0.027777777777777776 0.8232931726907631 0.005555555555555556
19 0.28112449799196787 0.8944444444444445 0.285140562248996 0.9 0.2971887550200803 0.9 0.30120481927710846 0.9055555555555556 0.3092369477911647 0.9055555555555556 0.321285140562249 0.9166666666666666 0.22088353413654618 0.9166666666666666 0.22088353413654618 0.9055555555555556 0.2248995983935743 0.9055555555555556 0.2289156626506024 0.9 0.23694779116465864 0.9 0.24096385542168675 0.8944444444444445 0.24899598393574296 0.8944444444444445 0.25301204819277107 0.8888888888888888 0.26506024096385544 0.8888888888888888 0.26907630522088355 0.8944444444444445 0.27710843373493976 0.8944444444444445
19 0.8192771084337349 0.06111111111111111 0.8232931726907631 0.06666666666666667 0.8273092369477911 0.06666666666666667 0.8273092369477911 0.07777777777777778 0.8353413654618473 0.08888888888888889 0.8473895582329317 0.08888888888888889 0.8514056224899599 0.09444444444444444 0.8514056224899599 0.1 0.8554216867469879 0.10555555555555556 0.8554216867469879 0.1111111111111111 0.8514056224899599 0.11666666666666667 0.8514056224899599 0.12222222222222222 0.8473895582329317 0.12777777777777777 0.8473895582329317 0.13333333333333333 0.7991967871485943 0.2 0.7991967871485943 0.20555555555555555 0.7911646586345381 0.21666666666666667 0.7871485943775101 0.21666666666666667 0.7831325301204819 0.2222222222222222 0.7791164658634538 0.2222222222222222 0.7751004016064257 0.21666666666666667 0.7751004016064257 0.2111111111111111 0.7469879518072289 0.17222222222222222 0.7389558232931727 0.17222222222222222 0.7269076305220884 0.15555555555555556 0.7269076305220884 0.15 0.7309236947791165 0.14444444444444443 0.7309236947791165 0.1388888888888889 0.7349397590361446 0.13333333333333333 0.7349397590361446 0.12777777777777777 0.7469879518072289 0.1111111111111111 0.7469879518072289 0.10555555555555556 0.7550200803212851 0.09444444444444444 0.7590361445783133 0.09444444444444444 0.7630522088353414 0.08888888888888889 0.7630522088353414 0.08333333333333333 0.7670682730923695 0.08333333333333333 0.7791164658634538 0.06666666666666667 0.7831325301204819 0.06666666666666667 0.7871485943775101 0.06111111111111111 0.8152610441767069 0.06111111111111111
19 0.012048192771084338 0.17222222222222222 0.05622489959839357 0.23333333333333334 0.060240963855421686 0.23333333333333334 0.060240963855421686 0.2388888888888889 0.0642570281124498 0.24444444444444444 0.06827309236947791 0.24444444444444444 0.07228915662650602 0.25 0.07228915662650602 0.2611111111111111 0.0642570281124498 0.2722222222222222 0.0642570281124498 0.2777777777777778 0.060240963855421686 0.2833333333333333 0.060240963855421686 0.28888888888888886 0.04819277108433735 0.3055555555555556 0.04819277108433735 0.3111111111111111 0.040160642570281124 0.32222222222222224 0.040160642570281124 0.3388888888888889 0.03614457831325301 0.3388888888888889 0.028112449799196786 0.35 0.024096385542168676 0.35 0.01606425702811245 0.3611111111111111 0.01606425702811245 0.36666666666666664 0.012048192771084338 0.37222222222222223 0.012048192771084338 0.37777777777777777 0.004016064257028112 0.3888888888888889 0 0.3888888888888889 0.004016064257028112 0.38333333333333336 0 0.37777777777777777 0.004016064257028112 0.37777777777777777 0.008032128514056224 0.37222222222222223 0 0.3611111111111111 0.004016064257028112 0.35555555555555557 0 0.35 0 0.31666666666666665 0.008032128514056224 0.31666666666666665 0.012048192771084338 0.32222222222222224 0.0321285140562249 0.32222222222222224 0.03614457831325301 0.31666666666666665 0.040160642570281124 0.31666666666666665 0.04819277108433735 0.3055555555555556 0.04819277108433735 0.3 0.05220883534136546 0.29444444444444445 0.04819277108433735 0.28888888888888886 0.05220883534136546 0.2833333333333333 0.05220883534136546 0.26666666666666666 0.04417670682730924 0.25555555555555554 0.03614457831325301 0.25555555555555554 0.028112449799196786 0.24444444444444444 0.024096385542168676 0.24444444444444444 0.020080321285140562 0.2388888888888889 0.01606425702811245 0.2388888888888889 0.012048192771084338 0.24444444444444444 0.008032128514056224 0.2388888888888889 0.004016064257028112 0.24444444444444444 0 0.24444444444444444 0 0.17777777777777778 0.004016064257028112 0.17222222222222222 0.008032128514056224 0.17222222222222222
19 0.23694779116465864 0.3388888888888889 0.24096385542168675 0.34444444444444444 0.24497991967871485 0.34444444444444444 0.24899598393574296 0.35 0.25301204819277107 0.35 0.2570281124497992 0.35555555555555557 0.26104417670682734 0.35555555555555557 0.26907630522088355 0.36666666666666664 0.27309236947791166 0.36666666666666664 0.27710843373493976 0.37222222222222223 0.285140562248996 0.37222222222222223 0.2891566265060241 0.37777777777777777 0.2931726907630522 0.37777777777777777 0.2971887550200803 0.38333333333333336 0.30120481927710846 0.38333333333333336 0.3172690763052209 0.40555555555555556 0.3172690763052209 0.4166666666666667 0.321285140562249 0.4222222222222222 0.321285140562249 0.43333333333333335 0.3253012048192771 0.4388888888888889 0.3253012048192771 0.45555555555555555 0.321285140562249 0.46111111111111114 0.321285140562249 0.4666666666666667 0.3172690763052209 0.4722222222222222 0.3172690763052209 0.4777777777777778 0.3092369477911647 0.4888888888888889 0.3092369477911647 0.49444444444444446 0.30522088353413657 0.49444444444444446 0.2931726907630522 0.5055555555555555 0.26506024096385544 0.5055555555555555 0.26104417670682734 0.5 0.2570281124497992 0.5 0.24899598393574296 0.4888888888888889 0.24497991967871485 0.4888888888888889 0.23293172690763053 0.4777777777777778 0.22088353413654618 0.4777777777777778 0.21686746987951808 0.4722222222222222 0.20883534136546184 0.4722222222222222 0.19678714859437751 0.46111111111111114 0.17670682730923695 0.46111111111111114 0.17269076305220885 0.45555555555555555 0.17269076305220885 0.45 0.1646586345381526 0.4388888888888889 0.1606425702811245 0.4388888888888889 0.1606425702811245 0.43333333333333335 0.1566265060240964 0.42777777777777776 0.1566265060240964 0.4166666666666667 0.15261044176706828 0.4111111111111111 0.15261044176706828 0.3888888888888889 0.1566265060240964 0.38333333333333336 0.1566265060240964 0.37222222222222223 0.1606425702811245 0.36666666666666664 0.1606425702811245 0.3611111111111111 0.17269076305220885 0.34444444444444444 0.17670682730923695 0.34444444444444444 0.18072289156626506 0.3388888888888889 0.18875502008032127 0.3388888888888889 0.1927710843373494 0.3333333333333333 0.22088353413654618 0.3333333333333333 0.2248995983935743 0.3388888888888889 0.23293172690763053 0.3388888888888889
19 0.10441767068273092 0 0.14457831325301204 0 0.14859437751004015 0.005555555555555556 0.15261044176706828 0 0.1566265060240964 0.005555555555555556 0.1646586345381526 0.005555555555555556 0.1686746987951807 0.011111111111111112 0.18072289156626506 0.011111111111111112 0.18473895582329317 0.005555555555555556 0.1927710843373494 0.005555555555555556 0.19678714859437751 0 0.3373493975903614 0 0.3373493975903614 0.027777777777777776 0.321285140562249 0.05 0.321285140562249 0.05555555555555555 0.3172690763052209 0.06111111111111111 0.3172690763052209 0.06666666666666667 0.3132530120481928 0.07222222222222222 0.3132530120481928 0.07777777777777778 0.3092369477911647 0.08333333333333333 0.3092369477911647 0.08888888888888889 0.30522088353413657 0.09444444444444444 0.30522088353413657 0.1 0.2971887550200803 0.1111111111111111 0.2931726907630522 0.1111111111111111 0.2891566265060241 0.11666666666666667 0.26104417670682734 0.11666666666666667 0.2570281124497992 0.1111111111111111 0.24096385542168675 0.1111111111111111 0.23694779116465864 0.10555555555555556 0.2248995983935743 0.10555555555555556 0.22088353413654618 0.1 0.20481927710843373 0.1 0.20080321285140562 0.09444444444444444 0.1927710843373494 0.09444444444444444 0.18875502008032127 0.08888888888888889 0.17670682730923695 0.08888888888888889 0.17269076305220885 0.08333333333333333 0.1566265060240964 0.08333333333333333 0.15261044176706828 0.07777777777777778 0.13654618473895583 0.07777777777777778 0.13253012048192772 0.07222222222222222 0.12048192771084337 0.07222222222222222 0.11646586345381527 0.06666666666666667 0.10441767068273092 0.06666666666666667 0.10040160642570281 0.06111111111111111 0.09236947791164658 0.06111111111111111 0.09236947791164658 0.05555555555555555 0.08835341365461848 0.05 0.09236947791164658 0.044444444444444446 0.09236947791164658 0.03888888888888889 0.0963855421686747 0.03333333333333333 0.0963855421686747 0.027777777777777776 0.10040160642570281 0.022222222222222223 0.10040160642570281 0.016666666666666666 0.10441767068273092 0.011111111111111112 0.10441767068273092 0.005555555555555556
19 0.2570281124497992 0.34444444444444444 0.26506024096385544 0.34444444444444444 0.26907630522088355 0.35 0.27710843373493976 0.35 0.2891566265060241 0.3611111111111111 0.2971887550200803 0.3611111111111111 0.30120481927710846 0.36666666666666664 0.30522088353413657 0.36666666666666664 0.3092369477911647 0.37222222222222223 0.3132530120481928 0.37222222222222223 0.3172690763052209 0.37777777777777777 0.321285140562249 0.37777777777777777 0.3253012048192771 0.38333333333333336 0.3293172690763052 0.38333333333333336 0.3333333333333333 0.3888888888888889 0.3373493975903614 0.3888888888888889 0.3413654618473896 0.39444444444444443 0.3493975903614458 0.39444444444444443 0.3614457831325301 0.40555555555555556 0.36947791164658633 0.40555555555555556 0.37349397590361444 0.4111111111111111 0.37751004016064255 0.4111111111111111 0.3895582329317269 0.4222222222222222 0.39759036144578314 0.4222222222222222 0.40160642570281124 0.42777777777777776 0.40963855421686746 0.42777777777777776 0.40963855421686746 0.4388888888888889 0.3895582329317269 0.4388888888888889 0.3855421686746988 0.4444444444444444 0.3815261044176707 0.4444444444444444 0.37349397590361444 0.45555555555555555 0.36947791164658633 0.45555555555555555 0.3534136546184739 0.4777777777777778 0.3534136546184739 0.49444444444444446 0.3493975903614458 0.5 0.3493975903614458 0.5333333333333333 0.3534136546184739 0.5388888888888889 0.3534136546184739 0.5444444444444444 0.3654618473895582 0.5611111111111111 0.37751004016064255 0.5611111111111111 0.40160642570281124 0.5833333333333334 0.41365461847389556 0.5833333333333334 0.41365461847389556 0.5888888888888889 0.40963855421686746 0.5833333333333334 0.40562248995983935 0.5888888888888889 0.39759036144578314 0.5888888888888889 0.39357429718875503 0.5944444444444444 0.3895582329317269 0.5888888888888889 0.3614457831325301 0.5888888888888889 0.357429718875502 0.5833333333333334 0.3534136546184739 0.5888888888888889 0.3493975903614458 0.5888888888888889 0.3453815261044177 0.5833333333333334 0.3373493975903614 0.5944444444444444 0.3293172690763052 0.5944444444444444 0.321285140562249 0.6055555555555555 0.3172690763052209 0.6055555555555555 0.3132530120481928 0.6111111111111112 0.3132530120481928 0.6166666666666667 0.30522088353413657 0.6277777777777778 0.30522088353413657 0.6388888888888888 0.2971887550200803 0.6555555555555556 0.30120481927710846 0.6611111111111111 0.30120481927710846 0.6833333333333333 0.30522088353413657 0.6888888888888889 0.30522088353413657 0.6944444444444444 0.3172690763052209 0.7055555555555556 0.3253012048192771 0.7055555555555556 0.3253012048192771 0.7111111111111111 0.3293172690763052 0.7166666666666667 0.3293172690763052 0.7222222222222222 0.3373493975903614 0.7333333333333333 0.3413654618473896 0.7333333333333333 0.3493975903614458 0.7444444444444445 0.3534136546184739 0.7444444444444445 0.357429718875502 0.75 0.36947791164658633 0.75 0.37349397590361444 0.7555555555555555 0.3815261044176707 0.7555555555555555 0.3855421686746988 0.7611111111111111 0.3895582329317269 0.7611111111111111 0.39357429718875503 0.7666666666666667 0.40160642570281124 0.7666666666666667 0.41365461847389556 0.7777777777777778 0.42971887550200805 0.7777777777777778 0.43373493975903615 0.7833333333333333 0.44176706827309237 0.7833333333333333 0.4457831325301205 0.7777777777777778 0.4538152610441767 0.7777777777777778 0.46586345381526106 0.7611111111111111 0.46987951807228917 0.7611111111111111 0.4779116465863454 0.75 0.4779116465863454 0.7444444444444445 0.4819277108433735 0.7388888888888889 0.4819277108433735 0.7333333333333333 0.4899598393574297 0.7166666666666667 0.4859437751004016 0.7111111111111111 0.4859437751004016 0.6944444444444444 0.4819277108433735 0.6888888888888889 0.4819277108433735 0.6722222222222223 0.4738955823293173 0.6611111111111111 0.4738955823293173 0.6555555555555556 0.46987951807228917 0.65 0.46987951807228917 0.6388888888888888 0.46586345381526106 0.6333333333333333 0.4859437751004016 0.6333333333333333 0.4899598393574297 0.6277777777777778 0.4979919678714859 0.6277777777777778 0.5020080321285141 0.6222222222222222 0.5060240963855421 0.6222222222222222 0.5100401606425703 0.6166666666666667 0.5140562248995983 0.6166666666666667 0.5261044176706827 0.6 0.5261044176706827 0.5944444444444444 0.5301204819277109 0.5888888888888889 0.5301204819277109 0.5777777777777777 0.5341365461847389 0.5722222222222222 0.5341365461847389 0.5444444444444444 0.5301204819277109 0.5388888888888889 0.5301204819277109 0.5277777777777778 0.5261044176706827 0.5222222222222223 0.5261044176706827 0.5166666666666667 0.5220883534136547 0.5111111111111111 0.5220883534136547 0.5055555555555555 0.5180722891566265 0.5 0.5180722891566265 0.49444444444444446 0.5261044176706827 0.49444444444444446 0.5301204819277109 0.5 0.5421686746987951 0.5 0.5502008032128514 0.5111111111111111 0.5542168674698795 0.5111111111111111 0.5662650602409639 0.5277777777777778 0.5662650602409639 0.5722222222222222 0.5622489959839357 0.5777777777777777 0.5622489959839357 0.5888888888888889 0.5582329317269076 0.5944444444444444 0.5582329317269076 0.6055555555555555 0.5542168674698795 0.6111111111111112 0.5542168674698795 0.6166666666666667 0.5502008032128514 0.6222222222222222 0.5502008032128514 0.6277777777777778 0.5461847389558233 0.6333333333333333 0.5461847389558233 0.6388888888888888 0.5421686746987951 0.6444444444444445 0.5421686746987951 0.65 0.5381526104417671 0.6555555555555556 0.5381526104417671 0.6611111111111111 0.5301204819277109 0.6722222222222223 0.5301204819277109 0.6888888888888889 0.5261044176706827 0.6944444444444444 0.5261044176706827 0.7055555555555556 0.5180722891566265 0.7166666666666667 0.5180722891566265 0.7222222222222222 0.5140562248995983 0.7277777777777777 0.5140562248995983 0.7444444444444445 0.5100401606425703 0.75 0.5100401606425703 0.7555555555555555 0.5060240963855421 0.7611111111111111 0.5060240963855421 0.7666666666666667 0.5020080321285141 0.7722222222222223 0.5020080321285141 0.7777777777777778 0.4979919678714859 0.7833333333333333 0.4979919678714859 0.7888888888888889 0.4899598393574297 0.8 0.4899598393574297 0.8166666666666667 0.4859437751004016 0.8222222222222222 0.4859437751004016 0.8277777777777777 0.4819277108433735 0.8333333333333334 0.4819277108433735 0.8388888888888889 0.4738955823293173 0.8555555555555555 0.4738955823293173 0.8666666666666667 0.46987951807228917 0.8722222222222222 0.46987951807228917 0.8777777777777778 0.46586345381526106 0.8833333333333333 0.46586345381526106 0.8888888888888888 0.46184738955823296 0.8944444444444445 0.46184738955823296 0.9 0.4578313253012048 0.9055555555555556 0.4578313253012048 0.9111111111111111 0.42570281124497994 0.9111111111111111 0.42971887550200805 0.9055555555555556 0.42971887550200805 0.9 0.43775100401606426 0.8888888888888888 0.43775100401606426 0.8777777777777778 0.44176706827309237 0.8722222222222222 0.44176706827309237 0.8333333333333334 0.43775100401606426 0.8277777777777777 0.43775100401606426 0.8222222222222222 0.43373493975903615 0.8166666666666667 0.43373493975903615 0.8111111111111111 0.41767068273092367 0.7888888888888889 0.41365461847389556 0.7888888888888889 0.40963855421686746 0.7833333333333333 0.40160642570281124 0.7833333333333333 0.39759036144578314 0.7777777777777778 0.39357429718875503 0.7777777777777778 0.3815261044176707 0.7666666666666667 0.37349397590361444 0.7666666666666667 0.3614457831325301 0.7555555555555555 0.3534136546184739 0.7555555555555555 0.3413654618473896 0.7444444444444445 0.3293172690763052 0.7444444444444445 0.3172690763052209 0.7333333333333333 0.2971887550200803 0.7333333333333333 0.2931726907630522 0.7388888888888889 0.28112449799196787 0.7388888888888889 0.2570281124497992 0.7722222222222223 0.2570281124497992 0.7777777777777778 0.24899598393574296 0.7944444444444444 0.24899598393574296 0.8277777777777777 0.25301204819277107 0.8333333333333334 0.25301204819277107 0.8388888888888889 0.2570281124497992 0.8444444444444444 0.2570281124497992 0.85 0.27309236947791166 0.8722222222222222 0.27710843373493976 0.8722222222222222 0.26907630522088355 0.8722222222222222 0.26506024096385544 0.8777777777777778 0.25301204819277107 0.8777777777777778 0.24899598393574296 0.8833333333333333 0.23694779116465864 0.8833333333333333 0.23293172690763053 0.8888888888888888 0.2248995983935743 0.8888888888888888 0.2248995983935743 0.8833333333333333 0.23293172690763053 0.8833333333333333 0.24096385542168675 0.8722222222222222 0.2289156626506024 0.8555555555555555 0.2248995983935743 0.8555555555555555 0.22088353413654618 0.85 0.20883534136546184 0.85 0.20080321285140562 0.8611111111111112 0.20080321285140562 0.8777777777777778 0.20481927710843373 0.8833333333333333 0.21285140562248997 0.8833333333333333 0.21285140562248997 0.8888888888888888 0.21686746987951808 0.8944444444444445 0.21686746987951808 0.9 0.20883534136546184 0.9111111111111111 0.19678714859437751 0.9111111111111111 0.1927710843373494 0.9166666666666666 0.18072289156626506 0.9166666666666666 0.17670682730923695 0.9111111111111111 0.17670682730923695 0.9 0.18072289156626506 0.8944444444444445 0.18072289156626506 0.8666666666666667 0.17269076305220885 0.85 0.17269076305220885 0.8388888888888889 0.1646586345381526 0.8222222222222222 0.1646586345381526 0.8111111111111111 0.17670682730923695 0.8111111111111111 0.18072289156626506 0.8055555555555556 0.18473895582329317 0.8111111111111111 0.18875502008032127 0.8111111111111111 0.1927710843373494 0.8055555555555556 0.19678714859437751 0.8055555555555556 0.20080321285140562 0.8 0.20481927710843373 0.8 0.20883534136546184 0.7944444444444444 0.21285140562248997 0.7944444444444444 0.21686746987951808 0.7888888888888889 0.21686746987951808 0.7833333333333333 0.2289156626506024 0.7666666666666667 0.2289156626506024 0.7111111111111111 0.22088353413654618 0.6944444444444444 0.22088353413654618 0.6722222222222223 0.2248995983935743 0.6666666666666666 0.2289156626506024 0.6722222222222223 0.23293172690763053 0.6666666666666666 0.24096385542168675 0.6666666666666666 0.24497991967871485 0.6611111111111111 0.25301204819277107 0.6611111111111111 0.26907630522088355 0.6388888888888888 0.26907630522088355 0.6333333333333333 0.27710843373493976 0.6166666666666667 0.27710843373493976 0.6055555555555555 0.28112449799196787 0.6 0.28112449799196787 0.5777777777777777 0.27710843373493976 0.5722222222222222 0.27710843373493976 0.5555555555555556 0.27309236947791166 0.55 0.27309236947791166 0.5388888888888889 0.26506024096385544 0.5277777777777778 0.26506024096385544 0.5222222222222223 0.27309236947791166 0.5222222222222223 0.27710843373493976 0.5166666666666667 0.2931726907630522 0.5166666666666667 0.2971887550200803 0.5111111111111111 0.30120481927710846 0.5111111111111111 0.30522088353413657 0.5055555555555555 0.3092369477911647 0.5055555555555555 0.3132530120481928 0.5 0.3132530120481928 0.49444444444444446 0.321285140562249 0.48333333333333334 0.321285140562249 0.4777777777777778 0.3293172690763052 0.46111111111111114 0.3293172690763052 0.42777777777777776 0.3253012048192771 0.4222222222222222 0.3253012048192771 0.4111111111111111 0.321285140562249 0.40555555555555556 0.321285140562249 0.4 0.30522088353413657 0.37777777777777777 0.30120481927710846 0.37777777777777777 0.2891566265060241 0.3611111111111111 0.27710843373493976 0.3611111111111111 0.26907630522088355 0.35 0.26506024096385544 0.35 0.26104417670682734 0.34444444444444444
19 0.43775100401606426 0.46111111111111114 0.44176706827309237 0.4666666666666667 0.4457831325301205 0.4666666666666667 0.4538152610441767 0.4777777777777778 0.46987951807228917 0.4777777777777778 0.4819277108433735 0.4888888888888889 0.4939759036144578 0.4888888888888889 0.4979919678714859 0.49444444444444446 0.5060240963855421 0.49444444444444446 0.5140562248995983 0.5055555555555555 0.5140562248995983 0.5111111111111111 0.5220883534136547 0.5222222222222223 0.5220883534136547 0.5277777777777778 0.5261044176706827 0.5333333333333333 0.5261044176706827 0.5833333333333334 0.5220883534136547 0.5888888888888889 0.5220883534136547 0.5944444444444444 0.5140562248995983 0.6055555555555555 0.5140562248995983 0.6111111111111112 0.5100401606425703 0.6111111111111112 0.5060240963855421 0.6166666666666667 0.4979919678714859 0.6166666666666667 0.4939759036144578 0.6222222222222222 0.46586345381526106 0.6222222222222222 0.46184738955823296 0.6166666666666667 0.4538152610441767 0.6166666666666667 0.4457831325301205 0.6055555555555555 0.44176706827309237 0.6055555555555555 0.41767068273092367 0.5722222222222222 0.40963855421686746 0.5722222222222222 0.40562248995983935 0.5666666666666667 0.39759036144578314 0.5666666666666667 0.3895582329317269 0.5555555555555556 0.3855421686746988 0.5555555555555556 0.3815261044176707 0.55 0.3654618473895582 0.55 0.357429718875502 0.5388888888888889 0.357429718875502 0.5277777777777778 0.3534136546184739 0.5222222222222223 0.3534136546184739 0.5166666666666667 0.357429718875502 0.5111111111111111 0.357429718875502 0.4888888888888889 0.36947791164658633 0.4722222222222222 0.36947791164658633 0.4666666666666667 0.37349397590361444 0.46111111111111114 0.37751004016064255 0.46111111111111114 0.3855421686746988 0.45 0.42971887550200805 0.45 0.42971887550200805 0.45555555555555555 0.43373493975903615 0.46111111111111114
19 0.6706827309236948 0.16666666666666666 0.6746987951807228 0.17222222222222222 0.6947791164658634 0.17222222222222222 0.6947791164658634 0.17777777777777778 0.6867469879518072 0.17777777777777778 0.6746987951807228 0.18888888888888888 0.6546184738955824 0.18888888888888888 0.6385542168674698 0.2111111111111111 0.6345381526104418 0.2111111111111111 0.6024096385542169 0.25555555555555554 0.6024096385542169 0.2722222222222222 0.5983935742971888 0.2777777777777778 0.5983935742971888 0.28888888888888886 0.6024096385542169 0.29444444444444445 0.6024096385542169 0.31666666666666665 0.606425702811245 0.32222222222222224 0.606425702811245 0.3333333333333333 0.6144578313253012 0.34444444444444444 0.6104417670682731 0.35 0.6104417670682731 0.35555555555555557 0.6224899598393574 0.37222222222222223 0.6385542168674698 0.37222222222222223 0.642570281124498 0.37777777777777777 0.6465863453815262 0.37777777777777777 0.6586345381526104 0.3888888888888889 0.6706827309236948 0.3888888888888889 0.6746987951807228 0.39444444444444443 0.678714859437751 0.39444444444444443 0.6827309236947792 0.3888888888888889 0.6867469879518072 0.39444444444444443 0.6907630522088354 0.39444444444444443 0.6947791164658634 0.3888888888888889 0.7068273092369478 0.3888888888888889 0.7108433734939759 0.38333333333333336 0.7309236947791165 0.38333333333333336 0.7349397590361446 0.37777777777777777 0.7389558232931727 0.37777777777777777 0.7670682730923695 0.3388888888888889 0.7670682730923695 0.3277777777777778 0.7751004016064257 0.31666666666666665 0.7751004016064257 0.3055555555555556 0.7791164658634538 0.3055555555555556 0.7871485943775101 0.31666666666666665 0.7911646586345381 0.31666666666666665 0.7991967871485943 0.3277777777777778 0.7991967871485943 0.3333333333333333 0.8032128514056225 0.3388888888888889 0.8032128514056225 0.34444444444444444 0.8112449799196787 0.3611111111111111 0.8112449799196787 0.37777777777777777 0.8152610441767069 0.38333333333333336 0.8032128514056225 0.39444444444444443 0.7991967871485943 0.3888888888888889 0.7951807228915663 0.39444444444444443 0.7630522088353414 0.39444444444444443 0.7590361445783133 0.4 0.7469879518072289 0.4 0.7429718875502008 0.40555555555555556 0.714859437751004 0.40555555555555556 0.7108433734939759 0.4111111111111111 0.6947791164658634 0.4111111111111111 0.6907630522088354 0.4166666666666667 0.6706827309236948 0.4166666666666667 0.6666666666666666 0.4222222222222222 0.6506024096385542 0.4222222222222222 0.6465863453815262 0.42777777777777776 0.6305220883534136 0.42777777777777776 0.6265060240963856 0.43333333333333335 0.6144578313253012 0.43333333333333335 0.6104417670682731 0.4388888888888889 0.6024096385542169 0.4388888888888889 0.5983935742971888 0.4444444444444444 0.5903614457831325 0.4444444444444444 0.5863453815261044 0.45 0.5742971887550201 0.45 0.570281124497992 0.45555555555555555 0.5582329317269076 0.45555555555555555 0.5542168674698795 0.46111111111111114 0.5100401606425703 0.46111111111111114 0.5140562248995983 0.46111111111111114 0.5180722891566265 0.45555555555555555 0.5301204819277109 0.45555555555555555 0.5341365461847389 0.45 0.5381526104417671 0.45 0.5421686746987951 0.4444444444444444 0.5461847389558233 0.4444444444444444 0.5622489959839357 0.4222222222222222 0.5622489959839357 0.4166666666666667 0.570281124497992 0.4166666666666667 0.5903614457831325 0.3888888888888889 0.5903614457831325 0.37777777777777777 0.5943775100401606 0.37222222222222223 0.5943775100401606 0.36666666666666664 0.5903614457831325 0.3611111111111111 0.5863453815261044 0.3611111111111111 0.5863453815261044 0.35 0.5903614457831325 0.35 0.5943775100401606 0.34444444444444444 0.5943775100401606 0.3388888888888889 0.5983935742971888 0.3333333333333333 0.5943775100401606 0.3277777777777778 0.5983935742971888 0.32222222222222224 0.5983935742971888 0.31666666666666665 0.5943775100401606 0.3111111111111111 0.5943775100401606 0.3055555555555556 0.5903614457831325 0.3 0.5903614457831325 0.29444444444444445 0.5863453815261044 0.28888888888888886 0.5863453815261044 0.2833333333333333 0.5823293172690763 0.2777777777777778 0.5823293172690763 0.2722222222222222 0.5662650602409639 0.25 0.5622489959839357 0.25 0.5582329317269076 0.24444444444444444 0.5502008032128514 0.24444444444444444 0.5381526104417671 0.23333333333333334 0.5301204819277109 0.23333333333333334 0.5261044176706827 0.22777777777777777 0.5180722891566265 0.22777777777777777 0.5060240963855421 0.2388888888888889 0.4819277108433735 0.2388888888888889 0.4779116465863454 0.24444444444444444 0.4738955823293173 0.24444444444444444 0.46586345381526106 0.25555555555555554 0.4497991967871486 0.25555555555555554 0.4457831325301205 0.2611111111111111 0.4457831325301205 0.26666666666666666 0.44176706827309237 0.2722222222222222 0.44176706827309237 0.2777777777777778 0.43373493975903615 0.28888888888888886 0.43373493975903615 0.29444444444444445 0.42971887550200805 0.3 0.42971887550200805 0.31666666666666665 0.42570281124497994 0.32222222222222224 0.42570281124497994 0.36666666666666664 0.42971887550200805 0.37222222222222223 0.42971887550200805 0.39444444444444443 0.43373493975903615 0.4 0.43775100401606426 0.4 0.43775100401606426 0.40555555555555556 0.4538152610441767 0.42777777777777776 0.4578313253012048 0.42777777777777776 0.4578313253012048 0.43333333333333335 0.46184738955823296 0.4388888888888889 0.44176706827309237 0.4388888888888889 0.43775100401606426 0.43333333333333335 0.42971887550200805 0.43333333333333335 0.42168674698795183 0.4222222222222222 0.42570281124497994 0.4166666666666667 0.42570281124497994 0.39444444444444443 0.41767068273092367 0.37777777777777777 0.41767068273092367 0.36666666666666664 0.40963855421686746 0.35 0.40963855421686746 0.3388888888888889 0.40160642570281124 0.3277777777777778 0.39759036144578314 0.3277777777777778 0.3855421686746988 0.3111111111111111 0.3815261044176707 0.3111111111111111 0.37751004016064255 0.3055555555555556 0.37349397590361444 0.3055555555555556 0.3654618473895582 0.29444444444444445 0.3614457831325301 0.29444444444444445 0.357429718875502 0.28888888888888886 0.3373493975903614 0.28888888888888886 0.3333333333333333 0.29444444444444445 0.3293172690763052 0.29444444444444445 0.3132530120481928 0.31666666666666665 0.3092369477911647 0.31666666666666665 0.30522088353413657 0.32222222222222224 0.30522088353413657 0.3277777777777778 0.2931726907630522 0.34444444444444444 0.285140562248996 0.34444444444444444 0.28112449799196787 0.3388888888888889 0.27309236947791166 0.3388888888888889 0.26907630522088355 0.3333333333333333 0.26104417670682734 0.3333333333333333 0.2570281124497992 0.3277777777777778 0.25301204819277107 0.3277777777777778 0.24497991967871485 0.31666666666666665 0.24096385542168675 0.31666666666666665 0.24096385542168675 0.3055555555555556 0.24497991967871485 0.3 0.24497991967871485 0.29444444444444445 0.24899598393574296 0.29444444444444445 0.25301204819277107 0.28888888888888886 0.26104417670682734 0.28888888888888886 0.26506024096385544 0.2833333333333333 0.27309236947791166 0.2833333333333333 0.27710843373493976 0.2777777777777778 0.285140562248996 0.2777777777777778 0.2891566265060241 0.2722222222222222 0.2931726907630522 0.2777777777777778 0.30120481927710846 0.2777777777777778 0.30522088353413657 0.2722222222222222 0.3815261044176707 0.2722222222222222 0.3855421686746988 0.26666666666666666 0.39759036144578314 0.26666666666666666 0.40160642570281124 0.2611111111111111 0.41365461847389556 0.2611111111111111 0.42570281124497994 0.25 0.43373493975903615 0.25 0.43775100401606426 0.24444444444444444 0.4457831325301205 0.24444444444444444 0.4497991967871486 0.2388888888888889 0.4578313253012048 0.2388888888888889 0.46184738955823296 0.23333333333333334 0.46987951807228917 0.23333333333333334 0.4779116465863454 0.2222222222222222 0.4899598393574297 0.2222222222222222 0.4939759036144578 0.21666666666666667 0.5020080321285141 0.21666666666666667 0.5060240963855421 0.2111111111111111 0.5220883534136547 0.2111111111111111 0.5261044176706827 0.20555555555555555 0.5421686746987951 0.20555555555555555 0.5461847389558233 0.2 0.5622489959839357 0.2 0.5662650602409639 0.19444444444444445 0.5863453815261044 0.19444444444444445 0.5903614457831325 0.18888888888888888 0.5983935742971888 0.18888888888888888 0.6024096385542169 0.18333333333333332 0.6224899598393574 0.18333333333333332 0.6265060240963856 0.17777777777777778 0.6345381526104418 0.17777777777777778 0.6385542168674698 0.17222222222222222 0.6666666666666666 0.17222222222222222
19 0.7791164658634538 0 0.7951807228915663 0 0.7951807228915663 0.005555555555555556 0.7911646586345381 0.011111111111111112 0.7871485943775101 0.005555555555555556 0.7791164658634538 0.016666666666666666 0.7791164658634538 0.011111111111111112 0.7751004016064257 0.005555555555555556 0.7710843373493976 0.011111111111111112 0.7710843373493976 0.016666666666666666 0.7670682730923695 0.011111111111111112 0.7550200803212851 0.011111111111111112 0.7429718875502008 0.022222222222222223 0.7429718875502008 0.027777777777777776 0.7389558232931727 0.027777777777777776 0.7349397590361446 0.03333333333333333 0.7349397590361446 0.03888888888888889 0.714859437751004 0.03888888888888889 0.714859437751004 0.03333333333333333 0.7108433734939759 0.027777777777777776 0.7028112449799196 0.027777777777777776 0.6987951807228916 0.03333333333333333 0.6907630522088354 0.03333333333333333 0.678714859437751 0.05 0.678714859437751 0.05555555555555555 0.6746987951807228 0.05555555555555555 0.6706827309236948 0.06111111111111111 0.6706827309236948 0.06666666666666667 0.6626506024096386 0.07777777777777778 0.6626506024096386 0.08333333333333333 0.6666666666666666 0.08888888888888889 0.6626506024096386 0.09444444444444444 0.6586345381526104 0.09444444444444444 0.6506024096385542 0.10555555555555556 0.6506024096385542 0.13333333333333333 0.6586345381526104 0.14444444444444443 0.6626506024096386 0.14444444444444443 0.6706827309236948 0.15555555555555556 0.6666666666666666 0.16111111111111112 0.6465863453815262 0.16111111111111112 0.642570281124498 0.16666666666666666 0.6305220883534136 0.16666666666666666 0.6265060240963856 0.17222222222222222 0.606425702811245 0.17222222222222222 0.6024096385542169 0.17777777777777778 0.5863453815261044 0.17777777777777778 0.5823293172690763 0.18333333333333332 0.570281124497992 0.18333333333333332 0.5662650602409639 0.18888888888888888 0.5461847389558233 0.18888888888888888 0.5421686746987951 0.19444444444444445 0.5421686746987951 0.18333333333333332 0.5461847389558233 0.18333333333333332 0.5502008032128514 0.17777777777777778 0.5542168674698795 0.17777777777777778 0.5582329317269076 0.17222222222222222 0.5622489959839357 0.17222222222222222 0.570281124497992 0.16111111111111112 0.5742971887550201 0.16111111111111112 0.5783132530120482 0.15555555555555556 0.5863453815261044 0.15555555555555556 0.5943775100401606 0.14444444444444443 0.5983935742971888 0.14444444444444443 0.606425702811245 0.13333333333333333 0.606425702811245 0.12777777777777777 0.6104417670682731 0.12222222222222222 0.606425702811245 0.11666666666666667 0.606425702811245 0.09444444444444444 0.6024096385542169 0.08888888888888889 0.6024096385542169 0.08333333333333333 0.5863453815261044 0.06111111111111111 0.5863453815261044 0.05 0.5823293172690763 0.044444444444444446 0.5823293172690763 0.027777777777777776 0.5863453815261044 0.022222222222222223 0.5863453815261044 0.016666666666666666 0.5903614457831325 0.011111111111111112 0.5903614457831325 0.005555555555555556 0.5943775100401606 0 0.6546184738955824 0 0.6546184738955824 0.005555555555555556 0.6586345381526104 0.011111111111111112 0.6666666666666666 0.011111111111111112 0.6746987951807228 0 0.7751004016064257 0
19 0.5261044176706827 0.4777777777777778 0.5341365461847389 0.4777777777777778 0.5381526104417671 0.4722222222222222 0.5502008032128514 0.4722222222222222 0.5542168674698795 0.4666666666666667 0.5662650602409639 0.4666666666666667 0.606425702811245 0.5222222222222223 0.6104417670682731 0.5222222222222223 0.6184738955823293 0.5333333333333333 0.6184738955823293 0.5388888888888889 0.6224899598393574 0.5444444444444444 0.6265060240963856 0.5444444444444444 0.6465863453815262 0.5722222222222222 0.6506024096385542 0.5722222222222222 0.6506024096385542 0.5777777777777777 0.6586345381526104 0.5888888888888889 0.6385542168674698 0.5888888888888889 0.6345381526104418 0.5944444444444444 0.6184738955823293 0.5944444444444444 0.6144578313253012 0.6 0.5742971887550201 0.6 0.570281124497992 0.6055555555555555 0.5662650602409639 0.6055555555555555 0.5662650602409639 0.6 0.5742971887550201 0.5833333333333334 0.5742971887550201 0.5666666666666667 0.5783132530120482 0.5611111111111111 0.5783132530120482 0.5444444444444444 0.5742971887550201 0.5388888888888889 0.5742971887550201 0.5277777777777778 0.570281124497992 0.5222222222222223 0.570281124497992 0.5166666666666667 0.5582329317269076 0.5 0.5542168674698795 0.5 0.5502008032128514 0.49444444444444446 0.5461847389558233 0.49444444444444446 0.5421686746987951 0.4888888888888889 0.5381526104417671 0.4888888888888889 0.5341365461847389 0.48333333333333334 0.5301204819277109 0.48333333333333334
19 0.5622489959839357 0.6222222222222222 0.570281124497992 0.6222222222222222 0.5823293172690763 0.6111111111111112 0.6224899598393574 0.6111111111111112 0.6265060240963856 0.6055555555555555 0.6345381526104418 0.6055555555555555 0.6385542168674698 0.6 0.6987951807228916 0.6 0.7028112449799196 0.5944444444444444 0.7188755020080321 0.5944444444444444 0.7228915662650602 0.5888888888888889 0.7349397590361446 0.5888888888888889 0.7389558232931727 0.5833333333333334 0.751004016064257 0.5833333333333334 0.7550200803212851 0.5777777777777777 0.7791164658634538 0.5777777777777777 0.7831325301204819 0.5722222222222222 0.7911646586345381 0.5722222222222222 0.7951807228915663 0.5666666666666667 0.8072289156626506 0.5666666666666667 0.8112449799196787 0.5611111111111111 0.8232931726907631 0.5611111111111111 0.8273092369477911 0.5555555555555556 0.8433734939759037 0.5555555555555556 0.8473895582329317 0.55 0.8634538152610441 0.55 0.8674698795180723 0.5444444444444444 0.8835341365461847 0.5444444444444444 0.8875502008032129 0.5388888888888889 0.8955823293172691 0.5388888888888889 0.9076305220883534 0.5277777777777778 0.9156626506024096 0.5277777777777778 0.927710843373494 0.5166666666666667 0.9357429718875502 0.5166666666666667 0.9397590361445783 0.5111111111111111 0.9477911646586346 0.5111111111111111 0.9518072289156626 0.5055555555555555 0.9598393574297188 0.5055555555555555 0.963855421686747 0.5 0.9718875502008032 0.5 0.9759036144578314 0.49444444444444446 0.9839357429718876 0.49444444444444446 0.9879518072289156 0.4888888888888889 0.9919678714859438 0.4888888888888889 0.9959839357429718 0.49444444444444446 0.9959839357429718 0.5388888888888889 0.9919678714859438 0.5444444444444444 0.9919678714859438 0.5833333333333334 0.9959839357429718 0.5888888888888889 0.9959839357429718 0.6 0.9919678714859438 0.6055555555555555 0.9919678714859438 0.6277777777777778 0.9959839357429718 0.6333333333333333 0.9919678714859438 0.6388888888888888 0.9919678714859438 0.6555555555555556 0.9959839357429718 0.6611111111111111 0.9959839357429718 0.6722222222222223 0.9919678714859438 0.6777777777777778 0.9919678714859438 0.6833333333333333 0.9879518072289156 0.6833333333333333 0.9839357429718876 0.6888888888888889 0.9879518072289156 0.6944444444444444 0.9879518072289156 0.7055555555555556 0.9919678714859438 0.7111111111111111 0.9919678714859438 0.7222222222222222 0.9959839357429718 0.7277777777777777 0.9959839357429718 0.7555555555555555 0.9919678714859438 0.7611111111111111 0.9919678714859438 0.7777777777777778 0.9959839357429718 0.7833333333333333 0.9959839357429718 0.8166666666666667 0.9919678714859438 0.8222222222222222 0.9919678714859438 0.8388888888888889 0.9879518072289156 0.8388888888888889 0.9839357429718876 0.8444444444444444 0.9678714859437751 0.8444444444444444 0.963855421686747 0.85 0.9477911646586346 0.85 0.9437751004016064 0.8555555555555555 0.9357429718875502 0.8555555555555555 0.9317269076305221 0.8611111111111112 0.9236947791164659 0.8611111111111112 0.9196787148594378 0.8666666666666667 0.9076305220883534 0.8666666666666667 0.8955823293172691 0.8777777777777778 0.8875502008032129 0.8777777777777778 0.8835341365461847 0.8833333333333333 0.8755020080321285 0.8833333333333333 0.8714859437751004 0.8888888888888888 0.8674698795180723 0.8888888888888888 0.8554216867469879 0.9 0.8473895582329317 0.9 0.8433734939759037 0.9055555555555556 0.8393574297188755 0.9055555555555556 0.8273092369477911 0.9166666666666666 0.751004016064257 0.9166666666666666 0.7469879518072289 0.9111111111111111 0.7429718875502008 0.9111111111111111 0.7389558232931727 0.9166666666666666 0.7349397590361446 0.9111111111111111 0.7269076305220884 0.9111111111111111 0.7228915662650602 0.9166666666666666 0.7188755020080321 0.9111111111111111 0.714859437751004 0.9166666666666666 0.6867469879518072 0.9166666666666666 0.6827309236947792 0.9111111111111111 0.6867469879518072 0.9055555555555556 0.6867469879518072 0.8944444444444445 0.6947791164658634 0.8833333333333333 0.6907630522088354 0.8777777777777778 0.6907630522088354 0.8666666666666667 0.6867469879518072 0.8611111111111112 0.6867469879518072 0.8555555555555555 0.6827309236947792 0.85 0.6827309236947792 0.8388888888888889 0.6746987951807228 0.8277777777777777 0.6746987951807228 0.8222222222222222 0.6666666666666666 0.8111111111111111 0.6626506024096386 0.8111111111111111 0.6586345381526104 0.8055555555555556 0.6385542168674698 0.8055555555555556 0.6345381526104418 0.8111111111111111 0.6224899598393574 0.8111111111111111 0.6184738955823293 0.8166666666666667 0.6144578313253012 0.8166666666666667 0.6104417670682731 0.8222222222222222 0.606425702811245 0.8222222222222222 0.5983935742971888 0.8333333333333334 0.6024096385542169 0.8388888888888889 0.5983935742971888 0.8444444444444444 0.606425702811245 0.8555555555555555 0.6104417670682731 0.8555555555555555 0.6104417670682731 0.8666666666666667 0.6144578313253012 0.8722222222222222 0.6184738955823293 0.8722222222222222 0.6144578313253012 0.8722222222222222 0.6104417670682731 0.8777777777777778 0.6104417670682731 0.8833333333333333 0.6144578313253012 0.8888888888888888 0.6184738955823293 0.8833333333333333 0.6224899598393574 0.8888888888888888 0.6184738955823293 0.8944444444444445 0.6184738955823293 0.9111111111111111 0.606425702811245 0.9111111111111111 0.6024096385542169 0.9166666666666666 0.5823293172690763 0.9166666666666666 0.5783132530120482 0.9111111111111111 0.5742971887550201 0.9166666666666666 0.570281124497992 0.9111111111111111 0.5381526104417671 0.9111111111111111 0.5381526104417671 0.9 0.5341365461847389 0.8944444444444445 0.5341365461847389 0.8833333333333333 0.5261044176706827 0.8722222222222222 0.5220883534136547 0.8722222222222222 0.5220883534136547 0.8611111111111112 0.5140562248995983 0.85 0.5100401606425703 0.85 0.5020080321285141 0.8388888888888889 0.4979919678714859 0.8388888888888889 0.4939759036144578 0.8333333333333334 0.4939759036144578 0.8277777777777777 0.4979919678714859 0.8222222222222222 0.4979919678714859 0.8166666666666667 0.5020080321285141 0.8111111111111111 0.5020080321285141 0.8055555555555556 0.5060240963855421 0.8 0.5060240963855421 0.7944444444444444 0.5140562248995983 0.7777777777777778 0.5140562248995983 0.7666666666666667 0.5180722891566265 0.7611111111111111 0.5180722891566265 0.7555555555555555 0.5220883534136547 0.75 0.5220883534136547 0.7444444444444445 0.5301204819277109 0.7333333333333333 0.5301204819277109 0.7277777777777777 0.5341365461847389 0.7222222222222222 0.5341365461847389 0.7055555555555556 0.5381526104417671 0.7 0.5381526104417671 0.6888888888888889 0.5421686746987951 0.6833333333333333 0.5421686746987951 0.6777777777777778 0.5461847389558233 0.6722222222222223 0.5461847389558233 0.6666666666666666 0.5502008032128514 0.6611111111111111 0.5502008032128514 0.6555555555555556 0.5542168674698795 0.65 0.5542168674698795 0.6444444444444445 0.5582329317269076 0.6388888888888888 0.5582329317269076 0.6333333333333333 0.5622489959839357 0.6277777777777778
19 0.11646586345381527 0.07777777777777778 0.12048192771084337 0.08333333333333333 0.13253012048192772 0.08333333333333333 0.13654618473895583 0.08888888888888889 0.1566265060240964 0.08888888888888889 0.1606425702811245 0.09444444444444444 0.17269076305220885 0.09444444444444444 0.17670682730923695 0.1 0.18473895582329317 0.1 0.18875502008032127 0.10555555555555556 0.19678714859437751 0.10555555555555556 0.20080321285140562 0.1111111111111111 0.20481927710843373 0.1111111111111111 0.21285140562248997 0.12222222222222222 0.21285140562248997 0.12777777777777777 0.21686746987951808 0.13333333333333333 0.21686746987951808 0.15555555555555556 0.21285140562248997 0.16111111111111112 0.21285140562248997 0.16666666666666666 0.20481927710843373 0.17777777777777778 0.20080321285140562 0.17777777777777778 0.19678714859437751 0.18333333333333332 0.1927710843373494 0.18333333333333332 0.18473895582329317 0.19444444444444445 0.1646586345381526 0.19444444444444445 0.15261044176706828 0.18333333333333332 0.14056224899598393 0.18333333333333332 0.13654618473895583 0.17777777777777778 0.12449799196787148 0.17777777777777778 0.12048192771084337 0.18333333333333332 0.11244979919678715 0.18333333333333332 0.0963855421686747 0.20555555555555555 0.0963855421686747 0.2111111111111111 0.09236947791164658 0.21666666666666667 0.09236947791164658 0.22777777777777777 0.08032128514056225 0.24444444444444444 0.07630522088353414 0.24444444444444444 0.07228915662650602 0.2388888888888889 0.06827309236947791 0.2388888888888889 0.04819277108433735 0.2111111111111111 0.04417670682730924 0.2111111111111111 0.01606425702811245 0.17222222222222222 0.01606425702811245 0.16111111111111112 0.024096385542168676 0.15 0.028112449799196786 0.15 0.04417670682730924 0.12777777777777777 0.04819277108433735 0.12777777777777777 0.05220883534136546 0.12222222222222222 0.05622489959839357 0.12222222222222222 0.0642570281124498 0.1111111111111111 0.0642570281124498 0.10555555555555556 0.07630522088353414 0.08888888888888889 0.08032128514056225 0.08888888888888889 0.09236947791164658 0.07777777777777778 0.11244979919678715 0.07777777777777778
19 0.12449799196787148 0.18333333333333332 0.1285140562248996 0.18888888888888888 0.14457831325301204 0.18888888888888888 0.14859437751004015 0.19444444444444445 0.1606425702811245 0.19444444444444445 0.17269076305220885 0.20555555555555555 0.18072289156626506 0.20555555555555555 0.18473895582329317 0.2111111111111111 0.1927710843373494 0.2111111111111111 0.19678714859437751 0.21666666666666667 0.20481927710843373 0.21666666666666667 0.21686746987951808 0.22777777777777777 0.2248995983935743 0.22777777777777777 0.2289156626506024 0.23333333333333334 0.23694779116465864 0.23333333333333334 0.24096385542168675 0.2388888888888889 0.24899598393574296 0.2388888888888889 0.25301204819277107 0.24444444444444444 0.26104417670682734 0.24444444444444444 0.26506024096385544 0.25 0.26907630522088355 0.25 0.27710843373493976 0.2611111111111111 0.26907630522088355 0.2722222222222222 0.26506024096385544 0.2722222222222222 0.26104417670682734 0.2777777777777778 0.25301204819277107 0.2777777777777778 0.24899598393574296 0.2833333333333333 0.24497991967871485 0.2833333333333333 0.2289156626506024 0.3055555555555556 0.21686746987951808 0.3055555555555556 0.21285140562248997 0.3 0.20883534136546184 0.3 0.20080321285140562 0.28888888888888886 0.1927710843373494 0.28888888888888886 0.18875502008032127 0.2833333333333333 0.1566265060240964 0.2833333333333333 0.15261044176706828 0.28888888888888886 0.14859437751004015 0.28888888888888886 0.14457831325301204 0.29444444444444445 0.14056224899598393 0.29444444444444445 0.1285140562248996 0.3111111111111111 0.1285140562248996 0.31666666666666665 0.12449799196787148 0.32222222222222224 0.12449799196787148 0.3277777777777778 0.12048192771084337 0.3333333333333333 0.12048192771084337 0.3388888888888889 0.11244979919678715 0.35 0.11244979919678715 0.35555555555555557 0.10843373493975904 0.3611111111111111 0.10843373493975904 0.36666666666666664 0.10441767068273092 0.37222222222222223 0.10441767068273092 0.37777777777777777 0.10040160642570281 0.38333333333333336 0.10040160642570281 0.3888888888888889 0.0963855421686747 0.39444444444444443 0.0963855421686747 0.4 0.09236947791164658 0.40555555555555556 0.09236947791164658 0.4111111111111111 0.08835341365461848 0.4166666666666667 0.08835341365461848 0.4222222222222222 0.08433734939759036 0.42777777777777776 0.08433734939759036 0.4388888888888889 0.08032128514056225 0.4444444444444444 0.08032128514056225 0.45 0.07228915662650602 0.46111111111111114 0.07228915662650602 0.4722222222222222 0.0642570281124498 0.48333333333333334 0.0642570281124498 0.4888888888888889 0.05622489959839357 0.5055555555555555 0.05622489959839357 0.5166666666666667 0.04819277108433735 0.5277777777777778 0.04819277108433735 0.5333333333333333 0.04417670682730924 0.5388888888888889 0.04417670682730924 0.5444444444444444 0.03614457831325301 0.5555555555555556 0.03614457831325301 0.5611111111111111 0.024096385542168676 0.5777777777777777 0.024096385542168676 0.5722222222222222 0.01606425702811245 0.5611111111111111 0.008032128514056224 0.5611111111111111 0.004016064257028112 0.5555555555555556 0 0.5555555555555556 0 0.4888888888888889 0.008032128514056224 0.4722222222222222 0.008032128514056224 0.4666666666666667 0.004016064257028112 0.46111111111111114 0.004016064257028112 0.45 0 0.4444444444444444 0 0.4166666666666667 0.008032128514056224 0.4 0.008032128514056224 0.39444444444444443 0.012048192771084338 0.3888888888888889 0.012048192771084338 0.38333333333333336 0.020080321285140562 0.37222222222222223 0.020080321285140562 0.36666666666666664 0.028112449799196786 0.35555555555555557 0.028112449799196786 0.35 0.03614457831325301 0.35 0.04417670682730924 0.3388888888888889 0.040160642570281124 0.3333333333333333 0.04417670682730924 0.3277777777777778 0.04417670682730924 0.32222222222222224 0.05622489959839357 0.3055555555555556 0.05622489959839357 0.3 0.0642570281124498 0.28888888888888886 0.0642570281124498 0.2833333333333333 0.06827309236947791 0.2777777777777778 0.06827309236947791 0.2722222222222222 0.08835341365461848 0.24444444444444444 0.08835341365461848 0.2388888888888889 0.0963855421686747 0.22777777777777777 0.0963855421686747 0.2222222222222222 0.10040160642570281 0.21666666666666667 0.10040160642570281 0.20555555555555555 0.11244979919678715 0.18888888888888888 0.12048192771084337 0.18888888888888888
19 0.9718875502008032 0.6777777777777778 0.9718875502008032 0.6833333333333333 0.9759036144578314 0.6888888888888889 0.9759036144578314 0.6944444444444444 0.9799196787148594 0.7 0.9799196787148594 0.7055555555555556 0.9879518072289156 0.7166666666666667 0.9839357429718876 0.7222222222222222 0.9919678714859438 0.7333333333333333 0.9919678714859438 0.7388888888888889 0.9959839357429718 0.7444444444444445 0.9919678714859438 0.75 0.9919678714859438 0.8388888888888889 0.9879518072289156 0.8444444444444444 0.9759036144578314 0.8444444444444444 0.9718875502008032 0.85 0.9518072289156626 0.85 0.9477911646586346 0.8555555555555555 0.9397590361445783 0.8555555555555555 0.9357429718875502 0.8611111111111112 0.9236947791164659 0.8611111111111112 0.9196787148594378 0.8666666666666667 0.9116465863453815 0.8666666666666667 0.9076305220883534 0.8722222222222222 0.8955823293172691 0.8722222222222222 0.8875502008032129 0.8833333333333333 0.8795180722891566 0.8833333333333333 0.8674698795180723 0.8944444444444445 0.8594377510040161 0.8944444444444445 0.8554216867469879 0.9 0.8514056224899599 0.9 0.8473895582329317 0.9055555555555556 0.8433734939759037 0.9055555555555556 0.8313253012048193 0.9166666666666666 0.6827309236947792 0.9166666666666666 0.6827309236947792 0.9111111111111111 0.678714859437751 0.9055555555555556 0.6827309236947792 0.9055555555555556 0.6907630522088354 0.8944444444444445 0.6907630522088354 0.8777777777777778 0.6827309236947792 0.8611111111111112 0.6827309236947792 0.8444444444444444 0.6746987951807228 0.8333333333333334 0.6746987951807228 0.8277777777777777 0.6626506024096386 0.8111111111111111 0.6546184738955824 0.8111111111111111 0.6506024096385542 0.8055555555555556 0.6465863453815262 0.8111111111111111 0.6305220883534136 0.8111111111111111 0.6265060240963856 0.8166666666666667 0.6184738955823293 0.8166666666666667 0.606425702811245 0.8333333333333334 0.606425702811245 0.8444444444444444 0.6104417670682731 0.85 0.6104417670682731 0.8555555555555555 0.6224899598393574 0.8666666666666667 0.6144578313253012 0.8666666666666667 0.6104417670682731 0.8722222222222222 0.6104417670682731 0.8777777777777778 0.6144578313253012 0.8833333333333333 0.6265060240963856 0.8833333333333333 0.6265060240963856 0.8888888888888888 0.6345381526104418 0.9 0.6385542168674698 0.8944444444444445 0.6385542168674698 0.9 0.642570281124498 0.9055555555555556 0.6506024096385542 0.9055555555555556 0.6546184738955824 0.9111111111111111 0.642570281124498 0.9111111111111111 0.6385542168674698 0.9166666666666666 0.6345381526104418 0.9111111111111111 0.6305220883534136 0.9166666666666666 0.5421686746987951 0.9166666666666666 0.5381526104417671 0.9111111111111111 0.5381526104417671 0.9055555555555556 0.5421686746987951 0.9 0.5381526104417671 0.8944444444444445 0.5341365461847389 0.8944444444444445 0.5341365461847389 0.8833333333333333 0.5301204819277109 0.8777777777777778 0.5220883534136547 0.8777777777777778 0.5220883534136547 0.8722222222222222 0.5180722891566265 0.8666666666666667 0.5180722891566265 0.8555555555555555 0.5140562248995983 0.85 0.5100401606425703 0.85 0.5060240963855421 0.8444444444444444 0.5020080321285141 0.8444444444444444 0.4979919678714859 0.8388888888888889 0.4939759036144578 0.8388888888888889 0.4939759036144578 0.8277777777777777 0.4979919678714859 0.8222222222222222 0.4979919678714859 0.8166666666666667 0.5100401606425703 0.8 0.5341365461847389 0.8 0.5381526104417671 0.7944444444444444 0.5542168674698795 0.7944444444444444 0.5582329317269076 0.7888888888888889 0.5622489959839357 0.7888888888888889 0.5662650602409639 0.7944444444444444 0.570281124497992 0.7944444444444444 0.5742971887550201 0.7888888888888889 0.5783132530120482 0.7888888888888889 0.5783132530120482 0.8055555555555556 0.5742971887550201 0.8055555555555556 0.5622489959839357 0.8166666666666667 0.5662650602409639 0.8222222222222222 0.5742971887550201 0.8222222222222222 0.5863453815261044 0.8111111111111111 0.5863453815261044 0.7944444444444444 0.5903614457831325 0.8 0.5943775100401606 0.7944444444444444 0.5943775100401606 0.7888888888888889 0.5983935742971888 0.7888888888888889 0.6024096385542169 0.7833333333333333 0.6144578313253012 0.7833333333333333 0.6184738955823293 0.7777777777777778 0.6224899598393574 0.7833333333333333 0.6305220883534136 0.7833333333333333 0.6345381526104418 0.7777777777777778 0.6546184738955824 0.7777777777777778 0.6586345381526104 0.7722222222222223 0.6706827309236948 0.7722222222222223 0.6746987951807228 0.7666666666666667 0.6947791164658634 0.7666666666666667 0.6987951807228916 0.7611111111111111 0.7309236947791165 0.7611111111111111 0.7349397590361446 0.7555555555555555 0.7389558232931727 0.7611111111111111 0.751004016064257 0.7611111111111111 0.7550200803212851 0.7555555555555555 0.7630522088353414 0.7555555555555555 0.7670682730923695 0.75 0.7911646586345381 0.75 0.7951807228915663 0.7444444444444445 0.8112449799196787 0.7444444444444445 0.8232931726907631 0.7333333333333333 0.8313253012048193 0.7333333333333333 0.8353413654618473 0.7277777777777777 0.8393574297188755 0.7277777777777777 0.8433734939759037 0.7222222222222222 0.8514056224899599 0.7222222222222222 0.8634538152610441 0.7111111111111111 0.8755020080321285 0.7111111111111111 0.8795180722891566 0.7055555555555556 0.891566265060241 0.7055555555555556 0.8955823293172691 0.7 0.9116465863453815 0.7 0.9236947791164659 0.7111111111111111 0.9357429718875502 0.7111111111111111 0.9397590361445783 0.7055555555555556 0.9397590361445783 0.7 0.9357429718875502 0.6944444444444444 0.9357429718875502 0.6888888888888889 0.9437751004016064 0.6888888888888889 0.9558232931726908 0.6777777777777778 0.9678714859437751 0.6777777777777778
19 0.7751004016064257 0 0.7791164658634538 0 0.7831325301204819 0.005555555555555556 0.8152610441767069 0.005555555555555556 0.8232931726907631 0.016666666666666666 0.8273092369477911 0.016666666666666666 0.8554216867469879 0.05555555555555555 0.8594377510040161 0.05555555555555555 0.8835341365461847 0.08888888888888889 0.8875502008032129 0.08888888888888889 0.9036144578313253 0.1111111111111111 0.9076305220883534 0.1111111111111111 0.9116465863453815 0.11666666666666667 0.9156626506024096 0.11666666666666667 0.9236947791164659 0.12777777777777777 0.927710843373494 0.12777777777777777 0.9357429718875502 0.1388888888888889 0.9357429718875502 0.14444444444444443 0.9518072289156626 0.16666666666666666 0.9558232931726908 0.16666666666666666 0.963855421686747 0.17777777777777778 0.9718875502008032 0.17777777777777778 0.9799196787148594 0.18888888888888888 0.9839357429718876 0.18888888888888888 0.9879518072289156 0.19444444444444445 0.9879518072289156 0.2 0.9959839357429718 0.21666666666666667 0.9959839357429718 0.24444444444444444 0.9919678714859438 0.25 0.9879518072289156 0.25 0.9879518072289156 0.24444444444444444 0.9839357429718876 0.2388888888888889 0.9718875502008032 0.2388888888888889 0.9678714859437751 0.24444444444444444 0.9678714859437751 0.25 0.9678714859437751 0.24444444444444444 0.963855421686747 0.2388888888888889 0.9718875502008032 0.2388888888888889 0.9759036144578314 0.23333333333333334 0.9759036144578314 0.22777777777777777 0.9718875502008032 0.2222222222222222 0.9759036144578314 0.21666666666666667 0.9718875502008032 0.2111111111111111 0.9598393574297188 0.2111111111111111 0.9558232931726908 0.20555555555555555 0.9357429718875502 0.20555555555555555 0.9317269076305221 0.2111111111111111 0.9317269076305221 0.21666666666666667 0.927710843373494 0.2222222222222222 0.927710843373494 0.22777777777777777 0.9236947791164659 0.22777777777777777 0.9196787148594378 0.2222222222222222 0.9156626506024096 0.2222222222222222 0.9116465863453815 0.22777777777777777 0.9116465863453815 0.23333333333333334 0.9076305220883534 0.23333333333333334 0.9036144578313253 0.2388888888888889 0.8995983935742972 0.2388888888888889 0.8955823293172691 0.24444444444444444 0.8955823293172691 0.25 0.8755020080321285 0.2777777777777778 0.8755020080321285 0.2833333333333333 0.8714859437751004 0.2833333333333333 0.8594377510040161 0.3 0.8594377510040161 0.3055555555555556 0.8554216867469879 0.3111111111111111 0.8554216867469879 0.3333333333333333 0.8514056224899599 0.3388888888888889 0.8514056224899599 0.35 0.8554216867469879 0.35555555555555557 0.8594377510040161 0.35 0.8554216867469879 0.35555555555555557 0.8554216867469879 0.3611111111111111 0.8674698795180723 0.37777777777777777 0.8674698795180723 0.38333333333333336 0.8714859437751004 0.3888888888888889 0.8755020080321285 0.38333333333333336 0.8875502008032129 0.4 0.891566265060241 0.4 0.9036144578313253 0.3888888888888889 0.9036144578313253 0.38333333333333336 0.8995983935742972 0.37777777777777777 0.9036144578313253 0.37777777777777777 0.9076305220883534 0.38333333333333336 0.9116465863453815 0.38333333333333336 0.9156626506024096 0.37777777777777777 0.9196787148594378 0.37777777777777777 0.9236947791164659 0.37222222222222223 0.927710843373494 0.37222222222222223 0.9317269076305221 0.36666666666666664 0.9236947791164659 0.35 0.9236947791164659 0.3388888888888889 0.927710843373494 0.3388888888888889 0.9397590361445783 0.32222222222222224 0.9437751004016064 0.32222222222222224 0.9477911646586346 0.31666666666666665 0.9598393574297188 0.31666666666666665 0.9678714859437751 0.3055555555555556 0.9718875502008032 0.3055555555555556 0.9759036144578314 0.3 0.9759036144578314 0.29444444444444445 0.9799196787148594 0.28888888888888886 0.9799196787148594 0.2833333333333333 0.9839357429718876 0.2833333333333333 0.9879518072289156 0.2777777777777778 0.9879518072289156 0.2833333333333333 0.9959839357429718 0.3 0.9959839357429718 0.3055555555555556 0.9879518072289156 0.32222222222222224 0.9879518072289156 0.3333333333333333 0.9919678714859438 0.3388888888888889 0.9919678714859438 0.35 0.9959839357429718 0.35555555555555557 0.9959839357429718 0.3611111111111111 0.9919678714859438 0.36666666666666664 0.9919678714859438 0.37222222222222223 0.9879518072289156 0.37777777777777777 0.9879518072289156 0.38333333333333336 0.9437751004016064 0.4444444444444444 0.9437751004016064 0.45 0.9397590361445783 0.45 0.9036144578313253 0.5 0.9036144578313253 0.5055555555555555 0.891566265060241 0.5222222222222223 0.8875502008032129 0.5222222222222223 0.8795180722891566 0.5333333333333333 0.8674698795180723 0.5333333333333333 0.8634538152610441 0.5388888888888889 0.8433734939759037 0.5388888888888889 0.8393574297188755 0.5444444444444444 0.8273092369477911 0.5444444444444444 0.8232931726907631 0.55 0.7991967871485943 0.55 0.7951807228915663 0.5555555555555556 0.7831325301204819 0.5555555555555556 0.7791164658634538 0.5611111111111111 0.7710843373493976 0.5611111111111111 0.7670682730923695 0.5666666666666667 0.7550200803212851 0.5666666666666667 0.751004016064257 0.5722222222222222 0.7349397590361446 0.5722222222222222 0.7309236947791165 0.5777777777777777 0.714859437751004 0.5777777777777777 0.7108433734939759 0.5833333333333334 0.6666666666666666 0.5833333333333334 0.6626506024096386 0.5777777777777777 0.6586345381526104 0.5777777777777777 0.6586345381526104 0.5722222222222222 0.6465863453815262 0.5555555555555556 0.642570281124498 0.5555555555555556 0.6184738955823293 0.5222222222222223 0.6144578313253012 0.5222222222222223 0.5783132530120482 0.4722222222222222 0.5783132530120482 0.46111111111111114 0.5823293172690763 0.46111111111111114 0.5863453815261044 0.45555555555555555 0.5983935742971888 0.45555555555555555 0.6024096385542169 0.45 0.6184738955823293 0.45 0.6224899598393574 0.4444444444444444 0.6385542168674698 0.4444444444444444 0.6305220883534136 0.45555555555555555 0.6305220883534136 0.46111111111111114 0.6345381526104418 0.4666666666666667 0.6345381526104418 0.4722222222222222 0.6305220883534136 0.4722222222222222 0.6224899598393574 0.48333333333333334 0.6224899598393574 0.49444444444444446 0.6345381526104418 0.5111111111111111 0.6385542168674698 0.5111111111111111 0.642570281124498 0.5166666666666667 0.6827309236947792 0.5166666666666667 0.6867469879518072 0.5111111111111111 0.6907630522088354 0.5111111111111111 0.714859437751004 0.4777777777777778 0.7188755020080321 0.4777777777777778 0.7269076305220884 0.4666666666666667 0.7228915662650602 0.46111111111111114 0.7349397590361446 0.4444444444444444 0.7389558232931727 0.4444444444444444 0.7429718875502008 0.4388888888888889 0.7590361445783133 0.4388888888888889 0.7791164658634538 0.4111111111111111 0.7831325301204819 0.4111111111111111 0.7871485943775101 0.40555555555555556 0.7951807228915663 0.40555555555555556 0.7991967871485943 0.4 0.8112449799196787 0.4 0.8232931726907631 0.38333333333333336 0.8192771084337349 0.37777777777777777 0.8192771084337349 0.36666666666666664 0.8152610441767069 0.3611111111111111 0.8152610441767069 0.35 0.8112449799196787 0.34444444444444444 0.8112449799196787 0.3388888888888889 0.8032128514056225 0.32222222222222224 0.8032128514056225 0.3055555555555556 0.7991967871485943 0.3 0.8072289156626506 0.3 0.8192771084337349 0.31666666666666665 0.8433734939759037 0.31666666666666665 0.8473895582329317 0.3111111111111111 0.8473895582329317 0.3055555555555556 0.8634538152610441 0.2833333333333333 0.8634538152610441 0.2722222222222222 0.8674698795180723 0.26666666666666666 0.8674698795180723 0.2611111111111111 0.8795180722891566 0.25 0.8795180722891566 0.24444444444444444 0.8835341365461847 0.2388888888888889 0.8795180722891566 0.23333333333333334 0.8835341365461847 0.23333333333333334 0.8875502008032129 0.2388888888888889 0.891566265060241 0.2388888888888889 0.8955823293172691 0.23333333333333334 0.8955823293172691 0.2222222222222222 0.8995983935742972 0.21666666666666667 0.8995983935742972 0.2111111111111111 0.8955823293172691 0.20555555555555555 0.8995983935742972 0.2111111111111111 0.9036144578313253 0.2111111111111111 0.9116465863453815 0.2 0.9156626506024096 0.2 0.9236947791164659 0.18888888888888888 0.9196787148594378 0.18333333333333332 0.9236947791164659 0.17777777777777778 0.9236947791164659 0.17222222222222222 0.9196787148594378 0.16666666666666666 0.9196787148594378 0.16111111111111112 0.9156626506024096 0.15555555555555556 0.9116465863453815 0.16111111111111112 0.9036144578313253 0.14444444444444443 0.8995983935742972 0.15 0.8875502008032129 0.1388888888888889 0.8795180722891566 0.1388888888888889 0.8755020080321285 0.14444444444444443 0.8674698795180723 0.14444444444444443 0.8634538152610441 0.1388888888888889 0.8594377510040161 0.1388888888888889 0.8554216867469879 0.14444444444444443 0.8554216867469879 0.15 0.8433734939759037 0.15 0.8433734939759037 0.14444444444444443 0.8554216867469879 0.12777777777777777 0.8554216867469879 0.11666666666666667 0.8594377510040161 0.1111111111111111 0.8594377510040161 0.09444444444444444 0.8514056224899599 0.08333333333333333 0.8433734939759037 0.08333333333333333 0.8353413654618473 0.07222222222222222 0.8313253012048193 0.07222222222222222 0.8313253012048193 0.06666666666666667 0.8273092369477911 0.06111111111111111 0.8232931726907631 0.06111111111111111 0.8112449799196787 0.05 0.7991967871485943 0.05 0.7911646586345381 0.03888888888888889 0.7911646586345381 0.022222222222222223 0.7791164658634538 0.005555555555555556 0.7751004016064257 0.005555555555555556
19 0.1566265060240964 0.4666666666666667 0.1606425702811245 0.4722222222222222 0.1646586345381526 0.4722222222222222 0.17269076305220885 0.48333333333333334 0.17670682730923695 0.4777777777777778 0.18072289156626506 0.48333333333333334 0.18473895582329317 0.48333333333333334 0.18875502008032127 0.4888888888888889 0.1927710843373494 0.4888888888888889 0.19678714859437751 0.49444444444444446 0.20080321285140562 0.49444444444444446 0.21285140562248997 0.5055555555555555 0.22088353413654618 0.5055555555555555 0.2248995983935743 0.5111111111111111 0.2289156626506024 0.5111111111111111 0.23293172690763053 0.5166666666666667 0.23694779116465864 0.5166666666666667 0.24096385542168675 0.5222222222222223 0.24497991967871485 0.5222222222222223 0.24899598393574296 0.5277777777777778 0.25301204819277107 0.5277777777777778 0.2570281124497992 0.5333333333333333 0.26104417670682734 0.5333333333333333 0.26907630522088355 0.5444444444444444 0.26907630522088355 0.5555555555555556 0.27309236947791166 0.5611111111111111 0.27309236947791166 0.5722222222222222 0.27710843373493976 0.5777777777777777 0.27710843373493976 0.5944444444444444 0.26907630522088355 0.6111111111111112 0.26907630522088355 0.6277777777777778 0.2570281124497992 0.6444444444444445 0.25301204819277107 0.6444444444444445 0.24497991967871485 0.6555555555555556 0.2289156626506024 0.6555555555555556 0.2248995983935743 0.6611111111111111 0.22088353413654618 0.6555555555555556 0.21686746987951808 0.6611111111111111 0.21285140562248997 0.6555555555555556 0.1927710843373494 0.6555555555555556 0.18875502008032127 0.65 0.18473895582329317 0.65 0.17670682730923695 0.6388888888888888 0.1686746987951807 0.6388888888888888 0.1646586345381526 0.6333333333333333 0.1606425702811245 0.6333333333333333 0.1566265060240964 0.6277777777777778 0.15261044176706828 0.6277777777777778 0.14056224899598393 0.6111111111111112 0.13253012048192772 0.6111111111111112 0.12048192771084337 0.5944444444444444 0.11646586345381527 0.5944444444444444 0.11244979919678715 0.5888888888888889 0.10843373493975904 0.5888888888888889 0.10843373493975904 0.5833333333333334 0.10040160642570281 0.5722222222222222 0.10040160642570281 0.5555555555555556 0.0963855421686747 0.55 0.0963855421686747 0.5277777777777778 0.10441767068273092 0.5111111111111111 0.10441767068273092 0.5 0.11244979919678715 0.4888888888888889 0.11646586345381527 0.4888888888888889 0.1285140562248996 0.4722222222222222 0.14457831325301204 0.4722222222222222 0.14859437751004015 0.4666666666666667 0.15261044176706828 0.4666666666666667
19 0.5903614457831325 0 0.6546184738955824 0 0.6626506024096386 0.011111111111111112 0.6746987951807228 0 0.6947791164658634 0 0.6947791164658634 0.005555555555555556 0.6907630522088354 0.011111111111111112 0.6907630522088354 0.016666666666666666 0.6867469879518072 0.016666666666666666 0.6827309236947792 0.022222222222222223 0.6827309236947792 0.027777777777777776 0.6746987951807228 0.03888888888888889 0.6746987951807228 0.044444444444444446 0.642570281124498 0.08888888888888889 0.642570281124498 0.10555555555555556 0.6385542168674698 0.1111111111111111 0.6385542168674698 0.12777777777777777 0.6345381526104418 0.13333333333333333 0.6305220883534136 0.12777777777777777 0.6265060240963856 0.12777777777777777 0.6224899598393574 0.13333333333333333 0.6104417670682731 0.13333333333333333 0.6104417670682731 0.1 0.606425702811245 0.09444444444444444 0.606425702811245 0.08888888888888889 0.6024096385542169 0.08333333333333333 0.5983935742971888 0.08333333333333333 0.5983935742971888 0.07777777777777778 0.5903614457831325 0.06666666666666667 0.5903614457831325 0.06111111111111111 0.5863453815261044 0.05555555555555555 0.5863453815261044 0.05 0.5823293172690763 0.044444444444444446 0.5823293172690763 0.022222222222222223 0.5903614457831325 0.005555555555555556
19 0.3895582329317269 0.6055555555555555 0.39357429718875503 0.6111111111111112 0.39357429718875503 0.6222222222222222 0.39759036144578314 0.6277777777777778 0.40963855421686746 0.6277777777777778 0.41365461847389556 0.6222222222222222 0.41767068273092367 0.6277777777777778 0.42971887550200805 0.6277777777777778 0.43775100401606426 0.6388888888888888 0.4497991967871486 0.6388888888888888 0.4538152610441767 0.6444444444444445 0.4578313253012048 0.6444444444444445 0.46184738955823296 0.65 0.46586345381526106 0.65 0.46586345381526106 0.6555555555555556 0.4738955823293173 0.6666666666666666 0.4738955823293173 0.6777777777777778 0.4779116465863454 0.6833333333333333 0.4779116465863454 0.7 0.4819277108433735 0.7055555555555556 0.4819277108433735 0.7166666666666667 0.4779116465863454 0.7222222222222222 0.4779116465863454 0.7333333333333333 0.4738955823293173 0.7388888888888889 0.4738955823293173 0.7444444444444445 0.4578313253012048 0.7666666666666667 0.42570281124497994 0.7666666666666667 0.42168674698795183 0.7611111111111111 0.41365461847389556 0.7611111111111111 0.40963855421686746 0.7555555555555555 0.40562248995983935 0.7555555555555555 0.39357429718875503 0.7388888888888889 0.3855421686746988 0.7388888888888889 0.3815261044176707 0.7333333333333333 0.37751004016064255 0.7333333333333333 0.3654618473895582 0.7222222222222222 0.357429718875502 0.7222222222222222 0.3534136546184739 0.7166666666666667 0.3413654618473896 0.7166666666666667 0.3373493975903614 0.7111111111111111 0.3333333333333333 0.7111111111111111 0.3333333333333333 0.7055555555555556 0.3293172690763052 0.7 0.321285140562249 0.7 0.3092369477911647 0.6888888888888889 0.3092369477911647 0.6833333333333333 0.30522088353413657 0.6777777777777778 0.30522088353413657 0.6666666666666666 0.3092369477911647 0.6611111111111111 0.3092369477911647 0.6444444444444445 0.3132530120481928 0.6388888888888888 0.3132530120481928 0.6277777777777778 0.3172690763052209 0.6222222222222222 0.3172690763052209 0.6166666666666667 0.321285140562249 0.6166666666666667 0.3253012048192771 0.6111111111111112 0.3333333333333333 0.6111111111111112 0.3453815261044177 0.6 0.3815261044176707 0.6 0.3855421686746988 0.6055555555555555
19 0.9919678714859438 0.85 0.9919678714859438 0.8611111111111112 0.9879518072289156 0.8666666666666667 0.9879518072289156 0.8722222222222222 0.9919678714859438 0.8777777777777778 0.9919678714859438 0.9055555555555556 0.9879518072289156 0.9111111111111111 0.9718875502008032 0.9111111111111111 0.9678714859437751 0.9055555555555556 0.9598393574297188 0.9055555555555556 0.9598393574297188 0.9 0.9558232931726908 0.8944444444444445 0.9477911646586346 0.8944444444444445 0.9317269076305221 0.8722222222222222 0.9437751004016064 0.8611111111111112 0.9558232931726908 0.8611111111111112 0.9598393574297188 0.8555555555555555 0.9799196787148594 0.8555555555555555 0.9839357429718876 0.85 0.9879518072289156 0.85
19 0.9558232931726908 0.2 0.9598393574297188 0.20555555555555555 0.9678714859437751 0.20555555555555555 0.9718875502008032 0.2111111111111111 0.9718875502008032 0.21666666666666667 0.9799196787148594 0.22777777777777777 0.9839357429718876 0.22777777777777777 0.9839357429718876 0.23333333333333334 0.9879518072289156 0.2388888888888889 0.9879518072289156 0.25 0.9919678714859438 0.25555555555555554 0.9919678714859438 0.2611111111111111 0.9879518072289156 0.26666666666666666 0.9879518072289156 0.2777777777777778 0.9718875502008032 0.3 0.9718875502008032 0.3055555555555556 0.9678714859437751 0.3055555555555556 0.9558232931726908 0.32222222222222224 0.9558232931726908 0.3277777777777778 0.9518072289156626 0.3333333333333333 0.9397590361445783 0.3333333333333333 0.9357429718875502 0.3388888888888889 0.9357429718875502 0.36666666666666664 0.9236947791164659 0.38333333333333336 0.9156626506024096 0.38333333333333336 0.9116465863453815 0.3888888888888889 0.9036144578313253 0.3888888888888889 0.8995983935742972 0.39444444444444443 0.8835341365461847 0.39444444444444443 0.8795180722891566 0.3888888888888889 0.8674698795180723 0.3888888888888889 0.8674698795180723 0.38333333333333336 0.8634538152610441 0.37777777777777777 0.8594377510040161 0.37777777777777777 0.8594377510040161 0.37222222222222223 0.8514056224899599 0.3611111111111111 0.8514056224899599 0.34444444444444444 0.8554216867469879 0.3388888888888889 0.8554216867469879 0.31666666666666665 0.8634538152610441 0.3055555555555556 0.8634538152610441 0.3 0.8714859437751004 0.28888888888888886 0.8714859437751004 0.2833333333333333 0.8875502008032129 0.2611111111111111 0.8875502008032129 0.25555555555555554 0.8995983935742972 0.2388888888888889 0.9036144578313253 0.2388888888888889 0.9116465863453815 0.22777777777777777 0.9156626506024096 0.22777777777777777 0.927710843373494 0.2111111111111111 0.9357429718875502 0.2111111111111111 0.9397590361445783 0.20555555555555555 0.9518072289156626 0.20555555555555555
19 0 0.9 0.008032128514056224 0.9 0.012048192771084338 0.8944444444444445 0.0321285140562249 0.8944444444444445 0.03614457831325301 0.8888888888888888 0.0642570281124498 0.8888888888888888 0.06827309236947791 0.8944444444444445 0.07630522088353414 0.8944444444444445 0.08433734939759036 0.9055555555555556 0.08835341365461848 0.9055555555555556 0.09236947791164658 0.9111111111111111 0.09236947791164658 0.9166666666666666 0 0.9166666666666666 0 0.9055555555555556
19 0.8232931726907631 0 0.8674698795180723 0 0.8714859437751004 0.005555555555555556 0.8755020080321285 0 0.8795180722891566 0 0.8755020080321285 0.005555555555555556 0.8795180722891566 0.011111111111111112 0.8835341365461847 0.011111111111111112 0.8795180722891566 0.016666666666666666 0.8714859437751004 0.016666666666666666 0.8674698795180723 0.022222222222222223 0.8634538152610441 0.022222222222222223 0.8594377510040161 0.027777777777777776 0.8594377510040161 0.03333333333333333 0.8473895582329317 0.03333333333333333 0.8273092369477911 0.005555555555555556 0.8232931726907631 0.005555555555555556
19 0.9919678714859438 0.5777777777777777 0.9919678714859438 0.5888888888888889 0.9959839357429718 0.5944444444444444 0.9839357429718876 0.6111111111111112 0.9959839357429718 0.6277777777777778 0.9879518072289156 0.6388888888888888 0.9919678714859438 0.6444444444444445 0.9839357429718876 0.6555555555555556 0.9799196787148594 0.6555555555555556 0.9759036144578314 0.6611111111111111 0.9678714859437751 0.6611111111111111 0.963855421686747 0.6666666666666666 0.9518072289156626 0.6666666666666666 0.9477911646586346 0.6722222222222223 0.9437751004016064 0.6722222222222223 0.9397590361445783 0.6777777777777778 0.9317269076305221 0.6777777777777778 0.927710843373494 0.6833333333333333 0.9076305220883534 0.6833333333333333 0.9036144578313253 0.6888888888888889 0.8955823293172691 0.6888888888888889 0.891566265060241 0.6944444444444444 0.8795180722891566 0.6944444444444444 0.8755020080321285 0.7 0.8594377510040161 0.7 0.8473895582329317 0.7111111111111111 0.8393574297188755 0.7111111111111111 0.8313253012048193 0.7222222222222222 0.8152610441767069 0.7222222222222222 0.8112449799196787 0.7277777777777777 0.7991967871485943 0.7277777777777777 0.7911646586345381 0.7388888888888889 0.7630522088353414 0.7388888888888889 0.751004016064257 0.75 0.7188755020080321 0.75 0.714859437751004 0.7555555555555555 0.6827309236947792 0.7555555555555555 0.678714859437751 0.7611111111111111 0.6586345381526104 0.7611111111111111 0.6546184738955824 0.7666666666666667 0.6265060240963856 0.7666666666666667 0.6224899598393574 0.7722222222222223 0.6144578313253012 0.7722222222222223 0.6104417670682731 0.7666666666666667 0.6104417670682731 0.7611111111111111 0.6184738955823293 0.7611111111111111 0.6224899598393574 0.7555555555555555 0.6265060240963856 0.7555555555555555 0.6305220883534136 0.75 0.6305220883534136 0.7444444444444445 0.6345381526104418 0.7444444444444445 0.6385542168674698 0.7388888888888889 0.6385542168674698 0.7333333333333333 0.642570281124498 0.7333333333333333 0.6506024096385542 0.7222222222222222 0.6506024096385542 0.7111111111111111 0.6465863453815262 0.7055555555555556 0.6506024096385542 0.7 0.6506024096385542 0.6722222222222223 0.6265060240963856 0.6388888888888888 0.6224899598393574 0.6388888888888888 0.6144578313253012 0.6277777777777778 0.5863453815261044 0.6277777777777778 0.5582329317269076 0.6666666666666666 0.5582329317269076 0.6777777777777778 0.5542168674698795 0.6833333333333333 0.5542168674698795 0.6944444444444444 0.5582329317269076 0.7 0.5582329317269076 0.7055555555555556 0.5542168674698795 0.7111111111111111 0.5582329317269076 0.7166666666666667 0.5582329317269076 0.7222222222222222 0.5622489959839357 0.7277777777777777 0.5622489959839357 0.7333333333333333 0.5662650602409639 0.7388888888888889 0.570281124497992 0.7388888888888889 0.5783132530120482 0.75 0.5823293172690763 0.75 0.5863453815261044 0.7555555555555555 0.5903614457831325 0.7555555555555555 0.5903614457831325 0.7611111111111111 0.5823293172690763 0.7722222222222223 0.5783132530120482 0.7722222222222223 0.570281124497992 0.7833333333333333 0.5662650602409639 0.7833333333333333 0.5622489959839357 0.7777777777777778 0.5582329317269076 0.7777777777777778 0.5542168674698795 0.7833333333333333 0.5381526104417671 0.7833333333333333 0.5341365461847389 0.7888888888888889 0.5180722891566265 0.7888888888888889 0.5140562248995983 0.7944444444444444 0.5100401606425703 0.7888888888888889 0.5180722891566265 0.7888888888888889 0.5261044176706827 0.7777777777777778 0.5261044176706827 0.7722222222222223 0.5301204819277109 0.7666666666666667 0.5301204819277109 0.7611111111111111 0.5261044176706827 0.7555555555555555 0.5261044176706827 0.7388888888888889 0.5381526104417671 0.7277777777777777 0.5381526104417671 0.7222222222222222 0.5341365461847389 0.7166666666666667 0.5341365461847389 0.7111111111111111 0.5381526104417671 0.7055555555555556 0.5381526104417671 0.6833333333333333 0.5421686746987951 0.6777777777777778 0.5421686746987951 0.6722222222222223 0.5502008032128514 0.6611111111111111 0.5502008032128514 0.6555555555555556 0.5582329317269076 0.6444444444444445 0.5582329317269076 0.6333333333333333 0.5622489959839357 0.6277777777777778 0.5622489959839357 0.6222222222222222 0.570281124497992 0.6111111111111112 0.6104417670682731 0.6111111111111112 0.6144578313253012 0.6055555555555555 0.6305220883534136 0.6055555555555555 0.6345381526104418 0.6 0.6586345381526104 0.6 0.6626506024096386 0.5944444444444444 0.7108433734939759 0.5944444444444444 0.714859437751004 0.5888888888888889 0.7269076305220884 0.5888888888888889 0.7309236947791165 0.5833333333333334 0.7469879518072289 0.5833333333333334 0.751004016064257 0.5777777777777777 0.7630522088353414 0.5777777777777777 0.7670682730923695 0.5722222222222222 0.7831325301204819 0.5722222222222222 0.7871485943775101 0.5666666666666667 0.7951807228915663 0.5666666666666667 0.7991967871485943 0.5611111111111111 0.8192771084337349 0.5611111111111111 0.8232931726907631 0.5555555555555556 0.8393574297188755 0.5555555555555556 0.8433734939759037 0.55 0.8594377510040161 0.55 0.8634538152610441 0.5444444444444444 0.8795180722891566 0.5444444444444444 0.8835341365461847 0.5388888888888889 0.891566265060241 0.5388888888888889 0.8955823293172691 0.5333333333333333 0.9036144578313253 0.5333333333333333 0.9156626506024096 0.5222222222222223 0.9236947791164659 0.5222222222222223 0.927710843373494 0.5166666666666667 0.9357429718875502 0.5166666666666667 0.9477911646586346 0.5055555555555555 0.9598393574297188 0.5055555555555555 0.963855421686747 0.5 0.9759036144578314 0.5 0.9879518072289156 0.4888888888888889 0.9919678714859438 0.4888888888888889 0.9959839357429718 0.49444444444444446 0.9959839357429718 0.5166666666666667 0.9919678714859438 0.5222222222222223 0.9919678714859438 0.5277777777777778 0.9959839357429718 0.5333333333333333 0.9919678714859438 0.5388888888888889 0.9919678714859438 0.5444444444444444 0.9839357429718876 0.5611111111111111 0.9839357429718876 0.5722222222222222 0.9879518072289156 0.5777777777777777
19 0.9919678714859438 0.85 0.9919678714859438 0.8611111111111112 0.9879518072289156 0.8666666666666667 0.9879518072289156 0.8777777777777778 0.9919678714859438 0.8833333333333333 0.9919678714859438 0.8944444444444445 0.9879518072289156 0.9 0.9919678714859438 0.9055555555555556 0.9879518072289156 0.9111111111111111 0.963855421686747 0.9111111111111111 0.9598393574297188 0.9166666666666666 0.9437751004016064 0.9166666666666666 0.9397590361445783 0.9111111111111111 0.9236947791164659 0.9111111111111111 0.9196787148594378 0.9166666666666666 0.8433734939759037 0.9166666666666666 0.8433734939759037 0.9111111111111111 0.8473895582329317 0.9111111111111111 0.8514056224899599 0.9055555555555556 0.8594377510040161 0.9055555555555556 0.8634538152610441 0.9 0.8714859437751004 0.9 0.8795180722891566 0.8888888888888888 0.8875502008032129 0.8888888888888888 0.8995983935742972 0.8777777777777778 0.9116465863453815 0.8777777777777778 0.9156626506024096 0.8722222222222222 0.927710843373494 0.8722222222222222 0.9317269076305221 0.8666666666666667 0.9397590361445783 0.8666666666666667 0.9437751004016064 0.8611111111111112 0.9558232931726908 0.8611111111111112 0.9598393574297188 0.8555555555555555 0.9799196787148594 0.8555555555555555 0.9839357429718876 0.85 0.9879518072289156 0.85
19 0.11244979919678715 0.6166666666666667 0.11646586345381527 0.6222222222222222 0.1285140562248996 0.6222222222222222 0.13253012048192772 0.6277777777777778 0.14056224899598393 0.6277777777777778 0.14457831325301204 0.6333333333333333 0.14859437751004015 0.6333333333333333 0.1566265060240964 0.6444444444444445 0.1606425702811245 0.6444444444444445 0.17269076305220885 0.6555555555555556 0.18875502008032127 0.6555555555555556 0.18875502008032127 0.6611111111111111 0.19678714859437751 0.6722222222222223 0.20080321285140562 0.6722222222222223 0.21285140562248997 0.6833333333333333 0.21285140562248997 0.6888888888888889 0.22088353413654618 0.7055555555555556 0.22088353413654618 0.7222222222222222 0.2248995983935743 0.7277777777777777 0.2248995983935743 0.75 0.22088353413654618 0.7555555555555555 0.22088353413654618 0.7666666666666667 0.20883534136546184 0.7833333333333333 0.20481927710843373 0.7833333333333333 0.1927710843373494 0.7944444444444444 0.1606425702811245 0.7944444444444444 0.15261044176706828 0.7777777777777778 0.13253012048192772 0.7777777777777778 0.12449799196787148 0.7666666666666667 0.12048192771084337 0.7666666666666667 0.11244979919678715 0.7555555555555555 0.09236947791164658 0.7555555555555555 0.08835341365461848 0.75 0.07228915662650602 0.75 0.07228915662650602 0.7444444444444445 0.0642570281124498 0.7333333333333333 0.060240963855421686 0.7333333333333333 0.04819277108433735 0.7166666666666667 0.04819277108433735 0.7111111111111111 0.04417670682730924 0.7055555555555556 0.04417670682730924 0.6722222222222223 0.04819277108433735 0.6666666666666666 0.04819277108433735 0.6555555555555556 0.05220883534136546 0.65 0.05220883534136546 0.6444444444444445 0.06827309236947791 0.6222222222222222 0.07630522088353414 0.6222222222222222 0.08032128514056225 0.6166666666666667 0.10843373493975904 0.6166666666666667
19 0.3172690763052209 0.25555555555555554 0.321285140562249 0.2611111111111111 0.3132530120481928 0.2722222222222222 0.30522088353413657 0.2722222222222222 0.30120481927710846 0.2777777777777778 0.30120481927710846 0.2833333333333333 0.3092369477911647 0.29444444444444445 0.3132530120481928 0.29444444444444445 0.3172690763052209 0.28888888888888886 0.3253012048192771 0.3 0.3293172690763052 0.3 0.3333333333333333 0.29444444444444445 0.3373493975903614 0.3 0.3493975903614458 0.28888888888888886 0.3534136546184739 0.29444444444444445 0.357429718875502 0.28888888888888886 0.37349397590361444 0.3111111111111111 0.37751004016064255 0.3111111111111111 0.3815261044176707 0.31666666666666665 0.3855421686746988 0.31666666666666665 0.39357429718875503 0.3277777777777778 0.39759036144578314 0.3277777777777778 0.40160642570281124 0.3333333333333333 0.40562248995983935 0.3333333333333333 0.40562248995983935 0.3388888888888889 0.40963855421686746 0.34444444444444444 0.40963855421686746 0.35555555555555557 0.41365461847389556 0.3611111111111111 0.41365461847389556 0.37222222222222223 0.42168674698795183 0.3888888888888889 0.42168674698795183 0.4166666666666667 0.41767068273092367 0.4222222222222222 0.41365461847389556 0.4222222222222222 0.40963855421686746 0.4166666666666667 0.40160642570281124 0.4166666666666667 0.3895582329317269 0.40555555555555556 0.3815261044176707 0.40555555555555556 0.37751004016064255 0.4 0.36947791164658633 0.4 0.3654618473895582 0.39444444444444443 0.3614457831325301 0.39444444444444443 0.3534136546184739 0.38333333333333336 0.3453815261044177 0.38333333333333336 0.3413654618473896 0.37777777777777777 0.3333333333333333 0.37777777777777777 0.3293172690763052 0.37222222222222223 0.3253012048192771 0.37222222222222223 0.321285140562249 0.36666666666666664 0.3172690763052209 0.36666666666666664 0.30522088353413657 0.35555555555555557 0.2971887550200803 0.35555555555555557 0.2931726907630522 0.35 0.2891566265060241 0.35 0.285140562248996 0.34444444444444444 0.28112449799196787 0.34444444444444444 0.27710843373493976 0.3388888888888889 0.27309236947791166 0.3388888888888889 0.26506024096385544 0.32222222222222224 0.26104417670682734 0.32222222222222224 0.2570281124497992 0.3277777777777778 0.25301204819277107 0.3277777777777778 0.24096385542168675 0.31666666666666665 0.24096385542168675 0.3055555555555556 0.24899598393574296 0.28888888888888886 0.26104417670682734 0.28888888888888886 0.26506024096385544 0.2833333333333333 0.26907630522088355 0.2833333333333333 0.27309236947791166 0.2777777777777778 0.27710843373493976 0.2777777777777778 0.28112449799196787 0.2722222222222222 0.28112449799196787 0.26666666666666666 0.2891566265060241 0.25555555555555554 0.2931726907630522 0.25555555555555554 0.2971887550200803 0.25 0.3092369477911647 0.25 0.3132530120481928 0.25555555555555554
19 0.3453815261044177 0.7555555555555555 0.3493975903614458 0.7611111111111111 0.3534136546184739 0.7611111111111111 0.357429718875502 0.7666666666666667 0.3654618473895582 0.7666666666666667 0.36947791164658633 0.7722222222222223 0.37349397590361444 0.7722222222222223 0.37751004016064255 0.7777777777777778 0.3815261044176707 0.7777777777777778 0.39357429718875503 0.7888888888888889 0.40160642570281124 0.7888888888888889 0.40562248995983935 0.7944444444444444 0.41365461847389556 0.7944444444444444 0.41767068273092367 0.8 0.42168674698795183 0.8 0.42570281124497994 0.8055555555555556 0.42570281124497994 0.8111111111111111 0.43373493975903615 0.8222222222222222 0.43373493975903615 0.8277777777777777 0.43775100401606426 0.8333333333333334 0.43775100401606426 0.8722222222222222 0.43373493975903615 0.8777777777777778 0.43373493975903615 0.8888888888888888 0.42168674698795183 0.9055555555555556 0.42168674698795183 0.9111111111111111 0.41767068273092367 0.9111111111111111 0.41365461847389556 0.9166666666666666 0.3654618473895582 0.9166666666666666 0.3614457831325301 0.9111111111111111 0.3253012048192771 0.9111111111111111 0.3253012048192771 0.9055555555555556 0.3172690763052209 0.8944444444444445 0.30522088353413657 0.8944444444444445 0.30120481927710846 0.8888888888888888 0.30120481927710846 0.8833333333333333 0.2931726907630522 0.8722222222222222 0.2891566265060241 0.8722222222222222 0.27710843373493976 0.8555555555555555 0.27309236947791166 0.8555555555555555 0.27309236947791166 0.85 0.26907630522088355 0.8444444444444444 0.27710843373493976 0.8333333333333334 0.27710843373493976 0.8277777777777777 0.26907630522088355 0.8166666666666667 0.27309236947791166 0.8111111111111111 0.27710843373493976 0.8111111111111111 0.28112449799196787 0.8055555555555556 0.28112449799196787 0.8 0.2931726907630522 0.7833333333333333 0.2931726907630522 0.7666666666666667 0.2971887550200803 0.7666666666666667 0.30120481927710846 0.7611111111111111 0.3092369477911647 0.7611111111111111 0.3132530120481928 0.7555555555555555 0.3413654618473896 0.7555555555555555
19 0.10040160642570281 0 0.10040160642570281 0.005555555555555556 0.0963855421686747 0.011111111111111112 0.0963855421686747 0.016666666666666666 0.09236947791164658 0.022222222222222223 0.09236947791164658 0.027777777777777776 0.08433734939759036 0.044444444444444446 0.08433734939759036 0.06111111111111111 0.08835341365461848 0.06666666666666667 0.08835341365461848 0.07222222222222222 0.08032128514056225 0.08333333333333333 0.07630522088353414 0.08333333333333333 0.05220883534136546 0.11666666666666667 0.04819277108433735 0.11666666666666667 0.040160642570281124 0.12777777777777777 0.03614457831325301 0.12777777777777777 0.012048192771084338 0.16111111111111112 0.008032128514056224 0.16111111111111112 0.004016064257028112 0.16666666666666666 0 0.16666666666666666 0 0.06111111111111111 0.008032128514056224 0.06111111111111111 0.020080321285140562 0.05 0.028112449799196786 0.05 0.0321285140562249 0.044444444444444446 0.0321285140562249 0.03888888888888889 0.04819277108433735 0.03888888888888889 0.04819277108433735 0.044444444444444446 0.05622489959839357 0.05555555555555555 0.05622489959839357 0.06111111111111111 0.060240963855421686 0.06666666666666667 0.07228915662650602 0.05 0.07630522088353414 0.05 0.08032128514056225 0.044444444444444446 0.08032128514056225 0.03888888888888889 0.07228915662650602 0.027777777777777776 0.07228915662650602 0.016666666666666666 0.0642570281124498 0.005555555555555556 0.06827309236947791 0 0.0963855421686747 0
19 0.3815261044176707 0 0.3855421686746988 0.005555555555555556 0.4578313253012048 0.005555555555555556 0.46184738955823296 0.011111111111111112 0.4738955823293173 0.011111111111111112 0.4779116465863454 0.005555555555555556 0.4979919678714859 0.005555555555555556 0.5020080321285141 0 0.5461847389558233 0 0.5461847389558233 0.005555555555555556 0.5582329317269076 0.022222222222222223 0.5582329317269076 0.027777777777777776 0.5783132530120482 0.05555555555555555 0.5783132530120482 0.06111111111111111 0.5823293172690763 0.06666666666666667 0.5823293172690763 0.07222222222222222 0.5983935742971888 0.09444444444444444 0.5983935742971888 0.12777777777777777 0.5863453815261044 0.14444444444444443 0.5823293172690763 0.14444444444444443 0.5783132530120482 0.15 0.5742971887550201 0.15 0.570281124497992 0.15555555555555556 0.5662650602409639 0.15555555555555556 0.5542168674698795 0.16666666666666666 0.5502008032128514 0.16666666666666666 0.5461847389558233 0.17222222222222222 0.5421686746987951 0.17222222222222222 0.5381526104417671 0.17777777777777778 0.5341365461847389 0.17777777777777778 0.5261044176706827 0.18888888888888888 0.5180722891566265 0.18888888888888888 0.5060240963855421 0.2 0.4979919678714859 0.2 0.4939759036144578 0.20555555555555555 0.4859437751004016 0.20555555555555555 0.4819277108433735 0.2111111111111111 0.4738955823293173 0.2111111111111111 0.46987951807228917 0.21666666666666667 0.46586345381526106 0.21666666666666667 0.4538152610441767 0.22777777777777777 0.4457831325301205 0.22777777777777777 0.44176706827309237 0.23333333333333334 0.43775100401606426 0.23333333333333334 0.43373493975903615 0.2388888888888889 0.42570281124497994 0.2388888888888889 0.41365461847389556 0.25 0.40562248995983935 0.25 0.40160642570281124 0.25555555555555554 0.3895582329317269 0.25555555555555554 0.3855421686746988 0.2611111111111111 0.37349397590361444 0.2611111111111111 0.36947791164658633 0.26666666666666666 0.3654618473895582 0.26666666666666666 0.3614457831325301 0.2611111111111111 0.3413654618473896 0.2611111111111111 0.3253012048192771 0.2388888888888889 0.3253012048192771 0.23333333333333334 0.321285140562249 0.22777777777777777 0.321285140562249 0.2222222222222222 0.3132530120481928 0.2111111111111111 0.3132530120481928 0.20555555555555555 0.30120481927710846 0.18888888888888888 0.30120481927710846 0.18333333333333332 0.2931726907630522 0.17222222222222222 0.2931726907630522 0.15 0.2971887550200803 0.15 0.30120481927710846 0.14444444444444443 0.30522088353413657 0.14444444444444443 0.3092369477911647 0.15 0.3534136546184739 0.15 0.357429718875502 0.14444444444444443 0.357429718875502 0.1388888888888889 0.3614457831325301 0.14444444444444443 0.3654618473895582 0.1388888888888889 0.3654618473895582 0.13333333333333333 0.36947791164658633 0.12777777777777777 0.36947791164658633 0.12222222222222222 0.37349397590361444 0.12777777777777777 0.37751004016064255 0.12777777777777777 0.3815261044176707 0.12222222222222222 0.3815261044176707 0.1111111111111111 0.36947791164658633 0.09444444444444444 0.36947791164658633 0.08888888888888889 0.3614457831325301 0.07777777777777778 0.3293172690763052 0.07777777777777778 0.3253012048192771 0.07222222222222222 0.3253012048192771 0.06111111111111111 0.3333333333333333 0.05 0.3373493975903614 0.05 0.3413654618473896 0.044444444444444446 0.3413654618473896 0.03888888888888889 0.3493975903614458 0.027777777777777776 0.3493975903614458 0.022222222222222223 0.3534136546184739 0.022222222222222223 0.3614457831325301 0.011111111111111112 0.3654618473895582 0.011111111111111112 0.37349397590361444 0 0.37751004016064255 0
19 0.05622489959839357 0.7611111111111111 0.060240963855421686 0.7666666666666667 0.06827309236947791 0.7666666666666667 0.07228915662650602 0.7722222222222223 0.07630522088353414 0.7722222222222223 0.08032128514056225 0.7777777777777778 0.08433734939759036 0.7777777777777778 0.08835341365461848 0.7833333333333333 0.09236947791164658 0.7833333333333333 0.0963855421686747 0.7888888888888889 0.10040160642570281 0.7888888888888889 0.10441767068273092 0.7944444444444444 0.11646586345381527 0.7944444444444444 0.12048192771084337 0.8 0.1285140562248996 0.8 0.13654618473895583 0.8111111111111111 0.14457831325301204 0.8111111111111111 0.14859437751004015 0.8166666666666667 0.15261044176706828 0.8166666666666667 0.1606425702811245 0.8277777777777777 0.1606425702811245 0.8333333333333334 0.1646586345381526 0.8388888888888889 0.1646586345381526 0.8444444444444444 0.17269076305220885 0.8555555555555555 0.17269076305220885 0.9055555555555556 0.1646586345381526 0.9166666666666666 0.10441767068273092 0.9166666666666666 0.10040160642570281 0.9111111111111111 0.09236947791164658 0.9111111111111111 0.09236947791164658 0.9055555555555556 0.08835341365461848 0.9 0.08433734939759036 0.9 0.07630522088353414 0.8888888888888888 0.07228915662650602 0.8888888888888888 0.06827309236947791 0.8833333333333333 0.0321285140562249 0.8833333333333333 0.028112449799196786 0.8888888888888888 0.01606425702811245 0.8888888888888888 0.012048192771084338 0.8944444444444445 0.008032128514056224 0.8888888888888888 0.004016064257028112 0.8944444444444445 0.004016064257028112 0.8833333333333333 0 0.8777777777777778 0 0.8666666666666667 0.004016064257028112 0.8611111111111112 0.004016064257028112 0.8277777777777777 0.012048192771084338 0.8166666666666667 0.008032128514056224 0.8111111111111111 0.008032128514056224 0.8055555555555556 0 0.7888888888888889 0 0.7833333333333333 0.004016064257028112 0.7777777777777778 0.004016064257028112 0.7722222222222223 0.01606425702811245 0.7722222222222223 0.020080321285140562 0.7666666666666667 0.028112449799196786 0.7666666666666667 0.0321285140562249 0.7611111111111111 0.05220883534136546 0.7611111111111111
19 0.8835341365461847 0.12777777777777777 0.8875502008032129 0.13333333333333333 0.891566265060241 0.13333333333333333 0.8995983935742972 0.14444444444444443 0.9076305220883534 0.14444444444444443 0.9196787148594378 0.16111111111111112 0.9196787148594378 0.16666666666666666 0.9236947791164659 0.17222222222222222 0.9236947791164659 0.2 0.8755020080321285 0.26666666666666666 0.8714859437751004 0.26666666666666666 0.8674698795180723 0.2722222222222222 0.8714859437751004 0.2777777777777778 0.8714859437751004 0.2833333333333333 0.8634538152610441 0.2833333333333333 0.8594377510040161 0.28888888888888886 0.8634538152610441 0.29444444444444445 0.8594377510040161 0.29444444444444445 0.8554216867469879 0.3 0.8514056224899599 0.3 0.8393574297188755 0.31666666666666665 0.8192771084337349 0.31666666666666665 0.8152610441767069 0.32222222222222224 0.8032128514056225 0.3055555555555556 0.7991967871485943 0.3055555555555556 0.7991967871485943 0.3 0.7911646586345381 0.28888888888888886 0.7911646586345381 0.2833333333333333 0.7831325301204819 0.2722222222222222 0.7831325301204819 0.25555555555555554 0.7871485943775101 0.25 0.7871485943775101 0.2388888888888889 0.7911646586345381 0.23333333333333334 0.7911646586345381 0.22777777777777777 0.7991967871485943 0.21666666666666667 0.7991967871485943 0.2111111111111111 0.8112449799196787 0.19444444444444445 0.8112449799196787 0.18888888888888888 0.8433734939759037 0.14444444444444443 0.8473895582329317 0.14444444444444443 0.8554216867469879 0.13333333333333333 0.8634538152610441 0.13333333333333333 0.8674698795180723 0.12777777777777777 0.8795180722891566 0.12777777777777777
19 0.714859437751004 0 0.714859437751004 0.011111111111111112 0.7068273092369478 0.011111111111111112 0.7028112449799196 0.016666666666666666 0.6987951807228916 0.016666666666666666 0.6746987951807228 0.05 0.6746987951807228 0.05555555555555555 0.6706827309236948 0.05555555555555555 0.6586345381526104 0.07222222222222222 0.6586345381526104 0.07777777777777778 0.6506024096385542 0.08888888888888889 0.6506024096385542 0.1 0.6465863453815262 0.10555555555555556 0.6465863453815262 0.14444444444444443 0.6586345381526104 0.16111111111111112 0.6506024096385542 0.16111111111111112 0.6465863453815262 0.16666666666666666 0.6305220883534136 0.16666666666666666 0.6265060240963856 0.17222222222222222 0.6104417670682731 0.17222222222222222 0.606425702811245 0.17777777777777778 0.5863453815261044 0.17777777777777778 0.5823293172690763 0.18333333333333332 0.570281124497992 0.18333333333333332 0.5662650602409639 0.18888888888888888 0.5502008032128514 0.18888888888888888 0.5461847389558233 0.19444444444444445 0.5421686746987951 0.19444444444444445 0.5381526104417671 0.18888888888888888 0.5461847389558233 0.17777777777777778 0.5502008032128514 0.17777777777777778 0.5542168674698795 0.17222222222222222 0.5622489959839357 0.17222222222222222 0.570281124497992 0.16111111111111112 0.5742971887550201 0.16111111111111112 0.5783132530120482 0.15555555555555556 0.5863453815261044 0.15555555555555556 0.5943775100401606 0.14444444444444443 0.5983935742971888 0.14444444444444443 0.606425702811245 0.12777777777777777 0.606425702811245 0.09444444444444444 0.5943775100401606 0.07777777777777778 0.5943775100401606 0.07222222222222222 0.5863453815261044 0.06111111111111111 0.5863453815261044 0.05 0.5823293172690763 0.044444444444444446 0.5823293172690763 0.027777777777777776 0.5863453815261044 0.022222222222222223 0.5863453815261044 0.016666666666666666 0.5903614457831325 0.011111111111111112 0.5903614457831325 0.005555555555555556 0.5943775100401606 0 0.6546184738955824 0 0.6626506024096386 0.011111111111111112 0.6666666666666666 0.011111111111111112 0.6746987951807228 0 0.7108433734939759 0
19 0.9076305220883534 0.5166666666666667 0.9076305220883534 0.5055555555555555 0.9196787148594378 0.4888888888888889 0.9236947791164659 0.4888888888888889 0.927710843373494 0.48333333333333334 0.927710843373494 0.4777777777777778 0.9879518072289156 0.39444444444444443 0.9919678714859438 0.39444444444444443 0.9919678714859438 0.40555555555555556 0.9959839357429718 0.4111111111111111 0.9959839357429718 0.45555555555555555 0.9919678714859438 0.46111111111111114 0.9919678714859438 0.4777777777777778 0.9799196787148594 0.4777777777777778 0.9759036144578314 0.48333333333333334 0.9678714859437751 0.48333333333333334 0.9598393574297188 0.49444444444444446 0.9558232931726908 0.49444444444444446 0.9518072289156626 0.5 0.9397590361445783 0.5 0.9357429718875502 0.5055555555555555 0.927710843373494 0.5055555555555555 0.9236947791164659 0.5111111111111111 0.9156626506024096 0.5111111111111111 0.9116465863453815 0.5166666666666667