19 0.4148148148148148 0.5611111111111111 0.4222222222222222 0.5444444444444444 0.43333333333333335 0.5444444444444444 0.43703703703703706 0.55 0.42962962962962964 0.55 0.42592592592592593 0.5555555555555556 0.42962962962962964 0.5611111111111111 0.4444444444444444 0.5611111111111111 0.4444444444444444 0.5666666666666667 0.45185185185185184 0.5777777777777777 0.45555555555555555 0.5777777777777777 0.45925925925925926 0.5833333333333334 0.4777777777777778 0.5833333333333334 0.48148148148148145 0.5888888888888889 0.5148148148148148 0.5888888888888889 0.5185185185185185 0.5833333333333334 0.5185185185185185 0.5777777777777777 0.5222222222222223 0.5722222222222222 0.5259259259259259 0.5722222222222222 0.5296296296296297 0.5777777777777777 0.5259259259259259 0.5833333333333334 0.5259259259259259 0.5944444444444444 0.5222222222222223 0.6 0.5222222222222223 0.6111111111111112 0.5148148148148148 0.6222222222222222 0.5111111111111111 0.6166666666666667 0.5074074074074074 0.6166666666666667 0.5037037037037037 0.6222222222222222 0.5074074074074074 0.6277777777777778 0.5037037037037037 0.6333333333333333 0.4962962962962963 0.6333333333333333 0.5 0.6277777777777778 0.5 0.6222222222222222 0.4962962962962963 0.6166666666666667 0.48148148148148145 0.6166666666666667 0.4777777777777778 0.6222222222222222 0.4777777777777778 0.6277777777777778 0.48148148148148145 0.6333333333333333 0.48518518518518516 0.6333333333333333 0.48518518518518516 0.6444444444444445 0.48148148148148145 0.6444444444444445 0.4777777777777778 0.65 0.4777777777777778 0.6555555555555556 0.4777777777777778 0.6444444444444445 0.4740740740740741 0.6388888888888888 0.4703703703703704 0.6388888888888888 0.4666666666666667 0.6444444444444445 0.4666666666666667 0.6333333333333333 0.4777777777777778 0.6222222222222222 0.4666666666666667 0.6111111111111112 0.45555555555555555 0.6111111111111112 0.45185185185185184 0.6055555555555555 0.45555555555555555 0.6 0.45555555555555555 0.5944444444444444 0.45185185185185184 0.5888888888888889 0.44814814814814813 0.5888888888888889 0.44814814814814813 0.5833333333333334 0.44074074074074077 0.5722222222222222 0.44074074074074077 0.5666666666666667 0.43703703703703706 0.5611111111111111 0.4185185185185185 0.5611111111111111
19 0.22962962962962963 0.6111111111111112 0.22962962962962963 0.6166666666666667 0.23333333333333334 0.6222222222222222 0.24074074074074073 0.6222222222222222 0.24814814814814815 0.6333333333333333 0.23703703703703705 0.6444444444444445 0.24814814814814815 0.6555555555555556 0.25555555555555554 0.6555555555555556 0.24814814814814815 0.6555555555555556 0.24074074074074073 0.6666666666666666 0.24814814814814815 0.6777777777777778 0.25555555555555554 0.6777777777777778 0.25925925925925924 0.6722222222222223 0.27037037037037037 0.6833333333333333 0.29259259259259257 0.6833333333333333 0.2962962962962963 0.6777777777777778 0.31851851851851853 0.6777777777777778 0.32222222222222224 0.6833333333333333 0.34074074074074073 0.6833333333333333 0.337037037037037 0.6833333333333333 0.3296296296296296 0.6944444444444444 0.3333333333333333 0.7 0.337037037037037 0.7 0.3296296296296296 0.7 0.32592592592592595 0.7055555555555556 0.32592592592592595 0.7111111111111111 0.32592592592592595 0.7055555555555556 0.32222222222222224 0.7 0.29259259259259257 0.7 0.28888888888888886 0.7055555555555556 0.28888888888888886 0.7166666666666667 0.29259259259259257 0.7222222222222222 0.2851851851851852 0.7333333333333333 0.29259259259259257 0.7444444444444445 0.2962962962962963 0.7444444444444445 0.3 0.7388888888888889 0.3 0.7333333333333333 0.3 0.7444444444444445 0.3111111111111111 0.7611111111111111 0.3148148148148148 0.7611111111111111 0.31851851851851853 0.7555555555555555 0.3148148148148148 0.75 0.3148148148148148 0.7444444444444445 0.31851851851851853 0.7388888888888889 0.3111111111111111 0.7222222222222222 0.31851851851851853 0.7111111111111111 0.31851851851851853 0.7277777777777777 0.32222222222222224 0.7333333333333333 0.32592592592592595 0.7333333333333333 0.32222222222222224 0.7333333333333333 0.31851851851851853 0.7388888888888889 0.31851851851851853 0.7444444444444445 0.32222222222222224 0.75 0.34074074074074073 0.75 0.34444444444444444 0.7555555555555555 0.34814814814814815 0.75 0.34814814814814815 0.7611111111111111 0.337037037037037 0.7722222222222223 0.34444444444444444 0.7833333333333333 0.34814814814814815 0.7833333333333333 0.3592592592592593 0.7722222222222223 0.3851851851851852 0.7722222222222223 0.3888888888888889 0.7666666666666667 0.3925925925925926 0.7722222222222223 0.3962962962962963 0.7722222222222223 0.4 0.7666666666666667 0.40370370370370373 0.7666666666666667 0.4074074074074074 0.7722222222222223 0.4148148148148148 0.7722222222222223 0.4222222222222222 0.7611111111111111 0.4185185185185185 0.7444444444444445 0.42592592592592593 0.7555555555555555 0.42962962962962964 0.7555555555555555 0.43703703703703706 0.7444444444444445 0.43703703703703706 0.7222222222222222 0.43333333333333335 0.7166666666666667 0.4148148148148148 0.7166666666666667 0.4111111111111111 0.7111111111111111 0.4 0.7111111111111111 0.3888888888888889 0.7 0.37407407407407406 0.7 0.36666666666666664 0.7111111111111111 0.3592592592592593 0.7111111111111111 0.35555555555555557 0.7166666666666667 0.35555555555555557 0.7222222222222222 0.35185185185185186 0.7222222222222222 0.35185185185185186 0.7166666666666667 0.34444444444444444 0.7055555555555556 0.34814814814814815 0.7055555555555556 0.35555555555555557 0.6944444444444444 0.37407407407407406 0.6944444444444444 0.37777777777777777 0.7 0.3851851851851852 0.7 0.3888888888888889 0.6944444444444444 0.3851851851851852 0.6888888888888889 0.3888888888888889 0.6888888888888889 0.3888888888888889 0.6944444444444444 0.3925925925925926 0.7 0.4 0.7 0.40370370370370373 0.6944444444444444 0.4074074074074074 0.6944444444444444 0.4111111111111111 0.7 0.42592592592592593 0.7 0.42962962962962964 0.7055555555555556 0.43333333333333335 0.7 0.43703703703703706 0.7 0.43333333333333335 0.7055555555555556 0.43703703703703706 0.7111111111111111 0.44814814814814813 0.7111111111111111 0.45185185185185184 0.7055555555555556 0.45555555555555555 0.7055555555555556 0.45925925925925926 0.7111111111111111 0.4740740740740741 0.7111111111111111 0.4777777777777778 0.7166666666666667 0.48518518518518516 0.7166666666666667 0.4888888888888889 0.7222222222222222 0.4925925925925926 0.7222222222222222 0.4888888888888889 0.7277777777777777 0.4888888888888889 0.7388888888888889 0.48518518518518516 0.7444444444444445 0.48518518518518516 0.75 0.4777777777777778 0.7611111111111111 0.4777777777777778 0.7666666666666667 0.4740740740740741 0.7722222222222223 0.4740740740740741 0.7833333333333333 0.4703703703703704 0.7833333333333333 0.45925925925925926 0.7944444444444444 0.46296296296296297 0.8 0.46296296296296297 0.8111111111111111 0.45925925925925926 0.8166666666666667 0.45555555555555555 0.8166666666666667 0.45185185185185184 0.8111111111111111 0.44074074074074077 0.8111111111111111 0.43703703703703706 0.8166666666666667 0.4148148148148148 0.8166666666666667 0.4111111111111111 0.8111111111111111 0.3851851851851852 0.8111111111111111 0.3814814814814815 0.8055555555555556 0.37777777777777777 0.8111111111111111 0.37407407407407406 0.8055555555555556 0.362962962962963 0.8055555555555556 0.3592592592592593 0.8 0.2962962962962963 0.8 0.29259259259259257 0.8055555555555556 0.24444444444444444 0.8055555555555556 0.24074074074074073 0.8111111111111111 0.2037037037037037 0.8111111111111111 0.2 0.8055555555555556 0.18888888888888888 0.8055555555555556 0.1814814814814815 0.7944444444444444 0.1814814814814815 0.7888888888888889 0.17777777777777778 0.7833333333333333 0.17777777777777778 0.6888888888888889 0.17407407407407408 0.6833333333333333 0.17407407407407408 0.6611111111111111 0.18518518518518517 0.6611111111111111 0.18888888888888888 0.6555555555555556 0.18888888888888888 0.6444444444444445 0.2 0.6277777777777778 0.2037037037037037 0.6277777777777778 0.21481481481481482 0.6166666666666667 0.21851851851851853 0.6222222222222222 0.22592592592592592 0.6222222222222222 0.22962962962962963 0.6166666666666667
19 0.3037037037037037 0.2111111111111111 0.3074074074074074 0.21666666666666667 0.32222222222222224 0.21666666666666667 0.3148148148148148 0.22777777777777777 0.31851851851851853 0.23333333333333334 0.32592592592592595 0.23333333333333334 0.3296296296296296 0.22777777777777777 0.3296296296296296 0.2222222222222222 0.337037037037037 0.2111111111111111 0.34444444444444444 0.2111111111111111 0.34814814814814815 0.21666666666666667 0.34074074074074073 0.22777777777777777 0.34444444444444444 0.23333333333333334 0.35185185185185186 0.23333333333333334 0.35555555555555557 0.22777777777777777 0.362962962962963 0.22777777777777777 0.36666666666666664 0.23333333333333334 0.37037037037037035 0.23333333333333334 0.3592592592592593 0.23333333333333334 0.35555555555555557 0.2388888888888889 0.3592592592592593 0.24444444444444444 0.37407407407407406 0.24444444444444444 0.37777777777777777 0.2388888888888889 0.3888888888888889 0.2388888888888889 0.3925925925925926 0.23333333333333334 0.4 0.23333333333333334 0.40370370370370373 0.22777777777777777 0.4111111111111111 0.22777777777777777 0.4148148148148148 0.23333333333333334 0.4074074074074074 0.24444444444444444 0.40370370370370373 0.24444444444444444 0.4 0.25 0.3925925925925926 0.25 0.3888888888888889 0.24444444444444444 0.37777777777777777 0.2611111111111111 0.37777777777777777 0.26666666666666666 0.37407407407407406 0.26666666666666666 0.35555555555555557 0.28888888888888886 0.34444444444444444 0.28888888888888886 0.34074074074074073 0.2833333333333333 0.34444444444444444 0.2777777777777778 0.34074074074074073 0.2722222222222222 0.34444444444444444 0.26666666666666666 0.34444444444444444 0.25 0.35185185185185186 0.25 0.35555555555555557 0.24444444444444444 0.35185185185185186 0.2388888888888889 0.337037037037037 0.2388888888888889 0.3333333333333333 0.23333333333333334 0.3296296296296296 0.23333333333333334 0.32592592592592595 0.2388888888888889 0.32592592592592595 0.24444444444444444 0.32222222222222224 0.24444444444444444 0.31851851851851853 0.25 0.32222222222222224 0.25555555555555554 0.32592592592592595 0.25555555555555554 0.32592592592592595 0.2611111111111111 0.32222222222222224 0.2611111111111111 0.3148148148148148 0.25 0.3111111111111111 0.25 0.3111111111111111 0.2388888888888889 0.3 0.22777777777777777 0.3 0.2222222222222222 0.2962962962962963 0.21666666666666667 0.3 0.21666666666666667
19 0.6185185185185185 0.15 0.6222222222222222 0.15 0.6259259259259259 0.14444444444444443 0.6333333333333333 0.14444444444444443 0.6444444444444445 0.13333333333333333 0.6518518518518519 0.13333333333333333 0.6555555555555556 0.12777777777777777 0.6592592592592592 0.12777777777777777 0.6703703703703704 0.11666666666666667 0.6777777777777778 0.11666666666666667 0.6888888888888889 0.10555555555555556 0.6962962962962963 0.10555555555555556 0.7 0.1 0.7074074074074074 0.1 0.7111111111111111 0.09444444444444444 0.7148148148148148 0.09444444444444444 0.7222222222222222 0.1111111111111111 0.7222222222222222 0.12222222222222222 0.725925925925926 0.12777777777777777 0.725925925925926 0.1388888888888889 0.7296296296296296 0.14444444444444443 0.7296296296296296 0.15555555555555556 0.7333333333333333 0.16111111111111112 0.7333333333333333 0.17222222222222222 0.737037037037037 0.17777777777777778 0.737037037037037 0.18888888888888888 0.7407407407407407 0.19444444444444445 0.7407407407407407 0.2222222222222222 0.737037037037037 0.2222222222222222 0.7296296296296296 0.23333333333333334 0.725925925925926 0.23333333333333334 0.7222222222222222 0.2388888888888889 0.7185185185185186 0.2388888888888889 0.7148148148148148 0.24444444444444444 0.7037037037037037 0.25 0.6962962962962963 0.2611111111111111 0.6888888888888889 0.2611111111111111 0.6851851851851852 0.26666666666666666 0.6777777777777778 0.26666666666666666 0.6666666666666666 0.2833333333333333 0.6666666666666666 0.3111111111111111 0.674074074074074 0.32222222222222224 0.674074074074074 0.3333333333333333 0.6777777777777778 0.3388888888888889 0.6777777777777778 0.34444444444444444 0.6814814814814815 0.35 0.6814814814814815 0.35555555555555557 0.6851851851851852 0.3611111111111111 0.6888888888888889 0.37777777777777777 0.6925925925925925 0.38333333333333336 0.6666666666666666 0.38333333333333336 0.662962962962963 0.37777777777777777 0.6592592592592592 0.37777777777777777 0.6481481481481481 0.36666666666666664 0.6407407407407407 0.36666666666666664 0.6296296296296297 0.35 0.6296296296296297 0.34444444444444444 0.6222222222222222 0.3277777777777778 0.6222222222222222 0.31666666666666665 0.6185185185185185 0.3111111111111111 0.6185185185185185 0.29444444444444445 0.6333333333333333 0.2722222222222222 0.6333333333333333 0.2611111111111111 0.6407407407407407 0.24444444444444444 0.6370370370370371 0.2388888888888889 0.6444444444444445 0.2222222222222222 0.6444444444444445 0.19444444444444445 0.6407407407407407 0.18888888888888888 0.6407407407407407 0.18333333333333332 0.6296296296296297 0.16666666666666666 0.6259259259259259 0.16666666666666666 0.6185185185185185 0.15555555555555556
19 0.6185185185185185 0.15555555555555556 0.6222222222222222 0.15555555555555556 0.6296296296296297 0.14444444444444443 0.6370370370370371 0.14444444444444443 0.6407407407407407 0.1388888888888889 0.6444444444444445 0.1388888888888889 0.6555555555555556 0.12777777777777777 0.662962962962963 0.12777777777777777 0.6666666666666666 0.12222222222222222 0.674074074074074 0.12222222222222222 0.6777777777777778 0.11666666666666667 0.6814814814814815 0.11666666666666667 0.6851851851851852 0.1111111111111111 0.6888888888888889 0.1111111111111111 0.7 0.1 0.7185185185185186 0.1 0.7185185185185186 0.10555555555555556 0.7222222222222222 0.1111111111111111 0.7222222222222222 0.12222222222222222 0.725925925925926 0.12777777777777777 0.725925925925926 0.14444444444444443 0.7296296296296296 0.15 0.7296296296296296 0.16111111111111112 0.7333333333333333 0.16666666666666666 0.7333333333333333 0.17777777777777778 0.737037037037037 0.18333333333333332 0.737037037037037 0.19444444444444445 0.7407407407407407 0.2 0.7407407407407407 0.21666666666666667 0.737037037037037 0.2222222222222222 0.7333333333333333 0.2222222222222222 0.725925925925926 0.23333333333333334 0.7222222222222222 0.23333333333333334 0.7185185185185186 0.2388888888888889 0.7074074074074074 0.24444444444444444 0.7 0.25555555555555554 0.6962962962962963 0.25555555555555554 0.6925925925925925 0.2611111111111111 0.6814814814814815 0.2611111111111111 0.6777777777777778 0.25555555555555554 0.6777777777777778 0.24444444444444444 0.6703703703703704 0.23333333333333334 0.6592592592592592 0.23333333333333334 0.6555555555555556 0.22777777777777777 0.6518518518518519 0.22777777777777777 0.6481481481481481 0.23333333333333334 0.6444444444444445 0.22777777777777777 0.6444444444444445 0.21666666666666667 0.6481481481481481 0.2111111111111111 0.6481481481481481 0.20555555555555555 0.6444444444444445 0.2 0.6444444444444445 0.18888888888888888 0.6259259259259259 0.16111111111111112 0.6222222222222222 0.16111111111111112
19 0.34814814814814815 0.12222222222222222 0.35185185185185186 0.12777777777777777 0.362962962962963 0.12777777777777777 0.36666666666666664 0.13333333333333333 0.3814814814814815 0.13333333333333333 0.3851851851851852 0.1388888888888889 0.3962962962962963 0.1388888888888889 0.4 0.14444444444444443 0.4074074074074074 0.14444444444444443 0.4111111111111111 0.15 0.4185185185185185 0.15 0.4222222222222222 0.15555555555555556 0.43333333333333335 0.15555555555555556 0.43703703703703706 0.16111111111111112 0.45185185185185184 0.16111111111111112 0.45555555555555555 0.16666666666666666 0.45925925925925926 0.16666666666666666 0.45555555555555555 0.16666666666666666 0.45185185185185184 0.17222222222222222 0.42592592592592593 0.17222222222222222 0.4222222222222222 0.17777777777777778 0.4185185185185185 0.17222222222222222 0.4074074074074074 0.17222222222222222 0.40370370370370373 0.16666666666666666 0.4 0.16666666666666666 0.4 0.16111111111111112 0.3962962962962963 0.15555555555555556 0.35555555555555557 0.15555555555555556 0.34444444444444444 0.14444444444444443 0.34074074074074073 0.15 0.337037037037037 0.15 0.337037037037037 0.14444444444444443 0.3333333333333333 0.1388888888888889 0.32592592592592595 0.15 0.32222222222222224 0.15 0.32592592592592595 0.14444444444444443 0.32222222222222224 0.1388888888888889 0.3111111111111111 0.1388888888888889 0.2962962962962963 0.16111111111111112 0.2962962962962963 0.16666666666666666 0.29259259259259257 0.17222222222222222 0.2962962962962963 0.17777777777777778 0.2962962962962963 0.19444444444444445 0.3074074074074074 0.2111111111111111 0.3111111111111111 0.2111111111111111 0.3148148148148148 0.21666666666666667 0.31851851851851853 0.2111111111111111 0.337037037037037 0.2111111111111111 0.34074074074074073 0.20555555555555555 0.35185185185185186 0.20555555555555555 0.35555555555555557 0.2111111111111111 0.35555555555555557 0.21666666666666667 0.362962962962963 0.22777777777777777 0.36666666666666664 0.22777777777777777 0.36666666666666664 0.23333333333333334 0.362962962962963 0.2388888888888889 0.3592592592592593 0.2388888888888889 0.35185185185185186 0.25 0.34074074074074073 0.25 0.34074074074074073 0.24444444444444444 0.3296296296296296 0.23333333333333334 0.32592592592592595 0.2388888888888889 0.32592592592592595 0.22777777777777777 0.32222222222222224 0.2222222222222222 0.2962962962962963 0.2222222222222222 0.29259259259259257 0.21666666666666667 0.2777777777777778 0.21666666666666667 0.2777777777777778 0.19444444444444445 0.2814814814814815 0.18888888888888888 0.2777777777777778 0.18333333333333332 0.2814814814814815 0.17777777777777778 0.2814814814814815 0.15 0.2851851851851852 0.14444444444444443 0.2851851851851852 0.12777777777777777 0.29259259259259257 0.11666666666666667 0.3333333333333333 0.11666666666666667 0.337037037037037 0.12222222222222222 0.34444444444444444 0.12222222222222222
19 0.7888888888888889 0.2111111111111111 0.7962962962962963 0.2222222222222222 0.7962962962962963 0.22777777777777777 0.8 0.23333333333333334 0.8 0.24444444444444444 0.8037037037037037 0.25 0.8037037037037037 0.25555555555555554 0.8074074074074075 0.2611111111111111 0.8074074074074075 0.26666666666666666 0.8148148148148148 0.2833333333333333 0.8148148148148148 0.29444444444444445 0.8185185185185185 0.3 0.8185185185185185 0.3055555555555556 0.8222222222222222 0.3111111111111111 0.8222222222222222 0.31666666666666665 0.8296296296296296 0.3333333333333333 0.8296296296296296 0.34444444444444444 0.8333333333333334 0.35 0.837037037037037 0.36666666666666664 0.8444444444444444 0.37777777777777777 0.8444444444444444 0.38333333333333336 0.8481481481481481 0.3888888888888889 0.8481481481481481 0.39444444444444443 0.8518518518518519 0.4 0.8518518518518519 0.40555555555555556 0.8555555555555555 0.4111111111111111 0.8592592592592593 0.42777777777777776 0.8629629629629629 0.43333333333333335 0.8629629629629629 0.4444444444444444 0.8703703703703703 0.45555555555555555 0.8703703703703703 0.46111111111111114 0.8740740740740741 0.4666666666666667 0.8740740740740741 0.4777777777777778 0.8814814814814815 0.4888888888888889 0.8814814814814815 0.49444444444444446 0.8851851851851852 0.5 0.8851851851851852 0.5111111111111111 0.8888888888888888 0.5166666666666667 0.8888888888888888 0.5222222222222223 0.8962962962962963 0.5333333333333333 0.8962962962962963 0.5388888888888889 0.9 0.5444444444444444 0.9 0.55 0.9037037037037037 0.5555555555555556 0.9074074074074074 0.5722222222222222 0.9148148148148149 0.5833333333333334 0.9148148148148149 0.5888888888888889 0.9185185185185185 0.5944444444444444 0.9185185185185185 0.6222222222222222 0.9111111111111111 0.6333333333333333 0.9074074074074074 0.6333333333333333 0.9037037037037037 0.6388888888888888 0.9 0.6388888888888888 0.8925925925925926 0.65 0.8888888888888888 0.65 0.8851851851851852 0.6555555555555556 0.8814814814814815 0.6555555555555556 0.8777777777777778 0.6611111111111111 0.8740740740740741 0.6611111111111111 0.8703703703703703 0.6666666666666666 0.8666666666666667 0.6666666666666666 0.8629629629629629 0.6722222222222223 0.8518518518518519 0.6777777777777778 0.8444444444444444 0.6888888888888889 0.8407407407407408 0.6888888888888889 0.837037037037037 0.6944444444444444 0.8333333333333334 0.6944444444444444 0.8222222222222222 0.7055555555555556 0.8074074074074075 0.7055555555555556 0.8074074074074075 0.7 0.8037037037037037 0.6944444444444444 0.8 0.6777777777777778 0.7925925925925926 0.6666666666666666 0.7888888888888889 0.65 0.7814814814814814 0.6388888888888888 0.7814814814814814 0.6277777777777778 0.7777777777777778 0.6222222222222222 0.7777777777777778 0.6166666666666667 0.774074074074074 0.6111111111111112 0.774074074074074 0.6055555555555555 0.7703703703703704 0.6 0.7703703703703704 0.5944444444444444 0.7666666666666667 0.5888888888888889 0.7666666666666667 0.5833333333333334 0.762962962962963 0.5777777777777777 0.762962962962963 0.5722222222222222 0.7592592592592593 0.5666666666666667 0.7592592592592593 0.5611111111111111 0.7555555555555555 0.5555555555555556 0.7518518518518519 0.5388888888888889 0.7481481481481481 0.5333333333333333 0.7481481481481481 0.5222222222222223 0.7444444444444445 0.5166666666666667 0.7444444444444445 0.5111111111111111 0.7407407407407407 0.5055555555555555 0.7407407407407407 0.5 0.737037037037037 0.49444444444444446 0.737037037037037 0.4888888888888889 0.7333333333333333 0.48333333333333334 0.7296296296296296 0.4666666666666667 0.7222222222222222 0.45555555555555555 0.7222222222222222 0.4444444444444444 0.7148148148148148 0.42777777777777776 0.7148148148148148 0.4166666666666667 0.7 0.3888888888888889 0.7 0.38333333333333336 0.6962962962962963 0.37777777777777777 0.6962962962962963 0.37222222222222223 0.6925925925925925 0.36666666666666664 0.6925925925925925 0.3611111111111111 0.6888888888888889 0.35555555555555557 0.6888888888888889 0.35 0.6851851851851852 0.34444444444444444 0.6851851851851852 0.3388888888888889 0.6814814814814815 0.3333333333333333 0.6814814814814815 0.3277777777777778 0.6777777777777778 0.32222222222222224 0.6777777777777778 0.31666666666666665 0.6703703703703704 0.3 0.6703703703703704 0.28888888888888886 0.6777777777777778 0.2777777777777778 0.6814814814814815 0.2777777777777778 0.6851851851851852 0.2722222222222222 0.6925925925925925 0.2722222222222222 0.6962962962962963 0.26666666666666666 0.7074074074074074 0.2611111111111111 0.7148148148148148 0.25 0.7185185185185186 0.25 0.7222222222222222 0.24444444444444444 0.725925925925926 0.24444444444444444 0.7296296296296296 0.2388888888888889 0.7333333333333333 0.2388888888888889 0.737037037037037 0.23333333333333334 0.7407407407407407 0.23333333333333334 0.7444444444444445 0.22777777777777777 0.7481481481481481 0.22777777777777777 0.7518518518518519 0.2222222222222222 0.7555555555555555 0.2222222222222222 0.7666666666666667 0.2111111111111111 0.7851851851851852 0.2111111111111111
19 0.5407407407407407 0.1111111111111111 0.5444444444444444 0.11666666666666667 0.5518518518518518 0.11666666666666667 0.5555555555555556 0.12222222222222222 0.5592592592592592 0.12222222222222222 0.562962962962963 0.12777777777777777 0.5666666666666667 0.12777777777777777 0.5703703703703704 0.13333333333333333 0.5740740740740741 0.13333333333333333 0.5777777777777777 0.1388888888888889 0.5814814814814815 0.1388888888888889 0.5925925925925926 0.15 0.5962962962962963 0.15 0.6 0.15555555555555556 0.6037037037037037 0.15555555555555556 0.6074074074074074 0.16111111111111112 0.6185185185185185 0.16666666666666666 0.6259259259259259 0.17777777777777778 0.6296296296296297 0.17777777777777778 0.6370370370370371 0.19444444444444445 0.6370370370370371 0.2222222222222222 0.6296296296296297 0.2388888888888889 0.6296296296296297 0.25555555555555554 0.6259259259259259 0.2611111111111111 0.6222222222222222 0.2777777777777778 0.6148148148148148 0.28888888888888886 0.6148148148148148 0.29444444444444445 0.6074074074074074 0.3111111111111111 0.6074074074074074 0.32222222222222224 0.6037037037037037 0.3277777777777778 0.6037037037037037 0.3333333333333333 0.5962962962962963 0.34444444444444444 0.5962962962962963 0.35 0.5851851851851851 0.36666666666666664 0.5851851851851851 0.37777777777777777 0.5777777777777777 0.39444444444444443 0.5777777777777777 0.40555555555555556 0.5740740740740741 0.4111111111111111 0.5740740740740741 0.4166666666666667 0.5666666666666667 0.43333333333333335 0.5666666666666667 0.4444444444444444 0.562962962962963 0.45 0.562962962962963 0.46111111111111114 0.5555555555555556 0.4777777777777778 0.5555555555555556 0.4888888888888889 0.5518518518518518 0.49444444444444446 0.5518518518518518 0.5 0.5481481481481482 0.5055555555555555 0.5481481481481482 0.5166666666666667 0.5407407407407407 0.5333333333333333 0.5407407407407407 0.5444444444444444 0.5333333333333333 0.5555555555555556 0.5333333333333333 0.5666666666666667 0.5296296296296297 0.5722222222222222 0.5296296296296297 0.5777777777777777 0.5222222222222223 0.5888888888888889 0.5037037037037037 0.5888888888888889 0.5 0.5833333333333334 0.48518518518518516 0.5833333333333334 0.48148148148148145 0.5777777777777777 0.4740740740740741 0.5777777777777777 0.4703703703703704 0.5722222222222222 0.45555555555555555 0.5722222222222222 0.45185185185185184 0.5666666666666667 0.44074074074074077 0.5611111111111111 0.43703703703703706 0.5555555555555556 0.43703703703703706 0.5388888888888889 0.42962962962962964 0.5277777777777778 0.42962962962962964 0.5111111111111111 0.42592592592592593 0.5055555555555555 0.42962962962962964 0.5 0.42962962962962964 0.49444444444444446 0.42592592592592593 0.4888888888888889 0.43703703703703706 0.4777777777777778 0.4444444444444444 0.4777777777777778 0.45555555555555555 0.46111111111111114 0.45925925925925926 0.46111111111111114 0.46296296296296297 0.45555555555555555 0.4666666666666667 0.45555555555555555 0.4777777777777778 0.4444444444444444 0.48518518518518516 0.4444444444444444 0.5148148148148148 0.4 0.5148148148148148 0.37222222222222223 0.5185185185185185 0.36666666666666664 0.5148148148148148 0.3611111111111111 0.5148148148148148 0.35555555555555557 0.5037037037037037 0.3388888888888889 0.5037037037037037 0.3333333333333333 0.5 0.3277777777777778 0.5 0.32222222222222224 0.4925925925925926 0.3055555555555556 0.4925925925925926 0.28888888888888886 0.48518518518518516 0.2777777777777778 0.48518518518518516 0.2722222222222222 0.48148148148148145 0.26666666666666666 0.48148148148148145 0.25 0.48518518518518516 0.24444444444444444 0.48518518518518516 0.23333333333333334 0.4888888888888889 0.22777777777777777 0.4888888888888889 0.21666666666666667 0.4925925925925926 0.2111111111111111 0.4925925925925926 0.19444444444444445 0.4962962962962963 0.18888888888888888 0.4962962962962963 0.18333333333333332 0.5 0.18333333333333332 0.5037037037037037 0.17777777777777778 0.5037037037037037 0.16111111111111112 0.5074074074074074 0.15555555555555556 0.5074074074074074 0.14444444444444443 0.5111111111111111 0.1388888888888889 0.5111111111111111 0.13333333333333333 0.5148148148148148 0.12777777777777777 0.5185185185185185 0.1111111111111111 0.5222222222222223 0.10555555555555556 0.5333333333333333 0.10555555555555556 0.5370370370370371 0.1111111111111111
19 0.44814814814814813 0.6777777777777778 0.4703703703703704 0.6777777777777778 0.4740740740740741 0.6833333333333333 0.4777777777777778 0.6777777777777778 0.4925925925925926 0.6777777777777778 0.4925925925925926 0.6944444444444444 0.4777777777777778 0.6944444444444444 0.4703703703703704 0.6833333333333333 0.46296296296296297 0.6833333333333333 0.45185185185185184 0.6944444444444444 0.45185185185185184 0.7 0.45555555555555555 0.7055555555555556 0.46296296296296297 0.7055555555555556 0.46296296296296297 0.7111111111111111 0.45925925925925926 0.7166666666666667 0.46296296296296297 0.7222222222222222 0.46296296296296297 0.7277777777777777 0.4703703703703704 0.7388888888888889 0.4888888888888889 0.7388888888888889 0.48518518518518516 0.7444444444444445 0.48518518518518516 0.75 0.4777777777777778 0.7611111111111111 0.4740740740740741 0.7611111111111111 0.4703703703703704 0.7666666666666667 0.4703703703703704 0.7833333333333333 0.4666666666666667 0.7833333333333333 0.46296296296296297 0.7777777777777778 0.4666666666666667 0.7722222222222223 0.4666666666666667 0.7666666666666667 0.4703703703703704 0.7666666666666667 0.4777777777777778 0.7555555555555555 0.4740740740740741 0.75 0.4444444444444444 0.75 0.44074074074074077 0.7555555555555555 0.4444444444444444 0.7611111111111111 0.45185185185185184 0.7611111111111111 0.45185185185185184 0.7666666666666667 0.44814814814814813 0.7666666666666667 0.4444444444444444 0.7722222222222223 0.44814814814814813 0.7777777777777778 0.4444444444444444 0.7777777777777778 0.4444444444444444 0.7722222222222223 0.44074074074074077 0.7666666666666667 0.43703703703703706 0.7666666666666667 0.43333333333333335 0.7722222222222223 0.43703703703703706 0.7777777777777778 0.43333333333333335 0.7833333333333333 0.43703703703703706 0.7888888888888889 0.43703703703703706 0.8055555555555556 0.43333333333333335 0.8111111111111111 0.40370370370370373 0.8111111111111111 0.4 0.8055555555555556 0.3888888888888889 0.8055555555555556 0.3851851851851852 0.8 0.3814814814814815 0.8 0.37777777777777777 0.8055555555555556 0.37777777777777777 0.8 0.37037037037037035 0.7888888888888889 0.36666666666666664 0.7888888888888889 0.37037037037037035 0.7888888888888889 0.37407407407407406 0.7833333333333333 0.4185185185185185 0.7833333333333333 0.4222222222222222 0.7888888888888889 0.42592592592592593 0.7833333333333333 0.42592592592592593 0.7722222222222223 0.42962962962962964 0.7666666666666667 0.43703703703703706 0.7666666666666667 0.44074074074074077 0.7611111111111111 0.44074074074074077 0.75 0.4444444444444444 0.7444444444444445 0.4444444444444444 0.7333333333333333 0.44814814814814813 0.7388888888888889 0.45555555555555555 0.7277777777777777 0.45925925925925926 0.7277777777777777 0.46296296296296297 0.7222222222222222 0.45555555555555555 0.7055555555555556 0.4444444444444444 0.7055555555555556 0.4444444444444444 0.6944444444444444 0.44814814814814813 0.6888888888888889 0.44814814814814813 0.6833333333333333
19 0.3148148148148148 0.10555555555555556 0.31851851851851853 0.1111111111111111 0.3296296296296296 0.1111111111111111 0.3333333333333333 0.11666666666666667 0.34444444444444444 0.11666666666666667 0.34814814814814815 0.12222222222222222 0.362962962962963 0.12222222222222222 0.36666666666666664 0.12777777777777777 0.37777777777777777 0.12777777777777777 0.3814814814814815 0.13333333333333333 0.3888888888888889 0.13333333333333333 0.3925925925925926 0.1388888888888889 0.4074074074074074 0.1388888888888889 0.4111111111111111 0.14444444444444443 0.4185185185185185 0.14444444444444443 0.4222222222222222 0.15 0.43703703703703706 0.15 0.44074074074074077 0.15555555555555556 0.45185185185185184 0.15555555555555556 0.45555555555555555 0.16111111111111112 0.4666666666666667 0.16111111111111112 0.4703703703703704 0.16666666666666666 0.4777777777777778 0.16666666666666666 0.48148148148148145 0.17222222222222222 0.4925925925925926 0.17222222222222222 0.4962962962962963 0.17777777777777778 0.4962962962962963 0.18888888888888888 0.4888888888888889 0.2 0.4888888888888889 0.21666666666666667 0.48518518518518516 0.2222222222222222 0.48518518518518516 0.23333333333333334 0.48148148148148145 0.2388888888888889 0.48148148148148145 0.25 0.4777777777777778 0.25555555555555554 0.4703703703703704 0.24444444444444444 0.4703703703703704 0.2388888888888889 0.4666666666666667 0.23333333333333334 0.46296296296296297 0.21666666666666667 0.45925925925925926 0.2111111111111111 0.44814814814814813 0.2111111111111111 0.4444444444444444 0.21666666666666667 0.43333333333333335 0.2222222222222222 0.42592592592592593 0.23333333333333334 0.4185185185185185 0.23333333333333334 0.4148148148148148 0.2388888888888889 0.40370370370370373 0.24444444444444444 0.3962962962962963 0.25555555555555554 0.3925925925925926 0.25555555555555554 0.3888888888888889 0.2611111111111111 0.3814814814814815 0.2611111111111111 0.37407407407407406 0.25 0.37037037037037035 0.25555555555555554 0.34444444444444444 0.25555555555555554 0.34074074074074073 0.2611111111111111 0.34074074074074073 0.26666666666666666 0.34444444444444444 0.2722222222222222 0.34814814814814815 0.26666666666666666 0.34814814814814815 0.2777777777777778 0.35185185185185186 0.2833333333333333 0.35185185185185186 0.28888888888888886 0.34814814814814815 0.29444444444444445 0.34444444444444444 0.29444444444444445 0.337037037037037 0.2833333333333333 0.3333333333333333 0.2833333333333333 0.3296296296296296 0.2777777777777778 0.3296296296296296 0.2722222222222222 0.3074074074074074 0.2388888888888889 0.3037037037037037 0.2388888888888889 0.3037037037037037 0.23333333333333334 0.3 0.22777777777777777 0.2962962962962963 0.22777777777777777 0.29259259259259257 0.2222222222222222 0.2740740740740741 0.2222222222222222 0.2740740740740741 0.21666666666666667 0.27037037037037037 0.2111111111111111 0.2740740740740741 0.20555555555555555 0.2740740740740741 0.18888888888888888 0.2777777777777778 0.18333333333333332 0.2777777777777778 0.15555555555555556 0.2814814814814815 0.15 0.2814814814814815 0.1388888888888889 0.2851851851851852 0.13333333333333333 0.2851851851851852 0.11666666666666667 0.29259259259259257 0.10555555555555556 0.3111111111111111 0.10555555555555556
19 0.4074074074074074 0.5055555555555555 0.4111111111111111 0.5111111111111111 0.4111111111111111 0.5333333333333333 0.4185185185185185 0.5444444444444444 0.4222222222222222 0.5444444444444444 0.4222222222222222 0.5555555555555556 0.42962962962962964 0.5666666666666667 0.43333333333333335 0.5666666666666667 0.43703703703703706 0.5722222222222222 0.4444444444444444 0.5722222222222222 0.45555555555555555 0.5833333333333334 0.44814814814814813 0.5944444444444444 0.44814814814814813 0.6 0.45185185185185184 0.6055555555555555 0.46296296296296297 0.5888888888888889 0.46296296296296297 0.5833333333333334 0.4666666666666667 0.5833333333333334 0.46296296296296297 0.5888888888888889 0.4666666666666667 0.5944444444444444 0.5037037037037037 0.5944444444444444 0.5111111111111111 0.6111111111111112 0.5185185185185185 0.6111111111111112 0.5074074074074074 0.6222222222222222 0.5074074074074074 0.6277777777777778 0.5111111111111111 0.6333333333333333 0.5148148148148148 0.6333333333333333 0.5111111111111111 0.65 0.5074074074074074 0.65 0.5 0.6611111111111111 0.5 0.6666666666666666 0.4962962962962963 0.6666666666666666 0.4925925925925926 0.6722222222222223 0.4962962962962963 0.6777777777777778 0.4962962962962963 0.6833333333333333 0.4925925925925926 0.6888888888888889 0.4962962962962963 0.6944444444444444 0.4925925925925926 0.7 0.4740740740740741 0.7 0.4703703703703704 0.7055555555555556 0.4740740740740741 0.7111111111111111 0.48148148148148145 0.7111111111111111 0.48518518518518516 0.7166666666666667 0.4925925925925926 0.7166666666666667 0.4925925925925926 0.7277777777777777 0.4888888888888889 0.7333333333333333 0.4888888888888889 0.7444444444444445 0.48148148148148145 0.7555555555555555 0.48148148148148145 0.7611111111111111 0.4703703703703704 0.7722222222222223 0.4740740740740741 0.7777777777777778 0.4703703703703704 0.7833333333333333 0.46296296296296297 0.7833333333333333 0.46296296296296297 0.7722222222222223 0.45925925925925926 0.7666666666666667 0.45555555555555555 0.7666666666666667 0.45185185185185184 0.7722222222222223 0.45185185185185184 0.8 0.45555555555555555 0.8055555555555556 0.45925925925925926 0.8055555555555556 0.46296296296296297 0.8 0.46296296296296297 0.8111111111111111 0.45925925925925926 0.8111111111111111 0.45555555555555555 0.8055555555555556 0.44814814814814813 0.8055555555555556 0.44814814814814813 0.8 0.4444444444444444 0.7944444444444444 0.44074074074074077 0.7944444444444444 0.43703703703703706 0.8 0.43703703703703706 0.8111111111111111 0.43333333333333335 0.8166666666666667 0.4222222222222222 0.8166666666666667 0.4185185185185185 0.8111111111111111 0.4 0.8111111111111111 0.3962962962962963 0.8055555555555556 0.3925925925925926 0.8111111111111111 0.3888888888888889 0.8055555555555556 0.37407407407407406 0.8055555555555556 0.37407407407407406 0.8 0.36666666666666664 0.7888888888888889 0.37407407407407406 0.7777777777777778 0.37777777777777777 0.7833333333333333 0.3814814814814815 0.7777777777777778 0.3851851851851852 0.7833333333333333 0.40370370370370373 0.7833333333333333 0.4074074074074074 0.7777777777777778 0.4111111111111111 0.7833333333333333 0.4185185185185185 0.7833333333333333 0.4222222222222222 0.7777777777777778 0.4222222222222222 0.7722222222222223 0.44074074074074077 0.7444444444444445 0.44074074074074077 0.7277777777777777 0.4444444444444444 0.7277777777777777 0.44814814814814813 0.7333333333333333 0.45555555555555555 0.7222222222222222 0.45555555555555555 0.7166666666666667 0.44814814814814813 0.7055555555555556 0.4444444444444444 0.7055555555555556 0.44074074074074077 0.7 0.43333333333333335 0.7 0.4222222222222222 0.7111111111111111 0.4185185185185185 0.7055555555555556 0.4 0.7055555555555556 0.3925925925925926 0.6944444444444444 0.37777777777777777 0.6944444444444444 0.37407407407407406 0.7 0.36666666666666664 0.7 0.362962962962963 0.7055555555555556 0.3592592592592593 0.7055555555555556 0.35555555555555557 0.7 0.3592592592592593 0.6944444444444444 0.34814814814814815 0.6777777777777778 0.337037037037037 0.6777777777777778 0.3333333333333333 0.6722222222222223 0.3296296296296296 0.6777777777777778 0.32222222222222224 0.6777777777777778 0.31851851851851853 0.6833333333333333 0.3111111111111111 0.6833333333333333 0.3037037037037037 0.6944444444444444 0.3 0.6888888888888889 0.2851851851851852 0.6888888888888889 0.2777777777777778 0.6777777777777778 0.2740740740740741 0.6777777777777778 0.27037037037037037 0.6833333333333333 0.26296296296296295 0.6833333333333333 0.25925925925925924 0.6777777777777778 0.25555555555555554 0.6833333333333333 0.24074074074074073 0.6833333333333333 0.23703703703703705 0.6888888888888889 0.23703703703703705 0.7 0.23333333333333334 0.6944444444444444 0.22962962962962963 0.6944444444444444 0.23333333333333334 0.6888888888888889 0.23333333333333334 0.6777777777777778 0.22962962962962963 0.6722222222222223 0.2222222222222222 0.6722222222222223 0.21851851851851853 0.6666666666666666 0.2222222222222222 0.6611111111111111 0.2222222222222222 0.6555555555555556 0.22962962962962963 0.6388888888888888 0.22592592592592592 0.6333333333333333 0.22592592592592592 0.6055555555555555 0.23333333333333334 0.6055555555555555 0.23703703703703705 0.6111111111111112 0.24074074074074073 0.6111111111111112 0.24444444444444444 0.6055555555555555 0.25555555555555554 0.6055555555555555 0.25925925925925924 0.6 0.2740740740740741 0.6 0.2777777777777778 0.5944444444444444 0.2851851851851852 0.5944444444444444 0.28888888888888886 0.5888888888888889 0.29259259259259257 0.5888888888888889 0.2962962962962963 0.5944444444444444 0.3037037037037037 0.5833333333333334 0.31851851851851853 0.5833333333333334 0.32222222222222224 0.5777777777777777 0.31851851851851853 0.5722222222222222 0.31851851851851853 0.5666666666666667 0.32222222222222224 0.5611111111111111 0.32592592592592595 0.5611111111111111 0.3296296296296296 0.5555555555555556 0.34074074074074073 0.5555555555555556 0.34814814814814815 0.5444444444444444 0.35555555555555557 0.5444444444444444 0.3592592592592593 0.5388888888888889 0.362962962962963 0.5388888888888889 0.37037037037037035 0.5277777777777778 0.37407407407407406 0.5277777777777778 0.37777777777777777 0.5222222222222223 0.3814814814814815 0.5222222222222223 0.3851851851851852 0.5166666666666667 0.3888888888888889 0.5166666666666667 0.3925925925925926 0.5111111111111111 0.40370370370370373 0.5055555555555555
19 0.3148148148148148 0.10555555555555556 0.31851851851851853 0.1111111111111111 0.3333333333333333 0.1111111111111111 0.337037037037037 0.11666666666666667 0.34444444444444444 0.11666666666666667 0.34814814814814815 0.12222222222222222 0.362962962962963 0.12222222222222222 0.36666666666666664 0.12777777777777777 0.37407407407407406 0.12777777777777777 0.37777777777777777 0.13333333333333333 0.3888888888888889 0.13333333333333333 0.3925925925925926 0.1388888888888889 0.4074074074074074 0.1388888888888889 0.4111111111111111 0.14444444444444443 0.4185185185185185 0.14444444444444443 0.4222222222222222 0.15 0.43703703703703706 0.15 0.44074074074074077 0.15555555555555556 0.45185185185185184 0.15555555555555556 0.45555555555555555 0.16111111111111112 0.4666666666666667 0.16111111111111112 0.4703703703703704 0.16666666666666666 0.48148148148148145 0.16666666666666666 0.48518518518518516 0.17222222222222222 0.4925925925925926 0.17222222222222222 0.4962962962962963 0.17777777777777778 0.4888888888888889 0.19444444444444445 0.4888888888888889 0.2111111111111111 0.48518518518518516 0.21666666666666667 0.48518518518518516 0.22777777777777777 0.4777777777777778 0.24444444444444444 0.4740740740740741 0.24444444444444444 0.4703703703703704 0.2388888888888889 0.4666666666666667 0.2222222222222222 0.45555555555555555 0.20555555555555555 0.45185185185185184 0.20555555555555555 0.44814814814814813 0.2111111111111111 0.4444444444444444 0.2111111111111111 0.43703703703703706 0.2222222222222222 0.43333333333333335 0.2222222222222222 0.4222222222222222 0.23333333333333334 0.4148148148148148 0.23333333333333334 0.4074074074074074 0.24444444444444444 0.3962962962962963 0.25 0.3888888888888889 0.2611111111111111 0.3851851851851852 0.2611111111111111 0.3814814814814815 0.26666666666666666 0.37407407407407406 0.26666666666666666 0.36666666666666664 0.2777777777777778 0.35555555555555557 0.2833333333333333 0.34814814814814815 0.29444444444444445 0.34074074074074073 0.29444444444444445 0.29259259259259257 0.2222222222222222 0.2814814814814815 0.2222222222222222 0.2777777777777778 0.22777777777777777 0.27037037037037037 0.22777777777777777 0.27037037037037037 0.20555555555555555 0.2740740740740741 0.2 0.2740740740740741 0.18333333333333332 0.2777777777777778 0.17777777777777778 0.2777777777777778 0.15555555555555556 0.2814814814814815 0.15 0.2814814814814815 0.13333333333333333 0.2851851851851852 0.12777777777777777 0.2851851851851852 0.11666666666666667 0.29259259259259257 0.10555555555555556 0.3111111111111111 0.10555555555555556
19 0.7703703703703704 0.6277777777777778 0.7777777777777778 0.6444444444444445 0.7777777777777778 0.6555555555555556 0.7888888888888889 0.6722222222222223 0.7888888888888889 0.6777777777777778 0.7925925925925926 0.6833333333333333 0.7925925925925926 0.7 0.7851851851851852 0.7111111111111111 0.7814814814814814 0.7111111111111111 0.7703703703703704 0.7277777777777777 0.7666666666666667 0.7277777777777777 0.7592592592592593 0.7388888888888889 0.7518518518518519 0.7388888888888889 0.7481481481481481 0.7444444444444445 0.7444444444444445 0.7444444444444445 0.7333333333333333 0.7611111111111111 0.7222222222222222 0.7666666666666667 0.7111111111111111 0.7833333333333333 0.7074074074074074 0.7833333333333333 0.7 0.7944444444444444 0.6962962962962963 0.7944444444444444 0.6925925925925925 0.8 0.6814814814814815 0.8055555555555556 0.6703703703703704 0.8222222222222222 0.662962962962963 0.8222222222222222 0.6555555555555556 0.8333333333333334 0.6444444444444445 0.8388888888888889 0.6370370370370371 0.85 0.6333333333333333 0.85 0.6185185185185185 0.8722222222222222 0.6148148148148148 0.8722222222222222 0.6074074074074074 0.8833333333333333 0.5962962962962963 0.8888888888888888 0.5777777777777777 0.9111111111111111 0.5740740740740741 0.9111111111111111 0.5703703703703704 0.9166666666666666 0.5666666666666667 0.9166666666666666 0.5555555555555556 0.9277777777777778 0.5333333333333333 0.9277777777777778 0.5296296296296297 0.9222222222222223 0.5259259259259259 0.9222222222222223 0.5074074074074074 0.8944444444444445 0.5074074074074074 0.8722222222222222 0.5 0.8611111111111112 0.5 0.8555555555555555 0.48518518518518516 0.8277777777777777 0.4888888888888889 0.8277777777777777 0.4925925925925926 0.8222222222222222 0.4925925925925926 0.8111111111111111 0.5037037037037037 0.8277777777777777 0.5074074074074074 0.8222222222222222 0.5074074074074074 0.8277777777777777 0.5111111111111111 0.8333333333333334 0.5148148148148148 0.8277777777777777 0.5185185185185185 0.8277777777777777 0.5222222222222223 0.8333333333333334 0.5333333333333333 0.8333333333333334 0.5370370370370371 0.8388888888888889 0.5481481481481482 0.8388888888888889 0.5518518518518518 0.8444444444444444 0.5592592592592592 0.8444444444444444 0.5666666666666667 0.8555555555555555 0.5703703703703704 0.8555555555555555 0.5740740740740741 0.8611111111111112 0.5814814814814815 0.8611111111111112 0.5851851851851851 0.8666666666666667 0.6111111111111112 0.8666666666666667 0.6148148148148148 0.8611111111111112 0.6185185185185185 0.8611111111111112 0.6222222222222222 0.8555555555555555 0.6222222222222222 0.85 0.6259259259259259 0.8555555555555555 0.6296296296296297 0.8555555555555555 0.6333333333333333 0.85 0.6296296296296297 0.8444444444444444 0.6296296296296297 0.8388888888888889 0.6333333333333333 0.8333333333333334 0.6407407407407407 0.8333333333333334 0.6444444444444445 0.8388888888888889 0.6481481481481481 0.8333333333333334 0.6481481481481481 0.8277777777777777 0.6444444444444445 0.8222222222222222 0.6370370370370371 0.8222222222222222 0.6444444444444445 0.8222222222222222 0.6481481481481481 0.8277777777777777 0.6518518518518519 0.8222222222222222 0.6555555555555556 0.8222222222222222 0.6592592592592592 0.8166666666666667 0.6592592592592592 0.8111111111111111 0.6666666666666666 0.8111111111111111 0.6703703703703704 0.8055555555555556 0.674074074074074 0.8055555555555556 0.6777777777777778 0.8 0.6777777777777778 0.7944444444444444 0.6814814814814815 0.7944444444444444 0.6925925925925925 0.7833333333333333 0.7 0.7833333333333333 0.7037037037037037 0.7777777777777778 0.7 0.7722222222222223 0.6925925925925925 0.7722222222222223 0.7037037037037037 0.7722222222222223 0.7148148148148148 0.7555555555555555 0.7185185185185186 0.7555555555555555 0.725925925925926 0.7444444444444445 0.737037037037037 0.7444444444444445 0.7444444444444445 0.7277777777777777 0.7555555555555555 0.7222222222222222 0.7666666666666667 0.7055555555555556 0.7666666666666667 0.7 0.7814814814814814 0.6777777777777778 0.7777777777777778 0.6722222222222223 0.7814814814814814 0.6666666666666666 0.774074074074074 0.6555555555555556 0.7703703703703704 0.6555555555555556 0.7703703703703704 0.65 0.7666666666666667 0.6444444444444445 0.7666666666666667 0.6333333333333333
19 0.3148148148148148 0.3277777777777778 0.32222222222222224 0.3277777777777778 0.34074074074074073 0.3055555555555556 0.34444444444444444 0.3055555555555556 0.34814814814814815 0.3 0.35185185185185186 0.3 0.35555555555555557 0.29444444444444445 0.3592592592592593 0.29444444444444445 0.37037037037037035 0.2833333333333333 0.37777777777777777 0.2833333333333333 0.3851851851851852 0.2722222222222222 0.3888888888888889 0.2722222222222222 0.4074074074074074 0.25 0.4111111111111111 0.25 0.4148148148148148 0.24444444444444444 0.4222222222222222 0.24444444444444444 0.42592592592592593 0.2388888888888889 0.42962962962962964 0.2388888888888889 0.43703703703703706 0.22777777777777777 0.44814814814814813 0.22777777777777777 0.45185185185185184 0.2222222222222222 0.45555555555555555 0.2222222222222222 0.45925925925925926 0.22777777777777777 0.46296296296296297 0.24444444444444444 0.4703703703703704 0.25555555555555554 0.4703703703703704 0.2611111111111111 0.4740740740740741 0.26666666666666666 0.4740740740740741 0.2722222222222222 0.4777777777777778 0.2777777777777778 0.4777777777777778 0.2833333333333333 0.48148148148148145 0.28888888888888886 0.48148148148148145 0.29444444444444445 0.48518518518518516 0.3 0.48518518518518516 0.3055555555555556 0.4888888888888889 0.3111111111111111 0.4888888888888889 0.31666666666666665 0.4925925925925926 0.32222222222222224 0.4925925925925926 0.3277777777777778 0.4962962962962963 0.3333333333333333 0.4962962962962963 0.3388888888888889 0.5 0.34444444444444444 0.5 0.35 0.5037037037037037 0.35555555555555557 0.5074074074074074 0.37222222222222223 0.5111111111111111 0.37777777777777777 0.5074074074074074 0.38333333333333336 0.5074074074074074 0.4 0.5 0.4111111111111111 0.4962962962962963 0.4111111111111111 0.48518518518518516 0.42777777777777776 0.48148148148148145 0.42777777777777776 0.4740740740740741 0.4388888888888889 0.4703703703703704 0.4388888888888889 0.4666666666666667 0.4444444444444444 0.45925925925925926 0.4444444444444444 0.45185185185185184 0.45555555555555555 0.44814814814814813 0.45555555555555555 0.4444444444444444 0.46111111111111114 0.43333333333333335 0.4666666666666667 0.42592592592592593 0.4777777777777778 0.4222222222222222 0.4777777777777778 0.4185185185185185 0.48333333333333334 0.4148148148148148 0.48333333333333334 0.4111111111111111 0.4888888888888889 0.4074074074074074 0.4888888888888889 0.40370370370370373 0.49444444444444446 0.4 0.49444444444444446 0.3962962962962963 0.5 0.3851851851851852 0.5055555555555555 0.37777777777777777 0.5166666666666667 0.37407407407407406 0.5166666666666667 0.37037037037037035 0.5222222222222223 0.362962962962963 0.5222222222222223 0.35555555555555557 0.5333333333333333 0.35185185185185186 0.5333333333333333 0.34814814814814815 0.5388888888888889 0.34074074074074073 0.5388888888888889 0.337037037037037 0.5444444444444444 0.3296296296296296 0.5444444444444444 0.32592592592592595 0.55 0.32222222222222224 0.55 0.3111111111111111 0.5611111111111111 0.3 0.5611111111111111 0.2962962962962963 0.5666666666666667 0.2962962962962963 0.5722222222222222 0.28888888888888886 0.5722222222222222 0.2851851851851852 0.5777777777777777 0.2814814814814815 0.5777777777777777 0.27037037037037037 0.5888888888888889 0.25555555555555554 0.5888888888888889 0.2518518518518518 0.5944444444444444 0.24074074074074073 0.5944444444444444 0.23703703703703705 0.6 0.23333333333333334 0.6 0.2222222222222222 0.5888888888888889 0.2222222222222222 0.5777777777777777 0.2222222222222222 0.5833333333333334 0.22592592592592592 0.5888888888888889 0.24444444444444444 0.5888888888888889 0.24814814814814815 0.5833333333333334 0.26296296296296295 0.5833333333333334 0.26666666666666666 0.5777777777777777 0.26666666666666666 0.5722222222222222 0.27037037037037037 0.5722222222222222 0.2740740740740741 0.5666666666666667 0.2740740740740741 0.55 0.2777777777777778 0.5444444444444444 0.2814814814814815 0.5444444444444444 0.2851851851851852 0.5388888888888889 0.3037037037037037 0.5388888888888889 0.3074074074074074 0.5333333333333333 0.3111111111111111 0.5333333333333333 0.3148148148148148 0.5277777777777778 0.3148148148148148 0.5222222222222223 0.32592592592592595 0.5166666666666667 0.3296296296296296 0.5111111111111111 0.3296296296296296 0.4888888888888889 0.32222222222222224 0.4777777777777778 0.3111111111111111 0.4777777777777778 0.3074074074074074 0.4722222222222222 0.29259259259259257 0.4722222222222222 0.29259259259259257 0.4666666666666667 0.28888888888888886 0.46111111111111114 0.2851851851851852 0.4666666666666667 0.2851851851851852 0.4777777777777778 0.2777777777777778 0.4888888888888889 0.2777777777777778 0.5111111111111111 0.2740740740740741 0.5166666666666667 0.2814814814814815 0.5277777777777778 0.2851851851851852 0.5277777777777778 0.2740740740740741 0.5333333333333333 0.2740740740740741 0.5222222222222223 0.27037037037037037 0.5166666666666667 0.25925925925925924 0.5166666666666667 0.25555555555555554 0.5111111111111111 0.24444444444444444 0.5111111111111111 0.24814814814814815 0.5055555555555555 0.24814814814814815 0.5 0.24444444444444444 0.49444444444444446 0.24444444444444444 0.48333333333333334 0.24814814814814815 0.4777777777777778 0.24814814814814815 0.45 0.24444444444444444 0.4444444444444444 0.24444444444444444 0.43333333333333335 0.24074074074074073 0.42777777777777776 0.23703703703703705 0.43333333333333335 0.23333333333333334 0.43333333333333335 0.22962962962962963 0.42777777777777776 0.2111111111111111 0.42777777777777776 0.2074074074074074 0.43333333333333335 0.2074074074074074 0.4388888888888889 0.2037037037037037 0.43333333333333335 0.21481481481481482 0.4166666666666667 0.21481481481481482 0.4111111111111111 0.2222222222222222 0.4111111111111111 0.22592592592592592 0.40555555555555556 0.22962962962962963 0.40555555555555556 0.23703703703703705 0.39444444444444443 0.24444444444444444 0.39444444444444443 0.26296296296296295 0.37222222222222223 0.27037037037037037 0.37222222222222223 0.2740740740740741 0.36666666666666664 0.2777777777777778 0.36666666666666664 0.28888888888888886 0.35 0.2962962962962963 0.35 0.3 0.34444444444444444 0.3074074074074074 0.34444444444444444 0.3148148148148148 0.3333333333333333
19 0.23333333333333334 0.6111111111111112 0.22962962962962963 0.6166666666666667 0.22962962962962963 0.6444444444444445 0.23333333333333334 0.65 0.21851851851851853 0.6722222222222223 0.2222222222222222 0.6777777777777778 0.27037037037037037 0.6777777777777778 0.2740740740740741 0.6833333333333333 0.2851851851851852 0.6833333333333333 0.28888888888888886 0.6888888888888889 0.2962962962962963 0.6888888888888889 0.3 0.6833333333333333 0.3074074074074074 0.6833333333333333 0.3111111111111111 0.6777777777777778 0.3148148148148148 0.6777777777777778 0.31851851851851853 0.6833333333333333 0.32592592592592595 0.6833333333333333 0.32592592592592595 0.6888888888888889 0.3296296296296296 0.6944444444444444 0.3296296296296296 0.7 0.32592592592592595 0.7055555555555556 0.31851851851851853 0.7055555555555556 0.3148148148148148 0.7111111111111111 0.3074074074074074 0.7111111111111111 0.3037037037037037 0.7055555555555556 0.3 0.7111111111111111 0.2962962962962963 0.7055555555555556 0.29259259259259257 0.7055555555555556 0.28888888888888886 0.7111111111111111 0.29259259259259257 0.7166666666666667 0.28888888888888886 0.7222222222222222 0.2962962962962963 0.7333333333333333 0.3 0.7333333333333333 0.28888888888888886 0.7333333333333333 0.2851851851851852 0.7388888888888889 0.28888888888888886 0.7444444444444445 0.3 0.7444444444444445 0.3111111111111111 0.7611111111111111 0.31851851851851853 0.7611111111111111 0.3148148148148148 0.7666666666666667 0.3148148148148148 0.7722222222222223 0.31851851851851853 0.7777777777777778 0.32222222222222224 0.7777777777777778 0.3296296296296296 0.7666666666666667 0.32592592592592595 0.75 0.34074074074074073 0.75 0.34444444444444444 0.7555555555555555 0.35185185185185186 0.7444444444444445 0.35555555555555557 0.75 0.35185185185185186 0.75 0.34814814814814815 0.7555555555555555 0.34814814814814815 0.7611111111111111 0.337037037037037 0.7611111111111111 0.3333333333333333 0.7666666666666667 0.3333333333333333 0.7777777777777778 0.337037037037037 0.7833333333333333 0.34074074074074073 0.7777777777777778 0.34444444444444444 0.7777777777777778 0.34814814814814815 0.7833333333333333 0.35185185185185186 0.7777777777777778 0.35555555555555557 0.7777777777777778 0.3592592592592593 0.7722222222222223 0.35555555555555557 0.7666666666666667 0.4 0.7666666666666667 0.40370370370370373 0.7611111111111111 0.4074074074074074 0.7611111111111111 0.4111111111111111 0.7666666666666667 0.4148148148148148 0.7666666666666667 0.4148148148148148 0.7722222222222223 0.4185185185185185 0.7777777777777778 0.42962962962962964 0.7777777777777778 0.43333333333333335 0.7722222222222223 0.4185185185185185 0.75 0.4074074074074074 0.75 0.4185185185185185 0.7444444444444445 0.42962962962962964 0.7611111111111111 0.43703703703703706 0.75 0.43703703703703706 0.7222222222222222 0.43333333333333335 0.7166666666666667 0.42962962962962964 0.7166666666666667 0.4222222222222222 0.7277777777777777 0.4222222222222222 0.7333333333333333 0.4148148148148148 0.7222222222222222 0.4111111111111111 0.7222222222222222 0.4074074074074074 0.7277777777777777 0.4 0.7166666666666667 0.3925925925925926 0.7166666666666667 0.3851851851851852 0.7333333333333333 0.3851851851851852 0.7277777777777777 0.3814814814814815 0.7222222222222222 0.3851851851851852 0.7166666666666667 0.3851851851851852 0.7111111111111111 0.3814814814814815 0.7055555555555556 0.37777777777777777 0.7055555555555556 0.37407407407407406 0.7111111111111111 0.362962962962963 0.7166666666666667 0.35555555555555557 0.7277777777777777 0.35185185185185186 0.7222222222222222 0.35185185185185186 0.7166666666666667 0.34444444444444444 0.7055555555555556 0.34814814814814815 0.7 0.3925925925925926 0.7 0.3962962962962963 0.7055555555555556 0.42962962962962964 0.7055555555555556 0.42962962962962964 0.7111111111111111 0.43333333333333335 0.7166666666666667 0.45925925925925926 0.7166666666666667 0.46296296296296297 0.7111111111111111 0.48148148148148145 0.7111111111111111 0.48518518518518516 0.7166666666666667 0.4925925925925926 0.7166666666666667 0.4925925925925926 0.7222222222222222 0.4888888888888889 0.7277777777777777 0.4888888888888889 0.7388888888888889 0.48518518518518516 0.7444444444444445 0.48148148148148145 0.7611111111111111 0.4740740740740741 0.7611111111111111 0.4703703703703704 0.7666666666666667 0.4703703703703704 0.7722222222222223 0.4740740740740741 0.7777777777777778 0.46296296296296297 0.7888888888888889 0.46296296296296297 0.8 0.4666666666666667 0.8055555555555556 0.4666666666666667 0.8111111111111111 0.46296296296296297 0.8166666666666667 0.4444444444444444 0.8166666666666667 0.44074074074074077 0.8111111111111111 0.43703703703703706 0.8166666666666667 0.4185185185185185 0.8166666666666667 0.4148148148148148 0.8111111111111111 0.3851851851851852 0.8111111111111111 0.3814814814814815 0.8055555555555556 0.37777777777777777 0.8111111111111111 0.37407407407407406 0.8055555555555556 0.36666666666666664 0.8055555555555556 0.362962962962963 0.8 0.29259259259259257 0.8 0.28888888888888886 0.8055555555555556 0.24444444444444444 0.8055555555555556 0.24074074074074073 0.8111111111111111 0.2074074074074074 0.8111111111111111 0.2037037037037037 0.8055555555555556 0.18888888888888888 0.8055555555555556 0.18518518518518517 0.8 0.1814814814814815 0.8 0.1814814814814815 0.7944444444444444 0.17777777777777778 0.7888888888888889 0.17777777777777778 0.7166666666666667 0.17407407407407408 0.7111111111111111 0.17407407407407408 0.6888888888888889 0.17037037037037037 0.6833333333333333 0.17407407407407408 0.6777777777777778 0.17037037037037037 0.6722222222222223 0.17037037037037037 0.6666666666666666 0.17777777777777778 0.6555555555555556 0.18888888888888888 0.65 0.1925925925925926 0.6444444444444445 0.18888888888888888 0.6388888888888888 0.1925925925925926 0.6388888888888888 0.1962962962962963 0.6333333333333333 0.1962962962962963 0.6277777777777778 0.2 0.6277777777777778 0.2074074074074074 0.6111111111111112 0.2111111111111111 0.6111111111111112 0.21481481481481482 0.6055555555555555 0.21851851851851853 0.6055555555555555 0.2222222222222222 0.6111111111111112 0.22962962962962963 0.6111111111111112
19 0.28888888888888886 0.1111111111111111 0.32592592592592595 0.1111111111111111 0.3296296296296296 0.11666666666666667 0.34074074074074073 0.11666666666666667 0.34444444444444444 0.12222222222222222 0.35555555555555557 0.12222222222222222 0.3592592592592593 0.12777777777777777 0.37037037037037035 0.12777777777777777 0.37407407407407406 0.13333333333333333 0.3814814814814815 0.13333333333333333 0.3851851851851852 0.1388888888888889 0.4 0.1388888888888889 0.40370370370370373 0.14444444444444443 0.4111111111111111 0.14444444444444443 0.4148148148148148 0.15 0.42962962962962964 0.15 0.43333333333333335 0.15555555555555556 0.44074074074074077 0.15555555555555556 0.4444444444444444 0.16111111111111112 0.45925925925925926 0.16111111111111112 0.4703703703703704 0.17222222222222222 0.48148148148148145 0.17222222222222222 0.48518518518518516 0.17777777777777778 0.4925925925925926 0.17777777777777778 0.4962962962962963 0.18333333333333332 0.48518518518518516 0.2 0.4888888888888889 0.20555555555555555 0.4888888888888889 0.2111111111111111 0.4777777777777778 0.2111111111111111 0.48148148148148145 0.20555555555555555 0.4777777777777778 0.2 0.4740740740740741 0.2 0.4740740740740741 0.19444444444444445 0.4666666666666667 0.18333333333333332 0.44814814814814813 0.18333333333333332 0.44814814814814813 0.17777777777777778 0.4444444444444444 0.17222222222222222 0.43703703703703706 0.18333333333333332 0.42962962962962964 0.18333333333333332 0.42592592592592593 0.17777777777777778 0.4222222222222222 0.18333333333333332 0.40370370370370373 0.18333333333333332 0.3962962962962963 0.17222222222222222 0.3925925925925926 0.17222222222222222 0.3888888888888889 0.16666666666666666 0.3814814814814815 0.16666666666666666 0.37777777777777777 0.17222222222222222 0.37037037037037035 0.17222222222222222 0.36666666666666664 0.16666666666666666 0.362962962962963 0.16666666666666666 0.3592592592592593 0.17222222222222222 0.34814814814814815 0.17222222222222222 0.34444444444444444 0.16666666666666666 0.3333333333333333 0.16666666666666666 0.3296296296296296 0.17222222222222222 0.3296296296296296 0.17777777777777778 0.3148148148148148 0.17777777777777778 0.3111111111111111 0.18333333333333332 0.3111111111111111 0.19444444444444445 0.31851851851851853 0.20555555555555555 0.3296296296296296 0.19444444444444445 0.3333333333333333 0.2 0.337037037037037 0.19444444444444445 0.34074074074074073 0.19444444444444445 0.34444444444444444 0.18888888888888888 0.34074074074074073 0.18333333333333332 0.337037037037037 0.18333333333333332 0.337037037037037 0.17777777777777778 0.34074074074074073 0.17777777777777778 0.34444444444444444 0.18333333333333332 0.35555555555555557 0.18333333333333332 0.35555555555555557 0.19444444444444445 0.3592592592592593 0.2 0.362962962962963 0.21666666666666667 0.37407407407407406 0.23333333333333334 0.3814814814814815 0.23333333333333334 0.3814814814814815 0.2388888888888889 0.3851851851851852 0.24444444444444444 0.3962962962962963 0.22777777777777777 0.4 0.22777777777777777 0.4074074074074074 0.21666666666666667 0.40370370370370373 0.2111111111111111 0.4074074074074074 0.2111111111111111 0.4148148148148148 0.2222222222222222 0.4185185185185185 0.2222222222222222 0.4222222222222222 0.22777777777777777 0.42962962962962964 0.22777777777777777 0.42592592592592593 0.22777777777777777 0.4222222222222222 0.23333333333333334 0.4148148148148148 0.23333333333333334 0.4111111111111111 0.2388888888888889 0.4074074074074074 0.2388888888888889 0.40370370370370373 0.24444444444444444 0.4 0.24444444444444444 0.3888888888888889 0.25555555555555554 0.3851851851851852 0.25555555555555554 0.37407407407407406 0.2388888888888889 0.362962962962963 0.2388888888888889 0.35185185185185186 0.25 0.34074074074074073 0.25 0.3296296296296296 0.23333333333333334 0.32592592592592595 0.23333333333333334 0.31851851851851853 0.2222222222222222 0.3074074074074074 0.2222222222222222 0.3037037037037037 0.22777777777777777 0.3037037037037037 0.23333333333333334 0.2962962962962963 0.2222222222222222 0.29259259259259257 0.2222222222222222 0.28888888888888886 0.21666666666666667 0.2740740740740741 0.21666666666666667 0.2740740740740741 0.20555555555555555 0.2777777777777778 0.2 0.2777777777777778 0.15555555555555556 0.2814814814814815 0.15 0.2814814814814815 0.1388888888888889 0.2851851851851852 0.13333333333333333 0.2851851851851852 0.12222222222222222 0.28888888888888886 0.11666666666666667
19 0.4148148148148148 0.49444444444444446 0.4148148148148148 0.5055555555555555 0.4185185185185185 0.5111111111111111 0.4148148148148148 0.5166666666666667 0.4148148148148148 0.5333333333333333 0.42962962962962964 0.5611111111111111 0.43333333333333335 0.5611111111111111 0.43703703703703706 0.5666666666666667 0.44074074074074077 0.5666666666666667 0.45185185185185184 0.5777777777777777 0.46296296296296297 0.5777777777777777 0.4666666666666667 0.5833333333333334 0.4740740740740741 0.5833333333333334 0.4777777777777778 0.5888888888888889 0.48518518518518516 0.5888888888888889 0.4888888888888889 0.5944444444444444 0.5074074074074074 0.5944444444444444 0.5111111111111111 0.6 0.5148148148148148 0.5944444444444444 0.5222222222222223 0.5944444444444444 0.5222222222222223 0.6111111111111112 0.5185185185185185 0.6166666666666667 0.5185185185185185 0.6333333333333333 0.5148148148148148 0.6388888888888888 0.5148148148148148 0.65 0.5 0.6833333333333333 0.5 0.7055555555555556 0.4777777777777778 0.7055555555555556 0.4740740740740741 0.7 0.43333333333333335 0.7 0.42962962962962964 0.6944444444444444 0.3925925925925926 0.6944444444444444 0.3888888888888889 0.6888888888888889 0.3592592592592593 0.6888888888888889 0.35555555555555557 0.6833333333333333 0.34814814814814815 0.6833333333333333 0.34444444444444444 0.6777777777777778 0.32592592592592595 0.6777777777777778 0.32222222222222224 0.6722222222222223 0.31851851851851853 0.6722222222222223 0.3148148148148148 0.6777777777777778 0.3074074074074074 0.6777777777777778 0.3037037037037037 0.6833333333333333 0.3 0.6777777777777778 0.2777777777777778 0.6777777777777778 0.2740740740740741 0.6722222222222223 0.22962962962962963 0.6722222222222223 0.22592592592592592 0.6666666666666666 0.22592592592592592 0.6555555555555556 0.22962962962962963 0.6555555555555556 0.23333333333333334 0.65 0.23333333333333334 0.6333333333333333 0.22962962962962963 0.6277777777777778 0.22962962962962963 0.6111111111111112 0.23333333333333334 0.6055555555555555 0.23703703703703705 0.6111111111111112 0.24074074074074073 0.6055555555555555 0.25555555555555554 0.6055555555555555 0.26666666666666666 0.5944444444444444 0.2814814814814815 0.5944444444444444 0.2851851851851852 0.5888888888888889 0.28888888888888886 0.5888888888888889 0.29259259259259257 0.5833333333333334 0.2962962962962963 0.5833333333333334 0.3 0.5777777777777777 0.3037037037037037 0.5777777777777777 0.3074074074074074 0.5722222222222222 0.3111111111111111 0.5722222222222222 0.3148148148148148 0.5666666666666667 0.31851851851851853 0.5666666666666667 0.32222222222222224 0.5611111111111111 0.3333333333333333 0.5555555555555556 0.337037037037037 0.55 0.34444444444444444 0.55 0.34814814814814815 0.5444444444444444 0.35555555555555557 0.5444444444444444 0.362962962962963 0.5333333333333333 0.36666666666666664 0.5333333333333333 0.37037037037037035 0.5277777777777778 0.37407407407407406 0.5277777777777778 0.37777777777777777 0.5222222222222223 0.3888888888888889 0.5166666666666667 0.3962962962962963 0.5055555555555555 0.40370370370370373 0.5055555555555555 0.4074074074074074 0.5 0.4111111111111111 0.5
19 0.6185185185185185 0.15 0.6222222222222222 0.15 0.6333333333333333 0.1388888888888889 0.6407407407407407 0.1388888888888889 0.6444444444444445 0.13333333333333333 0.6481481481481481 0.13333333333333333 0.6592592592592592 0.12222222222222222 0.6666666666666666 0.12222222222222222 0.6703703703703704 0.11666666666666667 0.674074074074074 0.11666666666666667 0.6851851851851852 0.10555555555555556 0.6925925925925925 0.10555555555555556 0.6962962962962963 0.1 0.7037037037037037 0.1 0.7074074074074074 0.09444444444444444 0.7185185185185186 0.09444444444444444 0.7185185185185186 0.1 0.7222222222222222 0.10555555555555556 0.7222222222222222 0.11666666666666667 0.725925925925926 0.12222222222222222 0.725925925925926 0.13333333333333333 0.7296296296296296 0.1388888888888889 0.7296296296296296 0.15 0.7333333333333333 0.15555555555555556 0.7333333333333333 0.16666666666666666 0.737037037037037 0.17222222222222222 0.737037037037037 0.18888888888888888 0.7444444444444445 0.20555555555555555 0.7444444444444445 0.21666666666666667 0.7407407407407407 0.2222222222222222 0.737037037037037 0.2222222222222222 0.7296296296296296 0.23333333333333334 0.725925925925926 0.23333333333333334 0.7222222222222222 0.2388888888888889 0.7111111111111111 0.24444444444444444 0.7037037037037037 0.25555555555555554 0.7 0.25555555555555554 0.6962962962962963 0.2611111111111111 0.6888888888888889 0.2611111111111111 0.6851851851851852 0.26666666666666666 0.674074074074074 0.2722222222222222 0.6666666666666666 0.2833333333333333 0.6666666666666666 0.3055555555555556 0.6703703703703704 0.3111111111111111 0.6703703703703704 0.31666666666666665 0.6777777777777778 0.3333333333333333 0.6777777777777778 0.34444444444444444 0.6814814814814815 0.35 0.6814814814814815 0.35555555555555557 0.6888888888888889 0.36666666666666664 0.6888888888888889 0.37222222222222223 0.6962962962962963 0.3888888888888889 0.6851851851851852 0.3888888888888889 0.6814814814814815 0.38333333333333336 0.6666666666666666 0.38333333333333336 0.662962962962963 0.37777777777777777 0.6555555555555556 0.37777777777777777 0.6444444444444445 0.36666666666666664 0.6370370370370371 0.36666666666666664 0.6296296296296297 0.35555555555555557 0.6296296296296297 0.35 0.6259259259259259 0.34444444444444444 0.6259259259259259 0.3333333333333333 0.6185185185185185 0.31666666666666665 0.6185185185185185 0.29444444444444445 0.6296296296296297 0.2777777777777778 0.6296296296296297 0.2722222222222222 0.6370370370370371 0.25555555555555554 0.6370370370370371 0.2388888888888889 0.6444444444444445 0.2222222222222222 0.6444444444444445 0.19444444444444445 0.6407407407407407 0.18888888888888888 0.6407407407407407 0.18333333333333332 0.6333333333333333 0.17222222222222222 0.6296296296296297 0.17222222222222222 0.6185185185185185 0.15555555555555556
19 0.5370370370370371 0.10555555555555556 0.5407407407407407 0.1111111111111111 0.5444444444444444 0.1111111111111111 0.5481481481481482 0.11666666666666667 0.5518518518518518 0.11666666666666667 0.562962962962963 0.12777777777777777 0.5666666666666667 0.12777777777777777 0.5703703703703704 0.13333333333333333 0.5777777777777777 0.13333333333333333 0.5851851851851851 0.14444444444444443 0.5888888888888889 0.14444444444444443 0.6 0.15555555555555556 0.6074074074074074 0.15555555555555556 0.6111111111111112 0.16111111111111112 0.6148148148148148 0.16111111111111112 0.6222222222222222 0.17222222222222222 0.6259259259259259 0.17222222222222222 0.6259259259259259 0.17777777777777778 0.6370370370370371 0.19444444444444445 0.6370370370370371 0.2222222222222222 0.6296296296296297 0.23333333333333334 0.6222222222222222 0.23333333333333334 0.6111111111111112 0.24444444444444444 0.5962962962962963 0.24444444444444444 0.5925925925925926 0.2388888888888889 0.5851851851851851 0.2388888888888889 0.5740740740740741 0.2222222222222222 0.5703703703703704 0.2222222222222222 0.562962962962963 0.2111111111111111 0.5444444444444444 0.2111111111111111 0.5407407407407407 0.20555555555555555 0.5296296296296297 0.2 0.5185185185185185 0.18333333333333332 0.5111111111111111 0.18333333333333332 0.5074074074074074 0.17777777777777778 0.5037037037037037 0.17777777777777778 0.5037037037037037 0.15555555555555556 0.5074074074074074 0.15 0.5074074074074074 0.14444444444444443 0.5111111111111111 0.1388888888888889 0.5111111111111111 0.13333333333333333 0.5148148148148148 0.12777777777777777 0.5185185185185185 0.1111111111111111 0.5222222222222223 0.10555555555555556 0.5333333333333333 0.10555555555555556
19 0.4111111111111111 0.5 0.4111111111111111 0.5444444444444444 0.4148148148148148 0.55 0.4148148148148148 0.5555555555555556 0.40370370370370373 0.5722222222222222 0.3962962962962963 0.5722222222222222 0.3925925925925926 0.5777777777777777 0.36666666666666664 0.5777777777777777 0.362962962962963 0.5722222222222222 0.34814814814814815 0.5722222222222222 0.34444444444444444 0.5777777777777777 0.34444444444444444 0.5722222222222222 0.34074074074074073 0.5666666666666667 0.337037037037037 0.5666666666666667 0.32592592592592595 0.5777777777777777 0.32222222222222224 0.5944444444444444 0.32592592592592595 0.6 0.337037037037037 0.6 0.34074074074074073 0.6055555555555555 0.34074074074074073 0.65 0.337037037037037 0.65 0.3333333333333333 0.6555555555555556 0.3333333333333333 0.6666666666666666 0.34074074074074073 0.6777777777777778 0.27037037037037037 0.6777777777777778 0.26666666666666666 0.6722222222222223 0.2222222222222222 0.6722222222222223 0.2222222222222222 0.6611111111111111 0.22962962962962963 0.65 0.22962962962962963 0.6333333333333333 0.22592592592592592 0.6277777777777778 0.22592592592592592 0.6055555555555555 0.2518518518518518 0.6055555555555555 0.25555555555555554 0.6 0.26296296296296295 0.6 0.2740740740740741 0.5888888888888889 0.2851851851851852 0.5888888888888889 0.29259259259259257 0.5777777777777777 0.3 0.5777777777777777 0.3037037037037037 0.5722222222222222 0.3111111111111111 0.5722222222222222 0.31851851851851853 0.5611111111111111 0.32222222222222224 0.5611111111111111 0.3333333333333333 0.55 0.34074074074074073 0.55 0.34444444444444444 0.5444444444444444 0.35185185185185186 0.5444444444444444 0.3592592592592593 0.5333333333333333 0.362962962962963 0.5333333333333333 0.36666666666666664 0.5277777777777778 0.37037037037037035 0.5277777777777778 0.37407407407407406 0.5222222222222223 0.37777777777777777 0.5222222222222223 0.3814814814814815 0.5166666666666667 0.3851851851851852 0.5166666666666667 0.3888888888888889 0.5111111111111111 0.3925925925925926 0.5111111111111111 0.3962962962962963 0.5055555555555555 0.4074074074074074 0.5
19 0.34074074074074073 0.7 0.34444444444444444 0.6944444444444444 0.37777777777777777 0.6944444444444444 0.3814814814814815 0.7 0.3851851851851852 0.6944444444444444 0.3888888888888889 0.6944444444444444 0.3925925925925926 0.7 0.43703703703703706 0.7 0.44074074074074077 0.7055555555555556 0.4740740740740741 0.7055555555555556 0.4777777777777778 0.7111111111111111 0.4925925925925926 0.7111111111111111 0.4962962962962963 0.7166666666666667 0.4925925925925926 0.7222222222222222 0.4925925925925926 0.7333333333333333 0.4888888888888889 0.7388888888888889 0.4888888888888889 0.7444444444444445 0.48518518518518516 0.75 0.48518518518518516 0.7555555555555555 0.48148148148148145 0.7611111111111111 0.4777777777777778 0.7777777777777778 0.4666666666666667 0.7944444444444444 0.4666666666666667 0.8111111111111111 0.42962962962962964 0.8111111111111111 0.42592592592592593 0.8166666666666667 0.4222222222222222 0.8111111111111111 0.3888888888888889 0.8111111111111111 0.3851851851851852 0.8055555555555556 0.362962962962963 0.8055555555555556 0.3592592592592593 0.8 0.35185185185185186 0.8 0.34814814814814815 0.7944444444444444 0.34444444444444444 0.7944444444444444 0.34444444444444444 0.7888888888888889 0.35185185185185186 0.7888888888888889 0.3592592592592593 0.7722222222222223 0.3592592592592593 0.7555555555555555 0.35555555555555557 0.75 0.3592592592592593 0.7333333333333333 0.35555555555555557 0.7277777777777777 0.35555555555555557 0.7166666666666667 0.34444444444444444 0.7055555555555556
19 0.7555555555555555 0.5833333333333334 0.7592592592592593 0.5888888888888889 0.7592592592592593 0.5944444444444444 0.7666666666666667 0.6055555555555555 0.7666666666666667 0.6111111111111112 0.7703703703703704 0.6166666666666667 0.7703703703703704 0.6222222222222222 0.774074074074074 0.6277777777777778 0.774074074074074 0.6333333333333333 0.7777777777777778 0.6388888888888888 0.7777777777777778 0.6444444444444445 0.7814814814814814 0.65 0.7851851851851852 0.6666666666666666 0.7925925925925926 0.6777777777777778 0.7925925925925926 0.6833333333333333 0.7962962962962963 0.6888888888888889 0.7962962962962963 0.7 0.7888888888888889 0.7111111111111111 0.7777777777777778 0.7166666666666667 0.7592592592592593 0.7388888888888889 0.7518518518518519 0.7388888888888889 0.7444444444444445 0.75 0.7407407407407407 0.75 0.7296296296296296 0.7666666666666667 0.725925925925926 0.7666666666666667 0.7185185185185186 0.7777777777777778 0.7074074074074074 0.7833333333333333 0.7 0.7944444444444444 0.6888888888888889 0.8 0.6814814814814815 0.8111111111111111 0.6777777777777778 0.8111111111111111 0.6703703703703704 0.8222222222222222 0.6666666666666666 0.8222222222222222 0.662962962962963 0.8277777777777777 0.6518518518518519 0.8333333333333334 0.6444444444444445 0.8444444444444444 0.6333333333333333 0.8444444444444444 0.6333333333333333 0.8388888888888889 0.6407407407407407 0.8277777777777777 0.6407407407407407 0.8222222222222222 0.6444444444444445 0.8166666666666667 0.6407407407407407 0.8111111111111111 0.6370370370370371 0.8111111111111111 0.6333333333333333 0.7944444444444444 0.6370370370370371 0.7888888888888889 0.6370370370370371 0.7833333333333333 0.6407407407407407 0.7777777777777778 0.6444444444444445 0.7611111111111111 0.6518518518518519 0.75 0.6518518518518519 0.7277777777777777 0.6555555555555556 0.7222222222222222 0.6555555555555556 0.7111111111111111 0.6592592592592592 0.7055555555555556 0.6592592592592592 0.7 0.662962962962963 0.6944444444444444 0.662962962962963 0.6777777777777778 0.6777777777777778 0.6555555555555556 0.6777777777777778 0.6333333333333333 0.6851851851851852 0.6222222222222222 0.6851851851851852 0.6166666666666667 0.6962962962962963 0.6166666666666667 0.7 0.6222222222222222 0.7 0.6277777777777778 0.7074074074074074 0.6388888888888888 0.7148148148148148 0.6388888888888888 0.7185185185185186 0.6333333333333333 0.7185185185185186 0.6277777777777778 0.7222222222222222 0.6222222222222222 0.7222222222222222 0.6166666666666667 0.725925925925926 0.6111111111111112 0.7296296296296296 0.5944444444444444 0.7518518518518519 0.5833333333333334
19 0.32222222222222224 0.1111111111111111 0.32592592592592595 0.11666666666666667 0.3333333333333333 0.11666666666666667 0.337037037037037 0.12222222222222222 0.34444444444444444 0.12222222222222222 0.34814814814814815 0.12777777777777777 0.3592592592592593 0.12777777777777777 0.362962962962963 0.13333333333333333 0.3814814814814815 0.13333333333333333 0.3851851851851852 0.1388888888888889 0.3962962962962963 0.1388888888888889 0.4 0.14444444444444443 0.4074074074074074 0.14444444444444443 0.4185185185185185 0.15555555555555556 0.43703703703703706 0.15555555555555556 0.44074074074074077 0.16111111111111112 0.45555555555555555 0.16111111111111112 0.45925925925925926 0.16666666666666666 0.4703703703703704 0.16666666666666666 0.4740740740740741 0.17222222222222222 0.48518518518518516 0.17222222222222222 0.4888888888888889 0.17777777777777778 0.4888888888888889 0.18333333333333332 0.4777777777777778 0.2 0.4740740740740741 0.2 0.4740740740740741 0.19444444444444445 0.46296296296296297 0.18333333333333332 0.45555555555555555 0.18333333333333332 0.45185185185185184 0.18888888888888888 0.44814814814814813 0.18333333333333332 0.44074074074074077 0.18333333333333332 0.43703703703703706 0.18888888888888888 0.42592592592592593 0.19444444444444445 0.42592592592592593 0.18888888888888888 0.4148148148148148 0.17222222222222222 0.4111111111111111 0.17222222222222222 0.4074074074074074 0.16666666666666666 0.4 0.16666666666666666 0.40370370370370373 0.16111111111111112 0.3962962962962963 0.15 0.3925925925925926 0.15 0.3888888888888889 0.15555555555555556 0.3888888888888889 0.16111111111111112 0.3925925925925926 0.16666666666666666 0.3888888888888889 0.16666666666666666 0.3888888888888889 0.15555555555555556 0.3851851851851852 0.15 0.37777777777777777 0.16666666666666666 0.37037037037037035 0.16666666666666666 0.36666666666666664 0.16111111111111112 0.3592592592592593 0.16111111111111112 0.362962962962963 0.16111111111111112 0.36666666666666664 0.15555555555555556 0.35555555555555557 0.14444444444444443 0.35555555555555557 0.1388888888888889 0.3592592592592593 0.13333333333333333 0.35555555555555557 0.12777777777777777 0.34444444444444444 0.12777777777777777 0.34074074074074073 0.13333333333333333 0.3333333333333333 0.13333333333333333 0.3296296296296296 0.12777777777777777 0.32592592592592595 0.13333333333333333 0.32222222222222224 0.12777777777777777 0.31851851851851853 0.13333333333333333 0.3111111111111111 0.13333333333333333 0.3037037037037037 0.14444444444444443 0.3 0.16111111111111112 0.2962962962962963 0.16111111111111112 0.29259259259259257 0.16666666666666666 0.29259259259259257 0.18333333333333332 0.28888888888888886 0.18888888888888888 0.28888888888888886 0.2111111111111111 0.2740740740740741 0.2111111111111111 0.2814814814814815 0.19444444444444445 0.2814814814814815 0.18888888888888888 0.2777777777777778 0.18333333333333332 0.2814814814814815 0.17777777777777778 0.2814814814814815 0.15555555555555556 0.2851851851851852 0.15 0.2851851851851852 0.12777777777777777 0.29259259259259257 0.1111111111111111 0.31851851851851853 0.1111111111111111
19 0.3296296296296296 0.28888888888888886 0.337037037037037 0.3 0.337037037037037 0.3055555555555556 0.3333333333333333 0.3055555555555556 0.32222222222222224 0.31666666666666665 0.3148148148148148 0.31666666666666665 0.3037037037037037 0.3277777777777778 0.29259259259259257 0.3277777777777778 0.28888888888888886 0.32222222222222224 0.2851851851851852 0.3277777777777778 0.2851851851851852 0.34444444444444444 0.2777777777777778 0.35555555555555557 0.2777777777777778 0.3611111111111111 0.26666666666666666 0.3611111111111111 0.26296296296296295 0.36666666666666664 0.2518518518518518 0.37222222222222223 0.24074074074074073 0.3888888888888889 0.2074074074074074 0.40555555555555556 0.1925925925925926 0.42777777777777776 0.18888888888888888 0.42777777777777776 0.17407407407407408 0.45 0.17407407407407408 0.4722222222222222 0.17777777777777778 0.4777777777777778 0.17777777777777778 0.4888888888888889 0.1814814814814815 0.49444444444444446 0.1814814814814815 0.5 0.1925925925925926 0.5166666666666667 0.1925925925925926 0.5277777777777778 0.2 0.5388888888888889 0.2 0.5555555555555556 0.2037037037037037 0.5611111111111111 0.2037037037037037 0.5722222222222222 0.21481481481481482 0.5888888888888889 0.21481481481481482 0.5944444444444444 0.2111111111111111 0.6 0.2074074074074074 0.6 0.1962962962962963 0.6166666666666667 0.18888888888888888 0.6166666666666667 0.15925925925925927 0.6611111111111111 0.15185185185185185 0.6611111111111111 0.14814814814814814 0.6666666666666666 0.13703703703703704 0.6611111111111111 0.11851851851851852 0.6333333333333333 0.11851851851851852 0.6277777777777778 0.1111111111111111 0.6166666666666667 0.10740740740740741 0.6166666666666667 0.10740740740740741 0.6111111111111112 0.08148148148148149 0.5722222222222222 0.08148148148148149 0.5666666666666667 0.05925925925925926 0.5333333333333333 0.05925925925925926 0.5277777777777778 0.0962962962962963 0.4722222222222222 0.1 0.4722222222222222 0.10740740740740741 0.46111111111111114 0.1111111111111111 0.46111111111111114 0.12222222222222222 0.4444444444444444 0.12222222222222222 0.4388888888888889 0.1259259259259259 0.4388888888888889 0.15555555555555556 0.39444444444444443 0.15925925925925927 0.39444444444444443 0.17037037037037037 0.37777777777777777 0.17407407407407408 0.37777777777777777 0.2 0.3388888888888889 0.2 0.3333333333333333 0.2037037037037037 0.3333333333333333 0.22962962962962963 0.29444444444444445 0.23333333333333334 0.29444444444444445 0.25555555555555554 0.2611111111111111 0.25925925925925924 0.2611111111111111 0.2777777777777778 0.23333333333333334 0.28888888888888886 0.22777777777777777 0.32222222222222224 0.2777777777777778 0.32222222222222224 0.2833333333333333 0.32592592592592595 0.28888888888888886
19 0.7185185185185186 0.46111111111111114 0.725925925925926 0.4722222222222222 0.725925925925926 0.4777777777777778 0.7296296296296296 0.48333333333333334 0.7296296296296296 0.4888888888888889 0.7333333333333333 0.49444444444444446 0.7333333333333333 0.5 0.737037037037037 0.5055555555555555 0.7407407407407407 0.5222222222222223 0.7444444444444445 0.5277777777777778 0.7444444444444445 0.5388888888888889 0.7481481481481481 0.5444444444444444 0.7481481481481481 0.55 0.7518518518518519 0.5555555555555556 0.7518518518518519 0.5666666666666667 0.7555555555555555 0.5722222222222222 0.7518518518518519 0.5777777777777777 0.7444444444444445 0.5777777777777777 0.7407407407407407 0.5833333333333334 0.7296296296296296 0.5888888888888889 0.7222222222222222 0.6 0.7185185185185186 0.6166666666666667 0.7074074074074074 0.6166666666666667 0.7 0.6 0.6925925925925925 0.6 0.6888888888888889 0.5944444444444444 0.6925925925925925 0.5888888888888889 0.6925925925925925 0.5722222222222222 0.6962962962962963 0.5666666666666667 0.6962962962962963 0.55 0.7 0.5444444444444444 0.7 0.5277777777777778 0.7037037037037037 0.5222222222222223 0.7037037037037037 0.5166666666666667 0.7111111111111111 0.5 0.7111111111111111 0.48333333333333334 0.7148148148148148 0.4777777777777778 0.7148148148148148 0.4666666666666667
19 0.3333333333333333 0.11666666666666667 0.337037037037037 0.12222222222222222 0.35185185185185186 0.12222222222222222 0.35555555555555557 0.12777777777777777 0.36666666666666664 0.12777777777777777 0.37037037037037035 0.13333333333333333 0.3814814814814815 0.13333333333333333 0.3851851851851852 0.1388888888888889 0.3962962962962963 0.1388888888888889 0.4 0.14444444444444443 0.4074074074074074 0.14444444444444443 0.4111111111111111 0.15 0.42592592592592593 0.15 0.42962962962962964 0.15555555555555556 0.44074074074074077 0.15555555555555556 0.4444444444444444 0.16111111111111112 0.45555555555555555 0.16111111111111112 0.45925925925925926 0.16666666666666666 0.46296296296296297 0.16666666666666666 0.4666666666666667 0.17222222222222222 0.4740740740740741 0.17222222222222222 0.48518518518518516 0.18333333333333332 0.48148148148148145 0.2 0.4740740740740741 0.2 0.4740740740740741 0.19444444444444445 0.4666666666666667 0.18333333333333332 0.44814814814814813 0.18333333333333332 0.44814814814814813 0.17777777777777778 0.4444444444444444 0.17222222222222222 0.44074074074074077 0.17222222222222222 0.43703703703703706 0.17777777777777778 0.43703703703703706 0.18333333333333332 0.42962962962962964 0.18333333333333332 0.42592592592592593 0.17777777777777778 0.4185185185185185 0.17777777777777778 0.4148148148148148 0.17222222222222222 0.4 0.17222222222222222 0.3962962962962963 0.16666666666666666 0.3888888888888889 0.16666666666666666 0.3851851851851852 0.16111111111111112 0.37037037037037035 0.16111111111111112 0.36666666666666664 0.15555555555555556 0.3592592592592593 0.15555555555555556 0.35555555555555557 0.16111111111111112 0.35185185185185186 0.16111111111111112 0.34444444444444444 0.15 0.337037037037037 0.15 0.337037037037037 0.14444444444444443 0.3333333333333333 0.1388888888888889 0.3296296296296296 0.14444444444444443 0.3296296296296296 0.15 0.3148148148148148 0.15 0.3111111111111111 0.14444444444444443 0.3074074074074074 0.14444444444444443 0.3037037037037037 0.15 0.3037037037037037 0.15555555555555556 0.2962962962962963 0.16666666666666666 0.2962962962962963 0.18888888888888888 0.3111111111111111 0.2111111111111111 0.3333333333333333 0.2111111111111111 0.337037037037037 0.20555555555555555 0.34444444444444444 0.20555555555555555 0.34814814814814815 0.2 0.35185185185185186 0.2 0.3592592592592593 0.2111111111111111 0.3592592592592593 0.21666666666666667 0.37037037037037035 0.23333333333333334 0.37407407407407406 0.23333333333333334 0.37407407407407406 0.2388888888888889 0.37777777777777777 0.24444444444444444 0.3814814814814815 0.2388888888888889 0.3851851851851852 0.24444444444444444 0.3888888888888889 0.2388888888888889 0.3925925925925926 0.2388888888888889 0.4 0.22777777777777777 0.42592592592592593 0.22777777777777777 0.4185185185185185 0.22777777777777777 0.4074074074074074 0.2388888888888889 0.4 0.2388888888888889 0.3962962962962963 0.24444444444444444 0.3925925925925926 0.24444444444444444 0.3888888888888889 0.25 0.3888888888888889 0.25555555555555554 0.3814814814814815 0.25555555555555554 0.37777777777777777 0.25 0.37777777777777777 0.24444444444444444 0.37037037037037035 0.23333333333333334 0.362962962962963 0.25 0.35185185185185186 0.25 0.34814814814814815 0.25555555555555554 0.34074074074074073 0.25555555555555554 0.34074074074074073 0.25 0.3296296296296296 0.23333333333333334 0.32592592592592595 0.2388888888888889 0.32222222222222224 0.23333333333333334 0.32592592592592595 0.22777777777777777 0.32222222222222224 0.2222222222222222 0.31851851851851853 0.2222222222222222 0.3148148148148148 0.22777777777777777 0.3037037037037037 0.2222222222222222 0.3 0.22777777777777777 0.29259259259259257 0.21666666666666667 0.2777777777777778 0.21666666666666667 0.2740740740740741 0.2111111111111111 0.2777777777777778 0.20555555555555555 0.2777777777777778 0.17777777777777778 0.2814814814814815 0.17222222222222222 0.2814814814814815 0.14444444444444443 0.2851851851851852 0.1388888888888889 0.2851851851851852 0.12777777777777777 0.28888888888888886 0.12222222222222222 0.28888888888888886 0.11666666666666667 0.29259259259259257 0.1111111111111111 0.31851851851851853 0.1111111111111111 0.32222222222222224 0.11666666666666667 0.3296296296296296 0.11666666666666667
19 0.3333333333333333 0.11666666666666667 0.337037037037037 0.12222222222222222 0.34814814814814815 0.12222222222222222 0.35185185185185186 0.12777777777777777 0.36666666666666664 0.12777777777777777 0.37037037037037035 0.13333333333333333 0.3814814814814815 0.13333333333333333 0.3851851851851852 0.1388888888888889 0.3962962962962963 0.1388888888888889 0.4 0.14444444444444443 0.4074074074074074 0.14444444444444443 0.4111111111111111 0.15 0.4185185185185185 0.15 0.4222222222222222 0.15555555555555556 0.43703703703703706 0.15555555555555556 0.44074074074074077 0.16111111111111112 0.45185185185185184 0.16111111111111112 0.45555555555555555 0.16666666666666666 0.45925925925925926 0.16666666666666666 0.46296296296296297 0.17222222222222222 0.4703703703703704 0.17222222222222222 0.48148148148148145 0.18333333333333332 0.4962962962962963 0.18333333333333332 0.48518518518518516 0.18888888888888888 0.48148148148148145 0.19444444444444445 0.48148148148148145 0.2 0.4740740740740741 0.2 0.4740740740740741 0.19444444444444445 0.4666666666666667 0.18333333333333332 0.46296296296296297 0.18333333333333332 0.46296296296296297 0.17777777777777778 0.45925925925925926 0.17222222222222222 0.44074074074074077 0.17222222222222222 0.43703703703703706 0.17777777777777778 0.43703703703703706 0.18333333333333332 0.43333333333333335 0.18333333333333332 0.42962962962962964 0.17777777777777778 0.4185185185185185 0.17777777777777778 0.4148148148148148 0.17222222222222222 0.4 0.17222222222222222 0.3962962962962963 0.16666666666666666 0.3888888888888889 0.16666666666666666 0.3851851851851852 0.16111111111111112 0.37407407407407406 0.16666666666666666 0.362962962962963 0.15555555555555556 0.35185185185185186 0.15555555555555556 0.34444444444444444 0.14444444444444443 0.34074074074074073 0.15 0.337037037037037 0.15 0.337037037037037 0.14444444444444443 0.3333333333333333 0.1388888888888889 0.3296296296296296 0.14444444444444443 0.3296296296296296 0.15 0.3037037037037037 0.15 0.2962962962962963 0.16666666666666666 0.2962962962962963 0.18888888888888888 0.3074074074074074 0.20555555555555555 0.3111111111111111 0.20555555555555555 0.3148148148148148 0.2111111111111111 0.3333333333333333 0.2111111111111111 0.337037037037037 0.20555555555555555 0.34814814814814815 0.20555555555555555 0.35185185185185186 0.2 0.35555555555555557 0.2 0.3592592592592593 0.21666666666666667 0.37777777777777777 0.24444444444444444 0.3814814814814815 0.2388888888888889 0.3851851851851852 0.24444444444444444 0.3888888888888889 0.2388888888888889 0.3925925925925926 0.2388888888888889 0.4 0.22777777777777777 0.4222222222222222 0.22777777777777777 0.4111111111111111 0.23333333333333334 0.40370370370370373 0.24444444444444444 0.3962962962962963 0.24444444444444444 0.3888888888888889 0.25555555555555554 0.3814814814814815 0.25555555555555554 0.37777777777777777 0.25 0.37777777777777777 0.24444444444444444 0.37037037037037035 0.23333333333333334 0.362962962962963 0.25 0.3592592592592593 0.24444444444444444 0.35555555555555557 0.25 0.34074074074074073 0.25 0.3333333333333333 0.2388888888888889 0.32592592592592595 0.2388888888888889 0.31851851851851853 0.2222222222222222 0.3111111111111111 0.23333333333333334 0.3111111111111111 0.2388888888888889 0.3074074074074074 0.2388888888888889 0.2962962962962963 0.2222222222222222 0.29259259259259257 0.2222222222222222 0.28888888888888886 0.21666666666666667 0.2777777777777778 0.21666666666666667 0.2740740740740741 0.2111111111111111 0.2777777777777778 0.20555555555555555 0.2777777777777778 0.17777777777777778 0.2814814814814815 0.17222222222222222 0.2814814814814815 0.14444444444444443 0.2851851851851852 0.1388888888888889 0.2851851851851852 0.12777777777777777 0.28888888888888886 0.12222222222222222 0.28888888888888886 0.11666666666666667 0.29259259259259257 0.1111111111111111 0.31851851851851853 0.1111111111111111 0.32222222222222224 0.11666666666666667 0.3296296296296296 0.11666666666666667
19 0.31851851851851853 0.10555555555555556 0.32222222222222224 0.1111111111111111 0.3333333333333333 0.1111111111111111 0.337037037037037 0.11666666666666667 0.34444444444444444 0.11666666666666667 0.34814814814814815 0.12222222222222222 0.3592592592592593 0.12222222222222222 0.362962962962963 0.12777777777777777 0.37407407407407406 0.12777777777777777 0.37777777777777777 0.13333333333333333 0.3888888888888889 0.13333333333333333 0.3925925925925926 0.1388888888888889 0.40370370370370373 0.1388888888888889 0.4074074074074074 0.14444444444444443 0.4185185185185185 0.14444444444444443 0.4222222222222222 0.15 0.43333333333333335 0.15 0.43703703703703706 0.15555555555555556 0.45185185185185184 0.15555555555555556 0.45555555555555555 0.16111111111111112 0.4666666666666667 0.16111111111111112 0.4703703703703704 0.16666666666666666 0.4777777777777778 0.16666666666666666 0.48148148148148145 0.17222222222222222 0.4888888888888889 0.17222222222222222 0.4925925925925926 0.17777777777777778 0.4925925925925926 0.18333333333333332 0.4888888888888889 0.18888888888888888 0.4888888888888889 0.2 0.48518518518518516 0.20555555555555555 0.48518518518518516 0.2222222222222222 0.48148148148148145 0.22777777777777777 0.48148148148148145 0.23333333333333334 0.4740740740740741 0.25 0.4703703703703704 0.24444444444444444 0.4666666666666667 0.22777777777777777 0.45555555555555555 0.2111111111111111 0.45185185185185184 0.2111111111111111 0.44814814814814813 0.21666666666666667 0.4444444444444444 0.21666666666666667 0.44074074074074077 0.2222222222222222 0.43703703703703706 0.2222222222222222 0.43333333333333335 0.22777777777777777 0.42962962962962964 0.22777777777777777 0.42592592592592593 0.23333333333333334 0.4222222222222222 0.23333333333333334 0.4185185185185185 0.2388888888888889 0.4148148148148148 0.2388888888888889 0.4111111111111111 0.24444444444444444 0.4074074074074074 0.24444444444444444 0.40370370370370373 0.25 0.3925925925925926 0.25555555555555554 0.3851851851851852 0.26666666666666666 0.3814814814814815 0.26666666666666666 0.37777777777777777 0.2722222222222222 0.37407407407407406 0.2722222222222222 0.37037037037037035 0.2777777777777778 0.3592592592592593 0.2833333333333333 0.35185185185185186 0.29444444444444445 0.34074074074074073 0.29444444444444445 0.29259259259259257 0.2222222222222222 0.2814814814814815 0.2222222222222222 0.2777777777777778 0.22777777777777777 0.27037037037037037 0.22777777777777777 0.27037037037037037 0.20555555555555555 0.2740740740740741 0.2 0.2740740740740741 0.18333333333333332 0.2777777777777778 0.17777777777777778 0.2777777777777778 0.15 0.2814814814814815 0.14444444444444443 0.2814814814814815 0.13333333333333333 0.2851851851851852 0.12777777777777777 0.2851851851851852 0.1111111111111111 0.28888888888888886 0.10555555555555556 0.3148148148148148 0.10555555555555556
19 0.5851851851851851 0.8888888888888888 0.037037037037037035 0.044444444444444446
19 0.6888888888888889 0.6111111111111112 0.6925925925925925 0.6166666666666667 0.6962962962962963 0.6166666666666667 0.7 0.6222222222222222 0.7 0.6277777777777778 0.7074074074074074 0.6388888888888888 0.7148148148148148 0.6388888888888888 0.7185185185185186 0.6333333333333333 0.7185185185185186 0.6277777777777778 0.7222222222222222 0.6222222222222222 0.7222222222222222 0.6166666666666667 0.725925925925926 0.6111111111111112 0.7296296296296296 0.5944444444444444 0.7333333333333333 0.5888888888888889 0.7407407407407407 0.5888888888888889 0.7444444444444445 0.5833333333333334 0.7555555555555555 0.5833333333333334 0.7592592592592593 0.5888888888888889 0.7592592592592593 0.5944444444444444 0.7666666666666667 0.6055555555555555 0.7666666666666667 0.6111111111111112 0.7703703703703704 0.6166666666666667 0.7703703703703704 0.6222222222222222 0.774074074074074 0.6277777777777778 0.774074074074074 0.6333333333333333 0.7777777777777778 0.6388888888888888 0.7777777777777778 0.6444444444444445 0.7814814814814814 0.65 0.7851851851851852 0.6666666666666666 0.7925925925925926 0.6777777777777778 0.7925925925925926 0.6833333333333333 0.7962962962962963 0.6888888888888889 0.7962962962962963 0.7 0.7851851851851852 0.7166666666666667 0.7814814814814814 0.7166666666666667 0.762962962962963 0.7388888888888889 0.7592592592592593 0.7388888888888889 0.7555555555555555 0.7444444444444445 0.7444444444444445 0.75 0.7333333333333333 0.7666666666666667 0.7296296296296296 0.7666666666666667 0.7222222222222222 0.7777777777777778 0.7111111111111111 0.7833333333333333 0.6925925925925925 0.8055555555555556 0.6888888888888889 0.8055555555555556 0.6851851851851852 0.8111111111111111 0.674074074074074 0.8166666666666667 0.662962962962963 0.8333333333333334 0.6518518518518519 0.8388888888888889 0.6444444444444445 0.85 0.6407407407407407 0.85 0.6333333333333333 0.8611111111111112 0.6296296296296297 0.8611111111111112 0.6111111111111112 0.8833333333333333 0.6 0.8888888888888888 0.5814814814814815 0.9111111111111111 0.5703703703703704 0.9166666666666666 0.562962962962963 0.9277777777777778 0.5555555555555556 0.9277777777777778 0.5518518518518518 0.9333333333333333 0.5407407407407407 0.9333333333333333 0.5370370370370371 0.9277777777777778 0.5296296296296297 0.9277777777777778 0.5259259259259259 0.9222222222222223 0.5222222222222223 0.9222222222222223 0.5074074074074074 0.9 0.5 0.8666666666666667 0.4925925925925926 0.8555555555555555 0.4925925925925926 0.85 0.48148148148148145 0.8333333333333334 0.48148148148148145 0.8222222222222222 0.4777777777777778 0.8166666666666667 0.4777777777777778 0.8 0.48148148148148145 0.8 0.48518518518518516 0.8055555555555556 0.4925925925925926 0.8055555555555556 0.5 0.8166666666666667 0.5037037037037037 0.8166666666666667 0.5074074074074074 0.8222222222222222 0.5148148148148148 0.8222222222222222 0.5185185185185185 0.8277777777777777 0.5296296296296297 0.8277777777777777 0.5333333333333333 0.8333333333333334 0.5407407407407407 0.8333333333333334 0.5444444444444444 0.8388888888888889 0.5592592592592592 0.8388888888888889 0.562962962962963 0.8444444444444444 0.5666666666666667 0.8444444444444444 0.5740740740740741 0.8555555555555555 0.5777777777777777 0.8555555555555555 0.5814814814814815 0.8611111111111112 0.5888888888888889 0.8611111111111112 0.5925925925925926 0.8666666666666667 0.6 0.8666666666666667 0.6037037037037037 0.8611111111111112 0.6074074074074074 0.8611111111111112 0.6222222222222222 0.8388888888888889 0.6222222222222222 0.8277777777777777 0.6296296296296297 0.8166666666666667 0.6296296296296297 0.7944444444444444 0.6333333333333333 0.7888888888888889 0.6333333333333333 0.7833333333333333 0.6407407407407407 0.7722222222222223 0.6407407407407407 0.7666666666666667 0.6481481481481481 0.75 0.6481481481481481 0.7333333333333333 0.6555555555555556 0.7166666666666667 0.6555555555555556 0.7055555555555556 0.6592592592592592 0.7 0.6592592592592592 0.6888888888888889 0.662962962962963 0.6833333333333333 0.662962962962963 0.6777777777777778 0.6703703703703704 0.6666666666666666 0.6703703703703704 0.6555555555555556 0.6777777777777778 0.6388888888888888 0.6777777777777778 0.6277777777777778 0.6851851851851852 0.6166666666666667
19 0.6296296296296297 0.36666666666666664 0.6333333333333333 0.37222222222222223 0.6370370370370371 0.37222222222222223 0.6407407407407407 0.37777777777777777 0.6481481481481481 0.37777777777777777 0.6518518518518519 0.38333333333333336 0.6555555555555556 0.38333333333333336 0.6666666666666666 0.39444444444444443 0.6777777777777778 0.39444444444444443 0.6814814814814815 0.4 0.6888888888888889 0.4 0.6925925925925925 0.40555555555555556 0.6962962962962963 0.40555555555555556 0.7074074074074074 0.4222222222222222 0.7074074074074074 0.43333333333333335 0.7111111111111111 0.4388888888888889 0.7111111111111111 0.4722222222222222 0.7074074074074074 0.4777777777777778 0.7074074074074074 0.4888888888888889 0.7037037037037037 0.49444444444444446 0.7037037037037037 0.5055555555555555 0.6962962962962963 0.5222222222222223 0.6962962962962963 0.5388888888888889 0.6925925925925925 0.5444444444444444 0.6925925925925925 0.5555555555555556 0.6888888888888889 0.5611111111111111 0.6888888888888889 0.5666666666666667 0.6814814814814815 0.5833333333333334 0.6814814814814815 0.5944444444444444 0.6777777777777778 0.6 0.6777777777777778 0.6166666666666667 0.6703703703703704 0.6277777777777778 0.6703703703703704 0.6388888888888888 0.6666666666666666 0.6444444444444445 0.6666666666666666 0.65 0.662962962962963 0.6555555555555556 0.662962962962963 0.6611111111111111 0.6592592592592592 0.6666666666666666 0.6555555555555556 0.6833333333333333 0.6518518518518519 0.6888888888888889 0.6518518518518519 0.7055555555555556 0.6481481481481481 0.7111111111111111 0.6481481481481481 0.7222222222222222 0.6444444444444445 0.7277777777777777 0.6444444444444445 0.7444444444444445 0.6370370370370371 0.7555555555555555 0.6370370370370371 0.7666666666666667 0.6296296296296297 0.7777777777777778 0.6296296296296297 0.7833333333333333 0.6259259259259259 0.7888888888888889 0.6259259259259259 0.8 0.6222222222222222 0.8055555555555556 0.6222222222222222 0.8166666666666667 0.6185185185185185 0.8222222222222222 0.6185185185185185 0.8333333333333334 0.6111111111111112 0.8444444444444444 0.6111111111111112 0.85 0.6074074074074074 0.85 0.6037037037037037 0.8555555555555555 0.5851851851851851 0.8555555555555555 0.5814814814814815 0.85 0.5740740740740741 0.85 0.5666666666666667 0.8388888888888889 0.562962962962963 0.8388888888888889 0.5592592592592592 0.8333333333333334 0.5481481481481482 0.8333333333333334 0.5444444444444444 0.8277777777777777 0.5333333333333333 0.8277777777777777 0.5222222222222223 0.8166666666666667 0.5148148148148148 0.8166666666666667 0.5111111111111111 0.8111111111111111 0.5037037037037037 0.8111111111111111 0.5 0.8055555555555556 0.4962962962962963 0.8055555555555556 0.4888888888888889 0.7944444444444444 0.48148148148148145 0.7944444444444444 0.48148148148148145 0.7888888888888889 0.4888888888888889 0.7722222222222223 0.4888888888888889 0.7611111111111111 0.4925925925925926 0.7555555555555555 0.4925925925925926 0.75 0.5 0.7333333333333333 0.5 0.7222222222222222 0.5074074074074074 0.7055555555555556 0.5074074074074074 0.6833333333333333 0.5111111111111111 0.6833333333333333 0.5148148148148148 0.6777777777777778 0.5148148148148148 0.6666666666666666 0.5222222222222223 0.65 0.5222222222222223 0.6388888888888888 0.5259259259259259 0.6333333333333333 0.5259259259259259 0.6166666666666667 0.5333333333333333 0.6 0.5333333333333333 0.5888888888888889 0.5370370370370371 0.5833333333333334 0.5370370370370371 0.5722222222222222 0.5444444444444444 0.5555555555555556 0.5444444444444444 0.5444444444444444 0.5518518518518518 0.5277777777777778 0.5518518518518518 0.5166666666666667 0.5592592592592592 0.5 0.5592592592592592 0.4888888888888889 0.5666666666666667 0.4722222222222222 0.5666666666666667 0.46111111111111114 0.5740740740740741 0.4444444444444444 0.5740740740740741 0.43333333333333335 0.5814814814814815 0.4166666666666667 0.5814814814814815 0.40555555555555556 0.5851851851851851 0.4 0.5851851851851851 0.39444444444444443 0.5925925925925926 0.37777777777777777 0.5925925925925926 0.36666666666666664 0.6 0.35555555555555557 0.6111111111111112 0.35555555555555557 0.6148148148148148 0.3611111111111111 0.6222222222222222 0.3611111111111111 0.6259259259259259 0.36666666666666664
19 0.7185185185185186 0.46111111111111114 0.7222222222222222 0.4666666666666667 0.7222222222222222 0.4722222222222222 0.725925925925926 0.4777777777777778 0.725925925925926 0.48333333333333334 0.7296296296296296 0.4888888888888889 0.7296296296296296 0.49444444444444446 0.7333333333333333 0.5 0.7333333333333333 0.5055555555555555 0.737037037037037 0.5111111111111111 0.7407407407407407 0.5277777777777778 0.7444444444444445 0.5333333333333333 0.7444444444444445 0.5444444444444444 0.7518518518518519 0.5555555555555556 0.7518518518518519 0.5666666666666667 0.7555555555555555 0.5722222222222222 0.7555555555555555 0.5833333333333334 0.7592592592592593 0.5888888888888889 0.762962962962963 0.6055555555555555 0.7703703703703704 0.6166666666666667 0.7703703703703704 0.6222222222222222 0.774074074074074 0.6277777777777778 0.774074074074074 0.6388888888888888 0.7777777777777778 0.6444444444444445 0.7777777777777778 0.65 0.7851851851851852 0.6666666666666666 0.7851851851851852 0.6888888888888889 0.7888888888888889 0.6944444444444444 0.7925925925925926 0.6888888888888889 0.7925925925925926 0.6944444444444444 0.7888888888888889 0.6944444444444444 0.7851851851851852 0.7 0.7851851851851852 0.7055555555555556 0.7703703703703704 0.7277777777777777 0.7666666666666667 0.7277777777777777 0.762962962962963 0.7333333333333333 0.7518518518518519 0.7388888888888889 0.7444444444444445 0.75 0.7407407407407407 0.75 0.7296296296296296 0.7666666666666667 0.725925925925926 0.7666666666666667 0.7185185185185186 0.7777777777777778 0.7074074074074074 0.7833333333333333 0.7 0.7944444444444444 0.6888888888888889 0.8 0.6814814814814815 0.8111111111111111 0.6777777777777778 0.8111111111111111 0.6703703703703704 0.8222222222222222 0.6666666666666666 0.8222222222222222 0.6481481481481481 0.8444444444444444 0.6370370370370371 0.85 0.6296296296296297 0.8611111111111112 0.6259259259259259 0.8611111111111112 0.6148148148148148 0.8777777777777778 0.6037037037037037 0.8833333333333333 0.5962962962962963 0.8944444444444445 0.5925925925925926 0.8944444444444445 0.5740740740740741 0.9166666666666666 0.5703703703703704 0.9166666666666666 0.5592592592592592 0.9277777777777778 0.5518518518518518 0.9277777777777778 0.5481481481481482 0.9333333333333333 0.5407407407407407 0.9333333333333333 0.5370370370370371 0.9277777777777778 0.5296296296296297 0.9277777777777778 0.5222222222222223 0.9166666666666666 0.5185185185185185 0.9166666666666666 0.5074074074074074 0.9 0.5074074074074074 0.8888888888888888 0.5037037037037037 0.8833333333333333 0.5 0.8666666666666667 0.4925925925925926 0.8555555555555555 0.4925925925925926 0.85 0.48148148148148145 0.8333333333333334 0.48148148148148145 0.8222222222222222 0.4777777777777778 0.8166666666666667 0.4777777777777778 0.8 0.4888888888888889 0.8 0.4962962962962963 0.8111111111111111 0.5 0.8111111111111111 0.5111111111111111 0.8222222222222222 0.5222222222222223 0.8222222222222222 0.5333333333333333 0.8333333333333334 0.5407407407407407 0.8333333333333334 0.5444444444444444 0.8388888888888889 0.5555555555555556 0.8388888888888889 0.5592592592592592 0.8444444444444444 0.562962962962963 0.8444444444444444 0.5666666666666667 0.85 0.5703703703703704 0.85 0.5814814814814815 0.8611111111111112 0.5888888888888889 0.8611111111111112 0.5925925925925926 0.8666666666666667 0.6 0.8666666666666667 0.6222222222222222 0.8444444444444444 0.6222222222222222 0.8333333333333334 0.6296296296296297 0.8222222222222222 0.6296296296296297 0.7944444444444444 0.6333333333333333 0.7888888888888889 0.6333333333333333 0.7833333333333333 0.6407407407407407 0.7722222222222223 0.6407407407407407 0.7666666666666667 0.6481481481481481 0.75 0.6481481481481481 0.7388888888888889 0.6518518518518519 0.7333333333333333 0.6518518518518519 0.7222222222222222 0.6592592592592592 0.7055555555555556 0.6592592592592592 0.6833333333333333 0.662962962962963 0.6777777777777778 0.662962962962963 0.6722222222222223 0.6703703703703704 0.6611111111111111 0.6703703703703704 0.65 0.674074074074074 0.6444444444444445 0.674074074074074 0.6388888888888888 0.6777777777777778 0.6333333333333333 0.6777777777777778 0.6277777777777778 0.6851851851851852 0.6111111111111112 0.6851851851851852 0.5944444444444444 0.6925925925925925 0.5777777777777777 0.6925925925925925 0.5666666666666667 0.6962962962962963 0.5611111111111111 0.6962962962962963 0.55 0.7 0.5444444444444444 0.7 0.5277777777777778 0.7037037037037037 0.5222222222222223 0.7037037037037037 0.5166666666666667 0.7111111111111111 0.5 0.7111111111111111 0.4888888888888889 0.7148148148148148 0.48333333333333334 0.7148148148148148 0.4666666666666667
19 0.32222222222222224 0.1111111111111111 0.32592592592592595 0.11666666666666667 0.337037037037037 0.11666666666666667 0.34074074074074073 0.12222222222222222 0.35185185185185186 0.12222222222222222 0.35555555555555557 0.12777777777777777 0.37037037037037035 0.12777777777777777 0.37407407407407406 0.13333333333333333 0.3814814814814815 0.13333333333333333 0.3851851851851852 0.1388888888888889 0.4 0.1388888888888889 0.40370370370370373 0.14444444444444443 0.4111111111111111 0.14444444444444443 0.4148148148148148 0.15 0.42592592592592593 0.15 0.42962962962962964 0.15555555555555556 0.44074074074074077 0.15555555555555556 0.4444444444444444 0.16111111111111112 0.45555555555555555 0.16111111111111112 0.4666666666666667 0.17222222222222222 0.4777777777777778 0.17222222222222222 0.48518518518518516 0.18333333333333332 0.4888888888888889 0.18333333333333332 0.4925925925925926 0.17777777777777778 0.4962962962962963 0.18333333333333332 0.5 0.18333333333333332 0.5074074074074074 0.17222222222222222 0.5074074074074074 0.15555555555555556 0.5111111111111111 0.15 0.5111111111111111 0.1388888888888889 0.5148148148148148 0.13333333333333333 0.5185185185185185 0.11666666666666667 0.5259259259259259 0.10555555555555556 0.5296296296296297 0.10555555555555556 0.5333333333333333 0.1111111111111111 0.5370370370370371 0.1111111111111111 0.5407407407407407 0.11666666666666667 0.5481481481481482 0.11666666666666667 0.5518518518518518 0.12222222222222222 0.5555555555555556 0.12222222222222222 0.5592592592592592 0.12777777777777777 0.562962962962963 0.12777777777777777 0.5666666666666667 0.13333333333333333 0.5703703703703704 0.13333333333333333 0.5740740740740741 0.1388888888888889 0.5777777777777777 0.1388888888888889 0.5814814814814815 0.14444444444444443 0.5851851851851851 0.14444444444444443 0.5962962962962963 0.15555555555555556 0.6037037037037037 0.15555555555555556 0.6074074074074074 0.16111111111111112 0.6185185185185185 0.16666666666666666 0.6333333333333333 0.18888888888888888 0.6333333333333333 0.19444444444444445 0.6370370370370371 0.2 0.6370370370370371 0.21666666666666667 0.6333333333333333 0.2222222222222222 0.6333333333333333 0.22777777777777777 0.6259259259259259 0.24444444444444444 0.6259259259259259 0.25555555555555554 0.6222222222222222 0.2611111111111111 0.6185185185185185 0.2777777777777778 0.6148148148148148 0.2777777777777778 0.6111111111111112 0.2833333333333333 0.6148148148148148 0.28888888888888886 0.6074074074074074 0.3 0.6074074074074074 0.3111111111111111 0.6037037037037037 0.31666666666666665 0.6037037037037037 0.3277777777777778 0.5962962962962963 0.3388888888888889 0.5962962962962963 0.34444444444444444 0.5851851851851851 0.3611111111111111 0.5851851851851851 0.37222222222222223 0.5777777777777777 0.3888888888888889 0.5777777777777777 0.4 0.5740740740740741 0.40555555555555556 0.5740740740740741 0.4111111111111111 0.5666666666666667 0.42777777777777776 0.5666666666666667 0.4388888888888889 0.562962962962963 0.4444444444444444 0.562962962962963 0.45555555555555555 0.5592592592592592 0.46111111111111114 0.5592592592592592 0.4722222222222222 0.5518518518518518 0.4888888888888889 0.5518518518518518 0.5 0.5481481481481482 0.5055555555555555 0.5481481481481482 0.5111111111111111 0.5407407407407407 0.5277777777777778 0.5407407407407407 0.5388888888888889 0.5333333333333333 0.5555555555555556 0.5333333333333333 0.5666666666666667 0.5296296296296297 0.5722222222222222 0.5296296296296297 0.5777777777777777 0.5259259259259259 0.5833333333333334 0.5259259259259259 0.5944444444444444 0.5222222222222223 0.6 0.5148148148148148 0.6 0.5111111111111111 0.5944444444444444 0.4962962962962963 0.5944444444444444 0.4925925925925926 0.5888888888888889 0.4888888888888889 0.5944444444444444 0.48518518518518516 0.5888888888888889 0.4740740740740741 0.5888888888888889 0.4666666666666667 0.5722222222222222 0.4444444444444444 0.5722222222222222 0.42962962962962964 0.55 0.42592592592592593 0.55 0.42592592592592593 0.5111111111111111 0.4222222222222222 0.5055555555555555 0.4222222222222222 0.4888888888888889 0.42592592592592593 0.48333333333333334 0.42962962962962964 0.48333333333333334 0.43333333333333335 0.4777777777777778 0.43703703703703706 0.4777777777777778 0.44074074074074077 0.4722222222222222 0.4444444444444444 0.4722222222222222 0.44814814814814813 0.4666666666666667 0.45185185185185184 0.4666666666666667 0.45555555555555555 0.46111111111111114 0.45925925925925926 0.46111111111111114 0.46296296296296297 0.45555555555555555 0.4740740740740741 0.45 0.4777777777777778 0.4444444444444444 0.48518518518518516 0.4444444444444444 0.5148148148148148 0.4 0.5148148148148148 0.35555555555555557 0.5111111111111111 0.35 0.5074074074074074 0.35 0.5074074074074074 0.34444444444444444 0.5037037037037037 0.3388888888888889 0.5037037037037037 0.3333333333333333 0.5 0.3277777777777778 0.5 0.32222222222222224 0.4962962962962963 0.31666666666666665 0.4962962962962963 0.3111111111111111 0.4925925925925926 0.3055555555555556 0.4925925925925926 0.3 0.48518518518518516 0.2833333333333333 0.48518518518518516 0.2722222222222222 0.48148148148148145 0.26666666666666666 0.48148148148148145 0.24444444444444444 0.48518518518518516 0.2388888888888889 0.4925925925925926 0.2388888888888889 0.5 0.22777777777777777 0.5 0.2222222222222222 0.4962962962962963 0.21666666666666667 0.4888888888888889 0.22777777777777777 0.48518518518518516 0.22777777777777777 0.4888888888888889 0.2222222222222222 0.4888888888888889 0.21666666666666667 0.48518518518518516 0.2111111111111111 0.4777777777777778 0.2111111111111111 0.48148148148148145 0.2111111111111111 0.48518518518518516 0.20555555555555555 0.48148148148148145 0.2 0.4740740740740741 0.2 0.4740740740740741 0.18888888888888888 0.4703703703703704 0.18333333333333332 0.46296296296296297 0.18333333333333332 0.45185185185185184 0.17222222222222222 0.42962962962962964 0.17222222222222222 0.42592592592592593 0.17777777777777778 0.4185185185185185 0.17777777777777778 0.4148148148148148 0.17222222222222222 0.4074074074074074 0.17222222222222222 0.40370370370370373 0.16666666666666666 0.3962962962962963 0.16666666666666666 0.3962962962962963 0.16111111111111112 0.3925925925925926 0.15555555555555556 0.35185185185185186 0.15555555555555556 0.34444444444444444 0.14444444444444443 0.337037037037037 0.14444444444444443 0.3333333333333333 0.1388888888888889 0.32592592592592595 0.15 0.31851851851851853 0.1388888888888889 0.3148148148148148 0.1388888888888889 0.3037037037037037 0.15 0.3037037037037037 0.15555555555555556 0.2962962962962963 0.16666666666666666 0.2962962962962963 0.18888888888888888 0.3 0.19444444444444445 0.3 0.2 0.3074074074074074 0.2111111111111111 0.3148148148148148 0.2111111111111111 0.31851851851851853 0.21666666666666667 0.32222222222222224 0.2111111111111111 0.34074074074074073 0.2111111111111111 0.34814814814814815 0.2 0.35185185185185186 0.2 0.35555555555555557 0.20555555555555555 0.35555555555555557 0.21666666666666667 0.36666666666666664 0.23333333333333334 0.362962962962963 0.23333333333333334 0.35555555555555557 0.24444444444444444 0.35185185185185186 0.24444444444444444 0.34814814814814815 0.25 0.337037037037037 0.23333333333333334 0.3296296296296296 0.23333333333333334 0.3296296296296296 0.22777777777777777 0.32592592592592595 0.2222222222222222 0.2962962962962963 0.2222222222222222 0.29259259259259257 0.21666666666666667 0.2777777777777778 0.21666666666666667 0.2740740740740741 0.2111111111111111 0.2777777777777778 0.20555555555555555 0.2777777777777778 0.18333333333333332 0.2814814814814815 0.17777777777777778 0.2814814814814815 0.14444444444444443 0.2851851851851852 0.1388888888888889 0.2851851851851852 0.12777777777777777 0.28888888888888886 0.12222222222222222 0.28888888888888886 0.11666666666666667 0.29259259259259257 0.1111111111111111 0.31851851851851853 0.1111111111111111
19 0.7185185185185186 0.45555555555555555 0.7185185185185186 0.46111111111111114 0.725925925925926 0.4722222222222222 0.725925925925926 0.4777777777777778 0.7296296296296296 0.48333333333333334 0.7296296296296296 0.4888888888888889 0.7333333333333333 0.49444444444444446 0.7333333333333333 0.5 0.737037037037037 0.5055555555555555 0.7407407407407407 0.5222222222222223 0.7444444444444445 0.5277777777777778 0.7444444444444445 0.5388888888888889 0.7518518518518519 0.55 0.7518518518518519 0.5611111111111111 0.7555555555555555 0.5666666666666667 0.7555555555555555 0.5833333333333334 0.7444444444444445 0.5833333333333334 0.737037037037037 0.5944444444444444 0.7333333333333333 0.5944444444444444 0.7185185185185186 0.6222222222222222 0.7185185185185186 0.6333333333333333 0.7148148148148148 0.6388888888888888 0.7074074074074074 0.6388888888888888 0.7 0.6277777777777778 0.6962962962962963 0.6333333333333333 0.6925925925925925 0.6277777777777778 0.6962962962962963 0.6222222222222222 0.6925925925925925 0.6166666666666667 0.6814814814814815 0.6222222222222222 0.6814814814814815 0.6166666666666667 0.6851851851851852 0.6111111111111112 0.6851851851851852 0.5888888888888889 0.6925925925925925 0.5722222222222222 0.6925925925925925 0.5611111111111111 0.6962962962962963 0.5555555555555556 0.6962962962962963 0.5444444444444444 0.7 0.5388888888888889 0.7 0.5222222222222223 0.7074074074074074 0.5111111111111111 0.7074074074074074 0.5 0.7111111111111111 0.49444444444444446 0.7111111111111111 0.48333333333333334 0.7148148148148148 0.4777777777777778 0.7148148148148148 0.46111111111111114
19 0.28888888888888886 0.1111111111111111 0.32592592592592595 0.1111111111111111 0.3296296296296296 0.11666666666666667 0.34074074074074073 0.11666666666666667 0.34444444444444444 0.12222222222222222 0.35555555555555557 0.12222222222222222 0.3592592592592593 0.12777777777777777 0.37037037037037035 0.12777777777777777 0.37407407407407406 0.13333333333333333 0.3851851851851852 0.13333333333333333 0.3888888888888889 0.1388888888888889 0.40370370370370373 0.1388888888888889 0.4074074074074074 0.14444444444444443 0.4148148148148148 0.14444444444444443 0.4185185185185185 0.15 0.42962962962962964 0.15 0.43333333333333335 0.15555555555555556 0.4444444444444444 0.15555555555555556 0.44814814814814813 0.16111111111111112 0.46296296296296297 0.16111111111111112 0.4666666666666667 0.16666666666666666 0.4740740740740741 0.16666666666666666 0.4777777777777778 0.17222222222222222 0.48518518518518516 0.17222222222222222 0.4888888888888889 0.17777777777777778 0.5 0.17777777777777778 0.5074074074074074 0.16111111111111112 0.5074074074074074 0.15 0.5148148148148148 0.13333333333333333 0.5148148148148148 0.12222222222222222 0.5259259259259259 0.10555555555555556 0.5296296296296297 0.10555555555555556 0.5333333333333333 0.1111111111111111 0.5407407407407407 0.1111111111111111 0.5444444444444444 0.11666666666666667 0.5481481481481482 0.11666666666666667 0.5592592592592592 0.12777777777777777 0.5666666666666667 0.12777777777777777 0.5888888888888889 0.15 0.5962962962962963 0.15 0.6 0.15555555555555556 0.6037037037037037 0.15555555555555556 0.6074074074074074 0.16111111111111112 0.6185185185185185 0.16666666666666666 0.6370370370370371 0.19444444444444445 0.6370370370370371 0.2222222222222222 0.6296296296296297 0.23333333333333334 0.6296296296296297 0.25 0.6259259259259259 0.25555555555555554 0.6259259259259259 0.2611111111111111 0.6222222222222222 0.26666666666666666 0.6185185185185185 0.2833333333333333 0.6074074074074074 0.29444444444444445 0.6074074074074074 0.31666666666666665 0.6037037037037037 0.32222222222222224 0.6 0.3388888888888889 0.5851851851851851 0.3611111111111111 0.5851851851851851 0.36666666666666664 0.5814814814814815 0.37222222222222223 0.5814814814814815 0.38333333333333336 0.5777777777777777 0.3888888888888889 0.5777777777777777 0.39444444444444443 0.5703703703703704 0.4111111111111111 0.5703703703703704 0.4222222222222222 0.562962962962963 0.4388888888888889 0.562962962962963 0.45 0.5592592592592592 0.45555555555555555 0.5592592592592592 0.4666666666666667 0.5555555555555556 0.4722222222222222 0.5555555555555556 0.48333333333333334 0.5481481481481482 0.5 0.5481481481481482 0.5111111111111111 0.5407407407407407 0.5222222222222223 0.5407407407407407 0.5277777777777778 0.5370370370370371 0.5333333333333333 0.5370370370370371 0.5444444444444444 0.5333333333333333 0.55 0.5333333333333333 0.5666666666666667 0.5296296296296297 0.5722222222222222 0.5296296296296297 0.5777777777777777 0.5222222222222223 0.5888888888888889 0.5037037037037037 0.5888888888888889 0.5 0.5833333333333334 0.4962962962962963 0.5888888888888889 0.4925925925925926 0.5888888888888889 0.48148148148148145 0.5777777777777777 0.4703703703703704 0.5777777777777777 0.4666666666666667 0.5722222222222222 0.45555555555555555 0.5722222222222222 0.45185185185185184 0.5666666666666667 0.44074074074074077 0.5611111111111111 0.43703703703703706 0.5555555555555556 0.43703703703703706 0.55 0.42962962962962964 0.5333333333333333 0.42962962962962964 0.5222222222222223 0.42592592592592593 0.5166666666666667 0.42962962962962964 0.5111111111111111 0.42592592592592593 0.5055555555555555 0.42592592592592593 0.4888888888888889 0.42962962962962964 0.48333333333333334 0.44074074074074077 0.4777777777777778 0.44814814814814813 0.4666666666666667 0.45185185185185184 0.4666666666666667 0.46296296296296297 0.45555555555555555 0.4703703703703704 0.45555555555555555 0.4777777777777778 0.4444444444444444 0.48518518518518516 0.4444444444444444 0.4962962962962963 0.42777777777777776 0.5 0.42777777777777776 0.5111111111111111 0.4111111111111111 0.5111111111111111 0.40555555555555556 0.5185185185185185 0.3888888888888889 0.5185185185185185 0.3611111111111111 0.5111111111111111 0.35 0.5074074074074074 0.35 0.5074074074074074 0.34444444444444444 0.5037037037037037 0.3388888888888889 0.5037037037037037 0.3333333333333333 0.5 0.3277777777777778 0.5 0.32222222222222224 0.4962962962962963 0.31666666666666665 0.4962962962962963 0.3111111111111111 0.4925925925925926 0.3055555555555556 0.4925925925925926 0.3 0.48518518518518516 0.2833333333333333 0.48518518518518516 0.2722222222222222 0.48148148148148145 0.26666666666666666 0.48148148148148145 0.2611111111111111 0.4740740740740741 0.24444444444444444 0.4740740740740741 0.23333333333333334 0.46296296296296297 0.21666666666666667 0.46296296296296297 0.2111111111111111 0.45925925925925926 0.20555555555555555 0.45555555555555555 0.18888888888888888 0.45185185185185184 0.18333333333333332 0.44074074074074077 0.18333333333333332 0.43703703703703706 0.18888888888888888 0.43333333333333335 0.18888888888888888 0.42962962962962964 0.18333333333333332 0.4148148148148148 0.18333333333333332 0.4111111111111111 0.18888888888888888 0.4148148148148148 0.19444444444444445 0.4148148148148148 0.2 0.4111111111111111 0.2 0.4074074074074074 0.20555555555555555 0.4111111111111111 0.2111111111111111 0.4148148148148148 0.2111111111111111 0.4148148148148148 0.21666666666666667 0.42592592592592593 0.22777777777777777 0.4222222222222222 0.22777777777777777 0.4185185185185185 0.23333333333333334 0.4111111111111111 0.23333333333333334 0.40370370370370373 0.24444444444444444 0.4 0.24444444444444444 0.3925925925925926 0.25555555555555554 0.3888888888888889 0.25555555555555554 0.3851851851851852 0.2611111111111111 0.37777777777777777 0.25 0.35555555555555557 0.25 0.35185185185185186 0.25555555555555554 0.337037037037037 0.25555555555555554 0.3333333333333333 0.2611111111111111 0.3333333333333333 0.2722222222222222 0.337037037037037 0.2777777777777778 0.34074074074074073 0.2722222222222222 0.34444444444444444 0.2777777777777778 0.34814814814814815 0.2777777777777778 0.34814814814814815 0.2833333333333333 0.35185185185185186 0.28888888888888886 0.34074074074074073 0.28888888888888886 0.32592592592592595 0.26666666666666666 0.3296296296296296 0.26666666666666666 0.3333333333333333 0.2611111111111111 0.3296296296296296 0.25555555555555554 0.3296296296296296 0.24444444444444444 0.32592592592592595 0.2388888888888889 0.32222222222222224 0.2388888888888889 0.31851851851851853 0.23333333333333334 0.3148148148148148 0.2388888888888889 0.3074074074074074 0.2388888888888889 0.2962962962962963 0.2222222222222222 0.29259259259259257 0.2222222222222222 0.28888888888888886 0.21666666666666667 0.2777777777777778 0.21666666666666667 0.2740740740740741 0.2222222222222222 0.2740740740740741 0.2 0.2777777777777778 0.19444444444444445 0.2777777777777778 0.16111111111111112 0.2814814814814815 0.15555555555555556 0.2814814814814815 0.1388888888888889 0.2851851851851852 0.13333333333333333 0.28888888888888886 0.11666666666666667
19 0.6185185185185185 0.15 0.6222222222222222 0.15 0.6333333333333333 0.1388888888888889 0.6407407407407407 0.1388888888888889 0.6518518518518519 0.12777777777777777 0.6592592592592592 0.12777777777777777 0.662962962962963 0.12222222222222222 0.6666666666666666 0.12222222222222222 0.6703703703703704 0.11666666666666667 0.674074074074074 0.11666666666666667 0.6851851851851852 0.10555555555555556 0.6925925925925925 0.10555555555555556 0.6962962962962963 0.1 0.7037037037037037 0.1 0.7074074074074074 0.09444444444444444 0.7185185185185186 0.09444444444444444 0.7185185185185186 0.1 0.7222222222222222 0.10555555555555556 0.7222222222222222 0.12222222222222222 0.7296296296296296 0.1388888888888889 0.7296296296296296 0.15 0.7333333333333333 0.15555555555555556 0.7333333333333333 0.16666666666666666 0.737037037037037 0.17222222222222222 0.737037037037037 0.18888888888888888 0.7407407407407407 0.19444444444444445 0.7407407407407407 0.20555555555555555 0.7444444444444445 0.2111111111111111 0.7444444444444445 0.21666666666666667 0.7407407407407407 0.2222222222222222 0.737037037037037 0.2222222222222222 0.7296296296296296 0.23333333333333334 0.725925925925926 0.23333333333333334 0.7222222222222222 0.2388888888888889 0.7111111111111111 0.24444444444444444 0.7037037037037037 0.25555555555555554 0.7 0.25555555555555554 0.6962962962962963 0.2611111111111111 0.6888888888888889 0.2611111111111111 0.6851851851851852 0.26666666666666666 0.674074074074074 0.2722222222222222 0.6666666666666666 0.2833333333333333 0.6666666666666666 0.3111111111111111 0.674074074074074 0.32222222222222224 0.674074074074074 0.3333333333333333 0.6777777777777778 0.3388888888888889 0.6777777777777778 0.34444444444444444 0.6851851851851852 0.3611111111111111 0.6851851851851852 0.37222222222222223 0.6888888888888889 0.37777777777777777 0.6888888888888889 0.38333333333333336 0.6814814814814815 0.38333333333333336 0.6777777777777778 0.37777777777777777 0.674074074074074 0.38333333333333336 0.6666666666666666 0.38333333333333336 0.662962962962963 0.37777777777777777 0.6592592592592592 0.37777777777777777 0.6481481481481481 0.36666666666666664 0.6407407407407407 0.36666666666666664 0.6296296296296297 0.35 0.6296296296296297 0.34444444444444444 0.6222222222222222 0.3277777777777778 0.6222222222222222 0.31666666666666665 0.6185185185185185 0.3111111111111111 0.6185185185185185 0.29444444444444445 0.6296296296296297 0.2777777777777778 0.6296296296296297 0.2722222222222222 0.6370370370370371 0.25555555555555554 0.6370370370370371 0.23333333333333334 0.6444444444444445 0.2222222222222222 0.6444444444444445 0.2 0.6407407407407407 0.19444444444444445 0.6407407407407407 0.18333333333333332 0.6333333333333333 0.17222222222222222 0.6296296296296297 0.17222222222222222 0.6185185185185185 0.15555555555555556
19 0.6185185185185185 0.15 0.6222222222222222 0.15 0.6259259259259259 0.14444444444444443 0.6333333333333333 0.14444444444444443 0.6370370370370371 0.1388888888888889 0.6407407407407407 0.1388888888888889 0.6518518518518519 0.12777777777777777 0.6592592592592592 0.12777777777777777 0.662962962962963 0.12222222222222222 0.6666666666666666 0.12222222222222222 0.6703703703703704 0.11666666666666667 0.674074074074074 0.11666666666666667 0.6851851851851852 0.10555555555555556 0.6925925925925925 0.10555555555555556 0.6962962962962963 0.1 0.7037037037037037 0.1 0.7074074074074074 0.09444444444444444 0.7185185185185186 0.09444444444444444 0.7185185185185186 0.1 0.7222222222222222 0.10555555555555556 0.7222222222222222 0.11666666666666667 0.725925925925926 0.12222222222222222 0.725925925925926 0.13333333333333333 0.7296296296296296 0.1388888888888889 0.7296296296296296 0.15 0.7333333333333333 0.15555555555555556 0.7333333333333333 0.16666666666666666 0.737037037037037 0.17222222222222222 0.737037037037037 0.18333333333333332 0.7407407407407407 0.18888888888888888 0.7407407407407407 0.2 0.7444444444444445 0.20555555555555555 0.7444444444444445 0.21666666666666667 0.7407407407407407 0.2222222222222222 0.737037037037037 0.2222222222222222 0.7296296296296296 0.23333333333333334 0.725925925925926 0.23333333333333334 0.7222222222222222 0.2388888888888889 0.7111111111111111 0.24444444444444444 0.7037037037037037 0.25555555555555554 0.7 0.25555555555555554 0.6962962962962963 0.2611111111111111 0.6888888888888889 0.2611111111111111 0.6851851851851852 0.26666666666666666 0.674074074074074 0.2722222222222222 0.6666666666666666 0.2833333333333333 0.6666666666666666 0.3055555555555556 0.6703703703703704 0.3111111111111111 0.6703703703703704 0.31666666666666665 0.6777777777777778 0.3333333333333333 0.6777777777777778 0.34444444444444444 0.6814814814814815 0.35 0.6851851851851852 0.36666666666666664 0.6925925925925925 0.37777777777777777 0.6925925925925925 0.38333333333333336 0.6962962962962963 0.3888888888888889 0.6888888888888889 0.3888888888888889 0.6851851851851852 0.38333333333333336 0.6666666666666666 0.38333333333333336 0.662962962962963 0.37777777777777777 0.6592592592592592 0.37777777777777777 0.6481481481481481 0.36666666666666664 0.6407407407407407 0.36666666666666664 0.6296296296296297 0.35 0.6296296296296297 0.34444444444444444 0.6222222222222222 0.3277777777777778 0.6222222222222222 0.31666666666666665 0.6185185185185185 0.3111111111111111 0.6185185185185185 0.3 0.6222222222222222 0.29444444444444445 0.6222222222222222 0.28888888888888886 0.6259259259259259 0.28888888888888886 0.6333333333333333 0.2722222222222222 0.6333333333333333 0.2611111111111111 0.6407407407407407 0.24444444444444444 0.6370370370370371 0.2388888888888889 0.6444444444444445 0.2222222222222222 0.6444444444444445 0.19444444444444445 0.6407407407407407 0.18888888888888888 0.6407407407407407 0.18333333333333332 0.6296296296296297 0.16666666666666666 0.6259259259259259 0.16666666666666666 0.6185185185185185 0.15555555555555556
19 0.45185185185185184 0.2222222222222222 0.46296296296296297 0.2388888888888889 0.4666666666666667 0.25555555555555554 0.4740740740740741 0.26666666666666666 0.4740740740740741 0.2722222222222222 0.4777777777777778 0.2777777777777778 0.4777777777777778 0.28888888888888886 0.48148148148148145 0.29444444444444445 0.48148148148148145 0.3 0.4888888888888889 0.3111111111111111 0.4888888888888889 0.31666666666666665 0.4925925925925926 0.32222222222222224 0.4925925925925926 0.3277777777777778 0.4962962962962963 0.3333333333333333 0.4962962962962963 0.3388888888888889 0.5 0.34444444444444444 0.5037037037037037 0.3611111111111111 0.5074074074074074 0.36666666666666664 0.5074074074074074 0.39444444444444443 0.4925925925925926 0.4166666666666667 0.4888888888888889 0.4166666666666667 0.4777777777777778 0.43333333333333335 0.4740740740740741 0.43333333333333335 0.4703703703703704 0.4388888888888889 0.4666666666666667 0.4388888888888889 0.46296296296296297 0.4444444444444444 0.45185185185185184 0.45 0.4444444444444444 0.46111111111111114 0.43703703703703706 0.46111111111111114 0.42962962962962964 0.4722222222222222 0.4185185185185185 0.4777777777777778 0.4111111111111111 0.4888888888888889 0.40370370370370373 0.4888888888888889 0.4 0.49444444444444446 0.3962962962962963 0.49444444444444446 0.3888888888888889 0.5055555555555555 0.3851851851851852 0.5055555555555555 0.3814814814814815 0.5111111111111111 0.37777777777777777 0.5111111111111111 0.37407407407407406 0.5166666666666667 0.362962962962963 0.5222222222222223 0.35555555555555557 0.5333333333333333 0.34814814814814815 0.5333333333333333 0.337037037037037 0.5444444444444444 0.32592592592592595 0.5444444444444444 0.32222222222222224 0.55 0.31851851851851853 0.55 0.3111111111111111 0.5611111111111111 0.3074074074074074 0.5611111111111111 0.2962962962962963 0.5722222222222222 0.28888888888888886 0.5722222222222222 0.2814814814814815 0.5833333333333334 0.2740740740740741 0.5833333333333334 0.27037037037037037 0.5888888888888889 0.25925925925925924 0.5888888888888889 0.25555555555555554 0.5944444444444444 0.24814814814814815 0.5944444444444444 0.24444444444444444 0.6 0.22962962962962963 0.6 0.2074074074074074 0.5666666666666667 0.2074074074074074 0.5388888888888889 0.2 0.5277777777777778 0.1962962962962963 0.5277777777777778 0.1962962962962963 0.5166666666666667 0.18888888888888888 0.5055555555555555 0.18518518518518517 0.5055555555555555 0.18518518518518517 0.49444444444444446 0.1814814814814815 0.4888888888888889 0.1814814814814815 0.4777777777777778 0.17777777777777778 0.4722222222222222 0.17777777777777778 0.4666666666666667 0.17037037037037037 0.45555555555555555 0.17777777777777778 0.4388888888888889 0.18518518518518517 0.4388888888888889 0.18888888888888888 0.43333333333333335 0.2 0.42777777777777776 0.2074074074074074 0.4111111111111111 0.2111111111111111 0.4111111111111111 0.21481481481481482 0.40555555555555556 0.2222222222222222 0.40555555555555556 0.22592592592592592 0.4 0.22962962962962963 0.4 0.23333333333333334 0.39444444444444443 0.24444444444444444 0.3888888888888889 0.26296296296296295 0.36666666666666664 0.2777777777777778 0.36666666666666664 0.2814814814814815 0.3611111111111111 0.2851851851851852 0.34444444444444444 0.29259259259259257 0.34444444444444444 0.2962962962962963 0.3388888888888889 0.3037037037037037 0.3388888888888889 0.3074074074074074 0.3333333333333333 0.3074074074074074 0.3277777777777778 0.3111111111111111 0.3277777777777778 0.31851851851851853 0.31666666666666665 0.32222222222222224 0.31666666666666665 0.32592592592592595 0.3111111111111111 0.3296296296296296 0.3111111111111111 0.3333333333333333 0.31666666666666665 0.337037037037037 0.3111111111111111 0.34074074074074073 0.3111111111111111 0.34444444444444444 0.3055555555555556 0.34814814814814815 0.3055555555555556 0.35185185185185186 0.3 0.362962962962963 0.29444444444444445 0.37037037037037035 0.2833333333333333 0.37777777777777777 0.2833333333333333 0.3814814814814815 0.2777777777777778 0.3851851851851852 0.2777777777777778 0.3925925925925926 0.26666666666666666 0.3962962962962963 0.26666666666666666 0.4148148148148148 0.24444444444444444 0.4222222222222222 0.24444444444444444 0.42592592592592593 0.2388888888888889 0.42962962962962964 0.2388888888888889 0.44074074074074077 0.22777777777777777 0.44814814814814813 0.22777777777777777
19 0.26296296296296295 0.6777777777777778 0.26666666666666666 0.6833333333333333 0.3333333333333333 0.6833333333333333 0.337037037037037 0.6888888888888889 0.35185185185185186 0.6888888888888889 0.35555555555555557 0.6944444444444444 0.362962962962963 0.6944444444444444 0.36666666666666664 0.7 0.4074074074074074 0.7 0.4111111111111111 0.7055555555555556 0.45555555555555555 0.7055555555555556 0.45925925925925926 0.7111111111111111 0.4925925925925926 0.7111111111111111 0.4925925925925926 0.7277777777777777 0.4888888888888889 0.7333333333333333 0.48518518518518516 0.75 0.4777777777777778 0.7611111111111111 0.4740740740740741 0.7777777777777778 0.4666666666666667 0.7888888888888889 0.4666666666666667 0.8166666666666667 0.4111111111111111 0.8166666666666667 0.4074074074074074 0.8111111111111111 0.37037037037037035 0.8111111111111111 0.36666666666666664 0.8055555555555556 0.35185185185185186 0.8055555555555556 0.34814814814814815 0.8 0.32592592592592595 0.8 0.32222222222222224 0.8055555555555556 0.26666666666666666 0.8055555555555556 0.26296296296296295 0.8111111111111111 0.1962962962962963 0.8111111111111111 0.1925925925925926 0.8055555555555556 0.18518518518518517 0.8055555555555556 0.17777777777777778 0.7944444444444444 0.17777777777777778 0.7333333333333333 0.17407407407407408 0.7277777777777777 0.17407407407407408 0.6777777777777778 0.17037037037037037 0.6722222222222223 0.17037037037037037 0.6666666666666666 0.17407407407407408 0.6611111111111111 0.17777777777777778 0.6611111111111111 0.1814814814814815 0.6666666666666666 0.18518518518518517 0.6833333333333333 0.1925925925925926 0.6944444444444444 0.21481481481481482 0.6944444444444444 0.22592592592592592 0.6777777777777778 0.25925925925925924 0.6777777777777778
19 0.7148148148148148 0.09444444444444444 0.7222222222222222 0.10555555555555556 0.7222222222222222 0.12222222222222222 0.725925925925926 0.12777777777777777 0.725925925925926 0.1388888888888889 0.7296296296296296 0.14444444444444443 0.7296296296296296 0.15 0.7333333333333333 0.15555555555555556 0.7333333333333333 0.17222222222222222 0.737037037037037 0.17777777777777778 0.737037037037037 0.18888888888888888 0.7407407407407407 0.19444444444444445 0.7407407407407407 0.20555555555555555 0.7444444444444445 0.2111111111111111 0.7407407407407407 0.21666666666666667 0.7407407407407407 0.2222222222222222 0.737037037037037 0.2222222222222222 0.7296296296296296 0.23333333333333334 0.725925925925926 0.23333333333333334 0.7222222222222222 0.2388888888888889 0.7185185185185186 0.2388888888888889 0.7148148148148148 0.24444444444444444 0.7037037037037037 0.25 0.6962962962962963 0.2611111111111111 0.6888888888888889 0.2611111111111111 0.6851851851851852 0.26666666666666666 0.6777777777777778 0.26666666666666666 0.6666666666666666 0.2833333333333333 0.6666666666666666 0.3111111111111111 0.674074074074074 0.32222222222222224 0.674074074074074 0.3333333333333333 0.6777777777777778 0.3388888888888889 0.6777777777777778 0.34444444444444444 0.6814814814814815 0.35 0.6814814814814815 0.35555555555555557 0.6851851851851852 0.3611111111111111 0.6851851851851852 0.36666666666666664 0.6888888888888889 0.37222222222222223 0.6925925925925925 0.3888888888888889 0.6888888888888889 0.38333333333333336 0.6666666666666666 0.38333333333333336 0.662962962962963 0.37777777777777777 0.6592592592592592 0.37777777777777777 0.6481481481481481 0.36666666666666664 0.6407407407407407 0.36666666666666664 0.6259259259259259 0.34444444444444444 0.6259259259259259 0.3333333333333333 0.6185185185185185 0.31666666666666665 0.6185185185185185 0.29444444444444445 0.6296296296296297 0.2777777777777778 0.6296296296296297 0.2722222222222222 0.6333333333333333 0.26666666666666666 0.6333333333333333 0.2611111111111111 0.6407407407407407 0.24444444444444444 0.6370370370370371 0.2388888888888889 0.6444444444444445 0.2222222222222222 0.6444444444444445 0.2 0.6407407407407407 0.19444444444444445 0.6407407407407407 0.18333333333333332 0.6296296296296297 0.16666666666666666 0.6259259259259259 0.16666666666666666 0.6185185185185185 0.15555555555555556 0.6185185185185185 0.15 0.6222222222222222 0.15 0.6259259259259259 0.14444444444444443 0.6333333333333333 0.14444444444444443 0.6370370370370371 0.1388888888888889 0.6407407407407407 0.1388888888888889 0.6518518518518519 0.12777777777777777 0.6592592592592592 0.12777777777777777 0.662962962962963 0.12222222222222222 0.6666666666666666 0.12222222222222222 0.6703703703703704 0.11666666666666667 0.674074074074074 0.11666666666666667 0.6851851851851852 0.10555555555555556 0.6925925925925925 0.10555555555555556 0.6962962962962963 0.1 0.7037037037037037 0.1 0.7074074074074074 0.09444444444444444 0.7111111111111111 0.09444444444444444
19 0.32222222222222224 0.6 0.3296296296296296 0.6166666666666667 0.3333333333333333 0.6111111111111112 0.337037037037037 0.6166666666666667 0.337037037037037 0.6222222222222222 0.3333333333333333 0.6277777777777778 0.3333333333333333 0.6388888888888888 0.337037037037037 0.6444444444444445 0.337037037037037 0.65 0.31851851851851853 0.65 0.3148148148148148 0.6555555555555556 0.3111111111111111 0.65 0.3074074074074074 0.65 0.2962962962962963 0.6388888888888888 0.2962962962962963 0.6333333333333333 0.3 0.6277777777777778 0.2962962962962963 0.6222222222222222 0.2851851851851852 0.6222222222222222 0.2814814814814815 0.6277777777777778 0.2851851851851852 0.6333333333333333 0.2851851851851852 0.6444444444444445 0.28888888888888886 0.65 0.2851851851851852 0.65 0.2777777777777778 0.6611111111111111 0.28888888888888886 0.6722222222222223 0.3074074074074074 0.6722222222222223 0.3111111111111111 0.6666666666666666 0.32222222222222224 0.6666666666666666 0.32592592592592595 0.6722222222222223 0.3296296296296296 0.6722222222222223 0.3333333333333333 0.6666666666666666 0.337037037037037 0.6722222222222223 0.35555555555555557 0.6722222222222223 0.362962962962963 0.6833333333333333 0.40370370370370373 0.6833333333333333 0.4074074074074074 0.6888888888888889 0.4185185185185185 0.6888888888888889 0.4222222222222222 0.6944444444444444 0.42592592592592593 0.6888888888888889 0.42962962962962964 0.6888888888888889 0.44074074074074077 0.7 0.45555555555555555 0.7 0.45925925925925926 0.7055555555555556 0.48148148148148145 0.7055555555555556 0.48518518518518516 0.7111111111111111 0.4962962962962963 0.7111111111111111 0.4962962962962963 0.7166666666666667 0.4925925925925926 0.7222222222222222 0.4925925925925926 0.7333333333333333 0.4888888888888889 0.7388888888888889 0.4888888888888889 0.7444444444444445 0.48518518518518516 0.75 0.48518518518518516 0.7555555555555555 0.48148148148148145 0.7611111111111111 0.4777777777777778 0.7777777777777778 0.4666666666666667 0.7944444444444444 0.4666666666666667 0.8166666666666667 0.4111111111111111 0.8166666666666667 0.4074074074074074 0.8111111111111111 0.37407407407407406 0.8111111111111111 0.37037037037037035 0.8055555555555556 0.35555555555555557 0.8055555555555556 0.35185185185185186 0.8 0.3 0.8 0.2962962962962963 0.8055555555555556 0.2518518518518518 0.8055555555555556 0.24814814814814815 0.8111111111111111 0.2 0.8111111111111111 0.1962962962962963 0.8055555555555556 0.18888888888888888 0.8055555555555556 0.18518518518518517 0.8 0.1814814814814815 0.8 0.1814814814814815 0.7944444444444444 0.17777777777777778 0.7888888888888889 0.17777777777777778 0.7277777777777777 0.17407407407407408 0.7222222222222222 0.17407407407407408 0.6777777777777778 0.17037037037037037 0.6722222222222223 0.17037037037037037 0.6611111111111111 0.17407407407407408 0.6555555555555556 0.17777777777777778 0.6555555555555556 0.2037037037037037 0.6166666666666667 0.2074074074074074 0.6166666666666667 0.21851851851851853 0.6 0.2222222222222222 0.6 0.23333333333333334 0.6111111111111112 0.24814814814814815 0.6111111111111112 0.2518518518518518 0.6055555555555555 0.27037037037037037 0.6055555555555555 0.27037037037037037 0.6111111111111112 0.2814814814814815 0.6222222222222222 0.2962962962962963 0.6222222222222222 0.3074074074074074 0.6111111111111112 0.3037037037037037 0.6055555555555555 0.3111111111111111 0.6055555555555555 0.3148148148148148 0.6 0.31851851851851853 0.6