19 0.3023255813953488 0.8 0.3178294573643411 0.8111111111111111 0.3178294573643411 0.8166666666666667 0.32558139534883723 0.8222222222222222 0.3178294573643411 0.8277777777777777 0.3178294573643411 0.85 0.27906976744186046 0.8777777777777778 0.2713178294573643 0.8777777777777778 0.26356589147286824 0.8833333333333333 0.1937984496124031 0.8833333333333333 0.17829457364341086 0.8722222222222222 0.17829457364341086 0.8444444444444444 0.18604651162790697 0.8388888888888889 0.18604651162790697 0.8333333333333334 0.1937984496124031 0.8277777777777777 0.1937984496124031 0.8222222222222222 0.20155038759689922 0.8222222222222222 0.23255813953488372 0.8 0.24031007751937986 0.8 0.24806201550387597 0.8055555555555556 0.26356589147286824 0.7944444444444444 0.2868217054263566 0.7944444444444444 0.29457364341085274 0.8
19 0.08527131782945736 0.85 0.09302325581395349 0.8555555555555555 0.10077519379844961 0.85 0.10852713178294573 0.8555555555555555 0.11627906976744186 0.85 0.12403100775193798 0.85 0.12403100775193798 0.8555555555555555 0.13953488372093023 0.8666666666666667 0.14728682170542637 0.8611111111111112 0.14728682170542637 0.85 0.15503875968992248 0.8555555555555555 0.15503875968992248 0.8666666666666667 0.16279069767441862 0.8722222222222222 0.17054263565891473 0.8722222222222222 0.1937984496124031 0.8888888888888888 0.2713178294573643 0.8888888888888888 0.27906976744186046 0.8833333333333333 0.27906976744186046 0.8777777777777778 0.29457364341085274 0.8777777777777778 0.3178294573643411 0.8944444444444445 0.32558139534883723 0.8888888888888888 0.32558139534883723 0.8777777777777778 0.3178294573643411 0.8722222222222222 0.31007751937984496 0.8722222222222222 0.3023255813953488 0.8666666666666667 0.29457364341085274 0.8666666666666667 0.3178294573643411 0.85 0.3488372093023256 0.85 0.35658914728682173 0.8555555555555555 0.3643410852713178 0.8555555555555555 0.37209302325581395 0.8611111111111112 0.3798449612403101 0.8611111111111112 0.3953488372093023 0.8722222222222222 0.3875968992248062 0.8777777777777778 0.3875968992248062 0.8833333333333333 0.37209302325581395 0.8944444444444445 0.37209302325581395 0.9111111111111111 0.3798449612403101 0.9166666666666666 0.3798449612403101 0.9222222222222223 0.37209302325581395 0.9277777777777778 0.2558139534883721 0.9277777777777778 0.24806201550387597 0.9222222222222223 0.24031007751937986 0.9222222222222223 0.23255813953488372 0.9277777777777778 0.16279069767441862 0.9277777777777778 0.15503875968992248 0.9333333333333333 0.14728682170542637 0.9333333333333333 0.13953488372093023 0.9277777777777778 0 0.9277777777777778 0 0.9222222222222223 0.007751937984496124 0.9166666666666666 0.007751937984496124 0.9055555555555556 0.015503875968992248 0.9 0.015503875968992248 0.8944444444444445 0.031007751937984496 0.8833333333333333 0.046511627906976744 0.8833333333333333 0.05426356589147287 0.8777777777777778 0.046511627906976744 0.8722222222222222 0.046511627906976744 0.8666666666666667 0.05426356589147287 0.8722222222222222 0.07751937984496124 0.8722222222222222 0.09302325581395349 0.8611111111111112 0.08527131782945736 0.8555555555555555
19 0.5968992248062015 0.6333333333333333 0.6201550387596899 0.6333333333333333 0.6356589147286822 0.6444444444444445 0.6356589147286822 0.65 0.6511627906976745 0.6611111111111111 0.6511627906976745 0.6666666666666666 0.6434108527131783 0.6722222222222223 0.6434108527131783 0.6777777777777778 0.627906976744186 0.6888888888888889 0.627906976744186 0.6944444444444444 0.6201550387596899 0.7 0.6124031007751938 0.7 0.6046511627906976 0.7055555555555556 0.6046511627906976 0.7111111111111111 0.5813953488372093 0.7277777777777777 0.5736434108527132 0.7277777777777777 0.5581395348837209 0.7388888888888889 0.5503875968992248 0.7388888888888889 0.5503875968992248 0.7 0.5581395348837209 0.6944444444444444 0.5581395348837209 0.6888888888888889 0.5736434108527132 0.6777777777777778 0.5736434108527132 0.6722222222222223 0.5813953488372093 0.6666666666666666 0.5813953488372093 0.6555555555555556 0.5891472868217055 0.65 0.5891472868217055 0.6444444444444445 0.5968992248062015 0.6388888888888888
19 0.03875968992248062 0.2611111111111111 0.046511627906976744 0.26666666666666666 0.06976744186046512 0.26666666666666666 0.07751937984496124 0.2722222222222222 0.10852713178294573 0.2722222222222222 0.11627906976744186 0.2777777777777778 0.12403100775193798 0.2777777777777778 0.13178294573643412 0.2833333333333333 0.14728682170542637 0.2833333333333333 0.14728682170542637 0.28888888888888886 0.13178294573643412 0.3 0.09302325581395349 0.3 0.07751937984496124 0.3111111111111111 0.06976744186046512 0.3111111111111111 0.046511627906976744 0.3277777777777778 0.03875968992248062 0.3277777777777778 0.007751937984496124 0.35 0.007751937984496124 0.3388888888888889 0.015503875968992248 0.3333333333333333 0.015503875968992248 0.31666666666666665 0.007751937984496124 0.3111111111111111 0.007751937984496124 0.3055555555555556 0 0.3 0 0.26666666666666666 0.007751937984496124 0.2611111111111111 0.031007751937984496 0.2611111111111111
19 0.2868217054263566 0.6444444444444445 0.29457364341085274 0.65 0.3178294573643411 0.65 0.32558139534883723 0.6555555555555556 0.3333333333333333 0.6555555555555556 0.34108527131782945 0.6611111111111111 0.3333333333333333 0.6666666666666666 0.3178294573643411 0.6666666666666666 0.3023255813953488 0.6777777777777778 0.29457364341085274 0.6777777777777778 0.2868217054263566 0.6833333333333333 0.2868217054263566 0.6888888888888889 0.2713178294573643 0.7 0.2713178294573643 0.7166666666666667 0.29457364341085274 0.7333333333333333 0.3178294573643411 0.7333333333333333 0.32558139534883723 0.7277777777777777 0.3333333333333333 0.7277777777777777 0.34108527131782945 0.7222222222222222 0.3488372093023256 0.7222222222222222 0.35658914728682173 0.7166666666666667 0.3643410852713178 0.7222222222222222 0.3953488372093023 0.7 0.4108527131782946 0.7 0.4186046511627907 0.7055555555555556 0.4263565891472868 0.7055555555555556 0.43410852713178294 0.7111111111111111 0.4186046511627907 0.7111111111111111 0.4108527131782946 0.7055555555555556 0.40310077519379844 0.7111111111111111 0.40310077519379844 0.7333333333333333 0.3953488372093023 0.7333333333333333 0.3953488372093023 0.7277777777777777 0.3875968992248062 0.7222222222222222 0.3798449612403101 0.7277777777777777 0.3798449612403101 0.7388888888888889 0.37209302325581395 0.7444444444444445 0.37209302325581395 0.75 0.35658914728682173 0.75 0.3488372093023256 0.7555555555555555 0.34108527131782945 0.7555555555555555 0.3333333333333333 0.7611111111111111 0.32558139534883723 0.7611111111111111 0.3178294573643411 0.7666666666666667 0.3178294573643411 0.7833333333333333 0.32558139534883723 0.7888888888888889 0.32558139534883723 0.8 0.3178294573643411 0.8055555555555556 0.32558139534883723 0.8111111111111111 0.31007751937984496 0.8 0.3023255813953488 0.8 0.29457364341085274 0.7944444444444444 0.2868217054263566 0.8 0.27906976744186046 0.7944444444444444 0.26356589147286824 0.7944444444444444 0.2558139534883721 0.8 0.24031007751937986 0.8 0.2248062015503876 0.8111111111111111 0.21705426356589147 0.8111111111111111 0.20155038759689922 0.8222222222222222 0.20155038759689922 0.8277777777777777 0.18604651162790697 0.8388888888888889 0.18604651162790697 0.8444444444444444 0.17829457364341086 0.85 0.17829457364341086 0.8666666666666667 0.18604651162790697 0.8722222222222222 0.18604651162790697 0.8777777777777778 0.1937984496124031 0.8833333333333333 0.21705426356589147 0.8833333333333333 0.2248062015503876 0.8888888888888888 0.23255813953488372 0.8888888888888888 0.24031007751937986 0.8944444444444445 0.24806201550387597 0.8944444444444445 0.2558139534883721 0.8888888888888888 0.26356589147286824 0.8888888888888888 0.3178294573643411 0.85 0.3178294573643411 0.8444444444444444 0.3333333333333333 0.8333333333333334 0.3333333333333333 0.8277777777777777 0.34108527131782945 0.8277777777777777 0.3488372093023256 0.8333333333333334 0.35658914728682173 0.8277777777777777 0.37209302325581395 0.8388888888888889 0.3798449612403101 0.8388888888888889 0.40310077519379844 0.8222222222222222 0.4108527131782946 0.8222222222222222 0.4186046511627907 0.8166666666666667 0.43410852713178294 0.8166666666666667 0.4496124031007752 0.8055555555555556 0.46511627906976744 0.8055555555555556 0.4728682170542636 0.8 0.4806201550387597 0.8 0.4883720930232558 0.7944444444444444 0.4883720930232558 0.7888888888888889 0.49612403100775193 0.7888888888888889 0.5038759689922481 0.7833333333333333 0.49612403100775193 0.7777777777777778 0.5038759689922481 0.7722222222222223 0.5038759689922481 0.7611111111111111 0.5116279069767442 0.7666666666666667 0.5116279069767442 0.7833333333333333 0.5038759689922481 0.7888888888888889 0.49612403100775193 0.7888888888888889 0.4728682170542636 0.8055555555555556 0.4728682170542636 0.8111111111111111 0.46511627906976744 0.8166666666666667 0.46511627906976744 0.8222222222222222 0.4418604651162791 0.8388888888888889 0.4263565891472868 0.8388888888888889 0.4186046511627907 0.8444444444444444 0.4186046511627907 0.85 0.40310077519379844 0.8611111111111112 0.3953488372093023 0.8611111111111112 0.3953488372093023 0.8555555555555555 0.3798449612403101 0.8444444444444444 0.37209302325581395 0.85 0.37209302325581395 0.8555555555555555 0.3643410852713178 0.8555555555555555 0.35658914728682173 0.8611111111111112 0.35658914728682173 0.8722222222222222 0.34108527131782945 0.8722222222222222 0.32558139534883723 0.8833333333333333 0.3178294573643411 0.8777777777777778 0.3023255813953488 0.8888888888888888 0.3023255813953488 0.9 0.29457364341085274 0.9 0.2868217054263566 0.9055555555555556 0.27906976744186046 0.9055555555555556 0.26356589147286824 0.9166666666666666 0.2558139534883721 0.9166666666666666 0.24806201550387597 0.9111111111111111 0.23255813953488372 0.9222222222222223 0.15503875968992248 0.9222222222222223 0.16279069767441862 0.9166666666666666 0.16279069767441862 0.9111111111111111 0.17054263565891473 0.9055555555555556 0.17054263565891473 0.8833333333333333 0.16279069767441862 0.8777777777777778 0.16279069767441862 0.8722222222222222 0.14728682170542637 0.8611111111111112 0.12403100775193798 0.8611111111111112 0.11627906976744186 0.8555555555555555 0.10077519379844961 0.8555555555555555 0.06976744186046512 0.8777777777777778 0.06201550387596899 0.8722222222222222 0.05426356589147287 0.8777777777777778 0.046511627906976744 0.8777777777777778 0.023255813953488372 0.8944444444444445 0.007751937984496124 0.8833333333333333 0.015503875968992248 0.8777777777777778 0.015503875968992248 0.8722222222222222 0.023255813953488372 0.8666666666666667 0.03875968992248062 0.8666666666666667 0.08527131782945736 0.8333333333333334 0.08527131782945736 0.8166666666666667 0.07751937984496124 0.8111111111111111 0.07751937984496124 0.8055555555555556 0.06976744186046512 0.8 0.06976744186046512 0.7944444444444444 0.07751937984496124 0.7888888888888889 0.06976744186046512 0.7833333333333333 0.046511627906976744 0.7833333333333333 0.03875968992248062 0.7777777777777778 0.023255813953488372 0.7777777777777778 0.015503875968992248 0.7722222222222223 0.031007751937984496 0.7611111111111111 0.03875968992248062 0.7611111111111111 0.06201550387596899 0.7444444444444445 0.07751937984496124 0.7444444444444445 0.10077519379844961 0.7277777777777777 0.10852713178294573 0.7277777777777777 0.11627906976744186 0.7222222222222222 0.11627906976744186 0.7111111111111111 0.12403100775193798 0.7055555555555556 0.12403100775193798 0.7 0.13178294573643412 0.6944444444444444 0.13178294573643412 0.6888888888888889 0.13953488372093023 0.6888888888888889 0.14728682170542637 0.6833333333333333 0.16279069767441862 0.6944444444444444 0.17829457364341086 0.6833333333333333 0.1937984496124031 0.6833333333333333 0.20155038759689922 0.6777777777777778 0.20155038759689922 0.6722222222222223 0.20930232558139536 0.6722222222222223 0.21705426356589147 0.6666666666666666 0.2248062015503876 0.6666666666666666 0.23255813953488372 0.6611111111111111 0.23255813953488372 0.65 0.24031007751937986 0.6555555555555556 0.2713178294573643 0.6555555555555556 0.27906976744186046 0.65
19 0.46511627906976744 0.24444444444444444 0.4728682170542636 0.25 0.4806201550387597 0.24444444444444444 0.4883720930232558 0.24444444444444444 0.49612403100775193 0.25 0.5193798449612403 0.25 0.5348837209302325 0.2611111111111111 0.5503875968992248 0.2611111111111111 0.5581395348837209 0.26666666666666666 0.5658914728682171 0.26666666666666666 0.5736434108527132 0.2722222222222222 0.5813953488372093 0.2722222222222222 0.5891472868217055 0.2777777777777778 0.6046511627906976 0.2777777777777778 0.6124031007751938 0.2833333333333333 0.6201550387596899 0.2833333333333333 0.6201550387596899 0.28888888888888886 0.6124031007751938 0.2833333333333333 0.6046511627906976 0.28888888888888886 0.6046511627906976 0.29444444444444445 0.6124031007751938 0.3 0.6046511627906976 0.3 0.5968992248062015 0.3055555555555556 0.6046511627906976 0.3111111111111111 0.6046511627906976 0.31666666666666665 0.6201550387596899 0.3277777777777778 0.6124031007751938 0.3277777777777778 0.6046511627906976 0.3333333333333333 0.6046511627906976 0.3388888888888889 0.5968992248062015 0.34444444444444444 0.5968992248062015 0.35 0.5891472868217055 0.35555555555555557 0.5968992248062015 0.3611111111111111 0.5968992248062015 0.38333333333333336 0.6046511627906976 0.3888888888888889 0.6201550387596899 0.3888888888888889 0.6201550387596899 0.39444444444444443 0.627906976744186 0.4 0.6434108527131783 0.4 0.6511627906976745 0.39444444444444443 0.6666666666666666 0.40555555555555556 0.6821705426356589 0.40555555555555556 0.689922480620155 0.4 0.6976744186046512 0.4 0.6976744186046512 0.4111111111111111 0.7054263565891473 0.4166666666666667 0.7131782945736435 0.4166666666666667 0.7209302325581395 0.4222222222222222 0.7209302325581395 0.42777777777777776 0.7441860465116279 0.4444444444444444 0.751937984496124 0.4444444444444444 0.7441860465116279 0.4444444444444444 0.7364341085271318 0.45 0.7286821705426356 0.4444444444444444 0.7286821705426356 0.43333333333333335 0.7209302325581395 0.42777777777777776 0.7131782945736435 0.43333333333333335 0.7131782945736435 0.4444444444444444 0.7131782945736435 0.4388888888888889 0.7054263565891473 0.43333333333333335 0.6976744186046512 0.4388888888888889 0.6976744186046512 0.4444444444444444 0.689922480620155 0.4444444444444444 0.689922480620155 0.4388888888888889 0.6821705426356589 0.43333333333333335 0.689922480620155 0.42777777777777776 0.689922480620155 0.4222222222222222 0.6821705426356589 0.4166666666666667 0.6666666666666666 0.42777777777777776 0.6666666666666666 0.4444444444444444 0.6589147286821705 0.4388888888888889 0.6511627906976745 0.4444444444444444 0.6511627906976745 0.45 0.6589147286821705 0.45555555555555555 0.6589147286821705 0.4666666666666667 0.6511627906976745 0.4722222222222222 0.6511627906976745 0.5055555555555555 0.6589147286821705 0.5111111111111111 0.6511627906976745 0.5166666666666667 0.6356589147286822 0.5166666666666667 0.627906976744186 0.5111111111111111 0.6201550387596899 0.5111111111111111 0.6124031007751938 0.5055555555555555 0.5968992248062015 0.5166666666666667 0.6046511627906976 0.5222222222222223 0.5968992248062015 0.5166666666666667 0.5891472868217055 0.5222222222222223 0.5813953488372093 0.5222222222222223 0.5813953488372093 0.5166666666666667 0.5581395348837209 0.5 0.5503875968992248 0.5 0.5503875968992248 0.49444444444444446 0.5426356589147286 0.4888888888888889 0.5348837209302325 0.4888888888888889 0.5271317829457365 0.48333333333333334 0.49612403100775193 0.48333333333333334 0.4883720930232558 0.4888888888888889 0.4883720930232558 0.5 0.4806201550387597 0.5055555555555555 0.4883720930232558 0.5111111111111111 0.4883720930232558 0.5166666666666667 0.4806201550387597 0.5222222222222223 0.4883720930232558 0.5277777777777778 0.4883720930232558 0.5333333333333333 0.49612403100775193 0.5388888888888889 0.4883720930232558 0.5444444444444444 0.4806201550387597 0.5388888888888889 0.46511627906976744 0.5388888888888889 0.46511627906976744 0.5222222222222223 0.4496124031007752 0.5111111111111111 0.4418604651162791 0.5111111111111111 0.4263565891472868 0.5222222222222223 0.4186046511627907 0.5166666666666667 0.4263565891472868 0.5111111111111111 0.43410852713178294 0.5111111111111111 0.4418604651162791 0.5055555555555555 0.4496124031007752 0.5111111111111111 0.4573643410852713 0.5055555555555555 0.4573643410852713 0.5 0.4496124031007752 0.49444444444444446 0.4418604651162791 0.49444444444444446 0.43410852713178294 0.4888888888888889 0.4263565891472868 0.4888888888888889 0.4263565891472868 0.4777777777777778 0.4186046511627907 0.4722222222222222 0.40310077519379844 0.48333333333333334 0.3953488372093023 0.48333333333333334 0.3875968992248062 0.4888888888888889 0.3875968992248062 0.5 0.3875968992248062 0.49444444444444446 0.3798449612403101 0.4888888888888889 0.3875968992248062 0.48333333333333334 0.3875968992248062 0.4777777777777778 0.40310077519379844 0.4666666666666667 0.40310077519379844 0.46111111111111114 0.3875968992248062 0.45 0.3798449612403101 0.45 0.35658914728682173 0.43333333333333335 0.35658914728682173 0.4166666666666667 0.3643410852713178 0.4111111111111111 0.3643410852713178 0.4 0.37209302325581395 0.39444444444444443 0.37209302325581395 0.3888888888888889 0.3798449612403101 0.38333333333333336 0.3798449612403101 0.37777777777777777 0.3875968992248062 0.37222222222222223 0.3875968992248062 0.3611111111111111 0.3953488372093023 0.35555555555555557 0.3953488372093023 0.35 0.40310077519379844 0.34444444444444444 0.40310077519379844 0.3388888888888889 0.4108527131782946 0.3333333333333333 0.4108527131782946 0.3277777777777778 0.4186046511627907 0.32222222222222224 0.4186046511627907 0.3111111111111111 0.4263565891472868 0.3055555555555556 0.4263565891472868 0.3 0.43410852713178294 0.29444444444444445 0.43410852713178294 0.2833333333333333 0.4418604651162791 0.2777777777777778 0.4418604651162791 0.2722222222222222 0.4496124031007752 0.26666666666666666 0.4496124031007752 0.2611111111111111 0.4573643410852713 0.25555555555555554 0.4573643410852713 0.25
19 0.7286821705426356 0.2111111111111111 0.7441860465116279 0.2222222222222222 0.751937984496124 0.2222222222222222 0.7596899224806202 0.22777777777777777 0.7596899224806202 0.2388888888888889 0.7674418604651163 0.24444444444444444 0.7674418604651163 0.25555555555555554 0.7596899224806202 0.2611111111111111 0.7596899224806202 0.26666666666666666 0.751937984496124 0.2722222222222222 0.751937984496124 0.2833333333333333 0.7441860465116279 0.28888888888888886 0.7441860465116279 0.29444444444444445 0.7364341085271318 0.3 0.7054263565891473 0.3 0.6976744186046512 0.29444444444444445 0.689922480620155 0.29444444444444445 0.6821705426356589 0.28888888888888886 0.6744186046511628 0.28888888888888886 0.6666666666666666 0.2833333333333333 0.6511627906976745 0.2833333333333333 0.6434108527131783 0.2777777777777778 0.627906976744186 0.2777777777777778 0.6201550387596899 0.2722222222222222 0.6046511627906976 0.2722222222222222 0.5968992248062015 0.26666666666666666 0.5891472868217055 0.26666666666666666 0.5813953488372093 0.2611111111111111 0.5736434108527132 0.2611111111111111 0.5658914728682171 0.25555555555555554 0.5581395348837209 0.25555555555555554 0.5503875968992248 0.25 0.5426356589147286 0.25 0.5348837209302325 0.24444444444444444 0.5271317829457365 0.24444444444444444 0.5193798449612403 0.2388888888888889 0.5038759689922481 0.2388888888888889 0.49612403100775193 0.23333333333333334 0.4883720930232558 0.23333333333333334 0.4806201550387597 0.22777777777777777 0.4883720930232558 0.22777777777777777 0.49612403100775193 0.2222222222222222 0.5038759689922481 0.2222222222222222 0.5116279069767442 0.21666666666666667 0.5193798449612403 0.21666666666666667 0.5271317829457365 0.2222222222222222 0.5348837209302325 0.21666666666666667 0.5736434108527132 0.21666666666666667 0.5813953488372093 0.2111111111111111 0.6356589147286822 0.2111111111111111 0.6434108527131783 0.20555555555555555 0.6821705426356589 0.20555555555555555 0.689922480620155 0.2111111111111111 0.7209302325581395 0.2111111111111111
19 0 0.03888888888888889 0.007751937984496124 0.03888888888888889 0.007751937984496124 0.044444444444444446 0.06976744186046512 0.08888888888888889 0.07751937984496124 0.08888888888888889 0.08527131782945736 0.09444444444444444 0.09302325581395349 0.09444444444444444 0.10077519379844961 0.1 0.10852713178294573 0.1 0.12403100775193798 0.1111111111111111 0.12403100775193798 0.11666666666666667 0.13178294573643412 0.12222222222222222 0.13178294573643412 0.14444444444444443 0.11627906976744186 0.14444444444444443 0.10852713178294573 0.1388888888888889 0.05426356589147287 0.1388888888888889 0.03875968992248062 0.15 0 0.15 0 0.044444444444444446
19 0.8294573643410853 0.4222222222222222 0.8294573643410853 0.43333333333333335 0.8372093023255814 0.4388888888888889 0.8372093023255814 0.45 0.8604651162790697 0.4666666666666667 0.875968992248062 0.4666666666666667 0.8837209302325582 0.4722222222222222 0.8992248062015504 0.46111111111111114 0.8992248062015504 0.4777777777777778 0.9069767441860465 0.48333333333333334 0.8992248062015504 0.4888888888888889 0.9069767441860465 0.49444444444444446 0.9147286821705426 0.49444444444444446 0.9069767441860465 0.5 0.9069767441860465 0.5055555555555555 0.8992248062015504 0.5111111111111111 0.8992248062015504 0.5166666666666667 0.8837209302325582 0.5277777777777778 0.8837209302325582 0.5388888888888889 0.875968992248062 0.5444444444444444 0.875968992248062 0.55 0.8682170542635659 0.55 0.8604651162790697 0.5555555555555556 0.813953488372093 0.5555555555555556 0.7984496124031008 0.5444444444444444 0.7906976744186046 0.5444444444444444 0.7984496124031008 0.5388888888888889 0.7906976744186046 0.5333333333333333 0.7906976744186046 0.5277777777777778 0.7829457364341085 0.5222222222222223 0.7829457364341085 0.5166666666666667 0.7674418604651163 0.5055555555555555 0.7674418604651163 0.45 0.7751937984496124 0.4444444444444444 0.7751937984496124 0.4388888888888889 0.7829457364341085 0.4388888888888889 0.7906976744186046 0.43333333333333335 0.813953488372093 0.43333333333333335 0.8217054263565892 0.42777777777777776
19 0.5193798449612403 0 0.5968992248062015 0 0.5968992248062015 0.011111111111111112 0.5813953488372093 0.011111111111111112 0.5736434108527132 0.016666666666666666 0.5736434108527132 0.022222222222222223 0.5658914728682171 0.027777777777777776 0.5658914728682171 0.03333333333333333 0.5271317829457365 0.03333333333333333 0.5271317829457365 0.011111111111111112 0.5193798449612403 0.005555555555555556
19 0.875968992248062 0 0.9069767441860465 0 0.9147286821705426 0.005555555555555556 0.9224806201550387 0.005555555555555556 0.9302325581395349 0 0.937984496124031 0.005555555555555556 0.9457364341085271 0.005555555555555556 0.9534883720930233 0.011111111111111112 0.9612403100775194 0.005555555555555556 0.9767441860465116 0.005555555555555556 0.9767441860465116 0.016666666666666666 0.9844961240310077 0.022222222222222223 0.9844961240310077 0.044444444444444446 0.9767441860465116 0.05 0.9767441860465116 0.07222222222222222 0.9689922480620154 0.07777777777777778 0.9689922480620154 0.08333333333333333 0.9767441860465116 0.08888888888888889 0.9689922480620154 0.09444444444444444 0.9689922480620154 0.08888888888888889 0.9612403100775194 0.08333333333333333 0.9534883720930233 0.08333333333333333 0.9457364341085271 0.08888888888888889 0.9457364341085271 0.10555555555555556 0.937984496124031 0.1111111111111111 0.937984496124031 0.11666666666666667 0.9534883720930233 0.12777777777777777 0.9612403100775194 0.12222222222222222 0.9767441860465116 0.12222222222222222 0.9844961240310077 0.12777777777777777 0.9767441860465116 0.13333333333333333 0.9612403100775194 0.13333333333333333 0.9534883720930233 0.1388888888888889 0.9612403100775194 0.14444444444444443 0.9689922480620154 0.14444444444444443 0.9612403100775194 0.14444444444444443 0.9457364341085271 0.15555555555555556 0.9534883720930233 0.16111111111111112 0.9612403100775194 0.16111111111111112 0.9534883720930233 0.16666666666666666 0.9534883720930233 0.17777777777777778 0.9612403100775194 0.18333333333333332 0.9534883720930233 0.18888888888888888 0.9457364341085271 0.18888888888888888 0.937984496124031 0.19444444444444445 0.937984496124031 0.18888888888888888 0.9302325581395349 0.18333333333333332 0.9302325581395349 0.16666666666666666 0.9224806201550387 0.16111111111111112 0.9224806201550387 0.14444444444444443 0.9147286821705426 0.1388888888888889 0.9147286821705426 0.11666666666666667 0.9069767441860465 0.1111111111111111 0.9069767441860465 0.08888888888888889 0.8992248062015504 0.08333333333333333 0.8992248062015504 0.05 0.8914728682170543 0.044444444444444446 0.8914728682170543 0.027777777777777776 0.8837209302325582 0.022222222222222223 0.8837209302325582 0.011111111111111112 0.875968992248062 0.005555555555555556
19 0.7984496124031008 0.3388888888888889 0.813953488372093 0.3388888888888889 0.8372093023255814 0.35555555555555557 0.8527131782945736 0.35555555555555557 0.8604651162790697 0.3611111111111111 0.875968992248062 0.3611111111111111 0.8837209302325582 0.36666666666666664 0.8914728682170543 0.36666666666666664 0.8992248062015504 0.3611111111111111 0.9069767441860465 0.36666666666666664 0.9224806201550387 0.36666666666666664 0.9224806201550387 0.37222222222222223 0.9302325581395349 0.37777777777777777 0.937984496124031 0.37222222222222223 0.937984496124031 0.37777777777777777 0.9457364341085271 0.38333333333333336 0.9534883720930233 0.37777777777777777 0.9534883720930233 0.37222222222222223 0.9534883720930233 0.37777777777777777 0.9612403100775194 0.38333333333333336 0.9689922480620154 0.37777777777777777 0.9844961240310077 0.3888888888888889 0.9844961240310077 0.4111111111111111 0.9767441860465116 0.4166666666666667 0.9612403100775194 0.4166666666666667 0.9457364341085271 0.42777777777777776 0.9457364341085271 0.4666666666666667 0.9534883720930233 0.4722222222222222 0.9534883720930233 0.4777777777777778 0.9844961240310077 0.5 0.9844961240310077 0.5888888888888889 0.9767441860465116 0.5944444444444444 0.9767441860465116 0.6 0.9689922480620154 0.5944444444444444 0.9534883720930233 0.6055555555555555 0.9534883720930233 0.6111111111111112 0.937984496124031 0.6111111111111112 0.9302325581395349 0.6055555555555555 0.9147286821705426 0.6055555555555555 0.8682170542635659 0.5722222222222222 0.8682170542635659 0.5666666666666667 0.8604651162790697 0.5611111111111111 0.8527131782945736 0.5611111111111111 0.8449612403100775 0.5555555555555556 0.8217054263565892 0.5555555555555556 0.8062015503875969 0.5444444444444444 0.7906976744186046 0.5444444444444444 0.7984496124031008 0.5388888888888889 0.7984496124031008 0.5333333333333333 0.7751937984496124 0.5166666666666667 0.7751937984496124 0.5111111111111111 0.7674418604651163 0.5055555555555555 0.7674418604651163 0.4666666666666667 0.7596899224806202 0.46111111111111114 0.7596899224806202 0.45 0.7674418604651163 0.45 0.7751937984496124 0.4444444444444444 0.7751937984496124 0.4388888888888889 0.7906976744186046 0.42777777777777776 0.7984496124031008 0.42777777777777776 0.813953488372093 0.4166666666666667 0.813953488372093 0.4 0.8217054263565892 0.39444444444444443 0.8217054263565892 0.37777777777777777 0.8062015503875969 0.36666666666666664 0.8062015503875969 0.3611111111111111 0.7984496124031008 0.35555555555555557 0.7984496124031008 0.34444444444444444
19 0.9689922480620154 0.2833333333333333 0.9844961240310077 0.2833333333333333 0.9844961240310077 0.28888888888888886 0.9922480620155039 0.29444444444444445 0.9922480620155039 0.3 0.9844961240310077 0.3055555555555556 0.9844961240310077 0.37222222222222223 0.9922480620155039 0.37777777777777777 0.9922480620155039 0.38333333333333336 0.9689922480620154 0.38333333333333336 0.9534883720930233 0.37222222222222223 0.937984496124031 0.38333333333333336 0.9302325581395349 0.38333333333333336 0.9147286821705426 0.37222222222222223 0.9147286821705426 0.3611111111111111 0.9069767441860465 0.35555555555555557 0.8992248062015504 0.35555555555555557 0.8992248062015504 0.34444444444444444 0.9147286821705426 0.3333333333333333 0.9147286821705426 0.32222222222222224 0.9224806201550387 0.31666666666666665 0.9302325581395349 0.31666666666666665 0.9689922480620154 0.28888888888888886
19 0.4496124031007752 0.24444444444444444 0.5038759689922481 0.24444444444444444 0.5116279069767442 0.25 0.5271317829457365 0.25 0.5426356589147286 0.2611111111111111 0.5581395348837209 0.2611111111111111 0.5658914728682171 0.26666666666666666 0.5736434108527132 0.26666666666666666 0.5891472868217055 0.2777777777777778 0.6046511627906976 0.2777777777777778 0.6124031007751938 0.2833333333333333 0.6201550387596899 0.2833333333333333 0.6356589147286822 0.29444444444444445 0.627906976744186 0.29444444444444445 0.6201550387596899 0.3 0.6201550387596899 0.3333333333333333 0.6046511627906976 0.34444444444444444 0.6046511627906976 0.3611111111111111 0.6124031007751938 0.36666666666666664 0.6046511627906976 0.37222222222222223 0.6046511627906976 0.38333333333333336 0.6124031007751938 0.3888888888888889 0.6124031007751938 0.39444444444444443 0.6046511627906976 0.39444444444444443 0.5968992248062015 0.3888888888888889 0.5891472868217055 0.39444444444444443 0.5891472868217055 0.4 0.5813953488372093 0.40555555555555556 0.5736434108527132 0.40555555555555556 0.5658914728682171 0.4111111111111111 0.5581395348837209 0.4111111111111111 0.5426356589147286 0.4222222222222222 0.5271317829457365 0.4222222222222222 0.5271317829457365 0.4111111111111111 0.5116279069767442 0.4 0.5038759689922481 0.4 0.49612403100775193 0.40555555555555556 0.4883720930232558 0.40555555555555556 0.4806201550387597 0.4111111111111111 0.46511627906976744 0.4111111111111111 0.4496124031007752 0.4 0.4418604651162791 0.40555555555555556 0.4418604651162791 0.4166666666666667 0.4496124031007752 0.4222222222222222 0.46511627906976744 0.4222222222222222 0.4573643410852713 0.42777777777777776 0.4573643410852713 0.43333333333333335 0.4496124031007752 0.4388888888888889 0.4496124031007752 0.4444444444444444 0.4263565891472868 0.4444444444444444 0.4186046511627907 0.45 0.40310077519379844 0.45 0.3953488372093023 0.4444444444444444 0.3798449612403101 0.4444444444444444 0.35658914728682173 0.42777777777777776 0.35658914728682173 0.4166666666666667 0.3643410852713178 0.4111111111111111 0.3643410852713178 0.4 0.37209302325581395 0.39444444444444443 0.37209302325581395 0.38333333333333336 0.3798449612403101 0.37777777777777777 0.3798449612403101 0.37222222222222223 0.3875968992248062 0.36666666666666664 0.3875968992248062 0.3611111111111111 0.3953488372093023 0.35555555555555557 0.3953488372093023 0.35 0.40310077519379844 0.34444444444444444 0.40310077519379844 0.3333333333333333 0.4108527131782946 0.3277777777777778 0.4108527131782946 0.31666666666666665 0.4186046511627907 0.3111111111111111 0.4186046511627907 0.3 0.4263565891472868 0.29444444444444445 0.4263565891472868 0.28888888888888886 0.43410852713178294 0.2833333333333333 0.43410852713178294 0.2722222222222222 0.4418604651162791 0.26666666666666666 0.4418604651162791 0.25555555555555554 0.4496124031007752 0.25
19 0.20930232558139536 0.5777777777777777 0.20930232558139536 0.5833333333333334 0.2248062015503876 0.5944444444444444 0.2248062015503876 0.6055555555555555 0.2558139534883721 0.6277777777777778 0.26356589147286824 0.6277777777777778 0.2713178294573643 0.6333333333333333 0.2868217054263566 0.6333333333333333 0.2868217054263566 0.6444444444444445 0.27906976744186046 0.65 0.2558139534883721 0.65 0.24806201550387597 0.6555555555555556 0.24031007751937986 0.65 0.23255813953488372 0.6555555555555556 0.23255813953488372 0.6611111111111111 0.20930232558139536 0.6777777777777778 0.1937984496124031 0.6777777777777778 0.18604651162790697 0.6833333333333333 0.17829457364341086 0.6833333333333333 0.17054263565891473 0.6777777777777778 0.16279069767441862 0.6833333333333333 0.15503875968992248 0.6777777777777778 0.15503875968992248 0.6333333333333333 0.13178294573643412 0.6166666666666667 0.12403100775193798 0.6166666666666667 0.11627906976744186 0.6111111111111112 0.10852713178294573 0.6166666666666667 0.11627906976744186 0.6111111111111112 0.10852713178294573 0.6055555555555555 0.12403100775193798 0.6166666666666667 0.13178294573643412 0.6111111111111112 0.13178294573643412 0.5944444444444444 0.13953488372093023 0.5888888888888889 0.15503875968992248 0.5888888888888889 0.16279069767441862 0.5944444444444444 0.17054263565891473 0.5888888888888889 0.18604651162790697 0.5888888888888889 0.1937984496124031 0.5833333333333334 0.20155038759689922 0.5833333333333334
19 0.9147286821705426 0.6166666666666667 0.937984496124031 0.6166666666666667 0.9457364341085271 0.6222222222222222 0.9457364341085271 0.6277777777777778 0.9534883720930233 0.6333333333333333 0.9612403100775194 0.6333333333333333 0.9612403100775194 0.6388888888888888 0.9767441860465116 0.65 0.9767441860465116 0.6611111111111111 0.9844961240310077 0.6666666666666666 0.9844961240310077 0.6777777777777778 0.9922480620155039 0.6833333333333333 0.9922480620155039 0.7388888888888889 0.9844961240310077 0.7444444444444445 0.9844961240310077 0.8 0.9922480620155039 0.8055555555555556 0.9922480620155039 0.8388888888888889 0.9844961240310077 0.8444444444444444 0.9844961240310077 0.8666666666666667 0.9922480620155039 0.8722222222222222 0.9922480620155039 0.8944444444444445 0.9612403100775194 0.8944444444444445 0.937984496124031 0.8777777777777778 0.9224806201550387 0.8777777777777778 0.8604651162790697 0.8333333333333334 0.8604651162790697 0.8277777777777777 0.8449612403100775 0.8166666666666667 0.8449612403100775 0.8055555555555556 0.8527131782945736 0.8 0.8527131782945736 0.7888888888888889 0.8604651162790697 0.7888888888888889 0.8682170542635659 0.7833333333333333 0.8682170542635659 0.7888888888888889 0.875968992248062 0.7944444444444444 0.8837209302325582 0.7888888888888889 0.8837209302325582 0.7833333333333333 0.8914728682170543 0.7777777777777778 0.8837209302325582 0.7722222222222223 0.8914728682170543 0.7666666666666667 0.8837209302325582 0.7611111111111111 0.8914728682170543 0.7555555555555555 0.8914728682170543 0.7388888888888889 0.8992248062015504 0.7333333333333333 0.8992248062015504 0.7277777777777777 0.8914728682170543 0.7222222222222222 0.9069767441860465 0.7111111111111111 0.9069767441860465 0.6833333333333333 0.9147286821705426 0.6777777777777778 0.9147286821705426 0.6666666666666666 0.9069767441860465 0.6611111111111111 0.9069767441860465 0.6277777777777778 0.9147286821705426 0.6222222222222222
19 0.9534883720930233 0.31666666666666665 0.9612403100775194 0.31666666666666665 0.9689922480620154 0.3111111111111111 0.9767441860465116 0.3111111111111111 0.9767441860465116 0.31666666666666665 0.9689922480620154 0.32222222222222224 0.9689922480620154 0.35 0.9767441860465116 0.35555555555555557 0.9844961240310077 0.35 0.9844961240310077 0.37777777777777777 0.9922480620155039 0.38333333333333336 0.9922480620155039 0.3888888888888889 0.9844961240310077 0.39444444444444443 0.9844961240310077 0.4166666666666667 0.9612403100775194 0.4166666666666667 0.9457364341085271 0.42777777777777776 0.9457364341085271 0.4666666666666667 0.9534883720930233 0.4722222222222222 0.9534883720930233 0.4777777777777778 0.9844961240310077 0.5 0.9844961240310077 0.5277777777777778 0.9767441860465116 0.5222222222222223 0.9689922480620154 0.5222222222222223 0.9534883720930233 0.5111111111111111 0.9224806201550387 0.5111111111111111 0.9147286821705426 0.5166666666666667 0.9069767441860465 0.5166666666666667 0.8914728682170543 0.5277777777777778 0.8914728682170543 0.5111111111111111 0.8837209302325582 0.5055555555555555 0.8837209302325582 0.49444444444444446 0.8682170542635659 0.48333333333333334 0.8682170542635659 0.4777777777777778 0.8372093023255814 0.45555555555555555 0.8294573643410853 0.45555555555555555 0.8294573643410853 0.4444444444444444 0.8217054263565892 0.4388888888888889 0.8217054263565892 0.42777777777777776 0.8294573643410853 0.4222222222222222 0.8294573643410853 0.38333333333333336 0.8217054263565892 0.37777777777777777 0.8217054263565892 0.37222222222222223 0.8062015503875969 0.3611111111111111 0.8062015503875969 0.35555555555555557 0.7984496124031008 0.35 0.7984496124031008 0.34444444444444444 0.8062015503875969 0.34444444444444444 0.813953488372093 0.3388888888888889 0.8372093023255814 0.35555555555555557 0.8604651162790697 0.35555555555555557 0.8682170542635659 0.3611111111111111 0.8914728682170543 0.3611111111111111 0.8992248062015504 0.35555555555555557 0.9069767441860465 0.35555555555555557 0.9147286821705426 0.35 0.9147286821705426 0.34444444444444444 0.9224806201550387 0.3388888888888889 0.9302325581395349 0.3388888888888889 0.937984496124031 0.3333333333333333 0.937984496124031 0.3277777777777778 0.9457364341085271 0.3277777777777778 0.9534883720930233 0.32222222222222224
19 0.20155038759689922 0.3111111111111111 0.24806201550387597 0.3111111111111111 0.2558139534883721 0.3055555555555556 0.27906976744186046 0.3055555555555556 0.2868217054263566 0.3 0.34108527131782945 0.3 0.34108527131782945 0.3611111111111111 0.3488372093023256 0.36666666666666664 0.34108527131782945 0.37222222222222223 0.35658914728682173 0.38333333333333336 0.35658914728682173 0.3888888888888889 0.3488372093023256 0.39444444444444443 0.3488372093023256 0.40555555555555556 0.32558139534883723 0.4222222222222222 0.32558139534883723 0.42777777777777776 0.31007751937984496 0.4166666666666667 0.29457364341085274 0.4166666666666667 0.2868217054263566 0.4222222222222222 0.24031007751937986 0.4222222222222222 0.23255813953488372 0.4166666666666667 0.21705426356589147 0.4166666666666667 0.20155038759689922 0.40555555555555556 0.18604651162790697 0.40555555555555556 0.18604651162790697 0.38333333333333336 0.17054263565891473 0.37222222222222223 0.17054263565891473 0.36666666666666664 0.17829457364341086 0.3611111111111111 0.17829457364341086 0.3388888888888889 0.1937984496124031 0.3277777777777778 0.1937984496124031 0.32222222222222224 0.20155038759689922 0.31666666666666665
19 0.10077519379844961 0.7944444444444444 0.10852713178294573 0.8 0.11627906976744186 0.8 0.11627906976744186 0.8055555555555556 0.13953488372093023 0.8222222222222222 0.14728682170542637 0.8166666666666667 0.14728682170542637 0.8111111111111111 0.16279069767441862 0.8111111111111111 0.17054263565891473 0.8055555555555556 0.17829457364341086 0.8111111111111111 0.18604651162790697 0.8055555555555556 0.1937984496124031 0.8111111111111111 0.1937984496124031 0.8166666666666667 0.18604651162790697 0.8222222222222222 0.1937984496124031 0.8277777777777777 0.17829457364341086 0.8388888888888889 0.17829457364341086 0.8444444444444444 0.17054263565891473 0.85 0.17054263565891473 0.8666666666666667 0.17829457364341086 0.8722222222222222 0.18604651162790697 0.8722222222222222 0.20155038759689922 0.8833333333333333 0.21705426356589147 0.8833333333333333 0.2248062015503876 0.8888888888888888 0.2558139534883721 0.8888888888888888 0.2713178294573643 0.8777777777777778 0.2713178294573643 0.8666666666666667 0.27906976744186046 0.8666666666666667 0.2868217054263566 0.8611111111111112 0.29457364341085274 0.8611111111111112 0.3178294573643411 0.8444444444444444 0.32558139534883723 0.8444444444444444 0.3333333333333333 0.8388888888888889 0.34108527131782945 0.8444444444444444 0.3643410852713178 0.8444444444444444 0.37209302325581395 0.85 0.3875968992248062 0.85 0.3953488372093023 0.8555555555555555 0.3953488372093023 0.8722222222222222 0.3875968992248062 0.8777777777777778 0.3875968992248062 0.8833333333333333 0.37209302325581395 0.8944444444444445 0.37209302325581395 0.9277777777777778 0.32558139534883723 0.9277777777777778 0.32558139534883723 0.9166666666666666 0.31007751937984496 0.9055555555555556 0.3023255813953488 0.9111111111111111 0.3023255813953488 0.9277777777777778 0.2713178294573643 0.9277777777777778 0.26356589147286824 0.9222222222222223 0.23255813953488372 0.9222222222222223 0.2248062015503876 0.9277777777777778 0.13953488372093023 0.9277777777777778 0.13178294573643412 0.9222222222222223 0.12403100775193798 0.9222222222222223 0.12403100775193798 0.9111111111111111 0.13178294573643412 0.9111111111111111 0.13953488372093023 0.9166666666666666 0.15503875968992248 0.9055555555555556 0.15503875968992248 0.8888888888888888 0.14728682170542637 0.8833333333333333 0.14728682170542637 0.8777777777777778 0.13953488372093023 0.8722222222222222 0.13178294573643412 0.8777777777777778 0.12403100775193798 0.8777777777777778 0.11627906976744186 0.8722222222222222 0.10077519379844961 0.8722222222222222 0.09302325581395349 0.8777777777777778 0.08527131782945736 0.8777777777777778 0.06976744186046512 0.8888888888888888 0.06201550387596899 0.8833333333333333 0.046511627906976744 0.8944444444444445 0.08527131782945736 0.9222222222222223 0.09302325581395349 0.9166666666666666 0.09302325581395349 0.9055555555555556 0.10077519379844961 0.9111111111111111 0.10852713178294573 0.9111111111111111 0.10852713178294573 0.9277777777777778 0.07751937984496124 0.9277777777777778 0.06976744186046512 0.9222222222222223 0.06201550387596899 0.9222222222222223 0.05426356589147287 0.9277777777777778 0.007751937984496124 0.9277777777777778 0 0.9222222222222223 0.007751937984496124 0.9222222222222223 0.015503875968992248 0.9166666666666666 0.015503875968992248 0.8944444444444445 0.007751937984496124 0.8888888888888888 0.007751937984496124 0.8833333333333333 0.015503875968992248 0.8777777777777778 0.015503875968992248 0.8722222222222222 0.023255813953488372 0.8777777777777778 0.031007751937984496 0.8722222222222222 0.031007751937984496 0.8666666666666667 0.046511627906976744 0.8555555555555555 0.05426356589147287 0.8555555555555555 0.07751937984496124 0.8388888888888889 0.07751937984496124 0.8333333333333334 0.08527131782945736 0.8388888888888889 0.10077519379844961 0.8277777777777777 0.08527131782945736 0.8166666666666667 0.08527131782945736 0.8111111111111111 0.09302325581395349 0.8055555555555556 0.09302325581395349 0.8
19 0.6511627906976745 0.2111111111111111 0.6434108527131783 0.21666666666666667 0.6589147286821705 0.22777777777777777 0.6744186046511628 0.21666666666666667 0.6744186046511628 0.2111111111111111 0.7054263565891473 0.2111111111111111 0.7131782945736435 0.21666666666666667 0.7364341085271318 0.21666666666666667 0.7596899224806202 0.23333333333333334 0.7596899224806202 0.2388888888888889 0.7674418604651163 0.24444444444444444 0.7674418604651163 0.25 0.7596899224806202 0.25555555555555554 0.7596899224806202 0.26666666666666666 0.751937984496124 0.2722222222222222 0.751937984496124 0.2777777777777778 0.7441860465116279 0.2833333333333333 0.7441860465116279 0.28888888888888886 0.7286821705426356 0.3 0.7054263565891473 0.3 0.7054263565891473 0.28888888888888886 0.7131782945736435 0.2833333333333333 0.7131782945736435 0.2777777777777778 0.7209302325581395 0.2722222222222222 0.7209302325581395 0.26666666666666666 0.7131782945736435 0.2611111111111111 0.7131782945736435 0.25555555555555554 0.689922480620155 0.2388888888888889 0.6821705426356589 0.2388888888888889 0.6744186046511628 0.23333333333333334 0.6589147286821705 0.23333333333333334 0.6511627906976745 0.2388888888888889 0.6511627906976745 0.24444444444444444 0.6511627906976745 0.2388888888888889 0.6434108527131783 0.23333333333333334 0.6356589147286822 0.2388888888888889 0.6356589147286822 0.25555555555555554 0.627906976744186 0.25 0.627906976744186 0.24444444444444444 0.6356589147286822 0.2388888888888889 0.6356589147286822 0.21666666666666667 0.6434108527131783 0.21666666666666667
19 0.09302325581395349 0.3 0.10077519379844961 0.3055555555555556 0.13178294573643412 0.3055555555555556 0.13953488372093023 0.3 0.14728682170542637 0.3055555555555556 0.15503875968992248 0.3055555555555556 0.16279069767441862 0.3111111111111111 0.24031007751937986 0.3111111111111111 0.24806201550387597 0.3055555555555556 0.27906976744186046 0.3055555555555556 0.2868217054263566 0.3 0.3333333333333333 0.3 0.3333333333333333 0.3055555555555556 0.34108527131782945 0.3111111111111111 0.34108527131782945 0.36666666666666664 0.3333333333333333 0.37222222222222223 0.3333333333333333 0.3888888888888889 0.34108527131782945 0.39444444444444443 0.34108527131782945 0.4 0.32558139534883723 0.4 0.3178294573643411 0.40555555555555556 0.3178294573643411 0.4111111111111111 0.31007751937984496 0.4166666666666667 0.3023255813953488 0.4111111111111111 0.29457364341085274 0.4166666666666667 0.26356589147286824 0.4166666666666667 0.2558139534883721 0.4222222222222222 0.23255813953488372 0.4222222222222222 0.2248062015503876 0.4166666666666667 0.21705426356589147 0.4222222222222222 0.20930232558139536 0.4166666666666667 0.1937984496124031 0.4166666666666667 0.18604651162790697 0.4111111111111111 0.17054263565891473 0.4111111111111111 0.16279069767441862 0.4166666666666667 0.15503875968992248 0.4166666666666667 0.14728682170542637 0.4222222222222222 0.13953488372093023 0.4166666666666667 0.13178294573643412 0.4166666666666667 0.12403100775193798 0.4111111111111111 0.06976744186046512 0.4111111111111111 0.06201550387596899 0.40555555555555556 0.031007751937984496 0.40555555555555556 0.023255813953488372 0.4 0.023255813953488372 0.34444444444444444 0.03875968992248062 0.3333333333333333 0.03875968992248062 0.3277777777777778 0.046511627906976744 0.3277777777777778 0.06201550387596899 0.31666666666666665 0.06976744186046512 0.31666666666666665 0.07751937984496124 0.3111111111111111 0.07751937984496124 0.3055555555555556 0.08527131782945736 0.3055555555555556
19 0.09302325581395349 0.3 0.10077519379844961 0.3055555555555556 0.13178294573643412 0.3055555555555556 0.13953488372093023 0.3 0.14728682170542637 0.3055555555555556 0.15503875968992248 0.3055555555555556 0.16279069767441862 0.3111111111111111 0.1937984496124031 0.3111111111111111 0.20155038759689922 0.31666666666666665 0.20155038759689922 0.32222222222222224 0.1937984496124031 0.3277777777777778 0.1937984496124031 0.3333333333333333 0.18604651162790697 0.3388888888888889 0.1937984496124031 0.34444444444444444 0.1937984496124031 0.35 0.18604651162790697 0.35555555555555557 0.1937984496124031 0.3611111111111111 0.1937984496124031 0.36666666666666664 0.18604651162790697 0.37222222222222223 0.1937984496124031 0.37777777777777777 0.20155038759689922 0.37777777777777777 0.20155038759689922 0.3888888888888889 0.20930232558139536 0.39444444444444443 0.20930232558139536 0.4 0.20155038759689922 0.40555555555555556 0.20155038759689922 0.4111111111111111 0.20930232558139536 0.4166666666666667 0.20155038759689922 0.4111111111111111 0.16279069767441862 0.4111111111111111 0.15503875968992248 0.4166666666666667 0.13953488372093023 0.4166666666666667 0.13178294573643412 0.4111111111111111 0.10852713178294573 0.4111111111111111 0.10077519379844961 0.40555555555555556 0.09302325581395349 0.40555555555555556 0.08527131782945736 0.4111111111111111 0.07751937984496124 0.4111111111111111 0.06976744186046512 0.40555555555555556 0.031007751937984496 0.40555555555555556 0.023255813953488372 0.4 0.023255813953488372 0.35 0.03875968992248062 0.3388888888888889 0.03875968992248062 0.3277777777777778 0.046511627906976744 0.3277777777777778 0.05426356589147287 0.32222222222222224 0.06201550387596899 0.32222222222222224 0.08527131782945736 0.3055555555555556
19 0.8062015503875969 0.35 0.8217054263565892 0.35 0.8294573643410853 0.35555555555555557 0.8527131782945736 0.35555555555555557 0.8604651162790697 0.3611111111111111 0.875968992248062 0.3611111111111111 0.8837209302325582 0.36666666666666664 0.8914728682170543 0.36666666666666664 0.8992248062015504 0.3611111111111111 0.9069767441860465 0.36666666666666664 0.9147286821705426 0.36666666666666664 0.9224806201550387 0.3611111111111111 0.937984496124031 0.3611111111111111 0.9457364341085271 0.36666666666666664 0.9612403100775194 0.36666666666666664 0.9689922480620154 0.3611111111111111 0.9844961240310077 0.37222222222222223 0.9844961240310077 0.38333333333333336 0.9922480620155039 0.3888888888888889 0.9922480620155039 0.39444444444444443 0.9844961240310077 0.4 0.9844961240310077 0.4166666666666667 0.9689922480620154 0.4166666666666667 0.9457364341085271 0.43333333333333335 0.9457364341085271 0.46111111111111114 0.9534883720930233 0.4666666666666667 0.9534883720930233 0.4777777777777778 0.9767441860465116 0.49444444444444446 0.9844961240310077 0.49444444444444446 0.9844961240310077 0.5111111111111111 0.9922480620155039 0.5166666666666667 0.9922480620155039 0.5888888888888889 0.9844961240310077 0.5944444444444444 0.9844961240310077 0.6444444444444445 0.9612403100775194 0.6277777777777778 0.9612403100775194 0.6222222222222222 0.9534883720930233 0.6166666666666667 0.9457364341085271 0.6166666666666667 0.937984496124031 0.6111111111111112 0.9224806201550387 0.6111111111111112 0.8682170542635659 0.5722222222222222 0.8682170542635659 0.5666666666666667 0.8604651162790697 0.5611111111111111 0.8604651162790697 0.5555555555555556 0.8837209302325582 0.5388888888888889 0.8837209302325582 0.5333333333333333 0.8914728682170543 0.5277777777777778 0.8914728682170543 0.5111111111111111 0.875968992248062 0.5 0.875968992248062 0.4888888888888889 0.8527131782945736 0.4722222222222222 0.8372093023255814 0.4722222222222222 0.8449612403100775 0.4666666666666667 0.8449612403100775 0.46111111111111114 0.8372093023255814 0.45555555555555555 0.8294573643410853 0.45555555555555555 0.8294573643410853 0.45 0.8217054263565892 0.4444444444444444 0.8217054263565892 0.4222222222222222 0.8294573643410853 0.4166666666666667 0.8294573643410853 0.37777777777777777 0.8062015503875969 0.3611111111111111 0.8062015503875969 0.35555555555555557
19 0.7131782945736435 0.4166666666666667 0.7441860465116279 0.4388888888888889 0.7674418604651163 0.4388888888888889 0.7674418604651163 0.4444444444444444 0.7596899224806202 0.45 0.7596899224806202 0.5 0.7674418604651163 0.5055555555555555 0.7674418604651163 0.5111111111111111 0.7751937984496124 0.5166666666666667 0.7751937984496124 0.5277777777777778 0.7829457364341085 0.5333333333333333 0.7829457364341085 0.5388888888888889 0.7906976744186046 0.5444444444444444 0.7906976744186046 0.5666666666666667 0.7829457364341085 0.5666666666666667 0.7751937984496124 0.5611111111111111 0.7674418604651163 0.5611111111111111 0.7596899224806202 0.5555555555555556 0.751937984496124 0.5555555555555556 0.7441860465116279 0.55 0.7364341085271318 0.55 0.7286821705426356 0.5444444444444444 0.7209302325581395 0.5444444444444444 0.7131782945736435 0.5388888888888889 0.6976744186046512 0.5388888888888889 0.6744186046511628 0.5222222222222223 0.6589147286821705 0.5222222222222223 0.6511627906976745 0.5166666666666667 0.6356589147286822 0.5166666666666667 0.6201550387596899 0.5055555555555555 0.6201550387596899 0.5 0.627906976744186 0.49444444444444446 0.627906976744186 0.4888888888888889 0.6356589147286822 0.48333333333333334 0.6356589147286822 0.4722222222222222 0.6511627906976745 0.46111111111111114 0.6511627906976745 0.45 0.6589147286821705 0.4444444444444444 0.6589147286821705 0.4388888888888889 0.6666666666666666 0.43333333333333335 0.6744186046511628 0.43333333333333335 0.6821705426356589 0.42777777777777776 0.6666666666666666 0.4166666666666667 0.6666666666666666 0.4111111111111111 0.6744186046511628 0.40555555555555556 0.6976744186046512 0.40555555555555556 0.6976744186046512 0.4111111111111111 0.7054263565891473 0.4166666666666667
19 0.06201550387596899 0 0.17829457364341086 0 0.18604651162790697 0.005555555555555556 0.1937984496124031 0 0.20930232558139536 0 0.20930232558139536 0.016666666666666666 0.1937984496124031 0.027777777777777776 0.16279069767441862 0.027777777777777776 0.14728682170542637 0.016666666666666666 0.13178294573643412 0.016666666666666666 0.12403100775193798 0.011111111111111112 0.06976744186046512 0.011111111111111112 0.06201550387596899 0.005555555555555556
19 0.3333333333333333 0.28888888888888886 0.35658914728682173 0.28888888888888886 0.3643410852713178 0.29444444444444445 0.37209302325581395 0.28888888888888886 0.3643410852713178 0.29444444444444445 0.37209302325581395 0.3 0.3798449612403101 0.3 0.3875968992248062 0.3055555555555556 0.3953488372093023 0.3 0.40310077519379844 0.3055555555555556 0.3953488372093023 0.3055555555555556 0.3875968992248062 0.3111111111111111 0.3875968992248062 0.31666666666666665 0.3798449612403101 0.32222222222222224 0.3798449612403101 0.3277777777777778 0.37209302325581395 0.3333333333333333 0.3643410852713178 0.3333333333333333 0.35658914728682173 0.3388888888888889 0.3643410852713178 0.34444444444444444 0.37209302325581395 0.34444444444444444 0.3643410852713178 0.35 0.37209302325581395 0.35555555555555557 0.37209302325581395 0.3611111111111111 0.35658914728682173 0.3611111111111111 0.34108527131782945 0.37222222222222223 0.3488372093023256 0.37777777777777777 0.3488372093023256 0.39444444444444443 0.34108527131782945 0.4 0.3333333333333333 0.4 0.32558139534883723 0.39444444444444443 0.31007751937984496 0.40555555555555556 0.31007751937984496 0.4166666666666667 0.31007751937984496 0.40555555555555556 0.32558139534883723 0.39444444444444443 0.32558139534883723 0.38333333333333336 0.3178294573643411 0.37777777777777777 0.3178294573643411 0.37222222222222223 0.31007751937984496 0.36666666666666664 0.31007751937984496 0.35 0.3023255813953488 0.34444444444444444 0.29457364341085274 0.34444444444444444 0.2868217054263566 0.3388888888888889 0.27906976744186046 0.3388888888888889 0.27906976744186046 0.3333333333333333 0.2713178294573643 0.3277777777777778 0.26356589147286824 0.3333333333333333 0.26356589147286824 0.3277777777777778 0.2558139534883721 0.32222222222222224 0.24806201550387597 0.32222222222222224 0.24031007751937986 0.3277777777777778 0.24031007751937986 0.3333333333333333 0.24806201550387597 0.3388888888888889 0.24806201550387597 0.34444444444444444 0.24806201550387597 0.3388888888888889 0.24031007751937986 0.3333333333333333 0.23255813953488372 0.3333333333333333 0.21705426356589147 0.34444444444444444 0.21705426356589147 0.35 0.20930232558139536 0.35555555555555557 0.20930232558139536 0.37777777777777777 0.21705426356589147 0.38333333333333336 0.21705426356589147 0.3888888888888889 0.2248062015503876 0.39444444444444443 0.23255813953488372 0.39444444444444443 0.24031007751937986 0.4 0.24806201550387597 0.4 0.24806201550387597 0.40555555555555556 0.2558139534883721 0.4111111111111111 0.2558139534883721 0.4222222222222222 0.24031007751937986 0.4222222222222222 0.23255813953488372 0.42777777777777776 0.23255813953488372 0.43333333333333335 0.24031007751937986 0.4388888888888889 0.24031007751937986 0.45555555555555555 0.24806201550387597 0.46111111111111114 0.2558139534883721 0.45555555555555555 0.26356589147286824 0.46111111111111114 0.2713178294573643 0.45555555555555555 0.27906976744186046 0.46111111111111114 0.2713178294573643 0.4666666666666667 0.26356589147286824 0.46111111111111114 0.2558139534883721 0.4666666666666667 0.2558139534883721 0.4722222222222222 0.26356589147286824 0.4777777777777778 0.2558139534883721 0.48333333333333334 0.2558139534883721 0.4888888888888889 0.24806201550387597 0.4888888888888889 0.24031007751937986 0.48333333333333334 0.21705426356589147 0.48333333333333334 0.20930232558139536 0.4777777777777778 0.20155038759689922 0.48333333333333334 0.20155038759689922 0.4888888888888889 0.1937984496124031 0.49444444444444446 0.18604651162790697 0.49444444444444446 0.17829457364341086 0.5 0.17829457364341086 0.5055555555555555 0.17054263565891473 0.5111111111111111 0.17054263565891473 0.5166666666666667 0.17829457364341086 0.5222222222222223 0.17829457364341086 0.5333333333333333 0.1937984496124031 0.5444444444444444 0.1937984496124031 0.55 0.20155038759689922 0.5555555555555556 0.20155038759689922 0.5611111111111111 0.1937984496124031 0.5666666666666667 0.1937984496124031 0.5611111111111111 0.18604651162790697 0.5555555555555556 0.17829457364341086 0.5611111111111111 0.17829457364341086 0.5722222222222222 0.17054263565891473 0.5722222222222222 0.14728682170542637 0.5555555555555556 0.14728682170542637 0.5388888888888889 0.13953488372093023 0.5333333333333333 0.13953488372093023 0.5277777777777778 0.13178294573643412 0.5222222222222223 0.13178294573643412 0.5166666666666667 0.12403100775193798 0.5111111111111111 0.12403100775193798 0.5055555555555555 0.11627906976744186 0.5 0.11627906976744186 0.49444444444444446 0.10852713178294573 0.4888888888888889 0.10852713178294573 0.4722222222222222 0.10077519379844961 0.4666666666666667 0.10077519379844961 0.46111111111111114 0.09302325581395349 0.45555555555555555 0.09302325581395349 0.4388888888888889 0.08527131782945736 0.43333333333333335 0.08527131782945736 0.42777777777777776 0.07751937984496124 0.4222222222222222 0.07751937984496124 0.4111111111111111 0.06201550387596899 0.4 0.05426356589147287 0.40555555555555556 0.03875968992248062 0.40555555555555556 0.031007751937984496 0.4 0.031007751937984496 0.37777777777777777 0.03875968992248062 0.37222222222222223 0.03875968992248062 0.36666666666666664 0.03875968992248062 0.38333333333333336 0.07751937984496124 0.4111111111111111 0.07751937984496124 0.4166666666666667 0.08527131782945736 0.4222222222222222 0.09302325581395349 0.4222222222222222 0.10077519379844961 0.4166666666666667 0.10077519379844961 0.4111111111111111 0.10852713178294573 0.4111111111111111 0.12403100775193798 0.4 0.13178294573643412 0.4 0.14728682170542637 0.3888888888888889 0.14728682170542637 0.38333333333333336 0.15503875968992248 0.37777777777777777 0.15503875968992248 0.35555555555555557 0.14728682170542637 0.35 0.13953488372093023 0.35 0.13178294573643412 0.34444444444444444 0.13178294573643412 0.3388888888888889 0.12403100775193798 0.3333333333333333 0.12403100775193798 0.31666666666666665 0.13953488372093023 0.3055555555555556 0.14728682170542637 0.3111111111111111 0.16279069767441862 0.3111111111111111 0.17054263565891473 0.31666666666666665 0.17829457364341086 0.31666666666666665 0.18604651162790697 0.3111111111111111 0.24806201550387597 0.3111111111111111 0.2558139534883721 0.3055555555555556 0.26356589147286824 0.3055555555555556 0.2713178294573643 0.3 0.27906976744186046 0.3055555555555556 0.2868217054263566 0.3 0.3023255813953488 0.3 0.31007751937984496 0.29444444444444445 0.3178294573643411 0.3 0.3178294573643411 0.3055555555555556 0.32558139534883723 0.3111111111111111 0.3333333333333333 0.3055555555555556 0.3333333333333333 0.29444444444444445
19 0 0.6 0.007751937984496124 0.6 0.031007751937984496 0.6166666666666667 0.07751937984496124 0.6166666666666667 0.07751937984496124 0.6277777777777778 0.06976744186046512 0.6333333333333333 0.06976744186046512 0.65 0.06201550387596899 0.6555555555555556 0.06976744186046512 0.6611111111111111 0.06976744186046512 0.6666666666666666 0.07751937984496124 0.6722222222222223 0.09302325581395349 0.6722222222222223 0.11627906976744186 0.6888888888888889 0.11627906976744186 0.7 0.10852713178294573 0.7055555555555556 0.10852713178294573 0.7111111111111111 0.09302325581395349 0.7222222222222222 0.09302325581395349 0.7277777777777777 0.08527131782945736 0.7333333333333333 0.07751937984496124 0.7333333333333333 0.06976744186046512 0.7388888888888889 0.05426356589147287 0.7388888888888889 0.046511627906976744 0.7444444444444445 0.046511627906976744 0.75 0.03875968992248062 0.75 0.031007751937984496 0.7555555555555555 0.023255813953488372 0.7555555555555555 0.007751937984496124 0.7666666666666667 0.007751937984496124 0.7722222222222223 0 0.7777777777777778 0 0.6055555555555555
19 0.32558139534883723 0.2222222222222222 0.3333333333333333 0.22777777777777777 0.3333333333333333 0.23333333333333334 0.34108527131782945 0.2388888888888889 0.3333333333333333 0.24444444444444444 0.3333333333333333 0.25 0.32558139534883723 0.25555555555555554 0.32558139534883723 0.2611111111111111 0.31007751937984496 0.2611111111111111 0.29457364341085274 0.2722222222222222 0.29457364341085274 0.2777777777777778 0.2868217054263566 0.2833333333333333 0.2868217054263566 0.2777777777777778 0.29457364341085274 0.2722222222222222 0.29457364341085274 0.2611111111111111 0.3023255813953488 0.25555555555555554 0.2868217054263566 0.24444444444444444 0.27906976744186046 0.24444444444444444 0.2713178294573643 0.25 0.2713178294573643 0.25555555555555554 0.26356589147286824 0.2611111111111111 0.26356589147286824 0.26666666666666666 0.2558139534883721 0.2722222222222222 0.2558139534883721 0.2833333333333333 0.24806201550387597 0.28888888888888886 0.24031007751937986 0.28888888888888886 0.2248062015503876 0.3 0.17829457364341086 0.3 0.17054263565891473 0.29444444444444445 0.17054263565891473 0.28888888888888886 0.16279069767441862 0.2833333333333333 0.16279069767441862 0.2611111111111111 0.17054263565891473 0.25555555555555554 0.17054263565891473 0.2388888888888889 0.17829457364341086 0.23333333333333334 0.17829457364341086 0.2222222222222222 0.18604651162790697 0.21666666666666667 0.18604651162790697 0.20555555555555555 0.1937984496124031 0.2 0.1937984496124031 0.18888888888888888 0.20155038759689922 0.18333333333333332 0.20155038759689922 0.17222222222222222 0.20930232558139536 0.16666666666666666 0.20930232558139536 0.16111111111111112 0.21705426356589147 0.15555555555555556 0.21705426356589147 0.14444444444444443 0.2248062015503876 0.1388888888888889 0.2248062015503876 0.13333333333333333 0.23255813953488372 0.12777777777777777 0.24031007751937986 0.12777777777777777 0.24031007751937986 0.15 0.23255813953488372 0.15555555555555556 0.23255813953488372 0.17777777777777778 0.24806201550387597 0.18888888888888888 0.24806201550387597 0.19444444444444445 0.2868217054263566 0.2222222222222222 0.3023255813953488 0.2222222222222222 0.31007751937984496 0.22777777777777777 0.3178294573643411 0.22777777777777777
19 0.8449612403100775 0.5722222222222222 0.8604651162790697 0.5722222222222222 0.8992248062015504 0.6 0.8992248062015504 0.6055555555555555 0.9147286821705426 0.6166666666666667 0.937984496124031 0.6166666666666667 0.9457364341085271 0.6222222222222222 0.9457364341085271 0.6277777777777778 0.9534883720930233 0.6333333333333333 0.9612403100775194 0.6333333333333333 0.9612403100775194 0.6388888888888888 0.9767441860465116 0.65 0.9767441860465116 0.6611111111111111 0.9844961240310077 0.6666666666666666 0.9844961240310077 0.8388888888888889 0.9767441860465116 0.8388888888888889 0.9689922480620154 0.8444444444444444 0.9689922480620154 0.85 0.9612403100775194 0.8555555555555555 0.9689922480620154 0.8611111111111112 0.9689922480620154 0.8666666666666667 0.9767441860465116 0.8722222222222222 0.9844961240310077 0.8722222222222222 0.9844961240310077 0.8777777777777778 0.9922480620155039 0.8833333333333333 0.9922480620155039 0.8888888888888888 0.9844961240310077 0.8944444444444445 0.9767441860465116 0.8944444444444445 0.9689922480620154 0.9 0.9612403100775194 0.9 0.9302325581395349 0.8777777777777778 0.9147286821705426 0.8777777777777778 0.8837209302325582 0.8555555555555555 0.8837209302325582 0.85 0.8604651162790697 0.8333333333333334 0.8527131782945736 0.8333333333333334 0.8449612403100775 0.8277777777777777 0.8449612403100775 0.8166666666666667 0.8372093023255814 0.8111111111111111 0.8372093023255814 0.7944444444444444 0.8294573643410853 0.7888888888888889 0.8217054263565892 0.7944444444444444 0.8217054263565892 0.7888888888888889 0.813953488372093 0.7833333333333333 0.8217054263565892 0.7888888888888889 0.8294573643410853 0.7833333333333333 0.8294573643410853 0.7722222222222223 0.8372093023255814 0.7666666666666667 0.8372093023255814 0.7444444444444445 0.8449612403100775 0.7388888888888889 0.8449612403100775 0.7277777777777777 0.8372093023255814 0.7222222222222222 0.8294573643410853 0.7277777777777777 0.8372093023255814 0.7222222222222222 0.8294573643410853 0.7166666666666667 0.8372093023255814 0.7111111111111111 0.8372093023255814 0.7055555555555556 0.8294573643410853 0.7 0.813953488372093 0.7 0.8217054263565892 0.6944444444444444 0.8062015503875969 0.6833333333333333 0.813953488372093 0.6777777777777778 0.813953488372093 0.6722222222222223 0.813953488372093 0.6777777777777778 0.8217054263565892 0.6833333333333333 0.8294573643410853 0.6777777777777778 0.8294573643410853 0.6722222222222223 0.8449612403100775 0.6722222222222223 0.8527131782945736 0.6666666666666666 0.8527131782945736 0.6611111111111111 0.8604651162790697 0.6555555555555556 0.8449612403100775 0.6444444444444445 0.8527131782945736 0.6388888888888888 0.8527131782945736 0.5944444444444444 0.8449612403100775 0.5888888888888889 0.8372093023255814 0.5888888888888889 0.8372093023255814 0.5833333333333334 0.8449612403100775 0.5777777777777777
19 0.3875968992248062 0.2388888888888889 0.3875968992248062 0.2611111111111111 0.4186046511627907 0.2833333333333333 0.4108527131782946 0.28888888888888886 0.4108527131782946 0.3055555555555556 0.40310077519379844 0.3111111111111111 0.40310077519379844 0.31666666666666665 0.3953488372093023 0.32222222222222224 0.3953488372093023 0.3388888888888889 0.3875968992248062 0.34444444444444444 0.3875968992248062 0.35 0.3798449612403101 0.35555555555555557 0.3798449612403101 0.36666666666666664 0.37209302325581395 0.37222222222222223 0.37209302325581395 0.37777777777777777 0.3643410852713178 0.38333333333333336 0.3643410852713178 0.37777777777777777 0.35658914728682173 0.37222222222222223 0.35658914728682173 0.36666666666666664 0.3488372093023256 0.3611111111111111 0.3488372093023256 0.3111111111111111 0.32558139534883723 0.29444444444444445 0.3178294573643411 0.29444444444444445 0.31007751937984496 0.28888888888888886 0.3023255813953488 0.29444444444444445 0.3023255813953488 0.28888888888888886 0.3178294573643411 0.2777777777777778 0.32558139534883723 0.2777777777777778 0.3333333333333333 0.2722222222222222 0.34108527131782945 0.2722222222222222 0.3488372093023256 0.26666666666666666 0.35658914728682173 0.2722222222222222 0.3798449612403101 0.2722222222222222 0.3875968992248062 0.26666666666666666 0.3875968992248062 0.24444444444444444
19 0.9534883720930233 0.38333333333333336 0.9534883720930233 0.3888888888888889 0.9612403100775194 0.39444444444444443 0.9689922480620154 0.39444444444444443 0.9767441860465116 0.3888888888888889 0.9922480620155039 0.3888888888888889 0.9922480620155039 0.4 0.9844961240310077 0.40555555555555556 0.9844961240310077 0.4166666666666667 0.9612403100775194 0.4166666666666667 0.9534883720930233 0.4222222222222222 0.9534883720930233 0.42777777777777776 0.9457364341085271 0.43333333333333335 0.9457364341085271 0.46111111111111114 0.9534883720930233 0.4666666666666667 0.9534883720930233 0.4777777777777778 0.9767441860465116 0.49444444444444446 0.9844961240310077 0.49444444444444446 0.9844961240310077 0.5111111111111111 0.9922480620155039 0.5166666666666667 0.9922480620155039 0.5888888888888889 0.9844961240310077 0.5944444444444444 0.9844961240310077 0.6166666666666667 0.9922480620155039 0.6222222222222222 0.9922480620155039 0.6333333333333333 0.9844961240310077 0.6388888888888888 0.9844961240310077 0.6444444444444445 0.9767441860465116 0.6444444444444445 0.9689922480620154 0.6388888888888888 0.9689922480620154 0.6333333333333333 0.9224806201550387 0.6 0.9224806201550387 0.5944444444444444 0.9457364341085271 0.5944444444444444 0.9689922480620154 0.5777777777777777 0.9689922480620154 0.5666666666666667 0.9767441860465116 0.5611111111111111 0.9767441860465116 0.5388888888888889 0.9689922480620154 0.5333333333333333 0.9689922480620154 0.5166666666666667 0.9612403100775194 0.5111111111111111 0.9302325581395349 0.5111111111111111 0.9224806201550387 0.5055555555555555 0.9147286821705426 0.5055555555555555 0.9224806201550387 0.5 0.9224806201550387 0.49444444444444446 0.9147286821705426 0.4888888888888889 0.9147286821705426 0.4777777777777778 0.9224806201550387 0.4722222222222222 0.9224806201550387 0.4388888888888889 0.9302325581395349 0.43333333333333335 0.9302325581395349 0.40555555555555556 0.937984496124031 0.4 0.937984496124031 0.39444444444444443 0.9457364341085271 0.3888888888888889
19 0.17829457364341086 0.7111111111111111 0.18604651162790697 0.7166666666666667 0.1937984496124031 0.7111111111111111 0.20155038759689922 0.7166666666666667 0.20930232558139536 0.7166666666666667 0.21705426356589147 0.7111111111111111 0.23255813953488372 0.7111111111111111 0.24806201550387597 0.7222222222222222 0.24806201550387597 0.7277777777777777 0.2558139534883721 0.7333333333333333 0.2558139534883721 0.7388888888888889 0.24806201550387597 0.7444444444444445 0.24806201550387597 0.75 0.20155038759689922 0.7833333333333333 0.18604651162790697 0.7833333333333333 0.17829457364341086 0.7888888888888889 0.17054263565891473 0.7888888888888889 0.16279069767441862 0.7944444444444444 0.12403100775193798 0.7944444444444444 0.10852713178294573 0.7833333333333333 0.10077519379844961 0.7833333333333333 0.10077519379844961 0.7611111111111111 0.10852713178294573 0.7555555555555555 0.10852713178294573 0.75 0.14728682170542637 0.7222222222222222 0.15503875968992248 0.7222222222222222 0.16279069767441862 0.7166666666666667 0.17054263565891473 0.7166666666666667
19 0.5581395348837209 0 0.5658914728682171 0 0.5736434108527132 0.005555555555555556 0.6046511627906976 0.005555555555555556 0.6124031007751938 0.011111111111111112 0.6201550387596899 0.011111111111111112 0.627906976744186 0.005555555555555556 0.6356589147286822 0.011111111111111112 0.6434108527131783 0.011111111111111112 0.6589147286821705 0.022222222222222223 0.6666666666666666 0.022222222222222223 0.6511627906976745 0.022222222222222223 0.6434108527131783 0.027777777777777776 0.6356589147286822 0.027777777777777776 0.627906976744186 0.03333333333333333 0.5658914728682171 0.03333333333333333 0.5581395348837209 0.027777777777777776 0.5581395348837209 0.022222222222222223 0.5503875968992248 0.016666666666666666 0.5503875968992248 0.011111111111111112 0.5581395348837209 0.005555555555555556
19 0.9302325581395349 0.5 0.937984496124031 0.5055555555555555 0.9457364341085271 0.5055555555555555 0.9534883720930233 0.5111111111111111 0.9612403100775194 0.5111111111111111 0.9767441860465116 0.5222222222222223 0.9844961240310077 0.5222222222222223 0.9922480620155039 0.5277777777777778 0.9922480620155039 0.5833333333333334 0.9844961240310077 0.5888888888888889 0.9844961240310077 0.6388888888888888 0.9767441860465116 0.6388888888888888 0.9767441860465116 0.6333333333333333 0.9457364341085271 0.6111111111111112 0.9302325581395349 0.6111111111111112 0.9147286821705426 0.6 0.9069767441860465 0.6 0.9069767441860465 0.5944444444444444 0.8837209302325582 0.5777777777777777 0.8837209302325582 0.5722222222222222 0.875968992248062 0.5666666666666667 0.875968992248062 0.5611111111111111 0.8837209302325582 0.5555555555555556 0.8837209302325582 0.5444444444444444 0.8914728682170543 0.5388888888888889 0.8914728682170543 0.5333333333333333 0.8992248062015504 0.5277777777777778 0.8992248062015504 0.5222222222222223 0.9224806201550387 0.5055555555555555
19 0.9612403100775194 0.38333333333333336 0.9689922480620154 0.3888888888888889 0.9767441860465116 0.38333333333333336 0.9844961240310077 0.38333333333333336 0.9922480620155039 0.3888888888888889 0.9922480620155039 0.4 0.9844961240310077 0.40555555555555556 0.9844961240310077 0.4166666666666667 0.9612403100775194 0.4166666666666667 0.9457364341085271 0.42777777777777776 0.9457364341085271 0.46111111111111114 0.9534883720930233 0.4666666666666667 0.9534883720930233 0.4777777777777778 0.9767441860465116 0.49444444444444446 0.9844961240310077 0.49444444444444446 0.9844961240310077 0.5111111111111111 0.9922480620155039 0.5166666666666667 0.9844961240310077 0.5166666666666667 0.9767441860465116 0.5111111111111111 0.9689922480620154 0.5111111111111111 0.9612403100775194 0.5055555555555555 0.9534883720930233 0.5055555555555555 0.9302325581395349 0.4888888888888889 0.9302325581395349 0.4777777777777778 0.9224806201550387 0.4722222222222222 0.9224806201550387 0.45555555555555555 0.9302325581395349 0.45 0.9302325581395349 0.4 0.937984496124031 0.39444444444444443 0.937984496124031 0.3888888888888889 0.9457364341085271 0.38333333333333336 0.9534883720930233 0.38333333333333336
19 0.11627906976744186 0.5888888888888889 0.12403100775193798 0.5944444444444444 0.13178294573643412 0.5888888888888889 0.13953488372093023 0.5944444444444444 0.14728682170542637 0.5888888888888889 0.14728682170542637 0.5944444444444444 0.15503875968992248 0.6 0.15503875968992248 0.6055555555555555 0.16279069767441862 0.6111111111111112 0.16279069767441862 0.6166666666666667 0.17829457364341086 0.6277777777777778 0.18604651162790697 0.6222222222222222 0.17829457364341086 0.6277777777777778 0.18604651162790697 0.6333333333333333 0.18604651162790697 0.6388888888888888 0.1937984496124031 0.6444444444444445 0.26356589147286824 0.6444444444444445 0.2713178294573643 0.6388888888888888 0.2868217054263566 0.6388888888888888 0.29457364341085274 0.6444444444444445 0.29457364341085274 0.65 0.3023255813953488 0.6555555555555556 0.32558139534883723 0.6555555555555556 0.2868217054263566 0.6833333333333333 0.2868217054263566 0.6666666666666666 0.29457364341085274 0.6722222222222223 0.3023255813953488 0.6666666666666666 0.3023255813953488 0.6555555555555556 0.29457364341085274 0.65 0.2868217054263566 0.65 0.2713178294573643 0.6611111111111111 0.24031007751937986 0.6611111111111111 0.20930232558139536 0.6833333333333333 0.1937984496124031 0.6833333333333333 0.18604651162790697 0.6888888888888889 0.18604651162790697 0.7055555555555556 0.18604651162790697 0.7 0.17829457364341086 0.6944444444444444 0.16279069767441862 0.7055555555555556 0.15503875968992248 0.7055555555555556 0.14728682170542637 0.7111111111111111 0.14728682170542637 0.7166666666666667 0.13953488372093023 0.7166666666666667 0.13178294573643412 0.7222222222222222 0.11627906976744186 0.7222222222222222 0.10852713178294573 0.7277777777777777 0.10852713178294573 0.7444444444444445 0.10077519379844961 0.7444444444444445 0.07751937984496124 0.7611111111111111 0.07751937984496124 0.7722222222222223 0.08527131782945736 0.7777777777777778 0.07751937984496124 0.7777777777777778 0.07751937984496124 0.7722222222222223 0.06976744186046512 0.7666666666666667 0.06201550387596899 0.7722222222222223 0.05426356589147287 0.7666666666666667 0.03875968992248062 0.7777777777777778 0.031007751937984496 0.7777777777777778 0.023255813953488372 0.7722222222222223 0.015503875968992248 0.7722222222222223 0.007751937984496124 0.7777777777777778 0 0.7777777777777778 0 0.7166666666666667 0.023255813953488372 0.7166666666666667 0.031007751937984496 0.7111111111111111 0.023255813953488372 0.7055555555555556 0 0.7055555555555556 0 0.6777777777777778 0.007751937984496124 0.6722222222222223 0.007751937984496124 0.6666666666666666 0 0.6611111111111111 0 0.6388888888888888 0.007751937984496124 0.6333333333333333 0.007751937984496124 0.6222222222222222 0 0.6166666666666667 0 0.6 0.007751937984496124 0.6 0.023255813953488372 0.6111111111111112 0.03875968992248062 0.6111111111111112 0.046511627906976744 0.6055555555555555 0.05426356589147287 0.6111111111111112 0.06201550387596899 0.6055555555555555 0.06976744186046512 0.6055555555555555 0.08527131782945736 0.5944444444444444 0.09302325581395349 0.5944444444444444 0.10077519379844961 0.5888888888888889 0.10852713178294573 0.5888888888888889
19 0.20930232558139536 0.17222222222222222 0.21705426356589147 0.17777777777777778 0.2248062015503876 0.17777777777777778 0.2248062015503876 0.18888888888888888 0.24806201550387597 0.20555555555555555 0.2558139534883721 0.20555555555555555 0.26356589147286824 0.2111111111111111 0.2713178294573643 0.2111111111111111 0.27906976744186046 0.21666666666666667 0.27906976744186046 0.2222222222222222 0.2868217054263566 0.22777777777777777 0.32558139534883723 0.22777777777777777 0.32558139534883723 0.23333333333333334 0.3333333333333333 0.2388888888888889 0.32558139534883723 0.24444444444444444 0.3333333333333333 0.25 0.29457364341085274 0.2777777777777778 0.2868217054263566 0.2777777777777778 0.29457364341085274 0.2722222222222222 0.29457364341085274 0.26666666666666666 0.3023255813953488 0.2611111111111111 0.3023255813953488 0.25 0.29457364341085274 0.24444444444444444 0.2868217054263566 0.24444444444444444 0.27906976744186046 0.2388888888888889 0.2713178294573643 0.24444444444444444 0.2713178294573643 0.25 0.26356589147286824 0.25555555555555554 0.26356589147286824 0.2611111111111111 0.2558139534883721 0.26666666666666666 0.2558139534883721 0.2833333333333333 0.24806201550387597 0.28888888888888886 0.24031007751937986 0.28888888888888886 0.23255813953488372 0.29444444444444445 0.2248062015503876 0.29444444444444445 0.21705426356589147 0.3 0.17829457364341086 0.3 0.17054263565891473 0.29444444444444445 0.17054263565891473 0.28888888888888886 0.16279069767441862 0.2833333333333333 0.16279069767441862 0.25555555555555554 0.17054263565891473 0.25 0.17054263565891473 0.2388888888888889 0.17829457364341086 0.23333333333333334 0.17829457364341086 0.21666666666666667 0.18604651162790697 0.2111111111111111 0.18604651162790697 0.20555555555555555 0.1937984496124031 0.2 0.1937984496124031 0.18888888888888888 0.20155038759689922 0.18333333333333332 0.20155038759689922 0.17777777777777778
19 0.11627906976744186 0.5944444444444444 0.12403100775193798 0.6 0.13178294573643412 0.6 0.13178294573643412 0.6055555555555555 0.13953488372093023 0.6111111111111112 0.14728682170542637 0.6055555555555555 0.13953488372093023 0.6111111111111112 0.14728682170542637 0.6166666666666667 0.15503875968992248 0.6166666666666667 0.15503875968992248 0.6277777777777778 0.17054263565891473 0.6388888888888888 0.17829457364341086 0.6388888888888888 0.17829457364341086 0.6444444444444445 0.18604651162790697 0.65 0.17829457364341086 0.6555555555555556 0.20155038759689922 0.6722222222222223 0.20930232558139536 0.6722222222222223 0.21705426356589147 0.6666666666666666 0.21705426356589147 0.6555555555555556 0.2248062015503876 0.65 0.24031007751937986 0.65 0.24806201550387597 0.6444444444444445 0.29457364341085274 0.6444444444444445 0.3023255813953488 0.65 0.3178294573643411 0.65 0.32558139534883723 0.6555555555555556 0.3333333333333333 0.6555555555555556 0.34108527131782945 0.6611111111111111 0.3333333333333333 0.6666666666666666 0.3178294573643411 0.6666666666666666 0.3023255813953488 0.6777777777777778 0.29457364341085274 0.6777777777777778 0.2868217054263566 0.6833333333333333 0.2868217054263566 0.6888888888888889 0.2713178294573643 0.7 0.2713178294573643 0.7166666666666667 0.29457364341085274 0.7333333333333333 0.3178294573643411 0.7333333333333333 0.32558139534883723 0.7277777777777777 0.3333333333333333 0.7277777777777777 0.34108527131782945 0.7222222222222222 0.3488372093023256 0.7222222222222222 0.35658914728682173 0.7166666666666667 0.3643410852713178 0.7222222222222222 0.3953488372093023 0.7 0.4108527131782946 0.7 0.4186046511627907 0.7055555555555556 0.4263565891472868 0.7055555555555556 0.4418604651162791 0.7166666666666667 0.43410852713178294 0.7111111111111111 0.4186046511627907 0.7111111111111111 0.4108527131782946 0.7055555555555556 0.40310077519379844 0.7055555555555556 0.3953488372093023 0.7111111111111111 0.3953488372093023 0.7166666666666667 0.40310077519379844 0.7222222222222222 0.40310077519379844 0.7277777777777777 0.3953488372093023 0.7333333333333333 0.3953488372093023 0.7277777777777777 0.3875968992248062 0.7222222222222222 0.3798449612403101 0.7222222222222222 0.37209302325581395 0.7277777777777777 0.37209302325581395 0.7333333333333333 0.3798449612403101 0.7388888888888889 0.37209302325581395 0.7444444444444445 0.37209302325581395 0.75 0.3643410852713178 0.75 0.35658914728682173 0.7444444444444445 0.3488372093023256 0.75 0.34108527131782945 0.75 0.3178294573643411 0.7666666666666667 0.3178294573643411 0.7833333333333333 0.32558139534883723 0.7888888888888889 0.3178294573643411 0.7944444444444444 0.3178294573643411 0.8055555555555556 0.32558139534883723 0.8111111111111111 0.3178294573643411 0.8111111111111111 0.3178294573643411 0.8055555555555556 0.31007751937984496 0.8 0.3023255813953488 0.8 0.29457364341085274 0.7944444444444444 0.2868217054263566 0.8 0.27906976744186046 0.7944444444444444 0.26356589147286824 0.7944444444444444 0.2558139534883721 0.8 0.24031007751937986 0.8 0.2248062015503876 0.8111111111111111 0.21705426356589147 0.8111111111111111 0.20155038759689922 0.8222222222222222 0.20155038759689922 0.8277777777777777 0.17829457364341086 0.8444444444444444 0.17829457364341086 0.8666666666666667 0.18604651162790697 0.8722222222222222 0.18604651162790697 0.8777777777777778 0.1937984496124031 0.8833333333333333 0.21705426356589147 0.8833333333333333 0.2248062015503876 0.8888888888888888 0.23255813953488372 0.8888888888888888 0.24031007751937986 0.8944444444444445 0.24806201550387597 0.8944444444444445 0.26356589147286824 0.8833333333333333 0.2713178294573643 0.8833333333333333 0.3178294573643411 0.85 0.3178294573643411 0.8444444444444444 0.3333333333333333 0.8333333333333334 0.3333333333333333 0.8277777777777777 0.34108527131782945 0.8277777777777777 0.3488372093023256 0.8333333333333334 0.35658914728682173 0.8333333333333334 0.35658914728682173 0.8388888888888889 0.3643410852713178 0.8444444444444444 0.37209302325581395 0.8444444444444444 0.37209302325581395 0.85 0.3798449612403101 0.8555555555555555 0.3875968992248062 0.85 0.3875968992248062 0.8388888888888889 0.3953488372093023 0.8333333333333334 0.3953488372093023 0.8277777777777777 0.40310077519379844 0.8277777777777777 0.4108527131782946 0.8222222222222222 0.4186046511627907 0.8222222222222222 0.4263565891472868 0.8166666666666667 0.4496124031007752 0.8166666666666667 0.4573643410852713 0.8111111111111111 0.4573643410852713 0.8222222222222222 0.4496124031007752 0.8277777777777777 0.4496124031007752 0.8333333333333334 0.4263565891472868 0.8333333333333334 0.4108527131782946 0.8444444444444444 0.4108527131782946 0.85 0.40310077519379844 0.8555555555555555 0.40310077519379844 0.8611111111111112 0.3953488372093023 0.8611111111111112 0.3875968992248062 0.8555555555555555 0.3798449612403101 0.8555555555555555 0.37209302325581395 0.8611111111111112 0.37209302325581395 0.8666666666666667 0.3643410852713178 0.8666666666666667 0.35658914728682173 0.8722222222222222 0.35658914728682173 0.8777777777777778 0.3333333333333333 0.8777777777777778 0.32558139534883723 0.8833333333333333 0.3178294573643411 0.8777777777777778 0.3023255813953488 0.8888888888888888 0.3023255813953488 0.8944444444444445 0.2868217054263566 0.9055555555555556 0.27906976744186046 0.9055555555555556 0.2713178294573643 0.9111111111111111 0.26356589147286824 0.9111111111111111 0.2558139534883721 0.9166666666666666 0.24031007751937986 0.9166666666666666 0.23255813953488372 0.9222222222222223 0.16279069767441862 0.9222222222222223 0.15503875968992248 0.9277777777777778 0.14728682170542637 0.9222222222222223 0.17054263565891473 0.9055555555555556 0.17054263565891473 0.8888888888888888 0.16279069767441862 0.8833333333333333 0.16279069767441862 0.8777777777777778 0.14728682170542637 0.8666666666666667 0.13953488372093023 0.8666666666666667 0.13178294573643412 0.8611111111111112 0.12403100775193798 0.8666666666666667 0.11627906976744186 0.8611111111111112 0.10852713178294573 0.8611111111111112 0.10077519379844961 0.8666666666666667 0.09302325581395349 0.8666666666666667 0.08527131782945736 0.8722222222222222 0.07751937984496124 0.8722222222222222 0.06976744186046512 0.8777777777777778 0.05426356589147287 0.8777777777777778 0.023255813953488372 0.9 0.007751937984496124 0.8888888888888888 0.007751937984496124 0.8666666666666667 0.023255813953488372 0.8666666666666667 0.031007751937984496 0.8611111111111112 0.03875968992248062 0.8611111111111112 0.07751937984496124 0.8333333333333334 0.07751937984496124 0.8166666666666667 0.06976744186046512 0.8111111111111111 0.06976744186046512 0.7888888888888889 0.06201550387596899 0.7833333333333333 0.05426356589147287 0.7888888888888889 0.046511627906976744 0.7833333333333333 0.031007751937984496 0.7833333333333333 0.023255813953488372 0.7777777777777778 0.015503875968992248 0.7777777777777778 0.007751937984496124 0.7833333333333333 0 0.7833333333333333 0 0.7555555555555555 0.007751937984496124 0.7611111111111111 0.015503875968992248 0.7611111111111111 0.023255813953488372 0.7555555555555555 0.03875968992248062 0.7555555555555555 0.046511627906976744 0.75 0.046511627906976744 0.7444444444444445 0.05426356589147287 0.7388888888888889 0.06201550387596899 0.7388888888888889 0.06976744186046512 0.7333333333333333 0.07751937984496124 0.7333333333333333 0.08527131782945736 0.7277777777777777 0.09302325581395349 0.7277777777777777 0.11627906976744186 0.7111111111111111 0.11627906976744186 0.6888888888888889 0.12403100775193798 0.6833333333333333 0.12403100775193798 0.6777777777777778 0.13178294573643412 0.6833333333333333 0.13953488372093023 0.6833333333333333 0.16279069767441862 0.6666666666666666 0.16279069767441862 0.6611111111111111 0.15503875968992248 0.6555555555555556 0.15503875968992248 0.65 0.14728682170542637 0.6444444444444445 0.14728682170542637 0.6388888888888888 0.13953488372093023 0.6333333333333333 0.13953488372093023 0.6277777777777778 0.13178294573643412 0.6222222222222222 0.12403100775193798 0.6222222222222222 0.11627906976744186 0.6277777777777778 0.10852713178294573 0.6277777777777778 0.10077519379844961 0.6222222222222222 0.09302325581395349 0.6222222222222222 0.07751937984496124 0.6333333333333333 0.07751937984496124 0.6444444444444445 0.06976744186046512 0.65 0.06976744186046512 0.6555555555555556 0.07751937984496124 0.6611111111111111 0.06976744186046512 0.6555555555555556 0.05426356589147287 0.6666666666666666 0.046511627906976744 0.6611111111111111 0.03875968992248062 0.6666666666666666 0.023255813953488372 0.6666666666666666 0.023255813953488372 0.65 0.031007751937984496 0.65 0.03875968992248062 0.6555555555555556 0.046511627906976744 0.6555555555555556 0.05426356589147287 0.65 0.046511627906976744 0.6444444444444445 0.046511627906976744 0.6277777777777778 0.05426356589147287 0.6222222222222222 0.05426356589147287 0.6166666666666667 0.06976744186046512 0.6166666666666667 0.10077519379844961 0.5944444444444444 0.10852713178294573 0.5944444444444444
19 0.3023255813953488 0.29444444444444445 0.31007751937984496 0.3 0.3178294573643411 0.29444444444444445 0.34108527131782945 0.29444444444444445 0.35658914728682173 0.3055555555555556 0.35658914728682173 0.3111111111111111 0.34108527131782945 0.32222222222222224 0.3488372093023256 0.3277777777777778 0.3488372093023256 0.34444444444444444 0.34108527131782945 0.35 0.3488372093023256 0.35555555555555557 0.3488372093023256 0.36666666666666664 0.35658914728682173 0.37222222222222223 0.35658914728682173 0.3888888888888889 0.3488372093023256 0.39444444444444443 0.3488372093023256 0.40555555555555556 0.3333333333333333 0.4166666666666667 0.3333333333333333 0.4222222222222222 0.32558139534883723 0.42777777777777776 0.31007751937984496 0.4166666666666667 0.2868217054263566 0.4166666666666667 0.27906976744186046 0.4222222222222222 0.24031007751937986 0.4222222222222222 0.23255813953488372 0.4166666666666667 0.21705426356589147 0.4166666666666667 0.20155038759689922 0.40555555555555556 0.1937984496124031 0.40555555555555556 0.18604651162790697 0.4 0.18604651162790697 0.37777777777777777 0.17829457364341086 0.37222222222222223 0.17829457364341086 0.3388888888888889 0.1937984496124031 0.3277777777777778 0.1937984496124031 0.32222222222222224 0.20155038759689922 0.31666666666666665 0.1937984496124031 0.3111111111111111 0.24031007751937986 0.3111111111111111 0.24806201550387597 0.3055555555555556 0.26356589147286824 0.3055555555555556 0.2713178294573643 0.3 0.29457364341085274 0.3
19 0.24806201550387597 0 0.5581395348837209 0 0.5503875968992248 0.005555555555555556 0.5581395348837209 0.011111111111111112 0.5581395348837209 0.027777777777777776 0.5503875968992248 0.03333333333333333 0.4728682170542636 0.03333333333333333 0.46511627906976744 0.03888888888888889 0.27906976744186046 0.03888888888888889 0.2713178294573643 0.044444444444444446 0.26356589147286824 0.044444444444444446 0.2558139534883721 0.05 0.2558139534883721 0.03333333333333333 0.24806201550387597 0.027777777777777776 0.24806201550387597 0.005555555555555556
19 0.12403100775193798 0.31666666666666665 0.13178294573643412 0.31666666666666665 0.13953488372093023 0.3111111111111111 0.16279069767441862 0.3111111111111111 0.17054263565891473 0.31666666666666665 0.18604651162790697 0.31666666666666665 0.1937984496124031 0.32222222222222224 0.18604651162790697 0.3277777777777778 0.18604651162790697 0.3333333333333333 0.17829457364341086 0.3388888888888889 0.17829457364341086 0.36666666666666664 0.18604651162790697 0.37222222222222223 0.18604651162790697 0.37777777777777777 0.1937984496124031 0.38333333333333336 0.1937984496124031 0.4 0.20930232558139536 0.4111111111111111 0.21705426356589147 0.4111111111111111 0.21705426356589147 0.4166666666666667 0.24031007751937986 0.43333333333333335 0.24031007751937986 0.4388888888888889 0.24806201550387597 0.4444444444444444 0.24806201550387597 0.45 0.2558139534883721 0.45555555555555555 0.2558139534883721 0.4666666666666667 0.26356589147286824 0.4722222222222222 0.26356589147286824 0.4888888888888889 0.2558139534883721 0.49444444444444446 0.24806201550387597 0.49444444444444446 0.24031007751937986 0.4888888888888889 0.2248062015503876 0.4888888888888889 0.21705426356589147 0.48333333333333334 0.20930232558139536 0.4888888888888889 0.20155038759689922 0.4888888888888889 0.18604651162790697 0.5 0.18604651162790697 0.5055555555555555 0.17829457364341086 0.5111111111111111 0.17829457364341086 0.5277777777777778 0.20930232558139536 0.55 0.20930232558139536 0.5611111111111111 0.20155038759689922 0.5666666666666667 0.20155038759689922 0.5722222222222222 0.1937984496124031 0.5722222222222222 0.18604651162790697 0.5777777777777777 0.16279069767441862 0.5777777777777777 0.14728682170542637 0.5666666666666667 0.14728682170542637 0.55 0.13953488372093023 0.5444444444444444 0.13953488372093023 0.5333333333333333 0.13178294573643412 0.5277777777777778 0.13178294573643412 0.5222222222222223 0.12403100775193798 0.5166666666666667 0.12403100775193798 0.5111111111111111 0.11627906976744186 0.5055555555555555 0.11627906976744186 0.5 0.10852713178294573 0.49444444444444446 0.10852713178294573 0.48333333333333334 0.10077519379844961 0.4777777777777778 0.10077519379844961 0.4666666666666667 0.09302325581395349 0.46111111111111114 0.09302325581395349 0.45555555555555555 0.08527131782945736 0.45 0.08527131782945736 0.4444444444444444 0.07751937984496124 0.4388888888888889 0.07751937984496124 0.43333333333333335 0.06976744186046512 0.42777777777777776 0.06976744186046512 0.4166666666666667 0.05426356589147287 0.40555555555555556 0.031007751937984496 0.40555555555555556 0.023255813953488372 0.4 0.023255813953488372 0.36666666666666664 0.031007751937984496 0.37222222222222223 0.03875968992248062 0.36666666666666664 0.03875968992248062 0.34444444444444444 0.03875968992248062 0.37777777777777777 0.05426356589147287 0.3888888888888889 0.05426356589147287 0.39444444444444443 0.06201550387596899 0.4 0.06976744186046512 0.4 0.07751937984496124 0.40555555555555556 0.08527131782945736 0.40555555555555556 0.09302325581395349 0.4111111111111111 0.10077519379844961 0.4111111111111111 0.10852713178294573 0.40555555555555556 0.11627906976744186 0.40555555555555556 0.12403100775193798 0.4 0.13178294573643412 0.4 0.13953488372093023 0.39444444444444443 0.13953488372093023 0.3888888888888889 0.14728682170542637 0.38333333333333336 0.14728682170542637 0.35555555555555557 0.12403100775193798 0.3388888888888889 0.12403100775193798 0.32222222222222224
19 0.5348837209302325 0.7944444444444444 0.5503875968992248 0.7944444444444444 0.5503875968992248 0.8 0.5581395348837209 0.8055555555555556 0.6046511627906976 0.8055555555555556 0.6046511627906976 0.8111111111111111 0.6124031007751938 0.8166666666666667 0.6201550387596899 0.8111111111111111 0.6356589147286822 0.8111111111111111 0.6434108527131783 0.8166666666666667 0.6511627906976745 0.8166666666666667 0.6744186046511628 0.8333333333333334 0.6821705426356589 0.8333333333333334 0.689922480620155 0.8388888888888889 0.6976744186046512 0.8388888888888889 0.7054263565891473 0.8333333333333334 0.7131782945736435 0.8333333333333334 0.7209302325581395 0.8277777777777777 0.7209302325581395 0.8166666666666667 0.7364341085271318 0.8166666666666667 0.7441860465116279 0.8111111111111111 0.7441860465116279 0.8055555555555556 0.751937984496124 0.8055555555555556 0.7596899224806202 0.8 0.7596899224806202 0.8166666666666667 0.751937984496124 0.8166666666666667 0.7441860465116279 0.8222222222222222 0.7674418604651163 0.8388888888888889 0.7751937984496124 0.8388888888888889 0.7906976744186046 0.85 0.7984496124031008 0.8444444444444444 0.8062015503875969 0.8444444444444444 0.813953488372093 0.8388888888888889 0.813953488372093 0.8333333333333334 0.8294573643410853 0.8333333333333334 0.8372093023255814 0.8388888888888889 0.8527131782945736 0.8388888888888889 0.875968992248062 0.8555555555555555 0.875968992248062 0.8611111111111112 0.8914728682170543 0.8722222222222222 0.8992248062015504 0.8722222222222222 0.9147286821705426 0.8833333333333333 0.9147286821705426 0.8888888888888888 0.9069767441860465 0.8888888888888888 0.8992248062015504 0.8944444444444445 0.8992248062015504 0.9055555555555556 0.9069767441860465 0.9111111111111111 0.9069767441860465 0.9222222222222223 0.8992248062015504 0.9222222222222223 0.8914728682170543 0.9277777777777778 0.8682170542635659 0.9277777777777778 0.8604651162790697 0.9222222222222223 0.8527131782945736 0.9277777777777778 0.8062015503875969 0.9277777777777778 0.7906976744186046 0.9166666666666666 0.7906976744186046 0.9111111111111111 0.7829457364341085 0.9055555555555556 0.7751937984496124 0.9111111111111111 0.7751937984496124 0.9277777777777778 0.627906976744186 0.9277777777777778 0.6201550387596899 0.9222222222222223 0.6046511627906976 0.9222222222222223 0.5968992248062015 0.9277777777777778 0.3953488372093023 0.9277777777777778 0.3875968992248062 0.9222222222222223 0.3875968992248062 0.8944444444444445 0.3953488372093023 0.8888888888888888 0.3953488372093023 0.8833333333333333 0.4263565891472868 0.8611111111111112 0.43410852713178294 0.8611111111111112 0.4418604651162791 0.8555555555555555 0.4418604651162791 0.85 0.4496124031007752 0.85 0.4573643410852713 0.8444444444444444 0.46511627906976744 0.8444444444444444 0.4806201550387597 0.8333333333333334 0.4883720930232558 0.8388888888888889 0.49612403100775193 0.8333333333333334 0.49612403100775193 0.8277777777777777 0.5038759689922481 0.8222222222222222 0.5038759689922481 0.8166666666666667 0.5193798449612403 0.8055555555555556 0.5271317829457365 0.8055555555555556 0.5348837209302325 0.8
19 0.20155038759689922 0.17777777777777778 0.2248062015503876 0.17777777777777778 0.2248062015503876 0.18888888888888888 0.24031007751937986 0.2 0.2558139534883721 0.2 0.2868217054263566 0.2222222222222222 0.37209302325581395 0.2222222222222222 0.3798449612403101 0.22777777777777777 0.3875968992248062 0.22777777777777777 0.3953488372093023 0.23333333333333334 0.40310077519379844 0.22777777777777777 0.4108527131782946 0.22777777777777777 0.4186046511627907 0.2222222222222222 0.4573643410852713 0.2222222222222222 0.4573643410852713 0.22777777777777777 0.43410852713178294 0.24444444444444444 0.43410852713178294 0.25 0.4263565891472868 0.25555555555555554 0.3953488372093023 0.25555555555555554 0.3875968992248062 0.2611111111111111 0.3953488372093023 0.26666666666666666 0.3875968992248062 0.26666666666666666 0.3798449612403101 0.2611111111111111 0.37209302325581395 0.26666666666666666 0.37209302325581395 0.2722222222222222 0.3643410852713178 0.26666666666666666 0.35658914728682173 0.2722222222222222 0.3488372093023256 0.2722222222222222 0.34108527131782945 0.2777777777777778 0.3333333333333333 0.2777777777777778 0.32558139534883723 0.2833333333333333 0.3178294573643411 0.2833333333333333 0.31007751937984496 0.28888888888888886 0.29457364341085274 0.28888888888888886 0.27906976744186046 0.3 0.2248062015503876 0.3 0.21705426356589147 0.3055555555555556 0.20930232558139536 0.3 0.17829457364341086 0.3 0.17054263565891473 0.29444444444444445 0.17054263565891473 0.28888888888888886 0.16279069767441862 0.2833333333333333 0.16279069767441862 0.2611111111111111 0.17054263565891473 0.25555555555555554 0.17054263565891473 0.2388888888888889 0.17829457364341086 0.23333333333333334 0.17829457364341086 0.2222222222222222 0.18604651162790697 0.21666666666666667 0.18604651162790697 0.2111111111111111 0.1937984496124031 0.20555555555555555 0.1937984496124031 0.19444444444444445 0.20155038759689922 0.18888888888888888 0.20155038759689922 0.18333333333333332
19 0 0.5944444444444444 0.031007751937984496 0.6166666666666667 0.031007751937984496 0.6277777777777778 0.03875968992248062 0.6333333333333333 0.046511627906976744 0.6333333333333333 0.046511627906976744 0.6444444444444445 0.05426356589147287 0.65 0.05426356589147287 0.6611111111111111 0.046511627906976744 0.6611111111111111 0.03875968992248062 0.6666666666666666 0.031007751937984496 0.6666666666666666 0.023255813953488372 0.6722222222222223 0.015503875968992248 0.6722222222222223 0.007751937984496124 0.6777777777777778 0.007751937984496124 0.6611111111111111 0 0.6555555555555556 0 0.6388888888888888 0.007751937984496124 0.6333333333333333 0 0.6277777777777778 0 0.6
19 0.5426356589147286 0 0.6046511627906976 0 0.6124031007751938 0.005555555555555556 0.6201550387596899 0.005555555555555556 0.627906976744186 0 0.7596899224806202 0 0.751937984496124 0.005555555555555556 0.7364341085271318 0.005555555555555556 0.7286821705426356 0.011111111111111112 0.7209302325581395 0.011111111111111112 0.7131782945736435 0.016666666666666666 0.6976744186046512 0.016666666666666666 0.689922480620155 0.022222222222222223 0.6666666666666666 0.022222222222222223 0.6589147286821705 0.027777777777777776 0.6356589147286822 0.027777777777777776 0.627906976744186 0.03333333333333333 0.5736434108527132 0.03333333333333333 0.5658914728682171 0.027777777777777776 0.5581395348837209 0.027777777777777776 0.5503875968992248 0.022222222222222223 0.5503875968992248 0.011111111111111112 0.5426356589147286 0.005555555555555556
19 0.08527131782945736 0.4166666666666667 0.09302325581395349 0.4222222222222222 0.10077519379844961 0.4166666666666667 0.13178294573643412 0.4166666666666667 0.13953488372093023 0.4222222222222222 0.13953488372093023 0.46111111111111114 0.15503875968992248 0.4722222222222222 0.16279069767441862 0.4722222222222222 0.17054263565891473 0.4777777777777778 0.18604651162790697 0.4777777777777778 0.1937984496124031 0.4722222222222222 0.20155038759689922 0.4722222222222222 0.20930232558139536 0.4666666666666667 0.20930232558139536 0.45555555555555555 0.2248062015503876 0.4444444444444444 0.21705426356589147 0.4388888888888889 0.21705426356589147 0.43333333333333335 0.23255813953488372 0.43333333333333335 0.24031007751937986 0.4388888888888889 0.24031007751937986 0.4444444444444444 0.24806201550387597 0.45 0.24806201550387597 0.46111111111111114 0.2558139534883721 0.4666666666666667 0.2558139534883721 0.4722222222222222 0.26356589147286824 0.4777777777777778 0.26356589147286824 0.4888888888888889 0.2558139534883721 0.49444444444444446 0.2558139534883721 0.5 0.24031007751937986 0.5 0.23255813953488372 0.49444444444444446 0.21705426356589147 0.49444444444444446 0.20930232558139536 0.4888888888888889 0.18604651162790697 0.5055555555555555 0.18604651162790697 0.5333333333333333 0.20155038759689922 0.5444444444444444 0.20930232558139536 0.5444444444444444 0.20930232558139536 0.5666666666666667 0.1937984496124031 0.5777777777777777 0.18604651162790697 0.5777777777777777 0.17829457364341086 0.5833333333333334 0.17054263565891473 0.5777777777777777 0.16279069767441862 0.5777777777777777 0.14728682170542637 0.5666666666666667 0.14728682170542637 0.5555555555555556 0.13953488372093023 0.55 0.13953488372093023 0.5388888888888889 0.13178294573643412 0.5333333333333333 0.13178294573643412 0.5222222222222223 0.12403100775193798 0.5166666666666667 0.12403100775193798 0.5055555555555555 0.11627906976744186 0.5 0.11627906976744186 0.49444444444444446 0.10852713178294573 0.4888888888888889 0.10852713178294573 0.4777777777777778 0.10077519379844961 0.4722222222222222 0.10077519379844961 0.4666666666666667 0.09302325581395349 0.46111111111111114 0.09302325581395349 0.45 0.08527131782945736 0.4444444444444444 0.08527131782945736 0.4388888888888889 0.07751937984496124 0.43333333333333335 0.07751937984496124 0.4222222222222222
19 0.6666666666666666 0.20555555555555555 0.6744186046511628 0.2111111111111111 0.6744186046511628 0.23333333333333334 0.6821705426356589 0.2388888888888889 0.689922480620155 0.2388888888888889 0.7131782945736435 0.25555555555555554 0.7131782945736435 0.2833333333333333 0.7054263565891473 0.28888888888888886 0.7054263565891473 0.29444444444444445 0.6976744186046512 0.29444444444444445 0.689922480620155 0.28888888888888886 0.6821705426356589 0.28888888888888886 0.6744186046511628 0.2833333333333333 0.6511627906976745 0.2833333333333333 0.6434108527131783 0.2777777777777778 0.627906976744186 0.2777777777777778 0.6201550387596899 0.2722222222222222 0.6124031007751938 0.2722222222222222 0.6046511627906976 0.26666666666666666 0.5968992248062015 0.26666666666666666 0.5891472868217055 0.2611111111111111 0.5813953488372093 0.2611111111111111 0.5736434108527132 0.25555555555555554 0.5658914728682171 0.25555555555555554 0.5581395348837209 0.25 0.5503875968992248 0.25 0.5426356589147286 0.24444444444444444 0.5348837209302325 0.24444444444444444 0.5271317829457365 0.2388888888888889 0.5116279069767442 0.2388888888888889 0.5038759689922481 0.23333333333333334 0.4883720930232558 0.23333333333333334 0.49612403100775193 0.22777777777777777 0.5038759689922481 0.22777777777777777 0.5116279069767442 0.2222222222222222 0.5193798449612403 0.2222222222222222 0.5271317829457365 0.22777777777777777 0.5348837209302325 0.2222222222222222 0.5426356589147286 0.22777777777777777 0.5581395348837209 0.21666666666666667 0.5813953488372093 0.21666666666666667 0.5891472868217055 0.2111111111111111 0.627906976744186 0.2111111111111111 0.6356589147286822 0.21666666666666667 0.6356589147286822 0.2222222222222222 0.6434108527131783 0.22777777777777777 0.6511627906976745 0.2222222222222222 0.6511627906976745 0.21666666666666667 0.6589147286821705 0.2111111111111111
19 0.7674418604651163 0.2611111111111111 0.7829457364341085 0.2611111111111111 0.7984496124031008 0.2722222222222222 0.7984496124031008 0.2833333333333333 0.8062015503875969 0.28888888888888886 0.8062015503875969 0.3111111111111111 0.7984496124031008 0.3111111111111111 0.7906976744186046 0.31666666666666665 0.7906976744186046 0.32222222222222224 0.7829457364341085 0.31666666666666665 0.751937984496124 0.31666666666666665 0.7441860465116279 0.3111111111111111 0.7441860465116279 0.29444444444444445 0.751937984496124 0.28888888888888886 0.751937984496124 0.2833333333333333 0.7596899224806202 0.2777777777777778 0.7596899224806202 0.2722222222222222 0.7674418604651163 0.26666666666666666
19 0.5038759689922481 0.24444444444444444 0.5116279069767442 0.25 0.5271317829457365 0.25 0.5348837209302325 0.25555555555555554 0.5426356589147286 0.25555555555555554 0.5503875968992248 0.2611111111111111 0.5581395348837209 0.2611111111111111 0.5658914728682171 0.26666666666666666 0.5736434108527132 0.26666666666666666 0.5813953488372093 0.2722222222222222 0.5891472868217055 0.2722222222222222 0.5968992248062015 0.2777777777777778 0.6124031007751938 0.2777777777777778 0.6201550387596899 0.2833333333333333 0.627906976744186 0.2833333333333333 0.6356589147286822 0.28888888888888886 0.6589147286821705 0.28888888888888886 0.6666666666666666 0.29444444444444445 0.6744186046511628 0.29444444444444445 0.6821705426356589 0.3 0.689922480620155 0.3 0.7054263565891473 0.3111111111111111 0.7131782945736435 0.3111111111111111 0.7209302325581395 0.31666666666666665 0.7364341085271318 0.31666666666666665 0.7441860465116279 0.32222222222222224 0.751937984496124 0.32222222222222224 0.7751937984496124 0.3388888888888889 0.7751937984496124 0.35 0.7674418604651163 0.34444444444444444 0.7441860465116279 0.34444444444444444 0.7364341085271318 0.35 0.7286821705426356 0.35 0.7131782945736435 0.3611111111111111 0.7131782945736435 0.36666666666666664 0.7054263565891473 0.37222222222222223 0.7054263565891473 0.37777777777777777 0.6976744186046512 0.38333333333333336 0.6976744186046512 0.4 0.7209302325581395 0.4166666666666667 0.7209302325581395 0.4222222222222222 0.7441860465116279 0.4388888888888889 0.751937984496124 0.4388888888888889 0.751937984496124 0.4444444444444444 0.7441860465116279 0.45 0.7364341085271318 0.4444444444444444 0.7286821705426356 0.4444444444444444 0.7286821705426356 0.4388888888888889 0.7209302325581395 0.43333333333333335 0.7131782945736435 0.4388888888888889 0.7054263565891473 0.43333333333333335 0.6976744186046512 0.43333333333333335 0.689922480620155 0.4388888888888889 0.6821705426356589 0.4388888888888889 0.6511627906976745 0.46111111111111114 0.6434108527131783 0.46111111111111114 0.6356589147286822 0.4666666666666667 0.6356589147286822 0.4888888888888889 0.627906976744186 0.49444444444444446 0.6356589147286822 0.5 0.6124031007751938 0.5 0.6046511627906976 0.5055555555555555 0.5968992248062015 0.5055555555555555 0.5891472868217055 0.5 0.5736434108527132 0.5 0.5503875968992248 0.48333333333333334 0.5503875968992248 0.4722222222222222 0.5503875968992248 0.4777777777777778 0.5581395348837209 0.48333333333333334 0.5658914728682171 0.4777777777777778 0.5736434108527132 0.4777777777777778 0.5813953488372093 0.48333333333333334 0.6124031007751938 0.48333333333333334 0.6201550387596899 0.4777777777777778 0.6201550387596899 0.4666666666666667 0.6356589147286822 0.45555555555555555 0.6356589147286822 0.4222222222222222 0.6124031007751938 0.40555555555555556 0.5891472868217055 0.40555555555555556 0.5813953488372093 0.4111111111111111 0.5736434108527132 0.4111111111111111 0.5658914728682171 0.4166666666666667 0.5581395348837209 0.4166666666666667 0.5503875968992248 0.4222222222222222 0.5503875968992248 0.42777777777777776 0.5426356589147286 0.43333333333333335 0.5503875968992248 0.4388888888888889 0.5426356589147286 0.4444444444444444 0.5426356589147286 0.45 0.5348837209302325 0.45555555555555555 0.5348837209302325 0.4777777777777778 0.5271317829457365 0.4722222222222222 0.5193798449612403 0.4722222222222222 0.5193798449612403 0.46111111111111114 0.5038759689922481 0.45 0.49612403100775193 0.45555555555555555 0.49612403100775193 0.46111111111111114 0.4496124031007752 0.46111111111111114 0.43410852713178294 0.45 0.4186046511627907 0.45 0.4108527131782946 0.45555555555555555 0.3953488372093023 0.4444444444444444 0.3798449612403101 0.4444444444444444 0.35658914728682173 0.42777777777777776 0.35658914728682173 0.4166666666666667 0.3643410852713178 0.4111111111111111 0.3643410852713178 0.39444444444444443 0.37209302325581395 0.3888888888888889 0.37209302325581395 0.38333333333333336 0.3798449612403101 0.37777777777777777 0.3798449612403101 0.37222222222222223 0.3875968992248062 0.36666666666666664 0.3875968992248062 0.3611111111111111 0.3953488372093023 0.35555555555555557 0.3953488372093023 0.34444444444444444 0.40310077519379844 0.3388888888888889 0.40310077519379844 0.3333333333333333 0.4108527131782946 0.3277777777777778 0.4108527131782946 0.31666666666666665 0.4186046511627907 0.3111111111111111 0.4186046511627907 0.3 0.4263565891472868 0.29444444444444445 0.4263565891472868 0.28888888888888886 0.43410852713178294 0.2833333333333333 0.43410852713178294 0.2722222222222222 0.4418604651162791 0.26666666666666666 0.4418604651162791 0.25555555555555554 0.4573643410852713 0.24444444444444444 0.49612403100775193 0.24444444444444444
19 0.23255813953488372 0.12777777777777777 0.23255813953488372 0.15555555555555556 0.2248062015503876 0.16111111111111112 0.2248062015503876 0.17222222222222222 0.24806201550387597 0.18888888888888888 0.24806201550387597 0.19444444444444445 0.27906976744186046 0.21666666666666667 0.29457364341085274 0.21666666666666667 0.3023255813953488 0.2222222222222222 0.34108527131782945 0.2222222222222222 0.3488372093023256 0.21666666666666667 0.35658914728682173 0.2222222222222222 0.40310077519379844 0.2222222222222222 0.4108527131782946 0.21666666666666667 0.4418604651162791 0.21666666666666667 0.4496124031007752 0.2222222222222222 0.46511627906976744 0.2222222222222222 0.43410852713178294 0.24444444444444444 0.43410852713178294 0.25 0.4186046511627907 0.2611111111111111 0.4108527131782946 0.2611111111111111 0.3953488372093023 0.2722222222222222 0.40310077519379844 0.2777777777777778 0.3953488372093023 0.2722222222222222 0.3798449612403101 0.2833333333333333 0.3643410852713178 0.2833333333333333 0.35658914728682173 0.28888888888888886 0.3643410852713178 0.29444444444444445 0.34108527131782945 0.2777777777777778 0.3333333333333333 0.2833333333333333 0.3333333333333333 0.29444444444444445 0.32558139534883723 0.28888888888888886 0.3023255813953488 0.28888888888888886 0.2868217054263566 0.3 0.24031007751937986 0.3 0.23255813953488372 0.3055555555555556 0.20930232558139536 0.3055555555555556 0.20155038759689922 0.3 0.17829457364341086 0.3 0.16279069767441862 0.28888888888888886 0.16279069767441862 0.2611111111111111 0.17054263565891473 0.25555555555555554 0.17054263565891473 0.2388888888888889 0.17829457364341086 0.23333333333333334 0.17829457364341086 0.21666666666666667 0.18604651162790697 0.2111111111111111 0.18604651162790697 0.20555555555555555 0.1937984496124031 0.2 0.1937984496124031 0.18888888888888888 0.20155038759689922 0.18333333333333332 0.20155038759689922 0.17222222222222222 0.21705426356589147 0.16111111111111112 0.21705426356589147 0.15 0.2248062015503876 0.14444444444444443 0.2248062015503876 0.13333333333333333
19 0.2558139534883721 0.7888888888888889 0.2713178294573643 0.7888888888888889 0.27906976744186046 0.7944444444444444 0.2868217054263566 0.7944444444444444 0.29457364341085274 0.8 0.3023255813953488 0.8 0.3178294573643411 0.8111111111111111 0.3178294573643411 0.8333333333333334 0.3333333333333333 0.8444444444444444 0.3488372093023256 0.8444444444444444 0.3643410852713178 0.8555555555555555 0.37209302325581395 0.8555555555555555 0.3875968992248062 0.8666666666666667 0.3953488372093023 0.8611111111111112 0.3953488372093023 0.8555555555555555 0.3953488372093023 0.8611111111111112 0.3875968992248062 0.8666666666666667 0.3953488372093023 0.8722222222222222 0.3798449612403101 0.8833333333333333 0.3798449612403101 0.8888888888888888 0.37209302325581395 0.8944444444444445 0.37209302325581395 0.9277777777777778 0.32558139534883723 0.9277777777777778 0.3178294573643411 0.9222222222222223 0.31007751937984496 0.9277777777777778 0.26356589147286824 0.9277777777777778 0.2558139534883721 0.9222222222222223 0.24806201550387597 0.9222222222222223 0.24031007751937986 0.9166666666666666 0.23255813953488372 0.9166666666666666 0.2248062015503876 0.9222222222222223 0.17829457364341086 0.9222222222222223 0.17829457364341086 0.9166666666666666 0.18604651162790697 0.9111111111111111 0.18604651162790697 0.9 0.1937984496124031 0.8944444444444445 0.18604651162790697 0.8888888888888888 0.18604651162790697 0.8666666666666667 0.17829457364341086 0.8611111111111112 0.17829457364341086 0.8555555555555555 0.18604651162790697 0.85 0.18604651162790697 0.8444444444444444 0.1937984496124031 0.8388888888888889 0.1937984496124031 0.8277777777777777 0.20930232558139536 0.8166666666666667 0.21705426356589147 0.8166666666666667 0.23255813953488372 0.8055555555555556 0.24806201550387597 0.8055555555555556 0.26356589147286824 0.7944444444444444
19 0.031007751937984496 0.005555555555555556 0.03875968992248062 0.011111111111111112 0.046511627906976744 0.011111111111111112 0.05426356589147287 0.005555555555555556 0.06201550387596899 0.011111111111111112 0.06201550387596899 0.03888888888888889 0.06976744186046512 0.044444444444444446 0.07751937984496124 0.044444444444444446 0.08527131782945736 0.05 0.09302325581395349 0.044444444444444446 0.09302325581395349 0.05 0.10077519379844961 0.05555555555555555 0.10852713178294573 0.05 0.11627906976744186 0.05555555555555555 0.12403100775193798 0.05 0.13178294573643412 0.05555555555555555 0.13953488372093023 0.05 0.13953488372093023 0.022222222222222223 0.14728682170542637 0.022222222222222223 0.16279069767441862 0.03333333333333333 0.17054263565891473 0.027777777777777776 0.17829457364341086 0.03333333333333333 0.18604651162790697 0.03333333333333333 0.1937984496124031 0.03888888888888889 0.20155038759689922 0.03888888888888889 0.23255813953488372 0.06111111111111111 0.23255813953488372 0.1 0.2248062015503876 0.10555555555555556 0.2248062015503876 0.11666666666666667 0.21705426356589147 0.12222222222222222 0.21705426356589147 0.13333333333333333 0.20930232558139536 0.1388888888888889 0.20930232558139536 0.14444444444444443 0.20155038759689922 0.15 0.20155038759689922 0.15555555555555556 0.18604651162790697 0.16666666666666666 0.13953488372093023 0.16666666666666666 0.13178294573643412 0.16111111111111112 0.12403100775193798 0.16111111111111112 0.10852713178294573 0.15 0.09302325581395349 0.15 0.08527131782945736 0.14444444444444443 0.07751937984496124 0.14444444444444443 0.06976744186046512 0.1388888888888889 0.05426356589147287 0.1388888888888889 0.03875968992248062 0.15 0 0.15 0 0.016666666666666666 0.007751937984496124 0.011111111111111112 0.023255813953488372 0.011111111111111112
19 0.3178294573643411 0.6555555555555556 0.34108527131782945 0.6555555555555556 0.3488372093023256 0.6611111111111111 0.35658914728682173 0.6611111111111111 0.35658914728682173 0.6666666666666666 0.3875968992248062 0.6888888888888889 0.3953488372093023 0.6888888888888889 0.40310077519379844 0.6944444444444444 0.40310077519379844 0.7 0.3953488372093023 0.7055555555555556 0.3798449612403101 0.7055555555555556 0.3643410852713178 0.7166666666666667 0.35658914728682173 0.7166666666666667 0.3488372093023256 0.7222222222222222 0.3333333333333333 0.7222222222222222 0.32558139534883723 0.7277777777777777 0.3178294573643411 0.7277777777777777 0.31007751937984496 0.7333333333333333 0.3023255813953488 0.7277777777777777 0.2868217054263566 0.7277777777777777 0.27906976744186046 0.7222222222222222 0.27906976744186046 0.7166666666666667 0.2713178294573643 0.7111111111111111 0.2713178294573643 0.6944444444444444 0.3178294573643411 0.6611111111111111
19 0 0.16111111111111112 0.07751937984496124 0.16111111111111112 0.08527131782945736 0.16666666666666666 0.09302325581395349 0.16666666666666666 0.10077519379844961 0.17222222222222222 0.13953488372093023 0.17222222222222222 0.14728682170542637 0.17777777777777778 0.18604651162790697 0.17777777777777778 0.18604651162790697 0.2 0.17829457364341086 0.20555555555555555 0.17829457364341086 0.21666666666666667 0.17054263565891473 0.2222222222222222 0.17054263565891473 0.23333333333333334 0.16279069767441862 0.2388888888888889 0.16279069767441862 0.25555555555555554 0.15503875968992248 0.2611111111111111 0.15503875968992248 0.2777777777777778 0.13178294573643412 0.2777777777777778 0.12403100775193798 0.2722222222222222 0.10077519379844961 0.2722222222222222 0.09302325581395349 0.26666666666666666 0.07751937984496124 0.26666666666666666 0.06976744186046512 0.2611111111111111 0.05426356589147287 0.2611111111111111 0.046511627906976744 0.25555555555555554 0 0.25555555555555554 0 0.16666666666666666
19 0.015503875968992248 0.4388888888888889 0.015503875968992248 0.46111111111111114 0.031007751937984496 0.4722222222222222 0.06976744186046512 0.4722222222222222 0.07751937984496124 0.4666666666666667 0.08527131782945736 0.4666666666666667 0.09302325581395349 0.4722222222222222 0.09302325581395349 0.48333333333333334 0.10077519379844961 0.4888888888888889 0.10077519379844961 0.49444444444444446 0.10852713178294573 0.5 0.10852713178294573 0.5111111111111111 0.11627906976744186 0.5166666666666667 0.05426356589147287 0.5166666666666667 0.03875968992248062 0.5277777777777778 0.031007751937984496 0.5277777777777778 0.023255813953488372 0.5333333333333333 0.023255813953488372 0.5444444444444444 0.031007751937984496 0.55 0.031007751937984496 0.5666666666666667 0.046511627906976744 0.5777777777777777 0.10852713178294573 0.5777777777777777 0.11627906976744186 0.5722222222222222 0.12403100775193798 0.5722222222222222 0.13178294573643412 0.5666666666666667 0.13178294573643412 0.5611111111111111 0.13178294573643412 0.5666666666666667 0.14728682170542637 0.5777777777777777 0.13953488372093023 0.5833333333333334 0.11627906976744186 0.5833333333333334 0.10852713178294573 0.5777777777777777 0.09302325581395349 0.5888888888888889 0.08527131782945736 0.5888888888888889 0.06201550387596899 0.6055555555555555 0.023255813953488372 0.6055555555555555 0.023255813953488372 0.6 0.015503875968992248 0.5944444444444444 0.007751937984496124 0.5944444444444444 0 0.5888888888888889 0 0.5722222222222222 0.007751937984496124 0.5666666666666667 0 0.5611111111111111 0 0.5277777777777778 0.007751937984496124 0.5222222222222223 0 0.5166666666666667 0 0.49444444444444446 0.007751937984496124 0.4888888888888889 0.007751937984496124 0.4777777777777778 0 0.4722222222222222 0 0.45 0.007751937984496124 0.4444444444444444
19 0.046511627906976744 0.7888888888888889 0.06201550387596899 0.8 0.06201550387596899 0.8055555555555556 0.06976744186046512 0.8111111111111111 0.06976744186046512 0.8388888888888889 0.046511627906976744 0.8555555555555555 0.03875968992248062 0.8555555555555555 0.031007751937984496 0.8611111111111112 0 0.8611111111111112 0 0.7888888888888889 0.007751937984496124 0.7833333333333333 0.031007751937984496 0.7833333333333333 0.03875968992248062 0.7888888888888889
19 0.7984496124031008 0.05555555555555555 0.8062015503875969 0.05 0.7984496124031008 0.044444444444444446 0.7984496124031008 0.005555555555555556 0.8062015503875969 0 0.8294573643410853 0 0.8372093023255814 0.005555555555555556 0.8527131782945736 0.005555555555555556 0.8604651162790697 0 0.8682170542635659 0 0.875968992248062 0.005555555555555556 0.875968992248062 0.022222222222222223 0.8837209302325582 0.027777777777777776 0.8837209302325582 0.06666666666666667 0.8914728682170543 0.07222222222222222 0.8914728682170543 0.08888888888888889 0.8992248062015504 0.09444444444444444 0.8992248062015504 0.1111111111111111 0.9069767441860465 0.11666666666666667 0.9069767441860465 0.14444444444444443 0.9147286821705426 0.15 0.9147286821705426 0.17777777777777778 0.9224806201550387 0.18333333333333332 0.9224806201550387 0.2 0.9302325581395349 0.20555555555555555 0.9302325581395349 0.21666666666666667 0.937984496124031 0.2222222222222222 0.937984496124031 0.23333333333333334 0.9457364341085271 0.2388888888888889 0.9457364341085271 0.25555555555555554 0.9534883720930233 0.2611111111111111 0.9534883720930233 0.2833333333333333 0.9457364341085271 0.28888888888888886 0.9457364341085271 0.3 0.937984496124031 0.3055555555555556 0.9302325581395349 0.3055555555555556 0.9224806201550387 0.3111111111111111 0.9069767441860465 0.3111111111111111 0.8992248062015504 0.31666666666666665 0.8604651162790697 0.31666666666666665 0.8527131782945736 0.3111111111111111 0.8449612403100775 0.3111111111111111 0.8372093023255814 0.3055555555555556 0.8372093023255814 0.3 0.8294573643410853 0.29444444444444445 0.8217054263565892 0.29444444444444445 0.8217054263565892 0.28888888888888886 0.813953488372093 0.2833333333333333 0.813953488372093 0.2777777777777778 0.8062015503875969 0.2722222222222222 0.8062015503875969 0.26666666666666666 0.7984496124031008 0.2611111111111111 0.7984496124031008 0.25555555555555554 0.7829457364341085 0.24444444444444444 0.7829457364341085 0.2388888888888889 0.7751937984496124 0.23333333333333334 0.7751937984496124 0.21666666666666667 0.7674418604651163 0.2111111111111111 0.7674418604651163 0.20555555555555555 0.7596899224806202 0.2 0.7596899224806202 0.17777777777777778 0.7751937984496124 0.16666666666666666 0.7751937984496124 0.16111111111111112 0.7829457364341085 0.15555555555555556 0.7829457364341085 0.15 0.7906976744186046 0.14444444444444443 0.7906976744186046 0.12222222222222222 0.813953488372093 0.12222222222222222 0.8372093023255814 0.10555555555555556 0.8449612403100775 0.10555555555555556 0.8527131782945736 0.1 0.8527131782945736 0.08888888888888889 0.8449612403100775 0.08333333333333333 0.8372093023255814 0.08333333333333333 0.8294573643410853 0.07777777777777778 0.813953488372093 0.07777777777777778 0.8062015503875969 0.07222222222222222 0.8062015503875969 0.06111111111111111
19 0.875968992248062 0 0.9069767441860465 0 0.9147286821705426 0.005555555555555556 0.9224806201550387 0.005555555555555556 0.9147286821705426 0.011111111111111112 0.9147286821705426 0.016666666666666666 0.9069767441860465 0.022222222222222223 0.9069767441860465 0.03333333333333333 0.9147286821705426 0.03888888888888889 0.9147286821705426 0.06666666666666667 0.9224806201550387 0.07222222222222222 0.9224806201550387 0.12777777777777777 0.9302325581395349 0.13333333333333333 0.9302325581395349 0.14444444444444443 0.937984496124031 0.15 0.937984496124031 0.18888888888888888 0.9302325581395349 0.18888888888888888 0.9302325581395349 0.18333333333333332 0.9224806201550387 0.17777777777777778 0.9224806201550387 0.15555555555555556 0.9147286821705426 0.15 0.9147286821705426 0.14444444444444443 0.9069767441860465 0.1388888888888889 0.9069767441860465 0.1111111111111111 0.8992248062015504 0.10555555555555556 0.8992248062015504 0.08888888888888889 0.8914728682170543 0.08333333333333333 0.8914728682170543 0.06666666666666667 0.8837209302325582 0.06111111111111111 0.8837209302325582 0.022222222222222223 0.875968992248062 0.016666666666666666 0.875968992248062 0.005555555555555556
19 0.3875968992248062 0.8722222222222222 0.3875968992248062 0.8833333333333333 0.3798449612403101 0.8888888888888888 0.3798449612403101 0.9277777777777778 0.3333333333333333 0.9277777777777778 0.32558139534883723 0.9333333333333333 0.27906976744186046 0.9333333333333333 0.2713178294573643 0.9277777777777778 0.2558139534883721 0.9277777777777778 0.2558139534883721 0.9166666666666666 0.26356589147286824 0.9111111111111111 0.2713178294573643 0.9111111111111111 0.27906976744186046 0.9055555555555556 0.2868217054263566 0.9055555555555556 0.3023255813953488 0.8944444444444445 0.31007751937984496 0.8944444444444445 0.3178294573643411 0.8888888888888888 0.3488372093023256 0.8888888888888888 0.35658914728682173 0.8833333333333333 0.37209302325581395 0.8833333333333333 0.3798449612403101 0.8777777777777778
19 0.6976744186046512 0.38333333333333336 0.6976744186046512 0.4 0.7441860465116279 0.43333333333333335 0.7751937984496124 0.43333333333333335 0.7751937984496124 0.4388888888888889 0.7674418604651163 0.4444444444444444 0.7674418604651163 0.45 0.7596899224806202 0.45555555555555555 0.7596899224806202 0.5055555555555555 0.7674418604651163 0.5111111111111111 0.7674418604651163 0.5166666666666667 0.7751937984496124 0.5222222222222223 0.7751937984496124 0.5388888888888889 0.7829457364341085 0.5444444444444444 0.7906976744186046 0.5444444444444444 0.7906976744186046 0.5666666666666667 0.7751937984496124 0.5555555555555556 0.7596899224806202 0.5555555555555556 0.751937984496124 0.55 0.7441860465116279 0.55 0.7286821705426356 0.5388888888888889 0.7209302325581395 0.5388888888888889 0.7131782945736435 0.5333333333333333 0.6976744186046512 0.5333333333333333 0.689922480620155 0.5277777777777778 0.6821705426356589 0.5277777777777778 0.6744186046511628 0.5222222222222223 0.6666666666666666 0.5222222222222223 0.6589147286821705 0.5166666666666667 0.627906976744186 0.5166666666666667 0.6201550387596899 0.5111111111111111 0.6124031007751938 0.5111111111111111 0.6046511627906976 0.5055555555555555 0.5891472868217055 0.5055555555555555 0.6046511627906976 0.49444444444444446 0.6046511627906976 0.4888888888888889 0.6124031007751938 0.49444444444444446 0.6201550387596899 0.4888888888888889 0.6201550387596899 0.4777777777777778 0.627906976744186 0.4777777777777778 0.6356589147286822 0.4722222222222222 0.6356589147286822 0.46111111111111114 0.6434108527131783 0.46111111111111114 0.6511627906976745 0.45555555555555555 0.6511627906976745 0.4222222222222222 0.6589147286821705 0.4166666666666667 0.6589147286821705 0.40555555555555556 0.6666666666666666 0.40555555555555556 0.689922480620155 0.3888888888888889
19 0.8914728682170543 0 0.9147286821705426 0 0.9224806201550387 0.005555555555555556 0.9302325581395349 0 0.937984496124031 0.005555555555555556 0.9457364341085271 0.005555555555555556 0.9534883720930233 0.011111111111111112 0.9689922480620154 0 0.9767441860465116 0 0.9844961240310077 0.005555555555555556 0.9844961240310077 0.022222222222222223 0.9922480620155039 0.027777777777777776 0.9922480620155039 0.044444444444444446 0.9844961240310077 0.05 0.9844961240310077 0.08333333333333333 0.9922480620155039 0.08888888888888889 0.9922480620155039 0.14444444444444443 0.9844961240310077 0.15 0.9844961240310077 0.16666666666666666 0.9922480620155039 0.17222222222222222 0.9922480620155039 0.19444444444444445 0.9844961240310077 0.2 0.9844961240310077 0.2222222222222222 0.9922480620155039 0.22777777777777777 0.9922480620155039 0.25 0.9844961240310077 0.25555555555555554 0.9844961240310077 0.2833333333333333 0.9767441860465116 0.2777777777777778 0.9689922480620154 0.2777777777777778 0.9689922480620154 0.25 0.9612403100775194 0.24444444444444444 0.9612403100775194 0.2388888888888889 0.9534883720930233 0.23333333333333334 0.9534883720930233 0.21666666666666667 0.9457364341085271 0.2111111111111111 0.9457364341085271 0.20555555555555555 0.937984496124031 0.2 0.937984496124031 0.18333333333333332 0.9302325581395349 0.17777777777777778 0.9302325581395349 0.16111111111111112 0.9224806201550387 0.15555555555555556 0.9224806201550387 0.12222222222222222 0.9147286821705426 0.11666666666666667 0.9147286821705426 0.07222222222222222 0.9069767441860465 0.06666666666666667 0.9069767441860465 0.05555555555555555 0.8992248062015504 0.05 0.8992248062015504 0.027777777777777776 0.8914728682170543 0.022222222222222223 0.8914728682170543 0.005555555555555556
19 0.689922480620155 0.6555555555555556 0.6976744186046512 0.6611111111111111 0.7054263565891473 0.6611111111111111 0.6821705426356589 0.6777777777777778 0.6821705426356589 0.6888888888888889 0.689922480620155 0.6944444444444444 0.6821705426356589 0.7 0.6821705426356589 0.6888888888888889 0.6744186046511628 0.6833333333333333 0.6821705426356589 0.6777777777777778 0.6821705426356589 0.6722222222222223 0.689922480620155 0.6666666666666666 0.689922480620155 0.6611111111111111
19 0.813953488372093 0.5666666666666667 0.8217054263565892 0.5666666666666667 0.8294573643410853 0.5611111111111111 0.8372093023255814 0.5611111111111111 0.8449612403100775 0.5666666666666667 0.8604651162790697 0.5666666666666667 0.875968992248062 0.5777777777777777 0.875968992248062 0.5833333333333334 0.9069767441860465 0.6055555555555555 0.9069767441860465 0.6222222222222222 0.8992248062015504 0.6277777777777778 0.8992248062015504 0.6333333333333333 0.8914728682170543 0.6388888888888888 0.8914728682170543 0.6444444444444445 0.8992248062015504 0.65 0.8992248062015504 0.6555555555555556 0.9069767441860465 0.6611111111111111 0.9069767441860465 0.6833333333333333 0.8992248062015504 0.6888888888888889 0.8992248062015504 0.7166666666666667 0.8914728682170543 0.7222222222222222 0.8837209302325582 0.7222222222222222 0.8682170542635659 0.7333333333333333 0.8527131782945736 0.7333333333333333 0.8449612403100775 0.7388888888888889 0.8449612403100775 0.7444444444444445 0.8372093023255814 0.75 0.8372093023255814 0.7444444444444445 0.8294573643410853 0.7388888888888889 0.8217054263565892 0.7388888888888889 0.8062015503875969 0.75 0.8062015503875969 0.7555555555555555 0.7984496124031008 0.7611111111111111 0.7984496124031008 0.7666666666666667 0.7906976744186046 0.7722222222222223 0.7906976744186046 0.7833333333333333 0.7829457364341085 0.7777777777777778 0.7751937984496124 0.7777777777777778 0.7674418604651163 0.7722222222222223 0.7674418604651163 0.7666666666666667 0.7364341085271318 0.7444444444444445 0.7364341085271318 0.7388888888888889 0.7209302325581395 0.7277777777777777 0.7131782945736435 0.7277777777777777 0.7131782945736435 0.7222222222222222 0.7209302325581395 0.7166666666666667 0.7286821705426356 0.7222222222222222 0.7364341085271318 0.7222222222222222 0.7441860465116279 0.7166666666666667 0.7441860465116279 0.7111111111111111 0.751937984496124 0.7055555555555556 0.7441860465116279 0.7 0.7286821705426356 0.7 0.7286821705426356 0.6888888888888889 0.7054263565891473 0.6722222222222223 0.7054263565891473 0.65 0.7209302325581395 0.65 0.7286821705426356 0.6555555555555556 0.7441860465116279 0.6555555555555556 0.7596899224806202 0.6444444444444445 0.7596899224806202 0.6388888888888888 0.7674418604651163 0.6388888888888888 0.7751937984496124 0.6333333333333333 0.7751937984496124 0.6111111111111112 0.7829457364341085 0.6055555555555555 0.7829457364341085 0.6 0.7906976744186046 0.5944444444444444 0.7906976744186046 0.5888888888888889 0.813953488372093 0.5722222222222222
19 0.37209302325581395 0.4444444444444444 0.3798449612403101 0.4444444444444444 0.3875968992248062 0.45 0.3953488372093023 0.45 0.3953488372093023 0.45555555555555555 0.43410852713178294 0.48333333333333334 0.4418604651162791 0.48333333333333334 0.4496124031007752 0.4888888888888889 0.4496124031007752 0.49444444444444446 0.4573643410852713 0.5 0.46511627906976744 0.49444444444444446 0.4728682170542636 0.49444444444444446 0.4806201550387597 0.4888888888888889 0.4806201550387597 0.5055555555555555 0.4883720930232558 0.5111111111111111 0.4883720930232558 0.5166666666666667 0.4806201550387597 0.5222222222222223 0.4806201550387597 0.5277777777777778 0.4883720930232558 0.5333333333333333 0.49612403100775193 0.5333333333333333 0.49612403100775193 0.5444444444444444 0.5038759689922481 0.55 0.5271317829457365 0.55 0.5348837209302325 0.5555555555555556 0.5426356589147286 0.5555555555555556 0.5503875968992248 0.55 0.5503875968992248 0.5555555555555556 0.5581395348837209 0.5611111111111111 0.5581395348837209 0.5722222222222222 0.5658914728682171 0.5777777777777777 0.5736434108527132 0.5777777777777777 0.5891472868217055 0.5888888888888889 0.6124031007751938 0.5888888888888889 0.6201550387596899 0.5833333333333334 0.627906976744186 0.5833333333333334 0.6356589147286822 0.5888888888888889 0.627906976744186 0.5944444444444444 0.627906976744186 0.6055555555555555 0.6434108527131783 0.6166666666666667 0.6434108527131783 0.6222222222222222 0.6511627906976745 0.6277777777777778 0.6821705426356589 0.6277777777777778 0.6821705426356589 0.6388888888888888 0.6744186046511628 0.6333333333333333 0.6666666666666666 0.6333333333333333 0.6589147286821705 0.6277777777777778 0.6356589147286822 0.6277777777777778 0.627906976744186 0.6222222222222222 0.6201550387596899 0.6277777777777778 0.6046511627906976 0.6166666666666667 0.5891472868217055 0.6166666666666667 0.5891472868217055 0.6055555555555555 0.5813953488372093 0.6 0.5736434108527132 0.6 0.5736434108527132 0.5944444444444444 0.5658914728682171 0.5888888888888889 0.5116279069767442 0.5888888888888889 0.5038759689922481 0.5833333333333334 0.49612403100775193 0.5888888888888889 0.49612403100775193 0.5944444444444444 0.4883720930232558 0.5944444444444444 0.4806201550387597 0.6 0.4806201550387597 0.6055555555555555 0.4728682170542636 0.6055555555555555 0.46511627906976744 0.6111111111111112 0.46511627906976744 0.6222222222222222 0.4573643410852713 0.6222222222222222 0.46511627906976744 0.6166666666666667 0.46511627906976744 0.6111111111111112 0.4573643410852713 0.6055555555555555 0.4573643410852713 0.5944444444444444 0.46511627906976744 0.5944444444444444 0.46511627906976744 0.6 0.4728682170542636 0.6055555555555555 0.4806201550387597 0.6 0.4806201550387597 0.5888888888888889 0.4883720930232558 0.5833333333333334 0.4806201550387597 0.5777777777777777 0.4883720930232558 0.5722222222222222 0.4883720930232558 0.5611111111111111 0.4806201550387597 0.5555555555555556 0.46511627906976744 0.5555555555555556 0.4573643410852713 0.5611111111111111 0.4496124031007752 0.5611111111111111 0.4418604651162791 0.5666666666666667 0.4418604651162791 0.5833333333333334 0.43410852713178294 0.5833333333333334 0.4263565891472868 0.5777777777777777 0.40310077519379844 0.5944444444444444 0.40310077519379844 0.6 0.3953488372093023 0.6055555555555555 0.4108527131782946 0.6166666666666667 0.4108527131782946 0.6222222222222222 0.40310077519379844 0.6277777777777778 0.40310077519379844 0.6388888888888888 0.4108527131782946 0.6444444444444445 0.40310077519379844 0.65 0.40310077519379844 0.6555555555555556 0.4108527131782946 0.6611111111111111 0.4186046511627907 0.6555555555555556 0.43410852713178294 0.6555555555555556 0.4418604651162791 0.6611111111111111 0.4496124031007752 0.6611111111111111 0.4573643410852713 0.6555555555555556 0.4573643410852713 0.65 0.4573643410852713 0.6555555555555556 0.46511627906976744 0.6611111111111111 0.46511627906976744 0.6833333333333333 0.4728682170542636 0.6888888888888889 0.4728682170542636 0.6944444444444444 0.4806201550387597 0.7 0.4883720930232558 0.7 0.49612403100775193 0.6944444444444444 0.5038759689922481 0.6944444444444444 0.5426356589147286 0.6666666666666666 0.5581395348837209 0.6666666666666666 0.5658914728682171 0.6611111111111111 0.5581395348837209 0.6555555555555556 0.5736434108527132 0.6555555555555556 0.5736434108527132 0.6666666666666666 0.5658914728682171 0.6722222222222223 0.5581395348837209 0.6722222222222223 0.5503875968992248 0.6777777777777778 0.5503875968992248 0.6888888888888889 0.5348837209302325 0.7 0.5348837209302325 0.7055555555555556 0.5271317829457365 0.7111111111111111 0.5193798449612403 0.7111111111111111 0.5116279069767442 0.7166666666666667 0.5116279069767442 0.7222222222222222 0.5038759689922481 0.7166666666666667 0.49612403100775193 0.7222222222222222 0.4883720930232558 0.7166666666666667 0.4806201550387597 0.7166666666666667 0.46511627906976744 0.7055555555555556 0.4496124031007752 0.7055555555555556 0.43410852713178294 0.6944444444444444 0.4263565891472868 0.6944444444444444 0.4186046511627907 0.6888888888888889 0.4186046511627907 0.6833333333333333 0.4108527131782946 0.6777777777777778 0.3953488372093023 0.6777777777777778 0.3953488372093023 0.6722222222222223 0.3875968992248062 0.6666666666666666 0.3875968992248062 0.6611111111111111 0.40310077519379844 0.65 0.3953488372093023 0.6444444444444445 0.37209302325581395 0.6444444444444445 0.3643410852713178 0.6388888888888888 0.3488372093023256 0.6388888888888888 0.34108527131782945 0.6333333333333333 0.3333333333333333 0.6388888888888888 0.3178294573643411 0.6388888888888888 0.2868217054263566 0.6166666666666667 0.2713178294573643 0.6166666666666667 0.24031007751937986 0.5944444444444444 0.24031007751937986 0.5888888888888889 0.23255813953488372 0.5833333333333334 0.23255813953488372 0.5555555555555556 0.24031007751937986 0.55 0.24031007751937986 0.5444444444444444 0.24806201550387597 0.5388888888888889 0.24806201550387597 0.5277777777777778 0.2713178294573643 0.5111111111111111 0.2713178294573643 0.5055555555555555 0.27906976744186046 0.5 0.27906976744186046 0.49444444444444446 0.3023255813953488 0.4777777777777778 0.3023255813953488 0.4722222222222222 0.31007751937984496 0.4666666666666667 0.31007751937984496 0.46111111111111114 0.32558139534883723 0.45 0.3333333333333333 0.45 0.3488372093023256 0.46111111111111114 0.3643410852713178 0.46111111111111114 0.37209302325581395 0.45555555555555555 0.37209302325581395 0.45
19 0.5348837209302325 0.7833333333333333 0.5426356589147286 0.7888888888888889 0.5503875968992248 0.7888888888888889 0.5581395348837209 0.7944444444444444 0.5658914728682171 0.7888888888888889 0.5581395348837209 0.7944444444444444 0.5736434108527132 0.8055555555555556 0.5813953488372093 0.8 0.5891472868217055 0.8055555555555556 0.6046511627906976 0.7944444444444444 0.6124031007751938 0.8 0.6201550387596899 0.8 0.6201550387596899 0.8055555555555556 0.627906976744186 0.8111111111111111 0.6511627906976745 0.8111111111111111 0.6589147286821705 0.8166666666666667 0.6666666666666666 0.8166666666666667 0.6744186046511628 0.8111111111111111 0.6744186046511628 0.7944444444444444 0.6589147286821705 0.7833333333333333 0.6744186046511628 0.7833333333333333 0.6744186046511628 0.7888888888888889 0.6821705426356589 0.7944444444444444 0.689922480620155 0.7944444444444444 0.6821705426356589 0.8 0.689922480620155 0.8055555555555556 0.6821705426356589 0.8111111111111111 0.6744186046511628 0.8111111111111111 0.6666666666666666 0.8166666666666667 0.6666666666666666 0.8222222222222222 0.6744186046511628 0.8277777777777777 0.6821705426356589 0.8277777777777777 0.689922480620155 0.8222222222222222 0.6821705426356589 0.8277777777777777 0.689922480620155 0.8333333333333334 0.7054263565891473 0.8333333333333334 0.7131782945736435 0.8277777777777777 0.7131782945736435 0.8 0.7054263565891473 0.7944444444444444 0.7131782945736435 0.8 0.7131782945736435 0.8111111111111111 0.7209302325581395 0.8166666666666667 0.7286821705426356 0.8111111111111111 0.7286821705426356 0.8055555555555556 0.7364341085271318 0.8111111111111111 0.7441860465116279 0.8055555555555556 0.7441860465116279 0.8 0.751937984496124 0.8 0.7596899224806202 0.7944444444444444 0.7596899224806202 0.8333333333333334 0.7674418604651163 0.8388888888888889 0.7751937984496124 0.8388888888888889 0.7906976744186046 0.85 0.7984496124031008 0.8444444444444444 0.8062015503875969 0.8444444444444444 0.813953488372093 0.8388888888888889 0.813953488372093 0.8333333333333334 0.8294573643410853 0.8333333333333334 0.8372093023255814 0.8388888888888889 0.8372093023255814 0.8444444444444444 0.8294573643410853 0.85 0.8294573643410853 0.8611111111111112 0.8217054263565892 0.8666666666666667 0.8217054263565892 0.8722222222222222 0.8372093023255814 0.8833333333333333 0.8449612403100775 0.8833333333333333 0.8527131782945736 0.8888888888888888 0.8682170542635659 0.8888888888888888 0.8837209302325582 0.8777777777777778 0.8837209302325582 0.8722222222222222 0.8914728682170543 0.8722222222222222 0.8992248062015504 0.8777777777777778 0.9069767441860465 0.8777777777777778 0.9069767441860465 0.8833333333333333 0.8992248062015504 0.8888888888888888 0.8992248062015504 0.8944444444444445 0.8914728682170543 0.9 0.8914728682170543 0.9166666666666666 0.8837209302325582 0.9222222222222223 0.8527131782945736 0.9222222222222223 0.8449612403100775 0.9277777777777778 0.8217054263565892 0.9277777777777778 0.813953488372093 0.9222222222222223 0.8062015503875969 0.9222222222222223 0.8062015503875969 0.9111111111111111 0.7984496124031008 0.9055555555555556 0.7984496124031008 0.9 0.7906976744186046 0.8944444444444445 0.7829457364341085 0.8944444444444445 0.7596899224806202 0.9111111111111111 0.7596899224806202 0.9166666666666666 0.7674418604651163 0.9222222222222223 0.7596899224806202 0.9277777777777778 0.627906976744186 0.9277777777777778 0.6201550387596899 0.9222222222222223 0.6046511627906976 0.9222222222222223 0.5968992248062015 0.9277777777777778 0.3953488372093023 0.9277777777777778 0.3875968992248062 0.9222222222222223 0.3953488372093023 0.9166666666666666 0.3875968992248062 0.9111111111111111 0.3875968992248062 0.8944444444444445 0.3953488372093023 0.8888888888888888 0.3953488372093023 0.8833333333333333 0.4418604651162791 0.85 0.4496124031007752 0.85 0.4573643410852713 0.8444444444444444 0.46511627906976744 0.8444444444444444 0.4806201550387597 0.8333333333333334 0.4883720930232558 0.8333333333333334 0.49612403100775193 0.8277777777777777 0.49612403100775193 0.8166666666666667 0.5271317829457365 0.7944444444444444 0.5271317829457365 0.7888888888888889
19 0.5348837209302325 0 0.6046511627906976 0 0.6124031007751938 0.005555555555555556 0.6201550387596899 0.005555555555555556 0.627906976744186 0 0.7596899224806202 0 0.751937984496124 0.005555555555555556 0.7364341085271318 0.005555555555555556 0.7286821705426356 0.011111111111111112 0.7209302325581395 0.011111111111111112 0.7131782945736435 0.016666666666666666 0.6976744186046512 0.016666666666666666 0.689922480620155 0.022222222222222223 0.6666666666666666 0.022222222222222223 0.6589147286821705 0.027777777777777776 0.6124031007751938 0.027777777777777776 0.6046511627906976 0.03333333333333333 0.5968992248062015 0.027777777777777776 0.5891472868217055 0.027777777777777776 0.5813953488372093 0.03333333333333333 0.5736434108527132 0.03333333333333333 0.5503875968992248 0.016666666666666666 0.5503875968992248 0.011111111111111112 0.5426356589147286 0.005555555555555556
19 0.9457364341085271 0.005555555555555556 0.9534883720930233 0.011111111111111112 0.9767441860465116 0.011111111111111112 0.9689922480620154 0.016666666666666666 0.9689922480620154 0.022222222222222223 0.9767441860465116 0.027777777777777776 0.9844961240310077 0.027777777777777776 0.9689922480620154 0.03888888888888889 0.9767441860465116 0.044444444444444446 0.9689922480620154 0.05 0.9689922480620154 0.06666666666666667 0.9767441860465116 0.07222222222222222 0.9534883720930233 0.08888888888888889 0.9612403100775194 0.08333333333333333 0.9612403100775194 0.07222222222222222 0.9534883720930233 0.06666666666666667 0.9457364341085271 0.06666666666666667 0.937984496124031 0.07222222222222222 0.937984496124031 0.08888888888888889 0.9302325581395349 0.09444444444444444 0.937984496124031 0.1 0.937984496124031 0.12777777777777777 0.9457364341085271 0.13333333333333333 0.9457364341085271 0.14444444444444443 0.9534883720930233 0.15 0.9689922480620154 0.15 0.9689922480620154 0.15555555555555556 0.9612403100775194 0.15555555555555556 0.9534883720930233 0.16111111111111112 0.9612403100775194 0.16666666666666666 0.9534883720930233 0.17222222222222222 0.9534883720930233 0.17777777777777778 0.9612403100775194 0.18333333333333332 0.9689922480620154 0.18333333333333332 0.9767441860465116 0.18888888888888888 0.9844961240310077 0.18333333333333332 0.9844961240310077 0.19444444444444445 0.9767441860465116 0.2 0.9767441860465116 0.21666666666666667 0.9844961240310077 0.2222222222222222 0.9844961240310077 0.23333333333333334 0.9767441860465116 0.23333333333333334 0.9689922480620154 0.2388888888888889 0.9689922480620154 0.24444444444444444 0.9767441860465116 0.25 0.9767441860465116 0.2777777777777778 0.9612403100775194 0.2777777777777778 0.9534883720930233 0.2833333333333333 0.9534883720930233 0.2611111111111111 0.9457364341085271 0.25555555555555554 0.9457364341085271 0.25 0.937984496124031 0.24444444444444444 0.937984496124031 0.2388888888888889 0.9302325581395349 0.23333333333333334 0.9302325581395349 0.20555555555555555 0.9224806201550387 0.2 0.9224806201550387 0.18888888888888888 0.9147286821705426 0.18333333333333332 0.9147286821705426 0.16111111111111112 0.9069767441860465 0.15555555555555556 0.9069767441860465 0.12222222222222222 0.8992248062015504 0.11666666666666667 0.8992248062015504 0.09444444444444444 0.8914728682170543 0.08888888888888889 0.8914728682170543 0.07777777777777778 0.8837209302325582 0.07222222222222222 0.8837209302325582 0.03888888888888889 0.875968992248062 0.03333333333333333 0.875968992248062 0.022222222222222223 0.8682170542635659 0.016666666666666666 0.8682170542635659 0.005555555555555556 0.875968992248062 0 0.9147286821705426 0 0.9224806201550387 0.005555555555555556 0.937984496124031 0.005555555555555556
19 0.6589147286821705 0.6722222222222223 0.6666666666666666 0.6722222222222223 0.6744186046511628 0.6666666666666666 0.6744186046511628 0.6611111111111111 0.6976744186046512 0.6444444444444445 0.7131782945736435 0.6444444444444445 0.7209302325581395 0.6388888888888888 0.751937984496124 0.6388888888888888 0.7596899224806202 0.6333333333333333 0.7596899224806202 0.6277777777777778 0.7674418604651163 0.6222222222222222 0.7674418604651163 0.6166666666666667 0.7751937984496124 0.6111111111111112 0.7751937984496124 0.6055555555555555 0.7829457364341085 0.6 0.7829457364341085 0.5944444444444444 0.7984496124031008 0.5833333333333334 0.7984496124031008 0.5777777777777777 0.813953488372093 0.5666666666666667 0.8527131782945736 0.5666666666666667 0.8992248062015504 0.6 0.8992248062015504 0.6055555555555555 0.9069767441860465 0.6111111111111112 0.9069767441860465 0.6166666666666667 0.8992248062015504 0.6222222222222222 0.8914728682170543 0.6222222222222222 0.8837209302325582 0.6277777777777778 0.8914728682170543 0.6333333333333333 0.8914728682170543 0.6444444444444445 0.8837209302325582 0.65 0.8992248062015504 0.6611111111111111 0.8992248062015504 0.6944444444444444 0.8914728682170543 0.7 0.8914728682170543 0.7055555555555556 0.8837209302325582 0.7111111111111111 0.875968992248062 0.7111111111111111 0.8682170542635659 0.7166666666666667 0.8682170542635659 0.7222222222222222 0.8372093023255814 0.7444444444444445 0.8372093023255814 0.75 0.8294573643410853 0.7555555555555555 0.8294573643410853 0.7722222222222223 0.8217054263565892 0.7666666666666667 0.8062015503875969 0.7777777777777778 0.8062015503875969 0.7833333333333333 0.7984496124031008 0.7833333333333333 0.7906976744186046 0.7888888888888889 0.7751937984496124 0.7888888888888889 0.7674418604651163 0.7833333333333333 0.7596899224806202 0.7833333333333333 0.7596899224806202 0.7722222222222223 0.751937984496124 0.7666666666666667 0.751937984496124 0.7611111111111111 0.7441860465116279 0.7555555555555555 0.7364341085271318 0.7555555555555555 0.7286821705426356 0.75 0.7209302325581395 0.75 0.7131782945736435 0.7444444444444445 0.7054263565891473 0.75 0.7054263565891473 0.7555555555555555 0.7054263565891473 0.75 0.6976744186046512 0.7444444444444445 0.689922480620155 0.7444444444444445 0.6976744186046512 0.7388888888888889 0.689922480620155 0.7333333333333333 0.689922480620155 0.7277777777777777 0.6821705426356589 0.7222222222222222 0.6821705426356589 0.7055555555555556 0.6744186046511628 0.7 0.6666666666666666 0.7 0.6589147286821705 0.6944444444444444 0.6589147286821705 0.6888888888888889 0.6511627906976745 0.6833333333333333 0.6589147286821705 0.6777777777777778
19 0.4186046511627907 0.7 0.4263565891472868 0.7055555555555556 0.43410852713178294 0.7055555555555556 0.46511627906976744 0.7277777777777777 0.4728682170542636 0.7277777777777777 0.4728682170542636 0.7333333333333333 0.4883720930232558 0.7444444444444445 0.4883720930232558 0.75 0.49612403100775193 0.7555555555555555 0.49612403100775193 0.7722222222222223 0.4806201550387597 0.7833333333333333 0.4806201550387597 0.7888888888888889 0.4573643410852713 0.8055555555555556 0.4496124031007752 0.8055555555555556 0.4418604651162791 0.8111111111111111 0.4263565891472868 0.8111111111111111 0.4108527131782946 0.8222222222222222 0.3953488372093023 0.8222222222222222 0.3875968992248062 0.8277777777777777 0.3798449612403101 0.8222222222222222 0.3643410852713178 0.8222222222222222 0.35658914728682173 0.8277777777777777 0.3488372093023256 0.8277777777777777 0.34108527131782945 0.8222222222222222 0.3333333333333333 0.8222222222222222 0.3333333333333333 0.7944444444444444 0.32558139534883723 0.7888888888888889 0.32558139534883723 0.7833333333333333 0.3333333333333333 0.7777777777777778 0.32558139534883723 0.7722222222222223 0.32558139534883723 0.7611111111111111 0.34108527131782945 0.75 0.34108527131782945 0.7444444444444445 0.3488372093023256 0.7388888888888889 0.35658914728682173 0.7388888888888889 0.3643410852713178 0.7333333333333333 0.3488372093023256 0.7222222222222222 0.35658914728682173 0.7166666666666667 0.3643410852713178 0.7166666666666667 0.37209302325581395 0.7111111111111111 0.3798449612403101 0.7111111111111111 0.3875968992248062 0.7055555555555556 0.3953488372093023 0.7055555555555556 0.40310077519379844 0.7 0.4108527131782946 0.7
19 0.6356589147286822 0 0.751937984496124 0 0.7441860465116279 0.005555555555555556 0.7364341085271318 0.005555555555555556 0.7286821705426356 0.011111111111111112 0.7131782945736435 0.011111111111111112 0.7054263565891473 0.016666666666666666 0.6821705426356589 0.016666666666666666 0.6744186046511628 0.022222222222222223 0.6511627906976745 0.022222222222222223 0.6434108527131783 0.016666666666666666 0.6356589147286822 0.016666666666666666 0.6356589147286822 0.005555555555555556
19 0.32558139534883723 0.46111111111111114 0.3333333333333333 0.4666666666666667 0.34108527131782945 0.46111111111111114 0.3488372093023256 0.4666666666666667 0.3798449612403101 0.4666666666666667 0.3875968992248062 0.4722222222222222 0.40310077519379844 0.4722222222222222 0.40310077519379844 0.4888888888888889 0.4263565891472868 0.5055555555555555 0.43410852713178294 0.5055555555555555 0.4418604651162791 0.5111111111111111 0.4496124031007752 0.5111111111111111 0.4573643410852713 0.5166666666666667 0.46511627906976744 0.5166666666666667 0.46511627906976744 0.5222222222222223 0.4728682170542636 0.5277777777777778 0.4728682170542636 0.5333333333333333 0.4883720930232558 0.5444444444444444 0.49612403100775193 0.5444444444444444 0.5116279069767442 0.5555555555555556 0.5271317829457365 0.5555555555555556 0.5348837209302325 0.5611111111111111 0.5503875968992248 0.5611111111111111 0.5503875968992248 0.5666666666666667 0.5581395348837209 0.5722222222222222 0.5581395348837209 0.5777777777777777 0.5658914728682171 0.5833333333333334 0.5813953488372093 0.5833333333333334 0.5891472868217055 0.5888888888888889 0.5968992248062015 0.5888888888888889 0.6046511627906976 0.5944444444444444 0.6124031007751938 0.5944444444444444 0.6201550387596899 0.5888888888888889 0.627906976744186 0.5944444444444444 0.627906976744186 0.6111111111111112 0.6356589147286822 0.6166666666666667 0.6356589147286822 0.6222222222222222 0.6434108527131783 0.6277777777777778 0.6589147286821705 0.6277777777777778 0.6666666666666666 0.6333333333333333 0.6821705426356589 0.6333333333333333 0.6821705426356589 0.6388888888888888 0.6666666666666666 0.65 0.6589147286821705 0.65 0.6511627906976745 0.6555555555555556 0.6356589147286822 0.6444444444444445 0.6356589147286822 0.6333333333333333 0.627906976744186 0.6277777777777778 0.6201550387596899 0.6277777777777778 0.6124031007751938 0.6222222222222222 0.6046511627906976 0.6222222222222222 0.5891472868217055 0.6333333333333333 0.5891472868217055 0.6388888888888888 0.5813953488372093 0.6444444444444445 0.5813953488372093 0.65 0.5736434108527132 0.6555555555555556 0.5736434108527132 0.6666666666666666 0.5658914728682171 0.6722222222222223 0.5658914728682171 0.6777777777777778 0.5503875968992248 0.6888888888888889 0.5503875968992248 0.6944444444444444 0.5348837209302325 0.7055555555555556 0.5348837209302325 0.7333333333333333 0.5271317829457365 0.7388888888888889 0.49612403100775193 0.7388888888888889 0.49612403100775193 0.7333333333333333 0.4728682170542636 0.7166666666666667 0.46511627906976744 0.7166666666666667 0.4496124031007752 0.7055555555555556 0.4418604651162791 0.7055555555555556 0.4263565891472868 0.6944444444444444 0.4186046511627907 0.6944444444444444 0.40310077519379844 0.6833333333333333 0.3953488372093023 0.6833333333333333 0.37209302325581395 0.6666666666666666 0.37209302325581395 0.65 0.3643410852713178 0.6444444444444445 0.3488372093023256 0.6444444444444445 0.34108527131782945 0.6388888888888888 0.3178294573643411 0.6388888888888888 0.3023255813953488 0.6277777777777778 0.29457364341085274 0.6277777777777778 0.27906976744186046 0.6166666666666667 0.2713178294573643 0.6166666666666667 0.26356589147286824 0.6111111111111112 0.2558139534883721 0.6111111111111112 0.24031007751937986 0.6 0.24031007751937986 0.5944444444444444 0.23255813953488372 0.5888888888888889 0.23255813953488372 0.5722222222222222 0.2248062015503876 0.5666666666666667 0.2248062015503876 0.5611111111111111 0.24031007751937986 0.55 0.24031007751937986 0.5444444444444444 0.24806201550387597 0.5388888888888889 0.24806201550387597 0.5277777777777778 0.2558139534883721 0.5222222222222223 0.26356589147286824 0.5222222222222223 0.2713178294573643 0.5166666666666667 0.2713178294573643 0.5055555555555555 0.29457364341085274 0.4888888888888889 0.29457364341085274 0.48333333333333334 0.3178294573643411 0.4666666666666667
19 0.6666666666666666 0.6722222222222223 0.6666666666666666 0.6833333333333333 0.6821705426356589 0.6944444444444444 0.6821705426356589 0.7 0.689922480620155 0.7055555555555556 0.689922480620155 0.7111111111111111 0.6976744186046512 0.7166666666666667 0.689922480620155 0.7222222222222222 0.689922480620155 0.7333333333333333 0.6976744186046512 0.7388888888888889 0.7054263565891473 0.7388888888888889 0.7131782945736435 0.7444444444444445 0.7209302325581395 0.7388888888888889 0.7286821705426356 0.7388888888888889 0.7286821705426356 0.7444444444444445 0.7364341085271318 0.75 0.7441860465116279 0.7444444444444445 0.751937984496124 0.7444444444444445 0.7441860465116279 0.7444444444444445 0.7364341085271318 0.75 0.751937984496124 0.7611111111111111 0.7596899224806202 0.7611111111111111 0.7674418604651163 0.7555555555555555 0.7674418604651163 0.7611111111111111 0.7751937984496124 0.7666666666666667 0.7829457364341085 0.7611111111111111 0.7829457364341085 0.7444444444444445 0.7984496124031008 0.7444444444444445 0.7906976744186046 0.75 0.7906976744186046 0.7555555555555555 0.7829457364341085 0.7611111111111111 0.7984496124031008 0.7722222222222223 0.813953488372093 0.7611111111111111 0.813953488372093 0.7555555555555555 0.8294573643410853 0.7444444444444445 0.8217054263565892 0.7388888888888889 0.813953488372093 0.7388888888888889 0.813953488372093 0.7333333333333333 0.8294573643410853 0.7333333333333333 0.8372093023255814 0.7277777777777777 0.8372093023255814 0.7166666666666667 0.8449612403100775 0.7166666666666667 0.8527131782945736 0.7222222222222222 0.8449612403100775 0.7277777777777777 0.8527131782945736 0.7333333333333333 0.8449612403100775 0.7388888888888889 0.8449612403100775 0.7444444444444445 0.8372093023255814 0.75 0.8372093023255814 0.7666666666666667 0.8449612403100775 0.7722222222222223 0.8449612403100775 0.7944444444444444 0.8372093023255814 0.8 0.8372093023255814 0.8166666666666667 0.8527131782945736 0.8277777777777777 0.8527131782945736 0.8333333333333334 0.8604651162790697 0.8388888888888889 0.8449612403100775 0.8388888888888889 0.8294573643410853 0.85 0.8294573643410853 0.8722222222222222 0.8372093023255814 0.8777777777777778 0.8449612403100775 0.8777777777777778 0.8527131782945736 0.8833333333333333 0.8604651162790697 0.8777777777777778 0.8682170542635659 0.8777777777777778 0.8837209302325582 0.8666666666666667 0.8837209302325582 0.85 0.875968992248062 0.8444444444444444 0.875968992248062 0.8388888888888889 0.875968992248062 0.8444444444444444 0.8914728682170543 0.8555555555555555 0.8914728682170543 0.8611111111111112 0.9147286821705426 0.8777777777777778 0.8992248062015504 0.8888888888888888 0.8992248062015504 0.9166666666666666 0.8914728682170543 0.9166666666666666 0.8837209302325582 0.9222222222222223 0.8682170542635659 0.9222222222222223 0.8604651162790697 0.9166666666666666 0.8527131782945736 0.9222222222222223 0.8062015503875969 0.9222222222222223 0.813953488372093 0.9166666666666666 0.8062015503875969 0.9111111111111111 0.8062015503875969 0.9 0.7984496124031008 0.8944444444444445 0.7674418604651163 0.8944444444444445 0.7596899224806202 0.9 0.7596899224806202 0.9277777777777778 0.7286821705426356 0.9277777777777778 0.7209302325581395 0.9222222222222223 0.6666666666666666 0.9222222222222223 0.6589147286821705 0.9277777777777778 0.6434108527131783 0.9277777777777778 0.6356589147286822 0.9222222222222223 0.6124031007751938 0.9222222222222223 0.6046511627906976 0.9166666666666666 0.5968992248062015 0.9222222222222223 0.49612403100775193 0.9222222222222223 0.4883720930232558 0.9277777777777778 0.4806201550387597 0.9277777777777778 0.4728682170542636 0.9222222222222223 0.4186046511627907 0.9222222222222223 0.4108527131782946 0.9277777777777778 0.40310077519379844 0.9222222222222223 0.3953488372093023 0.9222222222222223 0.3953488372093023 0.9166666666666666 0.3875968992248062 0.9111111111111111 0.3875968992248062 0.8944444444444445 0.40310077519379844 0.8833333333333333 0.40310077519379844 0.8777777777777778 0.43410852713178294 0.8555555555555555 0.4418604651162791 0.8555555555555555 0.49612403100775193 0.8166666666666667 0.49612403100775193 0.8111111111111111 0.5193798449612403 0.7944444444444444 0.5193798449612403 0.7888888888888889 0.5271317829457365 0.7833333333333333 0.5271317829457365 0.7777777777777778 0.5348837209302325 0.7722222222222223 0.5348837209302325 0.7666666666666667 0.5426356589147286 0.7666666666666667 0.5503875968992248 0.7611111111111111 0.5503875968992248 0.7555555555555555 0.5813953488372093 0.7333333333333333 0.5891472868217055 0.7333333333333333 0.6124031007751938 0.7166666666666667 0.6124031007751938 0.7111111111111111 0.6589147286821705 0.6777777777777778
19 0.3643410852713178 0.044444444444444446 0.37209302325581395 0.05 0.3953488372093023 0.05 0.40310077519379844 0.044444444444444446 0.4263565891472868 0.044444444444444446 0.43410852713178294 0.05 0.4418604651162791 0.05 0.4496124031007752 0.044444444444444446 0.5813953488372093 0.044444444444444446 0.5891472868217055 0.03888888888888889 0.6434108527131783 0.03888888888888889 0.6511627906976745 0.03333333333333333 0.6744186046511628 0.03333333333333333 0.6821705426356589 0.027777777777777776 0.7054263565891473 0.027777777777777776 0.7131782945736435 0.022222222222222223 0.7209302325581395 0.022222222222222223 0.7286821705426356 0.016666666666666666 0.7441860465116279 0.016666666666666666 0.751937984496124 0.011111111111111112 0.7751937984496124 0.011111111111111112 0.7829457364341085 0.016666666666666666 0.7829457364341085 0.1 0.7751937984496124 0.10555555555555556 0.7751937984496124 0.1111111111111111 0.7596899224806202 0.12222222222222222 0.751937984496124 0.12222222222222222 0.7441860465116279 0.12777777777777777 0.7441860465116279 0.15555555555555556 0.751937984496124 0.16111111111111112 0.751937984496124 0.16666666666666666 0.7441860465116279 0.17222222222222222 0.7441860465116279 0.17777777777777778 0.7364341085271318 0.18333333333333332 0.7286821705426356 0.18333333333333332 0.7209302325581395 0.18888888888888888 0.7054263565891473 0.18888888888888888 0.6976744186046512 0.19444444444444445 0.6356589147286822 0.19444444444444445 0.627906976744186 0.2 0.5968992248062015 0.2 0.5891472868217055 0.20555555555555555 0.4883720930232558 0.20555555555555555 0.4806201550387597 0.2111111111111111 0.4186046511627907 0.2111111111111111 0.4108527131782946 0.20555555555555555 0.40310077519379844 0.2111111111111111 0.29457364341085274 0.2111111111111111 0.2868217054263566 0.20555555555555555 0.27906976744186046 0.20555555555555555 0.26356589147286824 0.19444444444444445 0.26356589147286824 0.18888888888888888 0.2558139534883721 0.18333333333333332 0.2558139534883721 0.06666666666666667 0.26356589147286824 0.06111111111111111 0.26356589147286824 0.05555555555555555 0.2713178294573643 0.05 0.27906976744186046 0.05 0.2868217054263566 0.044444444444444446 0.35658914728682173 0.044444444444444446
19 0.37209302325581395 0 0.5193798449612403 0 0.5193798449612403 0.016666666666666666 0.5271317829457365 0.022222222222222223 0.5271317829457365 0.03333333333333333 0.46511627906976744 0.03333333333333333 0.4573643410852713 0.03888888888888889 0.3798449612403101 0.03888888888888889 0.3798449612403101 0.027777777777777776 0.37209302325581395 0.022222222222222223 0.37209302325581395 0.005555555555555556
19 0.14728682170542637 0.5888888888888889 0.14728682170542637 0.6 0.15503875968992248 0.6055555555555555 0.15503875968992248 0.6111111111111112 0.17054263565891473 0.6222222222222222 0.17054263565891473 0.6277777777777778 0.1937984496124031 0.6444444444444445 0.2248062015503876 0.6444444444444445 0.2248062015503876 0.6611111111111111 0.20155038759689922 0.6777777777777778 0.1937984496124031 0.6777777777777778 0.18604651162790697 0.6833333333333333 0.17054263565891473 0.6833333333333333 0.16279069767441862 0.6888888888888889 0.15503875968992248 0.6888888888888889 0.14728682170542637 0.6944444444444444 0.13178294573643412 0.6944444444444444 0.12403100775193798 0.7 0.10852713178294573 0.7 0.10852713178294573 0.6944444444444444 0.10077519379844961 0.6888888888888889 0.09302325581395349 0.6888888888888889 0.08527131782945736 0.6833333333333333 0.07751937984496124 0.6833333333333333 0.06976744186046512 0.6777777777777778 0.046511627906976744 0.6777777777777778 0.03875968992248062 0.6833333333333333 0.03875968992248062 0.6888888888888889 0.031007751937984496 0.6888888888888889 0.023255813953488372 0.6944444444444444 0.023255813953488372 0.6888888888888889 0.015503875968992248 0.6833333333333333 0.007751937984496124 0.6888888888888889 0.007751937984496124 0.6944444444444444 0 0.6888888888888889 0 0.6833333333333333 0.007751937984496124 0.6777777777777778 0.007751937984496124 0.6611111111111111 0 0.6555555555555556 0 0.6444444444444445 0.007751937984496124 0.6388888888888888 0.007751937984496124 0.6222222222222222 0 0.6166666666666667 0 0.6 0.007751937984496124 0.6 0.015503875968992248 0.6055555555555555 0.023255813953488372 0.6055555555555555 0.031007751937984496 0.6111111111111112 0.03875968992248062 0.6111111111111112 0.046511627906976744 0.6055555555555555 0.05426356589147287 0.6111111111111112 0.06201550387596899 0.6055555555555555 0.06976744186046512 0.6055555555555555 0.08527131782945736 0.5944444444444444 0.09302325581395349 0.5944444444444444 0.10077519379844961 0.5888888888888889 0.13953488372093023 0.5888888888888889
19 0.7286821705426356 0.2111111111111111 0.751937984496124 0.22777777777777777 0.7596899224806202 0.22777777777777777 0.7596899224806202 0.2388888888888889 0.7674418604651163 0.24444444444444444 0.7674418604651163 0.25555555555555554 0.7596899224806202 0.2611111111111111 0.7596899224806202 0.26666666666666666 0.751937984496124 0.2722222222222222 0.751937984496124 0.2777777777777778 0.7441860465116279 0.2833333333333333 0.7441860465116279 0.28888888888888886 0.7286821705426356 0.3 0.7054263565891473 0.3 0.6976744186046512 0.29444444444444445 0.689922480620155 0.29444444444444445 0.6744186046511628 0.2833333333333333 0.6511627906976745 0.2833333333333333 0.6434108527131783 0.2777777777777778 0.627906976744186 0.2777777777777778 0.6201550387596899 0.2722222222222222 0.6124031007751938 0.2722222222222222 0.6046511627906976 0.26666666666666666 0.5968992248062015 0.26666666666666666 0.5891472868217055 0.2611111111111111 0.5813953488372093 0.2611111111111111 0.5736434108527132 0.25555555555555554 0.5658914728682171 0.25555555555555554 0.5581395348837209 0.25 0.5581395348837209 0.24444444444444444 0.5658914728682171 0.2388888888888889 0.5658914728682171 0.23333333333333334 0.5736434108527132 0.22777777777777777 0.5736434108527132 0.2222222222222222 0.5813953488372093 0.21666666666666667 0.5891472868217055 0.21666666666666667 0.5968992248062015 0.2111111111111111 0.6356589147286822 0.2111111111111111 0.6434108527131783 0.20555555555555555 0.6976744186046512 0.20555555555555555 0.7054263565891473 0.2111111111111111 0.7209302325581395 0.2111111111111111
19 0.6046511627906976 0.7333333333333333 0.6046511627906976 0.7388888888888889 0.6124031007751938 0.7444444444444445 0.6046511627906976 0.75 0.6046511627906976 0.7666666666666667 0.5968992248062015 0.7722222222222223 0.5968992248062015 0.7833333333333333 0.6046511627906976 0.7888888888888889 0.6124031007751938 0.7888888888888889 0.6201550387596899 0.7944444444444444 0.6201550387596899 0.8444444444444444 0.6124031007751938 0.85 0.6201550387596899 0.8555555555555555 0.6201550387596899 0.8722222222222222 0.627906976744186 0.8777777777777778 0.627906976744186 0.9 0.6201550387596899 0.9055555555555556 0.627906976744186 0.9111111111111111 0.6201550387596899 0.9055555555555556 0.6124031007751938 0.9111111111111111 0.5968992248062015 0.9111111111111111 0.5891472868217055 0.9166666666666666 0.5813953488372093 0.9111111111111111 0.5736434108527132 0.9166666666666666 0.5503875968992248 0.9166666666666666 0.5426356589147286 0.9222222222222223 0.5193798449612403 0.9222222222222223 0.5116279069767442 0.9166666666666666 0.5038759689922481 0.9222222222222223 0.4728682170542636 0.9222222222222223 0.46511627906976744 0.9277777777777778 0.4573643410852713 0.9222222222222223 0.4496124031007752 0.9222222222222223 0.4418604651162791 0.9277777777777778 0.40310077519379844 0.9277777777777778 0.3953488372093023 0.9222222222222223 0.3953488372093023 0.9166666666666666 0.3875968992248062 0.9111111111111111 0.3875968992248062 0.8944444444444445 0.3953488372093023 0.8888888888888888 0.3953488372093023 0.8833333333333333 0.4263565891472868 0.8611111111111112 0.4263565891472868 0.8555555555555555 0.4418604651162791 0.8555555555555555 0.4496124031007752 0.85 0.4496124031007752 0.8444444444444444 0.4573643410852713 0.8444444444444444 0.49612403100775193 0.8166666666666667 0.49612403100775193 0.8111111111111111 0.5193798449612403 0.7944444444444444 0.5193798449612403 0.7888888888888889 0.5271317829457365 0.7833333333333333 0.5271317829457365 0.7777777777777778 0.5348837209302325 0.7722222222222223 0.5348837209302325 0.7666666666666667 0.5426356589147286 0.7611111111111111 0.5503875968992248 0.7611111111111111 0.5891472868217055 0.7333333333333333 0.5968992248062015 0.7333333333333333
19 0.4806201550387597 0.24444444444444444 0.4883720930232558 0.25 0.5116279069767442 0.25 0.5193798449612403 0.25555555555555554 0.5271317829457365 0.25555555555555554 0.5271317829457365 0.2777777777777778 0.5348837209302325 0.2833333333333333 0.5426356589147286 0.2777777777777778 0.5426356589147286 0.2611111111111111 0.5503875968992248 0.2611111111111111 0.5581395348837209 0.26666666666666666 0.5658914728682171 0.26666666666666666 0.5736434108527132 0.2722222222222222 0.5813953488372093 0.2722222222222222 0.5891472868217055 0.2777777777777778 0.6046511627906976 0.2777777777777778 0.6124031007751938 0.2833333333333333 0.6201550387596899 0.2833333333333333 0.627906976744186 0.28888888888888886 0.627906976744186 0.29444444444444445 0.6124031007751938 0.3055555555555556 0.6201550387596899 0.3111111111111111 0.6201550387596899 0.3333333333333333 0.6046511627906976 0.32222222222222224 0.5968992248062015 0.3277777777777778 0.5968992248062015 0.3333333333333333 0.6046511627906976 0.3388888888888889 0.6046511627906976 0.34444444444444444 0.5968992248062015 0.35 0.5968992248062015 0.37777777777777777 0.6046511627906976 0.38333333333333336 0.6124031007751938 0.38333333333333336 0.627906976744186 0.39444444444444443 0.6511627906976745 0.39444444444444443 0.6511627906976745 0.40555555555555556 0.6589147286821705 0.4111111111111111 0.6744186046511628 0.4111111111111111 0.6821705426356589 0.40555555555555556 0.6821705426356589 0.4 0.689922480620155 0.4 0.7131782945736435 0.4166666666666667 0.7131782945736435 0.42777777777777776 0.6976744186046512 0.42777777777777776 0.689922480620155 0.43333333333333335 0.689922480620155 0.4388888888888889 0.689922480620155 0.4222222222222222 0.7054263565891473 0.4111111111111111 0.6976744186046512 0.40555555555555556 0.689922480620155 0.40555555555555556 0.6666666666666666 0.4222222222222222 0.6666666666666666 0.42777777777777776 0.6511627906976745 0.4388888888888889 0.6511627906976745 0.43333333333333335 0.6434108527131783 0.42777777777777776 0.6356589147286822 0.43333333333333335 0.6046511627906976 0.4111111111111111 0.5968992248062015 0.4166666666666667 0.5891472868217055 0.4111111111111111 0.5813953488372093 0.4166666666666667 0.5813953488372093 0.4222222222222222 0.5891472868217055 0.42777777777777776 0.6046511627906976 0.42777777777777776 0.5968992248062015 0.43333333333333335 0.6124031007751938 0.4444444444444444 0.6201550387596899 0.4388888888888889 0.627906976744186 0.4444444444444444 0.6356589147286822 0.4444444444444444 0.6356589147286822 0.48333333333333334 0.6356589147286822 0.4666666666666667 0.627906976744186 0.46111111111111114 0.6124031007751938 0.4722222222222222 0.6201550387596899 0.4777777777777778 0.6201550387596899 0.4888888888888889 0.6124031007751938 0.49444444444444446 0.6124031007751938 0.5 0.6046511627906976 0.5055555555555555 0.5891472868217055 0.5055555555555555 0.5891472868217055 0.48333333333333334 0.5813953488372093 0.4777777777777778 0.5736434108527132 0.48333333333333334 0.5736434108527132 0.4888888888888889 0.5581395348837209 0.4888888888888889 0.5503875968992248 0.48333333333333334 0.5426356589147286 0.48333333333333334 0.5503875968992248 0.4777777777777778 0.5426356589147286 0.4722222222222222 0.5348837209302325 0.4722222222222222 0.5271317829457365 0.4777777777777778 0.49612403100775193 0.4777777777777778 0.4883720930232558 0.4722222222222222 0.4728682170542636 0.48333333333333334 0.46511627906976744 0.48333333333333334 0.46511627906976744 0.4777777777777778 0.4496124031007752 0.4666666666666667 0.4418604651162791 0.4666666666666667 0.4418604651162791 0.45555555555555555 0.4263565891472868 0.4444444444444444 0.4186046511627907 0.45 0.4186046511627907 0.45555555555555555 0.4108527131782946 0.45555555555555555 0.3953488372093023 0.4444444444444444 0.3798449612403101 0.4444444444444444 0.3643410852713178 0.43333333333333335 0.3643410852713178 0.42777777777777776 0.35658914728682173 0.4222222222222222 0.3643410852713178 0.4166666666666667 0.3643410852713178 0.4111111111111111 0.37209302325581395 0.40555555555555556 0.37209302325581395 0.3888888888888889 0.3798449612403101 0.38333333333333336 0.3798449612403101 0.37777777777777777 0.3875968992248062 0.37222222222222223 0.3875968992248062 0.3611111111111111 0.40310077519379844 0.35 0.40310077519379844 0.3388888888888889 0.4108527131782946 0.3388888888888889 0.4186046511627907 0.3333333333333333 0.4186046511627907 0.3111111111111111 0.4263565891472868 0.3055555555555556 0.43410852713178294 0.3055555555555556 0.4418604651162791 0.3 0.43410852713178294 0.29444444444444445 0.43410852713178294 0.28888888888888886 0.4496124031007752 0.2777777777777778 0.4496124031007752 0.2722222222222222 0.4573643410852713 0.26666666666666666 0.4573643410852713 0.25 0.46511627906976744 0.25 0.4728682170542636 0.25555555555555554 0.4806201550387597 0.25
19 0.875968992248062 0 0.9069767441860465 0 0.9147286821705426 0.005555555555555556 0.9224806201550387 0.005555555555555556 0.9147286821705426 0.005555555555555556 0.9069767441860465 0.011111111111111112 0.9069767441860465 0.03888888888888889 0.9147286821705426 0.044444444444444446 0.9069767441860465 0.05 0.9147286821705426 0.05555555555555555 0.9147286821705426 0.06666666666666667 0.9302325581395349 0.07777777777777778 0.9302325581395349 0.08333333333333333 0.9224806201550387 0.08888888888888889 0.9224806201550387 0.12222222222222222 0.9302325581395349 0.12777777777777777 0.9302325581395349 0.1388888888888889 0.937984496124031 0.14444444444444443 0.937984496124031 0.16111111111111112 0.9457364341085271 0.16666666666666666 0.9457364341085271 0.2111111111111111 0.9534883720930233 0.21666666666666667 0.9534883720930233 0.2222222222222222 0.9612403100775194 0.22777777777777777 0.9612403100775194 0.23333333333333334 0.9689922480620154 0.2388888888888889 0.9689922480620154 0.25555555555555554 0.9767441860465116 0.2611111111111111 0.9767441860465116 0.2722222222222222 0.9689922480620154 0.2777777777777778 0.9689922480620154 0.2833333333333333 0.9534883720930233 0.2722222222222222 0.9534883720930233 0.25555555555555554 0.9457364341085271 0.25 0.9457364341085271 0.2388888888888889 0.937984496124031 0.23333333333333334 0.937984496124031 0.2111111111111111 0.9302325581395349 0.20555555555555555 0.9302325581395349 0.18888888888888888 0.9224806201550387 0.18333333333333332 0.9224806201550387 0.16666666666666666 0.9147286821705426 0.16111111111111112 0.9147286821705426 0.14444444444444443 0.9069767441860465 0.1388888888888889 0.9069767441860465 0.10555555555555556 0.8992248062015504 0.1 0.8992248062015504 0.08333333333333333 0.8914728682170543 0.07777777777777778 0.8914728682170543 0.06111111111111111 0.8837209302325582 0.05555555555555555 0.8837209302325582 0.016666666666666666 0.875968992248062 0.011111111111111112 0.875968992248062 0.005555555555555556
19 0.07751937984496124 0.4166666666666667 0.08527131782945736 0.4166666666666667 0.09302325581395349 0.4222222222222222 0.10077519379844961 0.4222222222222222 0.11627906976744186 0.43333333333333335 0.11627906976744186 0.4444444444444444 0.13178294573643412 0.45555555555555555 0.13953488372093023 0.45555555555555555 0.13178294573643412 0.46111111111111114 0.13953488372093023 0.4666666666666667 0.13953488372093023 0.49444444444444446 0.15503875968992248 0.5055555555555555 0.15503875968992248 0.5111111111111111 0.16279069767441862 0.5166666666666667 0.16279069767441862 0.5388888888888889 0.17054263565891473 0.5444444444444444 0.16279069767441862 0.55 0.16279069767441862 0.5611111111111111 0.17829457364341086 0.5722222222222222 0.16279069767441862 0.5722222222222222 0.14728682170542637 0.5611111111111111 0.14728682170542637 0.5555555555555556 0.13953488372093023 0.55 0.13953488372093023 0.5388888888888889 0.13178294573643412 0.5333333333333333 0.13178294573643412 0.5277777777777778 0.12403100775193798 0.5222222222222223 0.12403100775193798 0.5111111111111111 0.11627906976744186 0.5055555555555555 0.11627906976744186 0.5 0.10852713178294573 0.49444444444444446 0.10852713178294573 0.48333333333333334 0.10077519379844961 0.4777777777777778 0.10077519379844961 0.4666666666666667 0.09302325581395349 0.46111111111111114 0.09302325581395349 0.45 0.07751937984496124 0.4388888888888889 0.07751937984496124 0.4222222222222222
19 0.23255813953488372 0.3111111111111111 0.24031007751937986 0.31666666666666665 0.24806201550387597 0.3111111111111111 0.29457364341085274 0.3111111111111111 0.3023255813953488 0.3055555555555556 0.31007751937984496 0.3055555555555556 0.3178294573643411 0.3111111111111111 0.32558139534883723 0.3111111111111111 0.32558139534883723 0.31666666666666665 0.3333333333333333 0.32222222222222224 0.3333333333333333 0.3333333333333333 0.34108527131782945 0.3388888888888889 0.34108527131782945 0.37222222222222223 0.3488372093023256 0.37777777777777777 0.3488372093023256 0.4 0.34108527131782945 0.40555555555555556 0.3333333333333333 0.40555555555555556 0.32558139534883723 0.4111111111111111 0.32558139534883723 0.4166666666666667 0.31007751937984496 0.4166666666666667 0.3023255813953488 0.4111111111111111 0.29457364341085274 0.4166666666666667 0.27906976744186046 0.4166666666666667 0.26356589147286824 0.40555555555555556 0.2558139534883721 0.4111111111111111 0.2558139534883721 0.4222222222222222 0.24806201550387597 0.42777777777777776 0.24806201550387597 0.4444444444444444 0.2713178294573643 0.46111111111111114 0.27906976744186046 0.46111111111111114 0.27906976744186046 0.4722222222222222 0.2713178294573643 0.4777777777777778 0.2713178294573643 0.48333333333333334 0.2558139534883721 0.49444444444444446 0.2558139534883721 0.5 0.24806201550387597 0.5 0.24031007751937986 0.49444444444444446 0.23255813953488372 0.49444444444444446 0.2248062015503876 0.4888888888888889 0.20930232558139536 0.4888888888888889 0.18604651162790697 0.5055555555555555 0.18604651162790697 0.5111111111111111 0.17829457364341086 0.5166666666666667 0.17829457364341086 0.5277777777777778 0.20930232558139536 0.55 0.20930232558139536 0.5611111111111111 0.20155038759689922 0.5666666666666667 0.20155038759689922 0.5722222222222222 0.18604651162790697 0.5722222222222222 0.17829457364341086 0.5777777777777777 0.16279069767441862 0.5777777777777777 0.14728682170542637 0.5666666666666667 0.14728682170542637 0.55 0.13953488372093023 0.5444444444444444 0.13953488372093023 0.5333333333333333 0.13178294573643412 0.5277777777777778 0.13178294573643412 0.5222222222222223 0.12403100775193798 0.5166666666666667 0.12403100775193798 0.5055555555555555 0.11627906976744186 0.5 0.11627906976744186 0.49444444444444446 0.10852713178294573 0.4888888888888889 0.10852713178294573 0.4777777777777778 0.10077519379844961 0.4722222222222222 0.10077519379844961 0.4666666666666667 0.09302325581395349 0.46111111111111114 0.09302325581395349 0.45 0.08527131782945736 0.4444444444444444 0.08527131782945736 0.4388888888888889 0.07751937984496124 0.43333333333333335 0.07751937984496124 0.4222222222222222 0.06976744186046512 0.4166666666666667 0.06976744186046512 0.4111111111111111 0.06201550387596899 0.40555555555555556 0.031007751937984496 0.40555555555555556 0.023255813953488372 0.4 0.023255813953488372 0.38333333333333336 0.031007751937984496 0.37777777777777777 0.031007751937984496 0.37222222222222223 0.023255813953488372 0.36666666666666664 0.031007751937984496 0.37222222222222223 0.03875968992248062 0.36666666666666664 0.03875968992248062 0.3611111111111111 0.03875968992248062 0.37777777777777777 0.05426356589147287 0.3888888888888889 0.05426356589147287 0.39444444444444443 0.06201550387596899 0.4 0.06976744186046512 0.4 0.07751937984496124 0.40555555555555556 0.08527131782945736 0.40555555555555556 0.09302325581395349 0.4111111111111111 0.10077519379844961 0.4111111111111111 0.10852713178294573 0.40555555555555556 0.11627906976744186 0.40555555555555556 0.12403100775193798 0.4 0.13178294573643412 0.4 0.13953488372093023 0.39444444444444443 0.13953488372093023 0.3888888888888889 0.14728682170542637 0.38333333333333336 0.14728682170542637 0.35555555555555557 0.12403100775193798 0.3388888888888889 0.12403100775193798 0.31666666666666665 0.13178294573643412 0.3111111111111111 0.17054263565891473 0.3111111111111111 0.17829457364341086 0.31666666666666665 0.18604651162790697 0.3111111111111111 0.1937984496124031 0.3111111111111111 0.20155038759689922 0.31666666666666665 0.2248062015503876 0.31666666666666665
19 0.5271317829457365 0 0.6046511627906976 0 0.6124031007751938 0.005555555555555556 0.6201550387596899 0.005555555555555556 0.627906976744186 0 0.6821705426356589 0 0.6821705426356589 0.005555555555555556 0.689922480620155 0.011111111111111112 0.7054263565891473 0.011111111111111112 0.7131782945736435 0.005555555555555556 0.7131782945736435 0 0.7596899224806202 0 0.751937984496124 0 0.7441860465116279 0.005555555555555556 0.7364341085271318 0.005555555555555556 0.7286821705426356 0.011111111111111112 0.7209302325581395 0.011111111111111112 0.7131782945736435 0.016666666666666666 0.6976744186046512 0.016666666666666666 0.689922480620155 0.022222222222222223 0.6666666666666666 0.022222222222222223 0.6589147286821705 0.027777777777777776 0.6356589147286822 0.027777777777777776 0.627906976744186 0.03333333333333333 0.5426356589147286 0.03333333333333333 0.5426356589147286 0.027777777777777776 0.5348837209302325 0.022222222222222223 0.5348837209302325 0.011111111111111112 0.5271317829457365 0.005555555555555556
19 0.31007751937984496 0.6555555555555556 0.3178294573643411 0.6555555555555556 0.31007751937984496 0.6611111111111111 0.31007751937984496 0.6666666666666666 0.2868217054263566 0.6833333333333333 0.27906976744186046 0.6833333333333333 0.26356589147286824 0.6944444444444444 0.26356589147286824 0.7111111111111111 0.2558139534883721 0.7166666666666667 0.2558139534883721 0.7222222222222222 0.26356589147286824 0.7277777777777777 0.2713178294573643 0.7277777777777777 0.2713178294573643 0.7333333333333333 0.27906976744186046 0.7388888888888889 0.3178294573643411 0.7388888888888889 0.32558139534883723 0.7333333333333333 0.3488372093023256 0.7333333333333333 0.3333333333333333 0.7333333333333333 0.32558139534883723 0.7388888888888889 0.32558139534883723 0.75 0.3178294573643411 0.7555555555555555 0.3178294573643411 0.8111111111111111 0.3178294573643411 0.8055555555555556 0.31007751937984496 0.8 0.2868217054263566 0.8 0.27906976744186046 0.7944444444444444 0.26356589147286824 0.7944444444444444 0.2558139534883721 0.8 0.24806201550387597 0.7944444444444444 0.2248062015503876 0.8111111111111111 0.21705426356589147 0.8111111111111111 0.20155038759689922 0.8222222222222222 0.20155038759689922 0.8277777777777777 0.17829457364341086 0.8444444444444444 0.17829457364341086 0.8666666666666667 0.20155038759689922 0.8833333333333333 0.21705426356589147 0.8833333333333333 0.2248062015503876 0.8888888888888888 0.2558139534883721 0.8888888888888888 0.2868217054263566 0.8666666666666667 0.29457364341085274 0.8666666666666667 0.3178294573643411 0.85 0.3178294573643411 0.8444444444444444 0.3333333333333333 0.8333333333333334 0.34108527131782945 0.8333333333333334 0.3488372093023256 0.8388888888888889 0.35658914728682173 0.8388888888888889 0.3643410852713178 0.8444444444444444 0.3875968992248062 0.8444444444444444 0.3953488372093023 0.8388888888888889 0.40310077519379844 0.8444444444444444 0.40310077519379844 0.8611111111111112 0.3953488372093023 0.8666666666666667 0.3953488372093023 0.8722222222222222 0.3798449612403101 0.8833333333333333 0.32558139534883723 0.8833333333333333 0.3178294573643411 0.8777777777777778 0.31007751937984496 0.8833333333333333 0.31007751937984496 0.8888888888888888 0.2868217054263566 0.9055555555555556 0.27906976744186046 0.9055555555555556 0.2713178294573643 0.9111111111111111 0.26356589147286824 0.9111111111111111 0.2558139534883721 0.9166666666666666 0.24806201550387597 0.9166666666666666 0.24031007751937986 0.9222222222222223 0.17829457364341086 0.9222222222222223 0.17054263565891473 0.9277777777777778 0.14728682170542637 0.9277777777777778 0.14728682170542637 0.9222222222222223 0.15503875968992248 0.9166666666666666 0.15503875968992248 0.9111111111111111 0.17054263565891473 0.9 0.16279069767441862 0.8944444444444445 0.16279069767441862 0.8777777777777778 0.14728682170542637 0.8666666666666667 0.10077519379844961 0.8666666666666667 0.09302325581395349 0.8722222222222222 0.07751937984496124 0.8722222222222222 0.06976744186046512 0.8777777777777778 0.05426356589147287 0.8777777777777778 0.023255813953488372 0.9 0.023255813953488372 0.9111111111111111 0.023255813953488372 0.9 0.007751937984496124 0.8888888888888888 0.007751937984496124 0.8666666666666667 0.023255813953488372 0.8666666666666667 0.031007751937984496 0.8611111111111112 0.03875968992248062 0.8611111111111112 0.046511627906976744 0.8555555555555555 0.046511627906976744 0.85 0.05426356589147287 0.85 0.07751937984496124 0.8333333333333334 0.07751937984496124 0.8166666666666667 0.06976744186046512 0.8111111111111111 0.06976744186046512 0.8 0.05426356589147287 0.7888888888888889 0.046511627906976744 0.7888888888888889 0.03875968992248062 0.7833333333333333 0.031007751937984496 0.7833333333333333 0.023255813953488372 0.7777777777777778 0.015503875968992248 0.7777777777777778 0.007751937984496124 0.7833333333333333 0 0.7833333333333333 0 0.7611111111111111 0.007751937984496124 0.7666666666666667 0.015503875968992248 0.7611111111111111 0.03875968992248062 0.7611111111111111 0.046511627906976744 0.7555555555555555 0.046511627906976744 0.75 0.05426356589147287 0.75 0.06201550387596899 0.7444444444444445 0.06201550387596899 0.7388888888888889 0.06976744186046512 0.7388888888888889 0.07751937984496124 0.7333333333333333 0.08527131782945736 0.7333333333333333 0.09302325581395349 0.7277777777777777 0.10077519379844961 0.7277777777777777 0.10852713178294573 0.7222222222222222 0.10852713178294573 0.7166666666666667 0.11627906976744186 0.7111111111111111 0.11627906976744186 0.7055555555555556 0.12403100775193798 0.7 0.12403100775193798 0.6944444444444444 0.13178294573643412 0.6888888888888889 0.14728682170542637 0.6888888888888889 0.16279069767441862 0.7 0.17054263565891473 0.6944444444444444 0.17054263565891473 0.6888888888888889 0.17829457364341086 0.6944444444444444 0.18604651162790697 0.6888888888888889 0.1937984496124031 0.6944444444444444 0.20155038759689922 0.6888888888888889 0.20155038759689922 0.6833333333333333 0.20930232558139536 0.6777777777777778 0.21705426356589147 0.6777777777777778 0.23255813953488372 0.6666666666666666 0.23255813953488372 0.6611111111111111 0.2713178294573643 0.6611111111111111 0.27906976744186046 0.6555555555555556 0.2868217054263566 0.6555555555555556 0.29457364341085274 0.65 0.3023255813953488 0.65
19 0.9844961240310077 0.5333333333333333 0.9922480620155039 0.5333333333333333 0.9922480620155039 0.5944444444444444 0.9844961240310077 0.6 0.9844961240310077 0.6166666666666667 0.9922480620155039 0.6222222222222222 0.9922480620155039 0.6333333333333333 0.9844961240310077 0.6388888888888888 0.9767441860465116 0.6388888888888888 0.9612403100775194 0.6277777777777778 0.9612403100775194 0.6222222222222222 0.9534883720930233 0.6166666666666667 0.9534883720930233 0.6111111111111112 0.937984496124031 0.6 0.9457364341085271 0.6 0.9534883720930233 0.5944444444444444 0.9612403100775194 0.5944444444444444 0.9844961240310077 0.5777777777777777 0.9844961240310077 0.5388888888888889
19 0.1937984496124031 0.027777777777777776 0.20155038759689922 0.022222222222222223 0.20155038759689922 0.016666666666666666 0.21705426356589147 0.005555555555555556 0.24031007751937986 0.005555555555555556 0.24031007751937986 0.03333333333333333 0.24806201550387597 0.03888888888888889 0.24806201550387597 0.05555555555555555 0.24031007751937986 0.06111111111111111 0.20155038759689922 0.03333333333333333
19 0.7984496124031008 0.3388888888888889 0.813953488372093 0.3388888888888889 0.8294573643410853 0.35 0.8372093023255814 0.35 0.8449612403100775 0.35555555555555557 0.8604651162790697 0.35555555555555557 0.8682170542635659 0.3611111111111111 0.875968992248062 0.3611111111111111 0.8837209302325582 0.36666666666666664 0.8914728682170543 0.36666666666666664 0.8992248062015504 0.3611111111111111 0.9069767441860465 0.36666666666666664 0.9069767441860465 0.37222222222222223 0.9224806201550387 0.38333333333333336 0.9224806201550387 0.3888888888888889 0.9302325581395349 0.39444444444444443 0.937984496124031 0.39444444444444443 0.9457364341085271 0.3888888888888889 0.9457364341085271 0.39444444444444443 0.937984496124031 0.4 0.937984496124031 0.40555555555555556 0.9302325581395349 0.4111111111111111 0.9302325581395349 0.4444444444444444 0.9224806201550387 0.45 0.9224806201550387 0.45555555555555555 0.9302325581395349 0.46111111111111114 0.9302325581395349 0.48333333333333334 0.937984496124031 0.4888888888888889 0.937984496124031 0.5 0.9224806201550387 0.5 0.8992248062015504 0.5166666666666667 0.8914728682170543 0.5166666666666667 0.8914728682170543 0.5111111111111111 0.8837209302325582 0.5055555555555555 0.8837209302325582 0.5 0.875968992248062 0.49444444444444446 0.875968992248062 0.4888888888888889 0.8604651162790697 0.4777777777777778 0.8449612403100775 0.4777777777777778 0.8372093023255814 0.4722222222222222 0.8372093023255814 0.4666666666666667 0.7984496124031008 0.4388888888888889 0.7984496124031008 0.43333333333333335 0.8062015503875969 0.4388888888888889 0.8217054263565892 0.42777777777777776 0.8217054263565892 0.37777777777777777 0.8062015503875969 0.36666666666666664 0.8062015503875969 0.3611111111111111 0.7984496124031008 0.35555555555555557 0.7984496124031008 0.34444444444444444
19 0.8527131782945736 0.5611111111111111 0.875968992248062 0.5777777777777777 0.875968992248062 0.5833333333333334 0.9069767441860465 0.6055555555555555 0.9069767441860465 0.6222222222222222 0.8914728682170543 0.6333333333333333 0.8914728682170543 0.65 0.8992248062015504 0.6555555555555556 0.8992248062015504 0.6944444444444444 0.8914728682170543 0.7 0.8914728682170543 0.7055555555555556 0.8837209302325582 0.7111111111111111 0.875968992248062 0.7111111111111111 0.8604651162790697 0.7222222222222222 0.8449612403100775 0.7222222222222222 0.8372093023255814 0.7277777777777777 0.8294573643410853 0.7277777777777777 0.813953488372093 0.7388888888888889 0.8062015503875969 0.7388888888888889 0.7984496124031008 0.7444444444444445 0.8062015503875969 0.75 0.7984496124031008 0.7555555555555555 0.7984496124031008 0.7611111111111111 0.7906976744186046 0.7666666666666667 0.7906976744186046 0.7777777777777778 0.7829457364341085 0.7722222222222223 0.7751937984496124 0.7777777777777778 0.7674418604651163 0.7722222222222223 0.7674418604651163 0.7666666666666667 0.7364341085271318 0.7444444444444445 0.7364341085271318 0.7388888888888889 0.7286821705426356 0.7333333333333333 0.7209302325581395 0.7333333333333333 0.6976744186046512 0.7166666666666667 0.6976744186046512 0.7111111111111111 0.7054263565891473 0.7055555555555556 0.6976744186046512 0.7 0.689922480620155 0.7 0.7054263565891473 0.7 0.7131782945736435 0.6944444444444444 0.7131782945736435 0.6888888888888889 0.7054263565891473 0.6833333333333333 0.6821705426356589 0.6833333333333333 0.6744186046511628 0.6888888888888889 0.6744186046511628 0.6944444444444444 0.6744186046511628 0.6888888888888889 0.6666666666666666 0.6833333333333333 0.6666666666666666 0.6777777777777778 0.6821705426356589 0.6666666666666666 0.6821705426356589 0.6611111111111111 0.7054263565891473 0.6444444444444445 0.7131782945736435 0.6444444444444445 0.7209302325581395 0.6388888888888888 0.7286821705426356 0.6388888888888888 0.7364341085271318 0.6444444444444445 0.7441860465116279 0.6388888888888888 0.751937984496124 0.6388888888888888 0.7596899224806202 0.6333333333333333 0.7596899224806202 0.6277777777777778 0.7674418604651163 0.6222222222222222 0.7674418604651163 0.6166666666666667 0.7751937984496124 0.6111111111111112 0.7751937984496124 0.6 0.7906976744186046 0.5888888888888889 0.7906976744186046 0.5833333333333334 0.7984496124031008 0.5777777777777777 0.7984496124031008 0.5722222222222222 0.8062015503875969 0.5722222222222222 0.8217054263565892 0.5611111111111111 0.8449612403100775 0.5611111111111111
19 0.24031007751937986 0 0.3333333333333333 0 0.34108527131782945 0.005555555555555556 0.3488372093023256 0 0.3643410852713178 0 0.3643410852713178 0.016666666666666666 0.37209302325581395 0.022222222222222223 0.37209302325581395 0.03333333333333333 0.3643410852713178 0.03888888888888889 0.32558139534883723 0.03888888888888889 0.3178294573643411 0.03333333333333333 0.3023255813953488 0.03333333333333333 0.29457364341085274 0.03888888888888889 0.27906976744186046 0.03888888888888889 0.2713178294573643 0.044444444444444446 0.26356589147286824 0.044444444444444446 0.2558139534883721 0.05 0.2558139534883721 0.03888888888888889 0.24806201550387597 0.03333333333333333 0.24806201550387597 0.011111111111111112 0.24031007751937986 0.005555555555555556