19 0.04727272727272727 0.9672131147540983 0.05090909090909091 0.9726775956284153 0.05454545454545454 0.9726775956284153 0.05454545454545454 0.9836065573770492 0.014545454545454545 0.9836065573770492 0.014545454545454545 0.9781420765027322 0.025454545454545455 0.9672131147540983 0.04363636363636364 0.9672131147540983
19 0.9890909090909091 0.03278688524590164 0.9963636363636363 0.03278688524590164 0.9927272727272727 0.03825136612021858 0.9927272727272727 0.0546448087431694 0.9963636363636363 0.060109289617486336 0.9963636363636363 0.07650273224043716 0.9927272727272727 0.08196721311475409 0.9927272727272727 0.10382513661202186 0.9927272727272727 0.09289617486338798 0.9890909090909091 0.08743169398907104 0.9854545454545455 0.09289617486338798 0.9854545454545455 0.12021857923497267 0.9890909090909091 0.12568306010928962 0.9927272727272727 0.12568306010928962 0.9927272727272727 0.1366120218579235 0.9963636363636363 0.14207650273224043 0.9963636363636363 0.1912568306010929 0.9927272727272727 0.19672131147540983 0.9927272727272727 0.21311475409836064 0.9963636363636363 0.2185792349726776 0.9963636363636363 0.22950819672131148 0.9927272727272727 0.23497267759562843 0.9963636363636363 0.24043715846994534 0.9963636363636363 0.2786885245901639 0.9927272727272727 0.28415300546448086 0.9927272727272727 0.30601092896174864 0.9963636363636363 0.3114754098360656 0.9963636363636363 0.3825136612021858 0.9927272727272727 0.3879781420765027 0.9927272727272727 0.3989071038251366 0.9963636363636363 0.40437158469945356 0.9963636363636363 0.46994535519125685 0.9927272727272727 0.47540983606557374 0.9563636363636364 0.4207650273224044 0.9454545454545454 0.41530054644808745 0.92 0.3770491803278688 0.92 0.36065573770491804 0.9127272727272727 0.3442622950819672 0.9127272727272727 0.32786885245901637 0.9090909090909091 0.3224043715846995 0.9090909090909091 0.3114754098360656 0.9018181818181819 0.29508196721311475 0.9018181818181819 0.28415300546448086 0.8981818181818182 0.2786885245901639 0.8981818181818182 0.26229508196721313 0.8945454545454545 0.2568306010928962 0.8945454545454545 0.2459016393442623 0.8872727272727273 0.22950819672131148 0.8872727272727273 0.2185792349726776 0.8836363636363637 0.21311475409836064 0.8836363636363637 0.20218579234972678 0.88 0.19672131147540983 0.88 0.18032786885245902 0.8727272727272727 0.16393442622950818 0.8727272727272727 0.15300546448087432 0.8690909090909091 0.14754098360655737 0.8690909090909091 0.13114754098360656 0.8618181818181818 0.11475409836065574 0.8618181818181818 0.10382513661202186 0.8581818181818182 0.09836065573770492 0.8581818181818182 0.09289617486338798 0.8654545454545455 0.08196721311475409 0.8690909090909091 0.08196721311475409 0.88 0.06557377049180328 0.8836363636363637 0.06557377049180328 0.8872727272727273 0.060109289617486336 0.8945454545454545 0.060109289617486336 0.9054545454545454 0.04371584699453552 0.9090909090909091 0.04371584699453552 0.9163636363636364 0.03278688524590164 0.92 0.03278688524590164 0.9309090909090909 0.01639344262295082 0.9345454545454546 0.01639344262295082 0.9454545454545454 0.00546448087431694 0.9636363636363636 0.00546448087431694 0.9672727272727273 0 0.9854545454545455 0 0.9890909090909091 0.00546448087431694 0.9890909090909091 0.02185792349726776 0.9854545454545455 0.0273224043715847
19 0.7163636363636363 0.8579234972677595 0.7272727272727273 0.8743169398907104 0.730909090909091 0.8743169398907104 0.7418181818181818 0.8907103825136612 0.7418181818181818 0.8961748633879781 0.7490909090909091 0.907103825136612 0.7090909090909091 0.907103825136612 0.7054545454545454 0.9016393442622951 0.6981818181818182 0.9016393442622951 0.6981818181818182 0.8961748633879781 0.7163636363636363 0.8688524590163934 0.7163636363636363 0.8633879781420765
19 0.05090909090909091 0.4808743169398907 0.05454545454545454 0.47540983606557374 0.05454545454545454 0.46994535519125685 0.05090909090909091 0.4644808743169399 0.05090909090909091 0.45901639344262296 0.04363636363636364 0.44808743169398907 0.04363636363636364 0.4371584699453552 0.04727272727272727 0.43169398907103823 0.05090909090909091 0.43169398907103823 0.05454545454545454 0.4371584699453552 0.06181818181818182 0.4371584699453552 0.06181818181818182 0.45901639344262296 0.06545454545454546 0.4644808743169399 0.06181818181818182 0.46994535519125685 0.06909090909090909 0.4808743169398907 0.07272727272727272 0.4808743169398907 0.07272727272727272 0.48633879781420764 0.06909090909090909 0.4918032786885246 0.06909090909090909 0.5027322404371585 0.07272727272727272 0.5081967213114754 0.07272727272727272 0.5136612021857924 0.08 0.5245901639344263 0.07636363636363637 0.5300546448087432 0.07636363636363637 0.5409836065573771 0.08 0.546448087431694 0.08363636363636363 0.5409836065573771 0.07272727272727272 0.5573770491803278 0.07272727272727272 0.5355191256830601 0.06909090909090909 0.5300546448087432 0.05454545454545454 0.5300546448087432 0.05454545454545454 0.5245901639344263 0.04363636363636364 0.5136612021857924 0.03272727272727273 0.5191256830601093 0.03272727272727273 0.5081967213114754 0.02909090909090909 0.5027322404371585 0.025454545454545455 0.48633879781420764 0.02909090909090909 0.48633879781420764 0.03272727272727273 0.4918032786885246 0.04363636363636364 0.4918032786885246 0.05090909090909091 0.5081967213114754 0.05818181818181818 0.4972677595628415 0.05818181818181818 0.4918032786885246 0.05454545454545454 0.48633879781420764
19 0 0.4918032786885246 0.0036363636363636364 0.4972677595628415 0.0036363636363636364 0.5081967213114754 0.007272727272727273 0.5136612021857924 0.007272727272727273 0.5355191256830601 0.01090909090909091 0.5409836065573771 0.014545454545454545 0.5409836065573771 0.014545454545454545 0.5519125683060109 0.01818181818181818 0.5573770491803278 0.01818181818181818 0.5737704918032787 0.014545454545454545 0.5792349726775956 0.01818181818181818 0.5846994535519126 0.01818181818181818 0.5956284153005464 0.007272727272727273 0.6120218579234973 0.0036363636363636364 0.6120218579234973 0 0.6174863387978142 0 0.4972677595628415
19 0.9963636363636363 0.2677595628415301 0.9963636363636363 0.32786885245901637 0.9890909090909091 0.32786885245901637 0.9781818181818182 0.31693989071038253 0.9745454545454545 0.3224043715846995 0.9745454545454545 0.32786885245901637 0.9709090909090909 0.32786885245901637 0.9636363636363636 0.31693989071038253 0.9636363636363636 0.3114754098360656 0.9563636363636364 0.29508196721311475 0.9527272727272728 0.29508196721311475 0.9490909090909091 0.3005464480874317 0.9527272727272728 0.30601092896174864 0.9527272727272728 0.3114754098360656 0.9490909090909091 0.3114754098360656 0.9454545454545454 0.30601092896174864 0.9454545454545454 0.29508196721311475 0.9418181818181818 0.2896174863387978 0.9454545454545454 0.28415300546448086 0.9454545454545454 0.2786885245901639 0.9563636363636364 0.26229508196721313 0.9818181818181818 0.26229508196721313 0.9854545454545455 0.2677595628415301 0.9927272727272727 0.2677595628415301
19 0.5236363636363637 0.6721311475409836 0.5272727272727272 0.6721311475409836 0.5454545454545454 0.644808743169399 0.5490909090909091 0.644808743169399 0.5527272727272727 0.639344262295082 0.5563636363636364 0.639344262295082 0.56 0.6338797814207651 0.5709090909090909 0.6284153005464481 0.5963636363636363 0.6666666666666666 0.5963636363636363 0.6721311475409836 0.610909090909091 0.6939890710382514 0.6145454545454545 0.6939890710382514 0.6145454545454545 0.6994535519125683 0.6181818181818182 0.7049180327868853 0.6218181818181818 0.7049180327868853 0.6327272727272727 0.7213114754098361 0.6327272727272727 0.726775956284153 0.6472727272727272 0.7486338797814208 0.6472727272727272 0.7540983606557377 0.6509090909090909 0.7595628415300546 0.64 0.7650273224043715 0.6327272727272727 0.7759562841530054 0.6327272727272727 0.7814207650273224 0.6290909090909091 0.7868852459016393 0.6327272727272727 0.7923497267759563 0.6290909090909091 0.7923497267759563 0.6218181818181818 0.8032786885245902 0.6290909090909091 0.8142076502732241 0.6327272727272727 0.8142076502732241 0.6363636363636364 0.819672131147541 0.6363636363636364 0.8306010928961749 0.64 0.8360655737704918 0.6181818181818182 0.8360655737704918 0.6072727272727273 0.825136612021858 0.5818181818181818 0.825136612021858 0.5672727272727273 0.8469945355191257 0.56 0.8469945355191257 0.5563636363636364 0.8524590163934426 0.5381818181818182 0.8524590163934426 0.5345454545454545 0.8579234972677595 0.5163636363636364 0.8579234972677595 0.5127272727272727 0.8633879781420765 0.5018181818181818 0.8633879781420765 0.49818181818181817 0.8579234972677595 0.49454545454545457 0.8579234972677595 0.4909090909090909 0.8524590163934426 0.4909090909090909 0.8469945355191257 0.4618181818181818 0.8032786885245902 0.4618181818181818 0.7978142076502732 0.45454545454545453 0.7814207650273224 0.45454545454545453 0.7650273224043715 0.4763636363636364 0.73224043715847 0.48 0.73224043715847 0.5054545454545455 0.6939890710382514 0.509090909090909 0.6939890710382514 0.5163636363636364 0.6830601092896175 0.52 0.6830601092896175 0.5236363636363637 0.6775956284153005
19 0.04363636363636364 0 0.12727272727272726 0 0.13090909090909092 0.00546448087431694 0.14181818181818182 0.00546448087431694 0.14545454545454545 0.01092896174863388 0.14909090909090908 0.01092896174863388 0.16 0 0.2 0 0.20363636363636364 0.00546448087431694 0.2109090909090909 0.00546448087431694 0.21454545454545454 0 0.26545454545454544 0 0.26545454545454544 0.03278688524590164 0.26181818181818184 0.03825136612021858 0.2581818181818182 0.0546448087431694 0.24363636363636362 0.07650273224043716 0.24363636363636362 0.08196721311475409 0.23272727272727273 0.09836065573770492 0.22545454545454546 0.09836065573770492 0.22545454545454546 0.08743169398907104 0.2109090909090909 0.060109289617486336 0.20727272727272728 0.060109289617486336 0.20363636363636364 0.0546448087431694 0.18181818181818182 0.0546448087431694 0.1781818181818182 0.060109289617486336 0.17454545454545456 0.060109289617486336 0.1709090909090909 0.06557377049180328 0.16727272727272727 0.06557377049180328 0.16363636363636364 0.07103825136612021 0.16 0.07103825136612021 0.14909090909090908 0.08196721311475409 0.14181818181818182 0.08196721311475409 0.13818181818181818 0.08743169398907104 0.12727272727272726 0.08743169398907104 0.12363636363636364 0.09289617486338798 0.12363636363636364 0.09836065573770492 0.11636363636363636 0.09836065573770492 0.11272727272727273 0.10382513661202186 0.10909090909090909 0.10382513661202186 0.10181818181818182 0.11475409836065574 0.09818181818181818 0.11475409836065574 0.09454545454545454 0.12021857923497267 0.08727272727272728 0.12021857923497267 0.07636363636363637 0.13114754098360656 0.06181818181818182 0.13114754098360656 0.05818181818181818 0.12568306010928962 0.06181818181818182 0.12021857923497267 0.04727272727272727 0.09289617486338798 0.04363636363636364 0.09289617486338798 0.04 0.08743169398907104 0.01090909090909091 0.08743169398907104 0.01090909090909091 0.08196721311475409 0.007272727272727273 0.07650273224043716 0.0036363636363636364 0.07650273224043716 0.014545454545454545 0.060109289617486336 0.014545454545454545 0.0546448087431694 0.01818181818181818 0.0546448087431694 0.025454545454545455 0.04371584699453552 0.025454545454545455 0.03825136612021858 0.03636363636363636 0.0273224043715847 0.03636363636363636 0.02185792349726776 0.04363636363636364 0.01092896174863388 0.04363636363636364 0.00546448087431694
19 0.84 0.2896174863387978 0.8436363636363636 0.29508196721311475 0.850909090909091 0.29508196721311475 0.8545454545454545 0.3005464480874317 0.8581818181818182 0.3005464480874317 0.8763636363636363 0.32786885245901637 0.8763636363636363 0.3333333333333333 0.8872727272727273 0.34972677595628415 0.8909090909090909 0.34972677595628415 0.92 0.39344262295081966 0.9236363636363636 0.39344262295081966 0.9381818181818182 0.41530054644808745 0.9418181818181818 0.41530054644808745 0.9527272727272728 0.43169398907103823 0.9563636363636364 0.43169398907103823 0.9818181818181818 0.46994535519125685 0.9818181818181818 0.47540983606557374 0.9963636363636363 0.5027322404371585 0.9963636363636363 0.5355191256830601 0.9927272727272727 0.5409836065573771 0.9927272727272727 0.5573770491803278 0.9963636363636363 0.5628415300546448 0.9963636363636363 0.6120218579234973 0.9890909090909091 0.6229508196721312 0.9854545454545455 0.639344262295082 0.9818181818181818 0.644808743169399 0.9781818181818182 0.644808743169399 0.9672727272727273 0.6612021857923497 0.9672727272727273 0.6666666666666666 0.9636363636363636 0.6721311475409836 0.9672727272727273 0.6775956284153005 0.9527272727272728 0.7049180327868853 0.9527272727272728 0.7103825136612022 0.9454545454545454 0.726775956284153 0.9454545454545454 0.7431693989071039 0.9490909090909091 0.7486338797814208 0.9527272727272728 0.7650273224043715 0.96 0.7759562841530054 0.9636363636363636 0.7759562841530054 0.9854545454545455 0.8087431693989071 0.9890909090909091 0.8087431693989071 0.9890909090909091 0.8142076502732241 0.9927272727272727 0.819672131147541 0.9854545454545455 0.819672131147541 0.9781818181818182 0.8087431693989071 0.9672727272727273 0.8032786885245902 0.9527272727272728 0.7814207650273224 0.9490909090909091 0.7814207650273224 0.9418181818181818 0.7704918032786885 0.9381818181818182 0.7704918032786885 0.9309090909090909 0.7540983606557377 0.9272727272727272 0.7540983606557377 0.9236363636363636 0.7486338797814208 0.92 0.7486338797814208 0.9127272727272727 0.7377049180327869 0.9090909090909091 0.7377049180327869 0.9054545454545454 0.73224043715847 0.9054545454545454 0.726775956284153 0.88 0.6885245901639344 0.8763636363636363 0.6885245901639344 0.8727272727272727 0.6830601092896175 0.8727272727272727 0.6775956284153005 0.8654545454545455 0.6666666666666666 0.8618181818181818 0.6666666666666666 0.8472727272727273 0.644808743169399 0.8436363636363636 0.644808743169399 0.8436363636363636 0.639344262295082 0.8327272727272728 0.6229508196721312 0.8290909090909091 0.6229508196721312 0.8181818181818182 0.6065573770491803 0.8145454545454546 0.6065573770491803 0.7563636363636363 0.5191256830601093 0.7527272727272727 0.5191256830601093 0.7381818181818182 0.4972677595628415 0.7381818181818182 0.4918032786885246 0.730909090909091 0.47540983606557374 0.730909090909091 0.4644808743169399 0.7272727272727273 0.45901639344262296 0.7272727272727273 0.453551912568306 0.76 0.40437158469945356 0.76 0.3989071038251366 0.8 0.33879781420765026 0.8 0.3333333333333333 0.8218181818181818 0.3005464480874317 0.8254545454545454 0.3005464480874317 0.8290909090909091 0.29508196721311475 0.8363636363636363 0.29508196721311475
19 0.16 0.6120218579234973 0.16 0.6174863387978142 0.16363636363636364 0.6229508196721312 0.16363636363636364 0.6338797814207651 0.16727272727272727 0.639344262295082 0.16727272727272727 0.644808743169399 0.1709090909090909 0.6502732240437158 0.1709090909090909 0.6557377049180327 0.17454545454545456 0.6612021857923497 0.1781818181818182 0.6775956284153005 0.18181818181818182 0.6830601092896175 0.18181818181818182 0.6939890710382514 0.18545454545454546 0.6994535519125683 0.18545454545454546 0.7049180327868853 0.1890909090909091 0.7103825136612022 0.1890909090909091 0.7213114754098361 0.19272727272727272 0.726775956284153 0.19272727272727272 0.73224043715847 0.18545454545454546 0.7431693989071039 0.18181818181818182 0.7431693989071039 0.1781818181818182 0.7486338797814208 0.16727272727272727 0.7377049180327869 0.16 0.7377049180327869 0.15636363636363637 0.73224043715847 0.15636363636363637 0.726775956284153 0.14909090909090908 0.7103825136612022 0.14909090909090908 0.6885245901639344 0.14545454545454545 0.6830601092896175 0.14545454545454545 0.6612021857923497 0.14181818181818182 0.6557377049180327 0.14181818181818182 0.644808743169399 0.13818181818181818 0.639344262295082 0.14181818181818182 0.6338797814207651 0.14181818181818182 0.6174863387978142 0.14545454545454545 0.6120218579234973 0.15636363636363637 0.6120218579234973
19 0.16363636363636364 0.08743169398907104 0.16727272727272727 0.08743169398907104 0.1781818181818182 0.07103825136612021 0.18181818181818182 0.07103825136612021 0.18545454545454546 0.07650273224043716 0.1890909090909091 0.07103825136612021 0.2 0.07103825136612021 0.20363636363636364 0.07650273224043716 0.20363636363636364 0.08196721311475409 0.20727272727272728 0.08743169398907104 0.21454545454545454 0.08743169398907104 0.21818181818181817 0.09289617486338798 0.21818181818181817 0.09836065573770492 0.22545454545454546 0.1092896174863388 0.22545454545454546 0.11475409836065574 0.2290909090909091 0.12021857923497267 0.23272727272727273 0.1366120218579235 0.23636363636363636 0.14207650273224043 0.23636363636363636 0.14754098360655737 0.24 0.15300546448087432 0.24363636363636362 0.16939890710382513 0.2509090909090909 0.18579234972677597 0.2509090909090909 0.19672131147540983 0.2545454545454545 0.20218579234972678 0.2581818181818182 0.2185792349726776 0.26545454545454544 0.22950819672131148 0.26545454545454544 0.24043715846994534 0.2690909090909091 0.2459016393442623 0.2690909090909091 0.25136612021857924 0.2727272727272727 0.2568306010928962 0.2727272727272727 0.26229508196721313 0.27636363636363637 0.2677595628415301 0.27636363636363637 0.273224043715847 0.28 0.2786885245901639 0.28 0.28415300546448086 0.28363636363636363 0.2896174863387978 0.28363636363636363 0.29508196721311475 0.2909090909090909 0.3114754098360656 0.2909090909090909 0.32786885245901637 0.29818181818181816 0.33879781420765026 0.29818181818181816 0.3442622950819672 0.3054545454545455 0.36065573770491804 0.3054545454545455 0.37158469945355194 0.31272727272727274 0.3825136612021858 0.31272727272727274 0.3879781420765027 0.31636363636363635 0.39344262295081966 0.31636363636363635 0.3989071038251366 0.32 0.40437158469945356 0.32 0.4098360655737705 0.3236363636363636 0.41530054644808745 0.3236363636363636 0.4207650273224044 0.32727272727272727 0.4262295081967213 0.32727272727272727 0.43169398907103823 0.33090909090909093 0.4371584699453552 0.33090909090909093 0.4426229508196721 0.33454545454545453 0.44808743169398907 0.33454545454545453 0.453551912568306 0.3381818181818182 0.45901639344262296 0.3418181818181818 0.47540983606557374 0.34545454545454546 0.4808743169398907 0.34545454545454546 0.4918032786885246 0.3490909090909091 0.4972677595628415 0.3490909090909091 0.5027322404371585 0.3527272727272727 0.5081967213114754 0.3527272727272727 0.5136612021857924 0.3563636363636364 0.5191256830601093 0.3563636363636364 0.5245901639344263 0.36363636363636365 0.5409836065573771 0.36363636363636365 0.5519125683060109 0.36727272727272725 0.5573770491803278 0.36727272727272725 0.5628415300546448 0.3709090909090909 0.5683060109289617 0.3709090909090909 0.5737704918032787 0.37454545454545457 0.5792349726775956 0.37454545454545457 0.5846994535519126 0.3781818181818182 0.5901639344262295 0.3781818181818182 0.5956284153005464 0.38181818181818183 0.6010928961748634 0.38181818181818183 0.6065573770491803 0.38545454545454544 0.6120218579234973 0.38545454545454544 0.6174863387978142 0.3890909090909091 0.6229508196721312 0.3890909090909091 0.6284153005464481 0.3927272727272727 0.6338797814207651 0.3927272727272727 0.639344262295082 0.39636363636363636 0.644808743169399 0.4 0.6612021857923497 0.4036363636363636 0.6666666666666666 0.4036363636363636 0.6775956284153005 0.4072727272727273 0.6830601092896175 0.4072727272727273 0.6885245901639344 0.4109090909090909 0.6939890710382514 0.4109090909090909 0.7049180327868853 0.41454545454545455 0.7103825136612022 0.41454545454545455 0.73224043715847 0.4109090909090909 0.7377049180327869 0.4109090909090909 0.7431693989071039 0.4072727272727273 0.7431693989071039 0.39636363636363636 0.7595628415300546 0.3927272727272727 0.7595628415300546 0.3890909090909091 0.7650273224043715 0.37454545454545457 0.7650273224043715 0.3709090909090909 0.7595628415300546 0.36727272727272725 0.7650273224043715 0.3418181818181818 0.7650273224043715 0.33454545454545453 0.7759562841530054 0.3236363636363636 0.7759562841530054 0.32727272727272727 0.7704918032786885 0.3236363636363636 0.7650273224043715 0.31636363636363635 0.7650273224043715 0.31272727272727274 0.7595628415300546 0.31272727272727274 0.7486338797814208 0.3090909090909091 0.7431693989071039 0.3090909090909091 0.7049180327868853 0.3018181818181818 0.6885245901639344 0.3018181818181818 0.6775956284153005 0.29454545454545455 0.6666666666666666 0.29454545454545455 0.6557377049180327 0.2909090909090909 0.6502732240437158 0.2909090909090909 0.644808743169399 0.2872727272727273 0.639344262295082 0.2872727272727273 0.6338797814207651 0.28363636363636363 0.6284153005464481 0.28363636363636363 0.6229508196721312 0.28 0.6174863387978142 0.28 0.6120218579234973 0.27636363636363637 0.6065573770491803 0.2727272727272727 0.5901639344262295 0.2690909090909091 0.5846994535519126 0.2690909090909091 0.5737704918032787 0.26181818181818184 0.5628415300546448 0.26181818181818184 0.5519125683060109 0.2581818181818182 0.546448087431694 0.2581818181818182 0.5409836065573771 0.2545454545454545 0.5355191256830601 0.2545454545454545 0.5300546448087432 0.2509090909090909 0.5245901639344263 0.2509090909090909 0.5191256830601093 0.24727272727272728 0.5136612021857924 0.24727272727272728 0.5081967213114754 0.24363636363636362 0.5027322404371585 0.24 0.48633879781420764 0.23636363636363636 0.4808743169398907 0.23636363636363636 0.46994535519125685 0.2290909090909091 0.45901639344262296 0.2290909090909091 0.4426229508196721 0.22181818181818183 0.43169398907103823 0.22181818181818183 0.4262295081967213 0.21454545454545454 0.41530054644808745 0.21454545454545454 0.4098360655737705 0.2109090909090909 0.40437158469945356 0.2109090909090909 0.39344262295081966 0.20727272727272728 0.3879781420765027 0.20727272727272728 0.3825136612021858 0.20363636363636364 0.3770491803278688 0.20363636363636364 0.37158469945355194 0.19636363636363635 0.3551912568306011 0.19636363636363635 0.33879781420765026 0.1890909090909091 0.32786885245901637 0.1890909090909091 0.31693989071038253 0.18545454545454546 0.3114754098360656 0.18545454545454546 0.30601092896174864 0.18181818181818182 0.3005464480874317 0.18181818181818182 0.29508196721311475 0.1781818181818182 0.2896174863387978 0.17454545454545456 0.273224043715847 0.16 0.24043715846994534 0.16 0.22404371584699453 0.15636363636363637 0.2185792349726776 0.16 0.21311475409836064 0.15636363636363637 0.20765027322404372 0.15636363636363637 0.19672131147540983 0.17454545454545456 0.19672131147540983 0.18545454545454546 0.20765027322404372 0.19272727272727272 0.20765027322404372 0.19636363636363635 0.21311475409836064 0.19636363636363635 0.22404371584699453 0.20363636363636364 0.24043715846994534 0.21454545454545454 0.24043715846994534 0.22181818181818183 0.22950819672131148 0.21818181818181817 0.22404371584699453 0.21818181818181817 0.2185792349726776 0.21454545454545454 0.21311475409836064 0.2109090909090909 0.21311475409836064 0.2109090909090909 0.20218579234972678 0.21454545454545454 0.20218579234972678 0.21818181818181817 0.19672131147540983 0.21818181818181817 0.1912568306010929 0.22181818181818183 0.18579234972677597 0.22181818181818183 0.16393442622950818 0.22545454545454546 0.15846994535519127 0.22181818181818183 0.15300546448087432 0.22181818181818183 0.14207650273224043 0.21818181818181817 0.1366120218579235 0.21818181818181817 0.12568306010928962 0.2109090909090909 0.11475409836065574 0.20727272727272728 0.11475409836065574 0.20363636363636364 0.1092896174863388 0.18545454545454546 0.1092896174863388 0.18545454545454546 0.09289617486338798 0.1890909090909091 0.08743169398907104 0.18545454545454546 0.08196721311475409 0.18181818181818182 0.08196721311475409 0.17454545454545456 0.09289617486338798 0.17454545454545456 0.09836065573770492 0.1781818181818182 0.10382513661202186 0.1781818181818182 0.11475409836065574 0.17454545454545456 0.11475409836065574 0.1709090909090909 0.1092896174863388 0.16727272727272727 0.11475409836065574 0.14909090909090908 0.11475409836065574 0.14545454545454545 0.1092896174863388 0.14909090909090908 0.1092896174863388 0.15272727272727274 0.10382513661202186 0.15272727272727274 0.09836065573770492 0.15272727272727274 0.10382513661202186 0.15636363636363637 0.1092896174863388 0.16363636363636364 0.09289617486338798
19 0.09818181818181818 0.644808743169399 0.10181818181818182 0.6502732240437158 0.10545454545454545 0.6502732240437158 0.11272727272727273 0.6612021857923497 0.11272727272727273 0.6775956284153005 0.12 0.6939890710382514 0.12 0.7103825136612022 0.12727272727272726 0.7213114754098361 0.12363636363636364 0.726775956284153 0.12727272727272726 0.73224043715847 0.12727272727272726 0.7486338797814208 0.13090909090909092 0.7540983606557377 0.13090909090909092 0.7650273224043715 0.12727272727272726 0.7704918032786885 0.12727272727272726 0.7759562841530054 0.12363636363636364 0.7759562841530054 0.12 0.7814207650273224 0.10181818181818182 0.7814207650273224 0.09090909090909091 0.7704918032786885 0.09090909090909091 0.7650273224043715 0.08363636363636363 0.7486338797814208 0.08363636363636363 0.73224043715847 0.08 0.726775956284153 0.08 0.7158469945355191 0.07636363636363637 0.7103825136612022 0.07636363636363637 0.6994535519125683 0.07272727272727272 0.6939890710382514 0.07272727272727272 0.6557377049180327 0.08363636363636363 0.644808743169399 0.09454545454545454 0.644808743169399
19 0.10545454545454545 0.1366120218579235 0.10909090909090909 0.14207650273224043 0.11272727272727273 0.1366120218579235 0.12 0.1366120218579235 0.12 0.15300546448087432 0.12727272727272726 0.16939890710382513 0.12727272727272726 0.18032786885245902 0.13454545454545455 0.1912568306010929 0.13454545454545455 0.19672131147540983 0.13818181818181818 0.20218579234972678 0.14181818181818182 0.2185792349726776 0.14545454545454545 0.22404371584699453 0.14909090909090908 0.22404371584699453 0.15636363636363637 0.23497267759562843 0.15636363636363637 0.24043715846994534 0.16 0.2459016393442623 0.16 0.25136612021857924 0.16727272727272727 0.2677595628415301 0.16363636363636364 0.26229508196721313 0.16 0.2677595628415301 0.16 0.2786885245901639 0.16363636363636364 0.28415300546448086 0.16727272727272727 0.28415300546448086 0.1781818181818182 0.3005464480874317 0.1781818181818182 0.30601092896174864 0.18181818181818182 0.3114754098360656 0.18181818181818182 0.31693989071038253 0.18545454545454546 0.3224043715846995 0.18545454545454546 0.32786885245901637 0.19272727272727272 0.3442622950819672 0.19272727272727272 0.3551912568306011 0.19636363636363635 0.36065573770491804 0.19636363636363635 0.37158469945355194 0.2 0.3770491803278688 0.2 0.3825136612021858 0.20727272727272728 0.39344262295081966 0.20727272727272728 0.40437158469945356 0.2109090909090909 0.4098360655737705 0.2109090909090909 0.41530054644808745 0.21818181818181817 0.4262295081967213 0.21818181818181817 0.43169398907103823 0.22181818181818183 0.4371584699453552 0.22181818181818183 0.4426229508196721 0.2290909090909091 0.45901639344262296 0.2290909090909091 0.46994535519125685 0.23636363636363636 0.48633879781420764 0.23636363636363636 0.4972677595628415 0.24 0.5027322404371585 0.24 0.5081967213114754 0.24363636363636362 0.5136612021857924 0.24363636363636362 0.5191256830601093 0.24727272727272728 0.5245901639344263 0.24727272727272728 0.5300546448087432 0.2509090909090909 0.5355191256830601 0.2509090909090909 0.5409836065573771 0.2545454545454545 0.546448087431694 0.2545454545454545 0.5519125683060109 0.2581818181818182 0.5573770491803278 0.26181818181818184 0.5737704918032787 0.26545454545454544 0.5792349726775956 0.26545454545454544 0.5956284153005464 0.2727272727272727 0.6065573770491803 0.2727272727272727 0.6120218579234973 0.27636363636363637 0.6174863387978142 0.27636363636363637 0.6229508196721312 0.28 0.6284153005464481 0.28 0.6338797814207651 0.2872727272727273 0.6502732240437158 0.2872727272727273 0.6612021857923497 0.2909090909090909 0.6666666666666666 0.2909090909090909 0.6721311475409836 0.29454545454545455 0.6775956284153005 0.29454545454545455 0.6830601092896175 0.3018181818181818 0.6994535519125683 0.3018181818181818 0.726775956284153 0.3054545454545455 0.73224043715847 0.3018181818181818 0.7377049180327869 0.3018181818181818 0.7431693989071039 0.3054545454545455 0.7486338797814208 0.3054545454545455 0.7595628415300546 0.3090909090909091 0.7650273224043715 0.3090909090909091 0.7923497267759563 0.3054545454545455 0.7978142076502732 0.3018181818181818 0.7978142076502732 0.2909090909090909 0.8087431693989071 0.2872727272727273 0.8087431693989071 0.28 0.7978142076502732 0.28363636363636363 0.7923497267759563 0.28363636363636363 0.7868852459016393 0.2909090909090909 0.7759562841530054 0.2909090909090909 0.7540983606557377 0.2872727272727273 0.7486338797814208 0.2872727272727273 0.7377049180327869 0.28363636363636363 0.73224043715847 0.28363636363636363 0.726775956284153 0.27636363636363637 0.7158469945355191 0.2727272727272727 0.7158469945355191 0.2690909090909091 0.7103825136612022 0.24727272727272728 0.7103825136612022 0.24363636363636362 0.7158469945355191 0.24 0.7158469945355191 0.23272727272727273 0.726775956284153 0.23272727272727273 0.73224043715847 0.22545454545454546 0.7486338797814208 0.22545454545454546 0.7759562841530054 0.24363636363636362 0.8032786885245902 0.24727272727272728 0.8032786885245902 0.2509090909090909 0.8087431693989071 0.2690909090909091 0.8087431693989071 0.2727272727272727 0.8142076502732241 0.2727272727272727 0.825136612021858 0.27636363636363637 0.8306010928961749 0.2909090909090909 0.8306010928961749 0.29818181818181816 0.819672131147541 0.29454545454545455 0.825136612021858 0.29454545454545455 0.8306010928961749 0.28363636363636363 0.8306010928961749 0.28 0.8360655737704918 0.27636363636363637 0.8360655737704918 0.2690909090909091 0.8469945355191257 0.24363636363636362 0.8469945355191257 0.23272727272727273 0.8306010928961749 0.23272727272727273 0.8142076502732241 0.22181818181818183 0.7978142076502732 0.22181818181818183 0.7923497267759563 0.21818181818181817 0.7868852459016393 0.21818181818181817 0.7759562841530054 0.21454545454545454 0.7704918032786885 0.2109090909090909 0.7704918032786885 0.2109090909090909 0.7650273224043715 0.20727272727272728 0.7595628415300546 0.20727272727272728 0.7540983606557377 0.2 0.7377049180327869 0.2 0.7213114754098361 0.19636363636363635 0.7158469945355191 0.19636363636363635 0.7103825136612022 0.1890909090909091 0.6939890710382514 0.1890909090909091 0.6885245901639344 0.18545454545454546 0.6830601092896175 0.18545454545454546 0.6666666666666666 0.1890909090909091 0.6612021857923497 0.18545454545454546 0.6557377049180327 0.18181818181818182 0.6557377049180327 0.18181818181818182 0.6502732240437158 0.1781818181818182 0.644808743169399 0.17454545454545456 0.644808743169399 0.17454545454545456 0.639344262295082 0.16727272727272727 0.6284153005464481 0.16727272727272727 0.6174863387978142 0.16363636363636364 0.6120218579234973 0.16363636363636364 0.6065573770491803 0.15636363636363637 0.5956284153005464 0.15636363636363637 0.5901639344262295 0.14909090909090908 0.5737704918032787 0.14909090909090908 0.5628415300546448 0.14545454545454545 0.5573770491803278 0.14545454545454545 0.5519125683060109 0.13818181818181818 0.5355191256830601 0.13818181818181818 0.5191256830601093 0.13454545454545455 0.5136612021857924 0.13454545454545455 0.5081967213114754 0.13090909090909092 0.5027322404371585 0.13090909090909092 0.4972677595628415 0.12727272727272726 0.4918032786885246 0.12727272727272726 0.48633879781420764 0.12363636363636364 0.4808743169398907 0.12363636363636364 0.47540983606557374 0.12 0.46994535519125685 0.12 0.4644808743169399 0.11272727272727273 0.44808743169398907 0.11272727272727273 0.4426229508196721 0.10909090909090909 0.4371584699453552 0.10545454545454545 0.4207650273224044 0.10181818181818182 0.41530054644808745 0.10181818181818182 0.40437158469945356 0.09454545454545454 0.39344262295081966 0.09454545454545454 0.3879781420765027 0.09090909090909091 0.3825136612021858 0.08727272727272728 0.366120218579235 0.08 0.3551912568306011 0.08 0.3442622950819672 0.07272727272727272 0.3333333333333333 0.07272727272727272 0.31693989071038253 0.06909090909090909 0.3114754098360656 0.06909090909090909 0.30601092896174864 0.06181818181818182 0.29508196721311475 0.06181818181818182 0.2896174863387978 0.05818181818181818 0.28415300546448086 0.05818181818181818 0.273224043715847 0.05454545454545454 0.2677595628415301 0.05454545454545454 0.26229508196721313 0.05090909090909091 0.2568306010928962 0.05090909090909091 0.25136612021857924 0.04727272727272727 0.2459016393442623 0.04727272727272727 0.24043715846994534 0.04 0.22404371584699453 0.04 0.20765027322404372 0.04363636363636364 0.20218579234972678 0.04727272727272727 0.20218579234972678 0.05090909090909091 0.19672131147540983 0.05090909090909091 0.1912568306010929 0.04727272727272727 0.18579234972677597 0.04363636363636364 0.18579234972677597 0.04 0.1912568306010929 0.03636363636363636 0.18579234972677597 0.04 0.18032786885245902 0.04 0.17486338797814208 0.04727272727272727 0.16393442622950818 0.05454545454545454 0.16393442622950818 0.06545454545454546 0.14754098360655737 0.07636363636363637 0.14754098360655737 0.06909090909090909 0.15846994535519127 0.07272727272727272 0.16393442622950818 0.08 0.16393442622950818 0.08363636363636363 0.15846994535519127 0.08727272727272728 0.16393442622950818 0.09090909090909091 0.16393442622950818 0.09454545454545454 0.15846994535519127 0.09090909090909091 0.15300546448087432 0.10181818181818182 0.14207650273224043
19 0.07272727272727272 0.6502732240437158 0.07636363636363637 0.6502732240437158 0.08727272727272728 0.639344262295082 0.10909090909090909 0.6502732240437158 0.11636363636363636 0.6666666666666666 0.11636363636363636 0.6830601092896175 0.12 0.6885245901639344 0.12 0.6994535519125683 0.12363636363636364 0.7049180327868853 0.12363636363636364 0.7103825136612022 0.13090909090909092 0.7213114754098361 0.12727272727272726 0.726775956284153 0.12727272727272726 0.73224043715847 0.13090909090909092 0.7377049180327869 0.13090909090909092 0.7704918032786885 0.12363636363636364 0.7814207650273224 0.09818181818181818 0.7814207650273224 0.09454545454545454 0.7759562841530054 0.09090909090909091 0.7759562841530054 0.09090909090909091 0.7704918032786885 0.08363636363636363 0.7540983606557377 0.08363636363636363 0.7431693989071039 0.08 0.7377049180327869 0.08 0.726775956284153 0.07636363636363637 0.7213114754098361 0.07636363636363637 0.7049180327868853 0.06909090909090909 0.6885245901639344 0.06909090909090909 0.6612021857923497 0.07272727272727272 0.6557377049180327
19 0.850909090909091 0.10382513661202186 0.8545454545454545 0.1092896174863388 0.8545454545454545 0.12021857923497267 0.8581818181818182 0.12568306010928962 0.8581818181818182 0.1366120218579235 0.8618181818181818 0.14207650273224043 0.8618181818181818 0.16939890710382513 0.8690909090909091 0.18579234972677597 0.8690909090909091 0.19672131147540983 0.8727272727272727 0.20218579234972678 0.8727272727272727 0.2185792349726776 0.88 0.22950819672131148 0.88 0.23497267759562843 0.8763636363636363 0.24043715846994534 0.8727272727272727 0.24043715846994534 0.8690909090909091 0.2459016393442623 0.8654545454545455 0.2459016393442623 0.8545454545454545 0.2568306010928962 0.8472727272727273 0.2568306010928962 0.8436363636363636 0.25136612021857924 0.8363636363636363 0.25136612021857924 0.8290909090909091 0.24043715846994534 0.8290909090909091 0.22404371584699453 0.8254545454545454 0.2185792349726776 0.8218181818181818 0.2185792349726776 0.8218181818181818 0.18579234972677597 0.8181818181818182 0.18032786885245902 0.8145454545454546 0.18032786885245902 0.8145454545454546 0.14754098360655737 0.8109090909090909 0.14207650273224043 0.8181818181818182 0.12568306010928962 0.8218181818181818 0.12568306010928962 0.8290909090909091 0.11475409836065574 0.8363636363636363 0.11475409836065574 0.8436363636363636 0.10382513661202186 0.8472727272727273 0.10382513661202186
19 0.9454545454545454 0.726775956284153 0.9490909090909091 0.73224043715847 0.9454545454545454 0.7377049180327869 0.9454545454545454 0.7431693989071039 0.9490909090909091 0.7486338797814208 0.9527272727272728 0.7650273224043715 0.96 0.7759562841530054 0.9636363636363636 0.7759562841530054 0.9636363636363636 0.7814207650273224 0.9672727272727273 0.7868852459016393 0.9709090909090909 0.7868852459016393 0.9709090909090909 0.7978142076502732 0.9745454545454545 0.8032786885245902 0.9781818181818182 0.8032786885245902 0.9781818181818182 0.8087431693989071 0.9818181818181818 0.8142076502732241 0.9709090909090909 0.7978142076502732 0.9636363636363636 0.7978142076502732 0.9527272727272728 0.7868852459016393 0.9454545454545454 0.7868852459016393 0.9418181818181818 0.7923497267759563 0.9454545454545454 0.7978142076502732 0.9490909090909091 0.7978142076502732 0.9527272727272728 0.8032786885245902 0.9636363636363636 0.8087431693989071 0.9745454545454545 0.825136612021858 0.9781818181818182 0.825136612021858 0.9927272727272727 0.8469945355191257 0.9927272727272727 0.8688524590163934 0.9890909090909091 0.8743169398907104 0.9927272727272727 0.8797814207650273 0.9927272727272727 0.8907103825136612 0.9890909090909091 0.8961748633879781 0.9890909090909091 0.9016393442622951 0.9927272727272727 0.907103825136612 0.9927272727272727 0.9562841530054644 0.9890909090909091 0.9617486338797814 0.9818181818181818 0.9617486338797814 0.9781818181818182 0.9672131147540983 0.96 0.9672131147540983 0.9563636363636364 0.9617486338797814 0.9454545454545454 0.9617486338797814 0.9418181818181818 0.9562841530054644 0.9345454545454546 0.9562841530054644 0.9309090909090909 0.9508196721311475 0.9272727272727272 0.9508196721311475 0.9236363636363636 0.9453551912568307 0.9127272727272727 0.9398907103825137 0.9090909090909091 0.9344262295081968 0.9090909090909091 0.9289617486338798 0.9018181818181819 0.9180327868852459 0.9018181818181819 0.8907103825136612 0.8981818181818182 0.8852459016393442 0.8945454545454545 0.8852459016393442 0.9018181818181819 0.8852459016393442 0.9054545454545454 0.8797814207650273 0.9090909090909091 0.8797814207650273 0.9127272727272727 0.8743169398907104 0.9127272727272727 0.8688524590163934 0.9163636363636364 0.8688524590163934 0.9236363636363636 0.8579234972677595 0.9236363636363636 0.8524590163934426 0.92 0.8469945355191257 0.9236363636363636 0.8415300546448088 0.9236363636363636 0.8360655737704918 0.9309090909090909 0.8360655737704918 0.9381818181818182 0.825136612021858 0.9381818181818182 0.8087431693989071 0.9418181818181818 0.8087431693989071 0.9454545454545454 0.8032786885245902 0.9345454545454546 0.7923497267759563 0.9381818181818182 0.7868852459016393 0.9345454545454546 0.7814207650273224 0.9381818181818182 0.7868852459016393 0.9418181818181818 0.7868852459016393 0.9454545454545454 0.7814207650273224 0.9454545454545454 0.7759562841530054 0.9418181818181818 0.7704918032786885 0.9381818181818182 0.7704918032786885 0.9309090909090909 0.7595628415300546 0.9272727272727272 0.7650273224043715 0.9272727272727272 0.7704918032786885 0.9236363636363636 0.7704918032786885 0.9272727272727272 0.7650273224043715 0.9236363636363636 0.7595628415300546 0.9236363636363636 0.7486338797814208 0.9272727272727272 0.7540983606557377 0.9345454545454546 0.7540983606557377 0.9418181818181818 0.7431693989071039 0.9309090909090909 0.73224043715847 0.9418181818181818 0.73224043715847
19 0.5272727272727272 0 0.5309090909090909 0.00546448087431694 0.5381818181818182 0.00546448087431694 0.5418181818181819 0 0.56 0 0.5636363636363636 0.00546448087431694 0.5672727272727273 0.00546448087431694 0.5709090909090909 0 0.5745454545454546 0 0.5781818181818181 0.00546448087431694 0.5818181818181818 0 0.6290909090909091 0 0.6363636363636364 0.01092896174863388 0.64 0.01092896174863388 0.6581818181818182 0.03825136612021858 0.6618181818181819 0.03825136612021858 0.6690909090909091 0.04918032786885246 0.6727272727272727 0.04918032786885246 0.6836363636363636 0.06557377049180328 0.6872727272727273 0.06557377049180328 0.7018181818181818 0.08743169398907104 0.7054545454545454 0.08743169398907104 0.7236363636363636 0.1092896174863388 0.7272727272727273 0.1092896174863388 0.7345454545454545 0.12021857923497267 0.7381818181818182 0.12021857923497267 0.7490909090909091 0.1366120218579235 0.7527272727272727 0.1366120218579235 0.76 0.15300546448087432 0.76 0.18032786885245902 0.7563636363636363 0.18579234972677597 0.7527272727272727 0.20218579234972678 0.7454545454545455 0.21311475409836064 0.7454545454545455 0.2185792349726776 0.7272727272727273 0.2459016393442623 0.7272727272727273 0.25136612021857924 0.7163636363636363 0.2677595628415301 0.7127272727272728 0.28415300546448086 0.7054545454545454 0.29508196721311475 0.7054545454545454 0.3005464480874317 0.7018181818181818 0.30601092896174864 0.7018181818181818 0.3114754098360656 0.6945454545454546 0.3224043715846995 0.6909090909090909 0.33879781420765026 0.68 0.3551912568306011 0.68 0.36065573770491804 0.6581818181818182 0.3989071038251366 0.6581818181818182 0.4098360655737705 0.6545454545454545 0.41530054644808745 0.6509090909090909 0.41530054644808745 0.64 0.43169398907103823 0.64 0.4371584699453552 0.6218181818181818 0.4644808743169399 0.6218181818181818 0.46994535519125685 0.5672727272727273 0.5519125683060109 0.5672727272727273 0.5573770491803278 0.56 0.5683060109289617 0.56 0.5737704918032787 0.5563636363636364 0.5792349726775956 0.5563636363636364 0.6065573770491803 0.5527272727272727 0.6120218579234973 0.5527272727272727 0.6174863387978142 0.5454545454545454 0.6284153005464481 0.5454545454545454 0.6338797814207651 0.5309090909090909 0.6557377049180327 0.5272727272727272 0.6557377049180327 0.5127272727272727 0.6775956284153005 0.509090909090909 0.6775956284153005 0.49454545454545457 0.6994535519125683 0.4909090909090909 0.6994535519125683 0.44727272727272727 0.7650273224043715 0.44727272727272727 0.7704918032786885 0.44363636363636366 0.7759562841530054 0.44363636363636366 0.7814207650273224 0.44727272727272727 0.7868852459016393 0.4509090909090909 0.7868852459016393 0.4509090909090909 0.7923497267759563 0.44727272727272727 0.7978142076502732 0.44 0.7978142076502732 0.43272727272727274 0.7868852459016393 0.4290909090909091 0.7868852459016393 0.4254545454545455 0.7814207650273224 0.4218181818181818 0.7814207650273224 0.41454545454545455 0.7704918032786885 0.4109090909090909 0.7704918032786885 0.4109090909090909 0.7595628415300546 0.41454545454545455 0.7540983606557377 0.41818181818181815 0.7377049180327869 0.4254545454545455 0.726775956284153 0.4290909090909091 0.726775956284153 0.43272727272727274 0.7213114754098361 0.43272727272727274 0.7158469945355191 0.4290909090909091 0.7103825136612022 0.4254545454545455 0.7103825136612022 0.41818181818181815 0.6994535519125683 0.41818181818181815 0.6885245901639344 0.41454545454545455 0.6830601092896175 0.41454545454545455 0.6775956284153005 0.4072727272727273 0.6612021857923497 0.4072727272727273 0.6502732240437158 0.4036363636363636 0.644808743169399 0.4036363636363636 0.639344262295082 0.4 0.6338797814207651 0.4 0.6284153005464481 0.39636363636363636 0.6229508196721312 0.39636363636363636 0.6174863387978142 0.3927272727272727 0.6120218579234973 0.3927272727272727 0.6065573770491803 0.3890909090909091 0.6010928961748634 0.3890909090909091 0.5956284153005464 0.38545454545454544 0.5901639344262295 0.38545454545454544 0.5846994535519126 0.38181818181818183 0.5792349726775956 0.38181818181818183 0.5737704918032787 0.3781818181818182 0.5683060109289617 0.3781818181818182 0.5628415300546448 0.37454545454545457 0.5573770491803278 0.3709090909090909 0.5409836065573771 0.36727272727272725 0.5355191256830601 0.36727272727272725 0.5245901639344263 0.36363636363636365 0.5191256830601093 0.36363636363636365 0.5081967213114754 0.36 0.5027322404371585 0.3563636363636364 0.48633879781420764 0.3490909090909091 0.47540983606557374 0.3490909090909091 0.46994535519125685 0.34545454545454546 0.4644808743169399 0.34545454545454546 0.453551912568306 0.3381818181818182 0.4426229508196721 0.3381818181818182 0.43169398907103823 0.33454545454545453 0.4262295081967213 0.33454545454545453 0.4207650273224044 0.32727272727272727 0.4098360655737705 0.32727272727272727 0.40437158469945356 0.3236363636363636 0.3989071038251366 0.3236363636363636 0.3879781420765027 0.31636363636363635 0.3770491803278688 0.31636363636363635 0.37158469945355194 0.31272727272727274 0.366120218579235 0.31272727272727274 0.36065573770491804 0.3054545454545455 0.3442622950819672 0.3054545454545455 0.3333333333333333 0.3018181818181818 0.32786885245901637 0.3018181818181818 0.31693989071038253 0.29818181818181816 0.3114754098360656 0.29818181818181816 0.30601092896174864 0.29454545454545455 0.3005464480874317 0.29454545454545455 0.2896174863387978 0.2909090909090909 0.28415300546448086 0.29454545454545455 0.2786885245901639 0.3018181818181818 0.2786885245901639 0.3054545454545455 0.273224043715847 0.3090909090909091 0.2568306010928962 0.31272727272727274 0.2568306010928962 0.32 0.2459016393442623 0.32 0.24043715846994534 0.3236363636363636 0.23497267759562843 0.32727272727272727 0.2185792349726776 0.33090909090909093 0.2185792349726776 0.3418181818181818 0.20218579234972678 0.3418181818181818 0.1912568306010929 0.3490909090909091 0.18032786885245902 0.3490909090909091 0.17486338797814208 0.36 0.15846994535519127 0.36 0.15300546448087432 0.3709090909090909 0.1366120218579235 0.3709090909090909 0.13114754098360656 0.38181818181818183 0.11475409836065574 0.38545454545454544 0.09836065573770492 0.4036363636363636 0.07103825136612021 0.4036363636363636 0.06557377049180328 0.4072727272727273 0.060109289617486336 0.4109090909090909 0.04371584699453552 0.41454545454545455 0.03825136612021858 0.41454545454545455 0.03278688524590164 0.4290909090909091 0.01092896174863388 0.4290909090909091 0.00546448087431694 0.44 0.00546448087431694 0.44363636363636366 0 0.4763636363636364 0 0.48 0.00546448087431694 0.49454545454545457 0.00546448087431694 0.49818181818181817 0 0.5236363636363637 0
19 0.2690909090909091 0 0.4218181818181818 0 0.4218181818181818 0.01092896174863388 0.41454545454545455 0.02185792349726776 0.41454545454545455 0.0273224043715847 0.4 0.0546448087431694 0.3890909090909091 0.0546448087431694 0.3781818181818182 0.04371584699453552 0.36363636363636365 0.04371584699453552 0.36 0.03825136612021858 0.3490909090909091 0.03825136612021858 0.34545454545454546 0.03278688524590164 0.33454545454545453 0.03278688524590164 0.33090909090909093 0.0273224043715847 0.29454545454545455 0.0273224043715847 0.2909090909090909 0.02185792349726776 0.28 0.02185792349726776 0.27636363636363637 0.01639344262295082 0.2727272727272727 0.01639344262295082 0.2690909090909091 0.01092896174863388 0.2690909090909091 0.00546448087431694
19 0.007272727272727273 0.6939890710382514 0.01090909090909091 0.6939890710382514 0.01818181818181818 0.6830601092896175 0.03636363636363636 0.6830601092896175 0.04 0.6885245901639344 0.04 0.6994535519125683 0.04363636363636364 0.7049180327868853 0.04363636363636364 0.7158469945355191 0.04727272727272727 0.7213114754098361 0.05090909090909091 0.7377049180327869 0.05818181818181818 0.7486338797814208 0.05818181818181818 0.7595628415300546 0.06181818181818182 0.7650273224043715 0.06181818181818182 0.7759562841530054 0.06909090909090909 0.7868852459016393 0.06909090909090909 0.8032786885245902 0.06545454545454546 0.8087431693989071 0.06181818181818182 0.8087431693989071 0.05818181818181818 0.8142076502732241 0.03636363636363636 0.8142076502732241 0.03272727272727273 0.8087431693989071 0.02909090909090909 0.7923497267759563 0.02181818181818182 0.7814207650273224 0.02181818181818182 0.7704918032786885 0.01818181818181818 0.7650273224043715 0.01818181818181818 0.7595628415300546 0.01090909090909091 0.7431693989071039 0.01090909090909091 0.73224043715847 0.007272727272727273 0.726775956284153 0.007272727272727273 0.6994535519125683
19 0.92 0.7704918032786885 0.9272727272727272 0.7704918032786885 0.9490909090909091 0.8032786885245902 0.96 0.8087431693989071 0.9672727272727273 0.819672131147541 0.9709090909090909 0.819672131147541 0.9781818181818182 0.8306010928961749 0.9818181818181818 0.8306010928961749 0.9927272727272727 0.8469945355191257 0.9927272727272727 0.8633879781420765 0.9890909090909091 0.8688524590163934 0.9890909090909091 0.8743169398907104 0.9927272727272727 0.8797814207650273 0.9927272727272727 0.8907103825136612 0.9890909090909091 0.8961748633879781 0.9890909090909091 0.907103825136612 0.9927272727272727 0.912568306010929 0.9927272727272727 0.9562841530054644 0.9890909090909091 0.9562841530054644 0.9781818181818182 0.9672131147540983 0.9563636363636364 0.9672131147540983 0.9527272727272728 0.9617486338797814 0.9418181818181818 0.9617486338797814 0.9381818181818182 0.9562841530054644 0.9309090909090909 0.9562841530054644 0.9272727272727272 0.9508196721311475 0.9163636363636364 0.9508196721311475 0.9127272727272727 0.9453551912568307 0.9054545454545454 0.9453551912568307 0.9054545454545454 0.9398907103825137 0.8945454545454545 0.9289617486338798 0.8909090909090909 0.912568306010929 0.8727272727272727 0.8852459016393442 0.8727272727272727 0.8797814207650273 0.850909090909091 0.8469945355191257 0.850909090909091 0.8415300546448088 0.8327272727272728 0.8142076502732241 0.8254545454545454 0.8142076502732241 0.8254545454545454 0.8032786885245902 0.8218181818181818 0.7978142076502732 0.8218181818181818 0.7923497267759563 0.8327272727272728 0.7978142076502732 0.8327272727272728 0.8032786885245902 0.8363636363636363 0.8087431693989071 0.84 0.8087431693989071 0.8436363636363636 0.825136612021858 0.850909090909091 0.8360655737704918 0.8545454545454545 0.8360655737704918 0.8545454545454545 0.8415300546448088 0.8618181818181818 0.8524590163934426 0.8872727272727273 0.8524590163934426 0.8945454545454545 0.8633879781420765 0.8981818181818182 0.8633879781420765 0.8945454545454545 0.8688524590163934 0.8945454545454545 0.8743169398907104 0.8981818181818182 0.8797814207650273 0.9054545454545454 0.8797814207650273 0.9090909090909091 0.8743169398907104 0.9054545454545454 0.8688524590163934 0.9054545454545454 0.8579234972677595 0.9090909090909091 0.8524590163934426 0.9127272727272727 0.8524590163934426 0.92 0.8415300546448088 0.92 0.8306010928961749 0.9236363636363636 0.825136612021858 0.9309090909090909 0.825136612021858 0.9345454545454546 0.819672131147541 0.9345454545454546 0.8032786885245902 0.9309090909090909 0.7978142076502732 0.9272727272727272 0.7978142076502732 0.9272727272727272 0.7923497267759563 0.9236363636363636 0.7868852459016393 0.9272727272727272 0.7814207650273224 0.9236363636363636 0.7759562841530054 0.92 0.7759562841530054
19 0.04727272727272727 0.43169398907103823 0.05818181818181818 0.44808743169398907 0.05818181818181818 0.45901639344262296 0.06181818181818182 0.4644808743169399 0.06181818181818182 0.47540983606557374 0.06545454545454546 0.4808743169398907 0.06545454545454546 0.4972677595628415 0.06909090909090909 0.5027322404371585 0.06909090909090909 0.5081967213114754 0.07272727272727272 0.5136612021857924 0.07272727272727272 0.5245901639344263 0.07636363636363637 0.5300546448087432 0.07636363636363637 0.5573770491803278 0.06909090909090909 0.5683060109289617 0.05090909090909091 0.5683060109289617 0.04 0.5573770491803278 0.04 0.546448087431694 0.03272727272727273 0.5300546448087432 0.03272727272727273 0.5136612021857924 0.02909090909090909 0.5081967213114754 0.02909090909090909 0.4972677595628415 0.025454545454545455 0.4918032786885246 0.025454545454545455 0.48633879781420764 0.02181818181818182 0.4808743169398907 0.02181818181818182 0.46994535519125685 0.01818181818181818 0.4644808743169399 0.01818181818181818 0.453551912568306 0.025454545454545455 0.4371584699453552 0.02909090909090909 0.4371584699453552 0.03272727272727273 0.43169398907103823 0.04363636363636364 0.43169398907103823
19 0.9490909090909091 0.7978142076502732 0.96 0.8032786885245902 0.9672727272727273 0.8142076502732241 0.9709090909090909 0.8142076502732241 0.9818181818181818 0.8306010928961749 0.9927272727272727 0.8360655737704918 0.9927272727272727 0.8415300546448088 0.9963636363636363 0.8469945355191257 0.9963636363636363 0.8633879781420765 0.9927272727272727 0.8688524590163934 0.9927272727272727 0.8743169398907104 0.9963636363636363 0.8797814207650273 0.9963636363636363 0.8907103825136612 0.9927272727272727 0.8961748633879781 0.9927272727272727 0.907103825136612 0.9963636363636363 0.912568306010929 0.9963636363636363 0.9562841530054644 0.9927272727272727 0.9617486338797814 0.9927272727272727 0.9726775956284153 0.9890909090909091 0.9726775956284153 0.9854545454545455 0.9781420765027322 0.9781818181818182 0.9781420765027322 0.9745454545454545 0.9726775956284153 0.9636363636363636 0.9726775956284153 0.96 0.9672131147540983 0.9490909090909091 0.9672131147540983 0.9454545454545454 0.9617486338797814 0.9345454545454546 0.9617486338797814 0.9309090909090909 0.9562841530054644 0.9272727272727272 0.9562841530054644 0.92 0.9453551912568307 0.9163636363636364 0.9289617486338798 0.9127272727272727 0.9234972677595629 0.9090909090909091 0.9234972677595629 0.9018181818181819 0.912568306010929 0.9054545454545454 0.907103825136612 0.9054545454545454 0.8852459016393442 0.9090909090909091 0.8797814207650273 0.9163636363636364 0.8797814207650273 0.9236363636363636 0.8688524590163934 0.9236363636363636 0.8633879781420765 0.9272727272727272 0.8579234972677595 0.9272727272727272 0.8469945355191257 0.9345454545454546 0.8360655737704918 0.9345454545454546 0.8306010928961749 0.9490909090909091 0.8032786885245902
19 0.7018181818181818 0.01639344262295082 0.7054545454545454 0.01639344262295082 0.7018181818181818 0.02185792349726776 0.7054545454545454 0.0273224043715847 0.7090909090909091 0.0273224043715847 0.7090909090909091 0.03825136612021858 0.7127272727272728 0.04371584699453552 0.7345454545454545 0.04371584699453552 0.7381818181818182 0.03825136612021858 0.7381818181818182 0.04918032786885246 0.7418181818181818 0.0546448087431694 0.7490909090909091 0.0546448087431694 0.7490909090909091 0.060109289617486336 0.7527272727272727 0.06557377049180328 0.7563636363636363 0.06557377049180328 0.7563636363636363 0.08196721311475409 0.76 0.08743169398907104 0.7636363636363637 0.08743169398907104 0.76 0.08743169398907104 0.7563636363636363 0.09289617486338798 0.7636363636363637 0.10382513661202186 0.7636363636363637 0.11475409836065574 0.76 0.12021857923497267 0.76 0.12568306010928962 0.7527272727272727 0.12568306010928962 0.7490909090909091 0.12021857923497267 0.7454545454545455 0.12021857923497267 0.7381818181818182 0.1092896174863388 0.7345454545454545 0.1092896174863388 0.7236363636363636 0.09289617486338798 0.7127272727272728 0.08743169398907104 0.6945454545454546 0.060109289617486336 0.6909090909090909 0.060109289617486336 0.6836363636363636 0.04918032786885246 0.6836363636363636 0.04371584699453552 0.6909090909090909 0.03278688524590164 0.7018181818181818 0.03825136612021858 0.7054545454545454 0.03278688524590164 0.7018181818181818 0.0273224043715847 0.7018181818181818 0.02185792349726776
19 0.6981818181818182 0.3989071038251366 0.7054545454545454 0.4098360655737705 0.7090909090909091 0.4098360655737705 0.7090909090909091 0.41530054644808745 0.7163636363636363 0.4262295081967213 0.72 0.4262295081967213 0.72 0.43169398907103823 0.7236363636363636 0.4371584699453552 0.7236363636363636 0.4426229508196721 0.72 0.44808743169398907 0.72 0.4644808743169399 0.7236363636363636 0.46994535519125685 0.7163636363636363 0.4808743169398907 0.72 0.47540983606557374 0.7163636363636363 0.46994535519125685 0.7054545454545454 0.4644808743169399 0.7018181818181818 0.46994535519125685 0.7054545454545454 0.47540983606557374 0.7054545454545454 0.48633879781420764 0.7018181818181818 0.4918032786885246 0.7018181818181818 0.5027322404371585 0.7054545454545454 0.5081967213114754 0.7127272727272728 0.5081967213114754 0.7236363636363636 0.4972677595628415 0.72 0.4918032786885246 0.7163636363636363 0.4918032786885246 0.72 0.4918032786885246 0.7236363636363636 0.48633879781420764 0.730909090909091 0.4972677595628415 0.7345454545454545 0.4972677595628415 0.7636363636363637 0.5409836065573771 0.7636363636363637 0.546448087431694 0.7745454545454545 0.5628415300546448 0.7781818181818182 0.5628415300546448 0.7709090909090909 0.5628415300546448 0.7709090909090909 0.5573770491803278 0.7672727272727272 0.5519125683060109 0.7636363636363637 0.5573770491803278 0.76 0.5519125683060109 0.7490909090909091 0.5683060109289617 0.7454545454545455 0.5683060109289617 0.7381818181818182 0.5792349726775956 0.7381818181818182 0.6010928961748634 0.7418181818181818 0.6065573770491803 0.7381818181818182 0.6120218579234973 0.7527272727272727 0.6338797814207651 0.7709090909090909 0.6338797814207651 0.7818181818181819 0.6229508196721312 0.7781818181818182 0.6174863387978142 0.7818181818181819 0.6174863387978142 0.7854545454545454 0.6120218579234973 0.7854545454545454 0.6065573770491803 0.7927272727272727 0.5956284153005464 0.7890909090909091 0.5901639344262295 0.7890909090909091 0.5792349726775956 0.7890909090909091 0.5846994535519126 0.7927272727272727 0.5901639344262295 0.7963636363636364 0.5901639344262295 0.8072727272727273 0.6065573770491803 0.8109090909090909 0.6065573770491803 0.8327272727272728 0.639344262295082 0.8363636363636363 0.639344262295082 0.8436363636363636 0.6502732240437158 0.8436363636363636 0.6557377049180327 0.8472727272727273 0.6612021857923497 0.8581818181818182 0.6666666666666666 0.8836363636363637 0.7049180327868853 0.8872727272727273 0.7049180327868853 0.8909090909090909 0.7103825136612022 0.8909090909090909 0.7158469945355191 0.9236363636363636 0.7650273224043715 0.9272727272727272 0.7650273224043715 0.9490909090909091 0.7978142076502732 0.9527272727272728 0.7978142076502732 0.9672727272727273 0.819672131147541 0.9709090909090909 0.819672131147541 0.9818181818181818 0.8360655737704918 0.9854545454545455 0.8360655737704918 0.9854545454545455 0.8415300546448088 0.9890909090909091 0.8469945355191257 0.9927272727272727 0.8469945355191257 0.9927272727272727 0.8633879781420765 0.9890909090909091 0.8688524590163934 0.9890909090909091 0.8797814207650273 0.9927272727272727 0.8852459016393442 0.9781818181818182 0.8852459016393442 0.9709090909090909 0.8961748633879781 0.9709090909090909 0.907103825136612 0.9672727272727273 0.9016393442622951 0.96 0.9016393442622951 0.9563636363636364 0.907103825136612 0.9490909090909091 0.907103825136612 0.9418181818181818 0.9234972677595629 0.9490909090909091 0.9344262295081968 0.9563636363636364 0.9344262295081968 0.96 0.9398907103825137 0.9672727272727273 0.9398907103825137 0.9745454545454545 0.9562841530054644 0.9818181818181818 0.9453551912568307 0.9818181818181818 0.9344262295081968 0.9781818181818182 0.9289617486338798 0.9745454545454545 0.9344262295081968 0.9709090909090909 0.9289617486338798 0.9636363636363636 0.9289617486338798 0.9527272727272728 0.9180327868852459 0.96 0.9180327868852459 0.96 0.9234972677595629 0.9636363636363636 0.9289617486338798 0.9709090909090909 0.9289617486338798 0.9745454545454545 0.9234972677595629 0.9781818181818182 0.9234972677595629 0.9854545454545455 0.912568306010929 0.9890909090909091 0.912568306010929 0.9890909090909091 0.9180327868852459 0.9927272727272727 0.9234972677595629 0.9927272727272727 0.9508196721311475 0.9854545454545455 0.9617486338797814 0.9781818181818182 0.9617486338797814 0.9745454545454545 0.9672131147540983 0.96 0.9672131147540983 0.9563636363636364 0.9617486338797814 0.9454545454545454 0.9617486338797814 0.9418181818181818 0.9562841530054644 0.9345454545454546 0.9562841530054644 0.9309090909090909 0.9508196721311475 0.9236363636363636 0.9508196721311475 0.92 0.9453551912568307 0.9090909090909091 0.9398907103825137 0.8981818181818182 0.9234972677595629 0.8981818181818182 0.912568306010929 0.8945454545454545 0.907103825136612 0.8909090909090909 0.907103825136612 0.8872727272727273 0.8907103825136612 0.8763636363636363 0.8743169398907104 0.8727272727272727 0.8743169398907104 0.8690909090909091 0.8688524590163934 0.8690909090909091 0.8633879781420765 0.8436363636363636 0.825136612021858 0.8436363636363636 0.819672131147541 0.84 0.8142076502732241 0.8363636363636363 0.8142076502732241 0.8181818181818182 0.7868852459016393 0.8181818181818182 0.7814207650273224 0.7745454545454545 0.7158469945355191 0.7745454545454545 0.7103825136612022 0.7709090909090909 0.7049180327868853 0.7672727272727272 0.7049180327868853 0.7490909090909091 0.6775956284153005 0.7490909090909091 0.6721311475409836 0.6945454545454546 0.5901639344262295 0.6945454545454546 0.5846994535519126 0.6581818181818182 0.5300546448087432 0.6509090909090909 0.5300546448087432 0.64 0.5136612021857924 0.6363636363636364 0.5136612021857924 0.6363636363636364 0.5027322404371585 0.64 0.4972677595628415 0.6436363636363637 0.4972677595628415 0.6472727272727272 0.4918032786885246 0.6472727272727272 0.4808743169398907 0.6581818181818182 0.46994535519125685 0.6581818181818182 0.4644808743169399 0.6545454545454545 0.45901639344262296 0.6509090909090909 0.45901639344262296 0.6545454545454545 0.453551912568306 0.6509090909090909 0.44808743169398907 0.6472727272727272 0.44808743169398907 0.6472727272727272 0.4426229508196721 0.6509090909090909 0.4371584699453552 0.6545454545454545 0.4371584699453552 0.6581818181818182 0.43169398907103823 0.6581818181818182 0.4262295081967213 0.6763636363636364 0.3989071038251366 0.6945454545454546 0.3989071038251366
19 0.24545454545454545 0.19672131147540983 0.0036363636363636364 0.01092896174863388
19 0.48363636363636364 0.9344262295081968 0.48363636363636364 0.9289617486338798 0.48 0.9234972677595629 0.46545454545454545 0.9234972677595629 0.4618181818181818 0.9289617486338798 0.4618181818181818 0.9344262295081968 0.45454545454545453 0.9453551912568307 0.4581818181818182 0.9508196721311475 0.4581818181818182 0.9781420765027322 0.4618181818181818 0.9836065573770492 0.46545454545454545 0.9781420765027322 0.46545454545454545 0.9836065573770492 0.4618181818181818 0.9890710382513661 0.4581818181818182 0.9836065573770492 0.45454545454545453 0.9890710382513661 0.43636363636363634 0.9890710382513661 0.43636363636363634 0.9836065573770492 0.43272727272727274 0.9781420765027322 0.4290909090909091 0.9836065573770492 0.4290909090909091 0.9890710382513661 0.4218181818181818 0.9781420765027322 0.41454545454545455 0.9781420765027322 0.4109090909090909 0.9836065573770492 0.41454545454545455 0.9781420765027322 0.41454545454545455 0.9672131147540983 0.4109090909090909 0.9617486338797814 0.4072727272727273 0.9617486338797814 0.39636363636363636 0.9726775956284153 0.4 0.9781420765027322 0.4036363636363636 0.9781420765027322 0.4 0.9836065573770492 0.4 0.9890710382513661 0.38181818181818183 0.9890710382513661 0.37454545454545457 0.9781420765027322 0.3490909090909091 0.9781420765027322 0.34545454545454546 0.9836065573770492 0.3381818181818182 0.9836065573770492 0.33454545454545453 0.9890710382513661 0.3054545454545455 0.9890710382513661 0.3018181818181818 0.994535519125683 0.2909090909090909 0.994535519125683 0.2909090909090909 0.9890710382513661 0.29818181818181816 0.9781420765027322 0.3054545454545455 0.9781420765027322 0.31636363636363635 0.9672131147540983 0.3236363636363636 0.9672131147540983 0.32727272727272727 0.9617486338797814 0.33454545454545453 0.9617486338797814 0.3381818181818182 0.9562841530054644 0.34545454545454546 0.9562841530054644 0.3490909090909091 0.9508196721311475 0.3527272727272727 0.9508196721311475 0.3563636363636364 0.9453551912568307 0.36363636363636365 0.9453551912568307 0.36727272727272725 0.9398907103825137 0.3781818181818182 0.9398907103825137 0.38181818181818183 0.9344262295081968 0.38545454545454544 0.9344262295081968 0.39636363636363636 0.9234972677595629 0.4036363636363636 0.9234972677595629 0.4072727272727273 0.9180327868852459 0.41454545454545455 0.9180327868852459 0.4254545454545455 0.907103825136612 0.43636363636363634 0.907103825136612 0.44 0.9016393442622951 0.44363636363636366 0.9016393442622951 0.45454545454545453 0.8907103825136612 0.46545454545454545 0.8907103825136612 0.4690909090909091 0.8852459016393442 0.4763636363636364 0.8852459016393442 0.48727272727272725 0.8743169398907104 0.509090909090909 0.8743169398907104 0.5127272727272727 0.8688524590163934 0.5272727272727272 0.8688524590163934 0.5309090909090909 0.8633879781420765 0.5636363636363636 0.8633879781420765 0.5745454545454546 0.8797814207650273 0.5745454545454546 0.8907103825136612 0.5781818181818181 0.8961748633879781 0.5781818181818181 0.9016393442622951 0.5818181818181818 0.907103825136612 0.5818181818181818 0.912568306010929 0.5890909090909091 0.9289617486338798 0.5890909090909091 0.9398907103825137 0.5927272727272728 0.9453551912568307 0.5927272727272728 0.9617486338797814 0.5963636363636363 0.9672131147540983 0.5963636363636363 0.9726775956284153 0.6 0.9781420765027322 0.6036363636363636 0.994535519125683 0.5745454545454546 0.994535519125683 0.5709090909090909 0.9890710382513661 0.56 0.9890710382513661 0.5563636363636364 0.994535519125683 0.49454545454545457 0.994535519125683 0.4909090909090909 0.9890710382513661 0.49454545454545457 0.9836065573770492 0.4909090909090909 0.9781420765027322 0.4909090909090909 0.9726775956284153 0.49454545454545457 0.9672131147540983 0.4909090909090909 0.9617486338797814 0.49454545454545457 0.9562841530054644 0.49454545454545457 0.9508196721311475 0.4909090909090909 0.9453551912568307 0.48727272727272725 0.9453551912568307 0.4909090909090909 0.9398907103825137 0.48727272727272725 0.9344262295081968
19 0.5963636363636363 0.6666666666666666 0.5963636363636363 0.6721311475409836 0.6181818181818182 0.7049180327868853 0.6218181818181818 0.7049180327868853 0.6363636363636364 0.726775956284153 0.6363636363636364 0.73224043715847 0.6690909090909091 0.7814207650273224 0.6690909090909091 0.7868852459016393 0.6727272727272727 0.7923497267759563 0.6763636363636364 0.7923497267759563 0.6836363636363636 0.8032786885245902 0.6836363636363636 0.8087431693989071 0.6872727272727273 0.8142076502732241 0.6909090909090909 0.8142076502732241 0.7054545454545454 0.8360655737704918 0.7054545454545454 0.8415300546448088 0.7127272727272728 0.8524590163934426 0.7127272727272728 0.8579234972677595 0.7163636363636363 0.8633879781420765 0.7163636363636363 0.8743169398907104 0.7090909090909091 0.8852459016393442 0.7090909090909091 0.8907103825136612 0.7018181818181818 0.9016393442622951 0.6909090909090909 0.9016393442622951 0.6727272727272727 0.9289617486338798 0.6727272727272727 0.9398907103825137 0.6654545454545454 0.9562841530054644 0.6654545454545454 0.9781420765027322 0.6290909090909091 0.9781420765027322 0.6254545454545455 0.9836065573770492 0.6181818181818182 0.9836065573770492 0.6145454545454545 0.9890710382513661 0.610909090909091 0.9890710382513661 0.610909090909091 0.9836065573770492 0.6036363636363636 0.9726775956284153 0.6036363636363636 0.9672131147540983 0.5963636363636363 0.9508196721311475 0.5963636363636363 0.9344262295081968 0.5927272727272728 0.9289617486338798 0.5927272727272728 0.9234972677595629 0.5890909090909091 0.9180327868852459 0.5890909090909091 0.912568306010929 0.5818181818181818 0.8961748633879781 0.5818181818181818 0.8852459016393442 0.5781818181818181 0.8797814207650273 0.5781818181818181 0.8743169398907104 0.5636363636363636 0.8524590163934426 0.5454545454545454 0.8524590163934426 0.5418181818181819 0.8579234972677595 0.52 0.8579234972677595 0.5163636363636364 0.8633879781420765 0.49454545454545457 0.8633879781420765 0.48727272727272725 0.8524590163934426 0.48727272727272725 0.8469945355191257 0.4690909090909091 0.819672131147541 0.4690909090909091 0.8142076502732241 0.4581818181818182 0.7978142076502732 0.4581818181818182 0.7923497267759563 0.45454545454545453 0.7868852459016393 0.45454545454545453 0.7704918032786885 0.4581818181818182 0.7650273224043715 0.4581818181818182 0.7595628415300546 0.4763636363636364 0.73224043715847 0.48 0.73224043715847 0.5054545454545455 0.6939890710382514 0.509090909090909 0.6939890710382514 0.5236363636363637 0.6721311475409836 0.5272727272727272 0.6721311475409836 0.5454545454545454 0.644808743169399 0.5490909090909091 0.644808743169399 0.5527272727272727 0.639344262295082 0.5563636363636364 0.639344262295082 0.56 0.6338797814207651 0.5709090909090909 0.6284153005464481 0.5890909090909091 0.6557377049180327 0.5890909090909091 0.6612021857923497 0.5927272727272728 0.6666666666666666
19 0.07272727272727272 0.3770491803278688 0.08 0.3770491803278688 0.08727272727272728 0.3879781420765027 0.08727272727272728 0.39344262295081966 0.09090909090909091 0.3989071038251366 0.09090909090909091 0.4098360655737705 0.08363636363636363 0.4207650273224044 0.08363636363636363 0.4426229508196721 0.08727272727272728 0.44808743169398907 0.08727272727272728 0.45901639344262296 0.09090909090909091 0.4644808743169399 0.09090909090909091 0.4808743169398907 0.09454545454545454 0.48633879781420764 0.09454545454545454 0.4918032786885246 0.09818181818181818 0.4972677595628415 0.10181818181818182 0.5136612021857924 0.11272727272727273 0.5300546448087432 0.12363636363636364 0.5355191256830601 0.12727272727272726 0.5409836065573771 0.13090909090909092 0.5409836065573771 0.14545454545454545 0.5683060109289617 0.14545454545454545 0.5792349726775956 0.14909090909090908 0.5846994535519126 0.14909090909090908 0.5956284153005464 0.15272727272727274 0.6010928961748634 0.15272727272727274 0.6120218579234973 0.14909090909090908 0.6120218579234973 0.13818181818181818 0.6284153005464481 0.13818181818181818 0.644808743169399 0.14545454545454545 0.6557377049180327 0.14545454545454545 0.6721311475409836 0.15272727272727274 0.6830601092896175 0.15272727272727274 0.6885245901639344 0.15636363636363637 0.6939890710382514 0.16 0.6939890710382514 0.16 0.6994535519125683 0.15636363636363637 0.6994535519125683 0.14909090909090908 0.7158469945355191 0.15272727272727274 0.7213114754098361 0.15272727272727274 0.726775956284153 0.16 0.7377049180327869 0.16363636363636364 0.7377049180327869 0.16727272727272727 0.7431693989071039 0.17454545454545456 0.73224043715847 0.17454545454545456 0.726775956284153 0.1781818181818182 0.7213114754098361 0.1781818181818182 0.7158469945355191 0.1709090909090909 0.6994535519125683 0.1709090909090909 0.6830601092896175 0.16 0.6666666666666666 0.16363636363636364 0.6666666666666666 0.1709090909090909 0.6557377049180327 0.16727272727272727 0.6502732240437158 0.16363636363636364 0.6502732240437158 0.16 0.6557377049180327 0.16 0.6502732240437158 0.16363636363636364 0.6502732240437158 0.16727272727272727 0.644808743169399 0.1709090909090909 0.6502732240437158 0.1709090909090909 0.6612021857923497 0.17454545454545456 0.6666666666666666 0.17454545454545456 0.6830601092896175 0.18181818181818182 0.6939890710382514 0.18181818181818182 0.7049180327868853 0.18545454545454546 0.7103825136612022 0.18545454545454546 0.7213114754098361 0.1890909090909091 0.726775956284153 0.1890909090909091 0.7377049180327869 0.2 0.7540983606557377 0.2 0.7595628415300546 0.20727272727272728 0.7759562841530054 0.20363636363636364 0.7814207650273224 0.20363636363636364 0.7868852459016393 0.19636363636363635 0.7868852459016393 0.19272727272727272 0.7923497267759563 0.1890909090909091 0.7923497267759563 0.1781818181818182 0.8032786885245902 0.1709090909090909 0.8032786885245902 0.16727272727272727 0.8087431693989071 0.16 0.8087431693989071 0.14909090909090908 0.819672131147541 0.14181818181818182 0.819672131147541 0.13818181818181818 0.825136612021858 0.13090909090909092 0.825136612021858 0.12 0.8360655737704918 0.11272727272727273 0.8360655737704918 0.10909090909090909 0.8415300546448088 0.10181818181818182 0.8415300546448088 0.09818181818181818 0.8469945355191257 0.09090909090909091 0.8469945355191257 0.08727272727272728 0.8524590163934426 0.08363636363636363 0.8524590163934426 0.07272727272727272 0.8633879781420765 0.06545454545454546 0.8633879781420765 0.05454545454545454 0.8743169398907104 0.04727272727272727 0.8743169398907104 0.03636363636363636 0.8852459016393442 0.025454545454545455 0.8852459016393442 0.02181818181818182 0.8907103825136612 0.014545454545454545 0.8907103825136612 0.01090909090909091 0.8961748633879781 0 0.8961748633879781 0 0.8633879781420765 0.0036363636363636364 0.8579234972677595 0.0036363636363636364 0.8415300546448088 0 0.8360655737704918 0 0.819672131147541 0.0036363636363636364 0.8142076502732241 0.0036363636363636364 0.7978142076502732 0 0.7923497267759563 0 0.7650273224043715 0.0036363636363636364 0.7595628415300546 0.0036363636363636364 0.7431693989071039 0 0.7377049180327869 0 0.7158469945355191 0.0036363636363636364 0.7103825136612022 0.0036363636363636364 0.6939890710382514 0 0.6885245901639344 0 0.6721311475409836 0.0036363636363636364 0.6666666666666666 0.0036363636363636364 0.6612021857923497 0 0.6557377049180327 0 0.6229508196721312 0.007272727272727273 0.6120218579234973 0.01090909090909091 0.6120218579234973 0.02181818181818182 0.5956284153005464 0.02181818181818182 0.5901639344262295 0.014545454545454545 0.5792349726775956 0.014545454545454545 0.5573770491803278 0.007272727272727273 0.5409836065573771 0.007272727272727273 0.5136612021857924 0.0036363636363636364 0.5081967213114754 0.0036363636363636364 0.4808743169398907 0.007272727272727273 0.47540983606557374 0.01818181818181818 0.47540983606557374 0.01818181818181818 0.4808743169398907 0.025454545454545455 0.4918032786885246 0.025454545454545455 0.5081967213114754 0.02909090909090909 0.5136612021857924 0.02909090909090909 0.5300546448087432 0.03272727272727273 0.5355191256830601 0.03636363636363636 0.5519125683060109 0.05090909090909091 0.5737704918032787 0.06909090909090909 0.5737704918032787 0.07636363636363637 0.5628415300546448 0.07636363636363637 0.5573770491803278 0.08 0.5519125683060109 0.08 0.5355191256830601 0.07272727272727272 0.5191256830601093 0.07272727272727272 0.5027322404371585 0.06545454545454546 0.48633879781420764 0.06545454545454546 0.46994535519125685 0.06181818181818182 0.4644808743169399 0.06181818181818182 0.453551912568306 0.04727272727272727 0.43169398907103823 0.04727272727272727 0.4207650273224044 0.07272727272727272 0.3825136612021858
19 0.2872727272727273 0.0273224043715847 0.2909090909090909 0.03278688524590164 0.33090909090909093 0.03278688524590164 0.33454545454545453 0.03825136612021858 0.34545454545454546 0.03825136612021858 0.3490909090909091 0.04371584699453552 0.36 0.04371584699453552 0.36363636363636365 0.04918032786885246 0.37454545454545457 0.04918032786885246 0.3781818181818182 0.0546448087431694 0.38181818181818183 0.0546448087431694 0.38181818181818183 0.06557377049180328 0.38545454545454544 0.07103825136612021 0.38545454545454544 0.08196721311475409 0.38181818181818183 0.08743169398907104 0.38181818181818183 0.09836065573770492 0.37454545454545457 0.1092896174863388 0.3709090909090909 0.12568306010928962 0.3490909090909091 0.16393442622950818 0.3490909090909091 0.16939890710382513 0.33454545454545453 0.1912568306010929 0.33454545454545453 0.20765027322404372 0.33090909090909093 0.20765027322404372 0.32 0.2185792349726776 0.32 0.22950819672131148 0.3090909090909091 0.2459016393442623 0.3090909090909091 0.25136612021857924 0.3054545454545455 0.2568306010928962 0.3018181818181818 0.2568306010928962 0.2909090909090909 0.273224043715847 0.2909090909090909 0.2786885245901639 0.2872727272727273 0.2786885245901639 0.28363636363636363 0.273224043715847 0.28363636363636363 0.2677595628415301 0.27636363636363637 0.2568306010928962 0.27636363636363637 0.25136612021857924 0.2727272727272727 0.2459016393442623 0.2727272727272727 0.23497267759562843 0.2690909090909091 0.22950819672131148 0.2690909090909091 0.22404371584699453 0.26545454545454544 0.2185792349726776 0.26545454545454544 0.21311475409836064 0.26181818181818184 0.20765027322404372 0.26181818181818184 0.20218579234972678 0.2581818181818182 0.19672131147540983 0.2581818181818182 0.1912568306010929 0.2545454545454545 0.18579234972677597 0.2545454545454545 0.18032786885245902 0.2509090909090909 0.17486338797814208 0.2509090909090909 0.16939890710382513 0.24727272727272728 0.16393442622950818 0.24363636363636362 0.14754098360655737 0.23636363636363636 0.13114754098360656 0.23636363636363636 0.12021857923497267 0.23272727272727273 0.11475409836065574 0.23636363636363636 0.1092896174863388 0.23636363636363636 0.10382513661202186 0.2509090909090909 0.08196721311475409 0.2509090909090909 0.07650273224043716 0.26545454545454544 0.04918032786885246 0.2690909090909091 0.03278688524590164 0.2727272727272727 0.0273224043715847 0.28363636363636363 0.0273224043715847
19 0.0036363636363636364 0 0.13090909090909092 0 0.13454545454545455 0.00546448087431694 0.15272727272727274 0.00546448087431694 0.15636363636363637 0 0.20363636363636364 0 0.20727272727272728 0.00546448087431694 0.2109090909090909 0 0.26181818181818184 0 0.26545454545454544 0.00546448087431694 0.26545454545454544 0.03278688524590164 0.26181818181818184 0.03825136612021858 0.2581818181818182 0.0546448087431694 0.24363636363636362 0.07650273224043716 0.24363636363636362 0.08196721311475409 0.23272727272727273 0.09836065573770492 0.2290909090909091 0.09836065573770492 0.22545454545454546 0.09289617486338798 0.22181818181818183 0.07650273224043716 0.20727272727272728 0.0546448087431694 0.20363636363636364 0.0546448087431694 0.2 0.04918032786885246 0.1890909090909091 0.04918032786885246 0.18545454545454546 0.0546448087431694 0.1781818181818182 0.0546448087431694 0.17454545454545456 0.060109289617486336 0.1709090909090909 0.060109289617486336 0.16727272727272727 0.06557377049180328 0.16363636363636364 0.06557377049180328 0.16 0.07103825136612021 0.15636363636363637 0.07103825136612021 0.15272727272727274 0.07650273224043716 0.14909090909090908 0.07650273224043716 0.13818181818181818 0.08743169398907104 0.13090909090909092 0.08743169398907104 0.12363636363636364 0.09836065573770492 0.12 0.09836065573770492 0.11636363636363636 0.10382513661202186 0.10909090909090909 0.10382513661202186 0.10181818181818182 0.11475409836065574 0.09818181818181818 0.11475409836065574 0.08727272727272728 0.12568306010928962 0.08 0.12568306010928962 0.07636363636363637 0.13114754098360656 0.07272727272727272 0.13114754098360656 0.06909090909090909 0.1366120218579235 0.05818181818181818 0.14207650273224043 0.04727272727272727 0.15300546448087432 0.04363636363636364 0.15300546448087432 0.02909090909090909 0.17486338797814208 0.02909090909090909 0.18032786885245902 0.025454545454545455 0.18579234972677597 0.025454545454545455 0.20218579234972678 0.02909090909090909 0.20765027322404372 0.02909090909090909 0.2185792349726776 0.03272727272727273 0.22404371584699453 0.03272727272727273 0.22950819672131148 0.04 0.2459016393442623 0.04 0.2568306010928962 0.04363636363636364 0.26229508196721313 0.04727272727272727 0.2786885245901639 0.06181818181818182 0.30601092896174864 0.06181818181818182 0.31693989071038253 0.06545454545454546 0.3224043715846995 0.06545454545454546 0.3333333333333333 0.07272727272727272 0.34972677595628415 0.07272727272727272 0.37158469945355194 0.05818181818181818 0.39344262295081966 0.05454545454545454 0.39344262295081966 0.04363636363636364 0.4098360655737705 0.04363636363636364 0.41530054644808745 0.03636363636363636 0.4262295081967213 0.02909090909090909 0.4262295081967213 0.014545454545454545 0.44808743169398907 0.014545454545454545 0.453551912568306 0.007272727272727273 0.4644808743169399 0.0036363636363636364 0.4644808743169399 0 0.45901639344262296 0 0.4207650273224044 0.0036363636363636364 0.41530054644808745 0.0036363636363636364 0.4098360655737705 0 0.40437158469945356 0 0.24043715846994534 0.0036363636363636364 0.23497267759562843 0.0036363636363636364 0.2185792349726776 0 0.21311475409836064 0 0.14207650273224043 0.0036363636363636364 0.1366120218579235 0 0.13114754098360656 0 0.07103825136612021 0.0036363636363636364 0.06557377049180328 0 0.060109289617486336 0 0.01092896174863388 0.0036363636363636364 0.00546448087431694
19 0.39636363636363636 0.7704918032786885 0.4 0.7759562841530054 0.4036363636363636 0.7759562841530054 0.4109090909090909 0.7868852459016393 0.4218181818181818 0.7923497267759563 0.43272727272727274 0.8087431693989071 0.4581818181818182 0.8087431693989071 0.4581818181818182 0.8142076502732241 0.4763636363636364 0.8415300546448088 0.4763636363636364 0.8469945355191257 0.48363636363636364 0.8579234972677595 0.48363636363636364 0.8688524590163934 0.4727272727272727 0.8797814207650273 0.46545454545454545 0.8797814207650273 0.4618181818181818 0.8852459016393442 0.45454545454545453 0.8852459016393442 0.44363636363636366 0.8961748633879781 0.43636363636363634 0.8961748633879781 0.43272727272727274 0.9016393442622951 0.4254545454545455 0.9016393442622951 0.4218181818181818 0.907103825136612 0.41454545454545455 0.907103825136612 0.4109090909090909 0.912568306010929 0.4072727272727273 0.912568306010929 0.4036363636363636 0.9180327868852459 0.39636363636363636 0.9180327868852459 0.38545454545454544 0.9289617486338798 0.3709090909090909 0.9289617486338798 0.36727272727272725 0.9344262295081968 0.36 0.9344262295081968 0.3563636363636364 0.9398907103825137 0.3527272727272727 0.9398907103825137 0.3418181818181818 0.9508196721311475 0.33454545454545453 0.9508196721311475 0.33090909090909093 0.9562841530054644 0.32 0.9562841530054644 0.31636363636363635 0.9617486338797814 0.3090909090909091 0.9617486338797814 0.3054545454545455 0.9672131147540983 0.3018181818181818 0.9672131147540983 0.29818181818181816 0.9726775956284153 0.2909090909090909 0.9726775956284153 0.28 0.9836065573770492 0.2509090909090909 0.9836065573770492 0.24727272727272728 0.9890710382513661 0.23272727272727273 0.9890710382513661 0.2290909090909091 0.9836065573770492 0.22545454545454546 0.9836065573770492 0.22181818181818183 0.9890710382513661 0.21818181818181817 0.9836065573770492 0.20727272727272728 0.9836065573770492 0.20363636363636364 0.9781420765027322 0.2 0.9781420765027322 0.2 0.9672131147540983 0.19636363636363635 0.9617486338797814 0.19636363636363635 0.9562841530054644 0.2 0.9508196721311475 0.20363636363636364 0.9344262295081968 0.2109090909090909 0.9234972677595629 0.21454545454545454 0.9234972677595629 0.22181818181818183 0.912568306010929 0.22545454545454546 0.912568306010929 0.2290909090909091 0.907103825136612 0.23636363636363636 0.907103825136612 0.24363636363636362 0.8961748633879781 0.24727272727272728 0.8961748633879781 0.2509090909090909 0.8907103825136612 0.2545454545454545 0.8907103825136612 0.26181818181818184 0.8797814207650273 0.26545454545454544 0.8797814207650273 0.2690909090909091 0.8743169398907104 0.2690909090909091 0.8688524590163934 0.2727272727272727 0.8688524590163934 0.28 0.8579234972677595 0.28363636363636363 0.8579234972677595 0.2872727272727273 0.8524590163934426 0.2909090909090909 0.8524590163934426 0.29818181818181816 0.8415300546448088 0.3018181818181818 0.8415300546448088 0.3054545454545455 0.8360655737704918 0.3090909090909091 0.8360655737704918 0.31272727272727274 0.8306010928961749 0.3236363636363636 0.825136612021858 0.33090909090909093 0.8142076502732241 0.3381818181818182 0.8142076502732241 0.34545454545454546 0.8032786885245902 0.3490909090909091 0.8032786885245902 0.3527272727272727 0.7978142076502732 0.36363636363636365 0.7923497267759563 0.3709090909090909 0.7814207650273224 0.37454545454545457 0.7814207650273224 0.3781818181818182 0.7759562841530054 0.3927272727272727 0.7759562841530054
19 0.21454545454545454 0.07650273224043716 0.21454545454545454 0.08196721311475409 0.21818181818181817 0.08743169398907104 0.22181818181818183 0.10382513661202186 0.22545454545454546 0.1092896174863388 0.22545454545454546 0.11475409836065574 0.23272727272727273 0.13114754098360656 0.23272727272727273 0.14207650273224043 0.23636363636363636 0.14754098360655737 0.23636363636363636 0.15300546448087432 0.24 0.15846994535519127 0.24363636363636362 0.17486338797814208 0.2509090909090909 0.1912568306010929 0.2509090909090909 0.20218579234972678 0.2581818181818182 0.21311475409836064 0.2581818181818182 0.2185792349726776 0.26545454545454544 0.23497267759562843 0.26545454545454544 0.2459016393442623 0.2690909090909091 0.25136612021857924 0.2690909090909091 0.2568306010928962 0.2727272727272727 0.26229508196721313 0.2727272727272727 0.2677595628415301 0.27636363636363637 0.273224043715847 0.27636363636363637 0.2786885245901639 0.28 0.28415300546448086 0.28 0.2896174863387978 0.28363636363636363 0.29508196721311475 0.28363636363636363 0.3005464480874317 0.2909090909090909 0.31693989071038253 0.2909090909090909 0.3333333333333333 0.29818181818181816 0.3442622950819672 0.29818181818181816 0.34972677595628415 0.3018181818181818 0.3551912568306011 0.3018181818181818 0.36065573770491804 0.3054545454545455 0.366120218579235 0.3054545454545455 0.37158469945355194 0.3090909090909091 0.3770491803278688 0.3090909090909091 0.3825136612021858 0.31272727272727274 0.3879781420765027 0.31272727272727274 0.39344262295081966 0.31636363636363635 0.3989071038251366 0.31636363636363635 0.40437158469945356 0.32 0.4098360655737705 0.32 0.41530054644808745 0.3236363636363636 0.4207650273224044 0.3236363636363636 0.4262295081967213 0.32727272727272727 0.43169398907103823 0.32727272727272727 0.4371584699453552 0.33090909090909093 0.4426229508196721 0.33454545454545453 0.45901639344262296 0.3381818181818182 0.4644808743169399 0.3381818181818182 0.47540983606557374 0.3418181818181818 0.4808743169398907 0.3418181818181818 0.48633879781420764 0.34545454545454546 0.4918032786885246 0.34545454545454546 0.4972677595628415 0.3490909090909091 0.5027322404371585 0.3490909090909091 0.5081967213114754 0.3527272727272727 0.5136612021857924 0.3527272727272727 0.5191256830601093 0.3563636363636364 0.5245901639344263 0.3563636363636364 0.5300546448087432 0.36 0.5355191256830601 0.36363636363636365 0.5519125683060109 0.36727272727272725 0.5573770491803278 0.36727272727272725 0.5683060109289617 0.3709090909090909 0.5737704918032787 0.3709090909090909 0.5792349726775956 0.37454545454545457 0.5846994535519126 0.3781818181818182 0.6010928961748634 0.38545454545454544 0.6120218579234973 0.38545454545454544 0.6229508196721312 0.3890909090909091 0.6284153005464481 0.3890909090909091 0.6338797814207651 0.3927272727272727 0.639344262295082 0.3927272727272727 0.644808743169399 0.39636363636363636 0.6502732240437158 0.4 0.6666666666666666 0.4036363636363636 0.6721311475409836 0.4036363636363636 0.6830601092896175 0.4072727272727273 0.6885245901639344 0.4072727272727273 0.6939890710382514 0.4109090909090909 0.6994535519125683 0.4109090909090909 0.7103825136612022 0.41454545454545455 0.7158469945355191 0.41454545454545455 0.726775956284153 0.4109090909090909 0.73224043715847 0.4109090909090909 0.7377049180327869 0.3927272727272727 0.7595628415300546 0.38181818181818183 0.7595628415300546 0.3781818181818182 0.7650273224043715 0.37454545454545457 0.7650273224043715 0.3709090909090909 0.7595628415300546 0.36727272727272725 0.7650273224043715 0.36 0.7650273224043715 0.3563636363636364 0.7704918032786885 0.3563636363636364 0.7814207650273224 0.3490909090909091 0.7923497267759563 0.3418181818181818 0.7923497267759563 0.33454545454545453 0.8032786885245902 0.33090909090909093 0.8032786885245902 0.32727272727272727 0.8087431693989071 0.32 0.8087431693989071 0.31272727272727274 0.819672131147541 0.3090909090909091 0.819672131147541 0.3054545454545455 0.825136612021858 0.3018181818181818 0.825136612021858 0.29818181818181816 0.8306010928961749 0.29454545454545455 0.8306010928961749 0.2909090909090909 0.8360655737704918 0.28 0.8415300546448088 0.27636363636363637 0.8469945355191257 0.2690909090909091 0.8469945355191257 0.26545454545454544 0.8524590163934426 0.2545454545454545 0.8524590163934426 0.2509090909090909 0.8469945355191257 0.24727272727272728 0.8469945355191257 0.23636363636363636 0.8360655737704918 0.23636363636363636 0.8306010928961749 0.2290909090909091 0.8142076502732241 0.2290909090909091 0.8032786885245902 0.22181818181818183 0.7923497267759563 0.21818181818181817 0.7759562841530054 0.2109090909090909 0.7650273224043715 0.2109090909090909 0.7595628415300546 0.20727272727272728 0.7540983606557377 0.20727272727272728 0.7486338797814208 0.2 0.73224043715847 0.2 0.7158469945355191 0.19636363636363635 0.7103825136612022 0.19272727272727272 0.6939890710382514 0.18545454545454546 0.6775956284153005 0.18545454545454546 0.6721311475409836 0.19272727272727272 0.6612021857923497 0.1781818181818182 0.639344262295082 0.17454545454545456 0.639344262295082 0.1709090909090909 0.6338797814207651 0.1709090909090909 0.6284153005464481 0.16727272727272727 0.6229508196721312 0.16727272727272727 0.6174863387978142 0.16363636363636364 0.6120218579234973 0.16363636363636364 0.6065573770491803 0.16 0.6010928961748634 0.16 0.5956284153005464 0.15636363636363637 0.5901639344262295 0.15272727272727274 0.5737704918032787 0.14909090909090908 0.5683060109289617 0.14909090909090908 0.5573770491803278 0.14181818181818182 0.546448087431694 0.14181818181818182 0.5409836065573771 0.13818181818181818 0.5355191256830601 0.13818181818181818 0.5191256830601093 0.13454545454545455 0.5136612021857924 0.13454545454545455 0.5081967213114754 0.13090909090909092 0.5027322404371585 0.13090909090909092 0.4972677595628415 0.12363636363636364 0.4808743169398907 0.12363636363636364 0.46994535519125685 0.12 0.4644808743169399 0.11636363636363636 0.44808743169398907 0.10909090909090909 0.4371584699453552 0.10909090909090909 0.43169398907103823 0.10545454545454545 0.4262295081967213 0.10545454545454545 0.41530054644808745 0.10181818181818182 0.4098360655737705 0.10181818181818182 0.40437158469945356 0.09818181818181818 0.3989071038251366 0.09454545454545454 0.3825136612021858 0.09090909090909091 0.3770491803278688 0.09090909090909091 0.37158469945355194 0.08363636363636363 0.36065573770491804 0.08363636363636363 0.3551912568306011 0.08 0.34972677595628415 0.08 0.3442622950819672 0.07272727272727272 0.32786885245901637 0.07272727272727272 0.30601092896174864 0.06545454545454546 0.29508196721311475 0.06181818181818182 0.29508196721311475 0.06181818181818182 0.2896174863387978 0.05818181818181818 0.28415300546448086 0.05818181818181818 0.273224043715847 0.05454545454545454 0.2677595628415301 0.05454545454545454 0.26229508196721313 0.04727272727272727 0.25136612021857924 0.04727272727272727 0.24043715846994534 0.04363636363636364 0.23497267759562843 0.04363636363636364 0.22950819672131148 0.03636363636363636 0.21311475409836064 0.03636363636363636 0.20218579234972678 0.03272727272727273 0.19672131147540983 0.03636363636363636 0.18032786885245902 0.05090909090909091 0.15846994535519127 0.05454545454545454 0.15846994535519127 0.05818181818181818 0.15300546448087432 0.06909090909090909 0.14754098360655737 0.07272727272727272 0.14207650273224043 0.08 0.14207650273224043 0.08727272727272728 0.13114754098360656 0.09454545454545454 0.13114754098360656 0.09818181818181818 0.12568306010928962 0.10181818181818182 0.12568306010928962 0.10545454545454545 0.12021857923497267 0.11636363636363636 0.11475409836065574 0.12 0.1092896174863388 0.12363636363636364 0.1092896174863388 0.12727272727272726 0.10382513661202186 0.13090909090909092 0.10382513661202186 0.13454545454545455 0.09836065573770492 0.13818181818181818 0.09836065573770492 0.14181818181818182 0.09289617486338798 0.15272727272727274 0.08743169398907104 0.15636363636363637 0.08196721311475409 0.16 0.08196721311475409 0.1709090909090909 0.07103825136612021 0.17454545454545456 0.07103825136612021 0.1781818181818182 0.06557377049180328 0.18545454545454546 0.06557377049180328 0.1890909090909091 0.060109289617486336 0.19272727272727272 0.060109289617486336 0.19636363636363635 0.06557377049180328 0.20363636363636364 0.06557377049180328 0.2109090909090909 0.07650273224043716
19 0.7454545454545455 0.9180327868852459 0.7490909090909091 0.9234972677595629 0.7709090909090909 0.9234972677595629 0.7745454545454545 0.9289617486338798 0.7854545454545454 0.9289617486338798 0.7890909090909091 0.9344262295081968 0.8036363636363636 0.9344262295081968 0.8072727272727273 0.9398907103825137 0.8181818181818182 0.9398907103825137 0.8218181818181818 0.9453551912568307 0.8327272727272728 0.9453551912568307 0.8363636363636363 0.9508196721311475 0.8618181818181818 0.9508196721311475 0.8654545454545455 0.9562841530054644 0.8872727272727273 0.9562841530054644 0.8909090909090909 0.9617486338797814 0.9163636363636364 0.9617486338797814 0.92 0.9672131147540983 0.9309090909090909 0.9672131147540983 0.9345454545454546 0.9726775956284153 0.9454545454545454 0.9726775956284153 0.9490909090909091 0.9781420765027322 0.96 0.9781420765027322 0.9636363636363636 0.9836065573770492 0.9709090909090909 0.9836065573770492 0.9745454545454545 0.9890710382513661 0.9818181818181818 0.9890710382513661 0.9818181818181818 0.994535519125683 0.8981818181818182 0.994535519125683 0.8945454545454545 0.9890710382513661 0.8872727272727273 0.9890710382513661 0.8836363636363637 0.994535519125683 0.88 0.9890710382513661 0.8472727272727273 0.9890710382513661 0.8436363636363636 0.994535519125683 0.8072727272727273 0.994535519125683 0.8036363636363636 0.9890710382513661 0.7636363636363637 0.9890710382513661 0.76 0.9836065573770492 0.7563636363636363 0.9890710382513661 0.7563636363636363 0.9836065573770492 0.7490909090909091 0.9726775956284153 0.7454545454545455 0.9781420765027322 0.7381818181818182 0.9781420765027322 0.7345454545454545 0.9836065573770492 0.7272727272727273 0.9836065573770492 0.7236363636363636 0.9890710382513661 0.7018181818181818 0.9890710382513661 0.6981818181818182 0.994535519125683 0.6909090909090909 0.994535519125683 0.6872727272727273 0.9890710382513661 0.6836363636363636 0.994535519125683 0.6727272727272727 0.9836065573770492 0.6763636363636364 0.9781420765027322 0.6763636363636364 0.9508196721311475 0.68 0.9453551912568307 0.68 0.9344262295081968 0.6836363636363636 0.9289617486338798 0.6836363636363636 0.9234972677595629 0.6909090909090909 0.912568306010929 0.7236363636363636 0.912568306010929 0.7272727272727273 0.9180327868852459 0.7418181818181818 0.9180327868852459
19 0.8654545454545455 0.3114754098360656 0.8690909090909091 0.31693989071038253 0.8690909090909091 0.32786885245901637 0.8727272727272727 0.3333333333333333 0.8727272727272727 0.33879781420765026 0.8872727272727273 0.36065573770491804 0.8981818181818182 0.366120218579235 0.9054545454545454 0.3770491803278688 0.9018181818181819 0.3825136612021858 0.9054545454545454 0.3879781420765027 0.9127272727272727 0.3879781420765027 0.92 0.3989071038251366 0.9236363636363636 0.3989071038251366 0.9272727272727272 0.40437158469945356 0.9236363636363636 0.40437158469945356 0.92 0.4098360655737705 0.92 0.40437158469945356 0.9163636363636364 0.3989071038251366 0.9090909090909091 0.3989071038251366 0.9090909090909091 0.39344262295081966 0.9018181818181819 0.3825136612021858 0.8909090909090909 0.3770491803278688 0.8872727272727273 0.37158469945355194 0.8872727272727273 0.366120218579235 0.88 0.3551912568306011 0.8763636363636363 0.3551912568306011 0.8727272727272727 0.34972677595628415 0.8654545454545455 0.34972677595628415 0.8618181818181818 0.3551912568306011 0.8618181818181818 0.34972677595628415 0.850909090909091 0.33879781420765026 0.8472727272727273 0.3442622950819672 0.8472727272727273 0.3551912568306011 0.8436363636363636 0.34972677595628415 0.84 0.34972677595628415 0.8363636363636363 0.3551912568306011 0.8327272727272728 0.34972677595628415 0.8254545454545454 0.34972677595628415 0.8218181818181818 0.3551912568306011 0.8181818181818182 0.37158469945355194 0.8145454545454546 0.37158469945355194 0.8109090909090909 0.366120218579235 0.8036363636363636 0.3770491803278688 0.8 0.3770491803278688 0.7963636363636364 0.3825136612021858 0.8 0.3879781420765027 0.7890909090909091 0.3879781420765027 0.7854545454545454 0.39344262295081966 0.7854545454545454 0.40437158469945356 0.7818181818181819 0.40437158469945356 0.7781818181818182 0.4098360655737705 0.7818181818181819 0.41530054644808745 0.7890909090909091 0.41530054644808745 0.7818181818181819 0.4262295081967213 0.7781818181818182 0.4262295081967213 0.7818181818181819 0.4207650273224044 0.7781818181818182 0.41530054644808745 0.7745454545454545 0.41530054644808745 0.7781818181818182 0.4098360655737705 0.7745454545454545 0.40437158469945356 0.7781818181818182 0.4098360655737705 0.7854545454545454 0.3989071038251366 0.7818181818181819 0.39344262295081966 0.7854545454545454 0.3879781420765027 0.7927272727272727 0.3879781420765027 0.7963636363636364 0.3825136612021858 0.7963636363636364 0.366120218579235 0.8 0.366120218579235 0.8109090909090909 0.3551912568306011 0.8109090909090909 0.34972677595628415 0.8145454545454546 0.3442622950819672 0.8145454545454546 0.33879781420765026 0.8109090909090909 0.3333333333333333 0.8145454545454546 0.32786885245901637 0.8181818181818182 0.3333333333333333 0.8218181818181818 0.32786885245901637 0.8218181818181818 0.3114754098360656 0.8254545454545454 0.30601092896174864 0.8327272727272728 0.30601092896174864 0.8363636363636363 0.3005464480874317 0.8472727272727273 0.3005464480874317 0.850909090909091 0.30601092896174864 0.8581818181818182 0.30601092896174864 0.8618181818181818 0.3114754098360656
19 0 0.4972677595628415 0 0.5027322404371585 0.0036363636363636364 0.5081967213114754 0.0036363636363636364 0.5300546448087432 0.007272727272727273 0.5355191256830601 0.007272727272727273 0.5409836065573771 0.014545454545454545 0.5573770491803278 0.014545454545454545 0.5846994535519126 0.01818181818181818 0.5901639344262295 0.01818181818181818 0.5956284153005464 0.01090909090909091 0.6065573770491803 0 0.6120218579234973 0 0.5027322404371585
19 0.64 0 0.6654545454545454 0 0.6690909090909091 0.00546448087431694 0.68 0.00546448087431694 0.6836363636363636 0.01092896174863388 0.6872727272727273 0.00546448087431694 0.6945454545454546 0.00546448087431694 0.6945454545454546 0.01092896174863388 0.6981818181818182 0.01639344262295082 0.7018181818181818 0.01092896174863388 0.7090909090909091 0.0273224043715847 0.7163636363636363 0.0273224043715847 0.7236363636363636 0.01639344262295082 0.72 0.01092896174863388 0.72 0.00546448087431694 0.7236363636363636 0 0.730909090909091 0.01092896174863388 0.730909090909091 0.01639344262295082 0.7345454545454545 0.02185792349726776 0.730909090909091 0.0273224043715847 0.7272727272727273 0.0273224043715847 0.7236363636363636 0.03278688524590164 0.7236363636363636 0.03825136612021858 0.7345454545454545 0.04918032786885246 0.7381818181818182 0.04371584699453552 0.7381818181818182 0.03278688524590164 0.7381818181818182 0.04371584699453552 0.7418181818181818 0.04918032786885246 0.7454545454545455 0.04918032786885246 0.7490909090909091 0.0546448087431694 0.7490909090909091 0.060109289617486336 0.7563636363636363 0.07103825136612021 0.7563636363636363 0.08743169398907104 0.7527272727272727 0.09289617486338798 0.7636363636363637 0.1092896174863388 0.7563636363636363 0.12568306010928962 0.7454545454545455 0.12021857923497267 0.7381818181818182 0.1092896174863388 0.7345454545454545 0.1092896174863388 0.7236363636363636 0.09289617486338798 0.7127272727272728 0.08743169398907104 0.6945454545454546 0.060109289617486336 0.6909090909090909 0.060109289617486336 0.68 0.04371584699453552 0.6763636363636364 0.04371584699453552 0.6690909090909091 0.03278688524590164 0.6581818181818182 0.0273224043715847 0.6436363636363637 0.00546448087431694 0.64 0.00546448087431694
19 0.10545454545454545 0.5191256830601093 0.10545454545454545 0.5081967213114754 0.10181818181818182 0.5027322404371585 0.10181818181818182 0.4972677595628415 0.09454545454545454 0.4808743169398907 0.09454545454545454 0.46994535519125685 0.09090909090909091 0.4644808743169399 0.09090909090909091 0.44808743169398907 0.08727272727272728 0.4426229508196721 0.08727272727272728 0.4098360655737705 0.09090909090909091 0.40437158469945356 0.09454545454545454 0.40437158469945356 0.09454545454545454 0.4098360655737705 0.09818181818181818 0.41530054644808745 0.09818181818181818 0.4262295081967213 0.10181818181818182 0.43169398907103823 0.10181818181818182 0.4371584699453552 0.10909090909090909 0.44808743169398907 0.10909090909090909 0.45901639344262296 0.11272727272727273 0.4644808743169399 0.11272727272727273 0.46994535519125685 0.11636363636363636 0.47540983606557374 0.11636363636363636 0.4808743169398907 0.12 0.48633879781420764 0.12 0.4918032786885246 0.12363636363636364 0.4972677595628415 0.12727272727272726 0.5136612021857924 0.13090909090909092 0.5191256830601093 0.13090909090909092 0.5300546448087432 0.12 0.5300546448087432 0.10909090909090909 0.5191256830601093
19 0.7127272727272728 0.9672131147540983 0.72 0.9672131147540983 0.7236363636363636 0.9617486338797814 0.7418181818181818 0.9617486338797814 0.7454545454545455 0.9672131147540983 0.7527272727272727 0.9672131147540983 0.7636363636363637 0.9836065573770492 0.7672727272727272 0.9836065573770492 0.7672727272727272 0.994535519125683 0.7527272727272727 0.994535519125683 0.7490909090909091 0.9890710382513661 0.7236363636363636 0.9890710382513661 0.72 0.9836065573770492 0.7163636363636363 0.9890710382513661 0.7127272727272728 0.9836065573770492 0.7090909090909091 0.9836065573770492 0.7127272727272728 0.9781420765027322 0.7127272727272728 0.9726775956284153
19 0.9418181818181818 0.7814207650273224 0.9527272727272728 0.7814207650273224 0.9527272727272728 0.7923497267759563 0.9563636363636364 0.7978142076502732 0.96 0.7978142076502732 0.96 0.8032786885245902 0.9636363636363636 0.8087431693989071 0.9745454545454545 0.8142076502732241 0.9854545454545455 0.8306010928961749 0.9890909090909091 0.8306010928961749 0.9963636363636363 0.8469945355191257 0.9963636363636363 0.8961748633879781 0.9927272727272727 0.9016393442622951 0.9963636363636363 0.907103825136612 0.9963636363636363 0.9617486338797814 0.9927272727272727 0.9672131147540983 0.9927272727272727 0.9781420765027322 0.9745454545454545 0.9781420765027322 0.9709090909090909 0.9726775956284153 0.9636363636363636 0.9726775956284153 0.96 0.9672131147540983 0.9454545454545454 0.9672131147540983 0.9418181818181818 0.9617486338797814 0.9309090909090909 0.9617486338797814 0.9272727272727272 0.9562841530054644 0.9163636363636364 0.9508196721311475 0.9127272727272727 0.9453551912568307 0.9127272727272727 0.9398907103825137 0.9018181818181819 0.9234972677595629 0.9018181818181819 0.8961748633879781 0.9054545454545454 0.8907103825136612 0.9054545454545454 0.8852459016393442 0.9127272727272727 0.8743169398907104 0.9163636363636364 0.8743169398907104 0.9272727272727272 0.8579234972677595 0.9272727272727272 0.8469945355191257 0.9418181818181818 0.819672131147541 0.9418181818181818 0.8087431693989071 0.9454545454545454 0.8032786885245902 0.9418181818181818 0.7978142076502732 0.9418181818181818 0.7868852459016393
19 0.7272727272727273 0 0.7490909090909091 0 0.7527272727272727 0.00546448087431694 0.7563636363636363 0.00546448087431694 0.76 0 0.7818181818181819 0 0.7854545454545454 0.00546448087431694 0.8036363636363636 0.00546448087431694 0.8072727272727273 0 0.8181818181818182 0 0.8254545454545454 0.01092896174863388 0.8254545454545454 0.01639344262295082 0.8290909090909091 0.02185792349726776 0.8290909090909091 0.0273224043715847 0.8254545454545454 0.03278688524590164 0.8290909090909091 0.03825136612021858 0.8290909090909091 0.0546448087431694 0.8218181818181818 0.06557377049180328 0.8181818181818182 0.06557377049180328 0.8072727272727273 0.08196721311475409 0.8036363636363636 0.09836065573770492 0.7890909090909091 0.09836065573770492 0.7854545454545454 0.09289617486338798 0.7745454545454545 0.09289617486338798 0.7709090909090909 0.08743169398907104 0.7709090909090909 0.08196721311475409 0.7490909090909091 0.04918032786885246 0.7490909090909091 0.04371584699453552 0.7418181818181818 0.03278688524590164 0.7418181818181818 0.0273224043715847 0.7272727272727273 0.00546448087431694
19 0.9636363636363636 0.4098360655737705 0.9636363636363636 0.3825136612021858 0.9709090909090909 0.37158469945355194 0.9745454545454545 0.37158469945355194 0.9781818181818182 0.366120218579235 0.9963636363636363 0.366120218579235 0.9963636363636363 0.4207650273224044 0.9781818181818182 0.4207650273224044 0.9672727272727273 0.4098360655737705
19 0.08363636363636363 0.3879781420765027 0.09090909090909091 0.3989071038251366 0.09090909090909091 0.40437158469945356 0.09818181818181818 0.4207650273224044 0.09818181818181818 0.43169398907103823 0.10181818181818182 0.4371584699453552 0.10181818181818182 0.4426229508196721 0.10909090909090909 0.453551912568306 0.10909090909090909 0.45901639344262296 0.11636363636363636 0.47540983606557374 0.11636363636363636 0.48633879781420764 0.12 0.4918032786885246 0.12 0.5027322404371585 0.12727272727272726 0.5136612021857924 0.12727272727272726 0.5355191256830601 0.12363636363636364 0.5355191256830601 0.11272727272727273 0.5245901639344263 0.10545454545454545 0.5245901639344263 0.10181818181818182 0.5191256830601093 0.09454545454545454 0.5191256830601093 0.09818181818181818 0.5191256830601093 0.10181818181818182 0.5136612021857924 0.10181818181818182 0.4972677595628415 0.09818181818181818 0.4918032786885246 0.09454545454545454 0.4918032786885246 0.09090909090909091 0.48633879781420764 0.08727272727272728 0.4918032786885246 0.08 0.4918032786885246 0.07272727272727272 0.5027322404371585 0.07636363636363637 0.5081967213114754 0.08727272727272728 0.5081967213114754 0.08363636363636363 0.5136612021857924 0.08727272727272728 0.5191256830601093 0.08727272727272728 0.5245901639344263 0.08363636363636363 0.5300546448087432 0.08363636363636363 0.5355191256830601 0.08727272727272728 0.5409836065573771 0.08363636363636363 0.546448087431694 0.08363636363636363 0.5519125683060109 0.08 0.5519125683060109 0.06909090909090909 0.5683060109289617 0.07272727272727272 0.5628415300546448 0.07272727272727272 0.5409836065573771 0.06545454545454546 0.5300546448087432 0.06181818181818182 0.5300546448087432 0.05818181818181818 0.5355191256830601 0.05818181818181818 0.5409836065573771 0.05818181818181818 0.5355191256830601 0.05454545454545454 0.5300546448087432 0.04363636363636364 0.5300546448087432 0.04 0.5355191256830601 0.04 0.5409836065573771 0.04363636363636364 0.546448087431694 0.04363636363636364 0.5573770491803278 0.05090909090909091 0.5683060109289617 0.05818181818181818 0.5683060109289617 0.04727272727272727 0.5683060109289617 0.03636363636363636 0.5519125683060109 0.03636363636363636 0.5300546448087432 0.04 0.5355191256830601 0.04727272727272727 0.5245901639344263 0.04363636363636364 0.5191256830601093 0.03272727272727273 0.5191256830601093 0.03272727272727273 0.5136612021857924 0.02909090909090909 0.5081967213114754 0.02909090909090909 0.4972677595628415 0.025454545454545455 0.4918032786885246 0.025454545454545455 0.4808743169398907 0.02181818181818182 0.47540983606557374 0.02181818181818182 0.453551912568306 0.025454545454545455 0.44808743169398907 0.02909090909090909 0.44808743169398907 0.025454545454545455 0.453551912568306 0.025454545454545455 0.46994535519125685 0.03636363636363636 0.48633879781420764 0.04363636363636364 0.48633879781420764 0.05090909090909091 0.46994535519125685 0.04727272727272727 0.4644808743169399 0.04727272727272727 0.453551912568306 0.04 0.4371584699453552 0.04363636363636364 0.43169398907103823 0.05454545454545454 0.4262295081967213 0.05818181818181818 0.4207650273224044 0.05818181818181818 0.4098360655737705 0.06909090909090909 0.39344262295081966 0.06909090909090909 0.3879781420765027 0.07272727272727272 0.3825136612021858 0.07636363636363637 0.3825136612021858 0.08 0.3879781420765027
19 0 0 0.04 0 0.04 0.01092896174863388 0.0036363636363636364 0.06557377049180328 0 0.06557377049180328 0 0.00546448087431694
19 0.9490909090909091 0.15300546448087432 0.9527272727272728 0.15846994535519127 0.96 0.15846994535519127 0.9636363636363636 0.16393442622950818 0.9745454545454545 0.16393442622950818 0.9781818181818182 0.16939890710382513 0.9818181818181818 0.16393442622950818 0.9854545454545455 0.16393442622950818 0.9890909090909091 0.16939890710382513 0.9927272727272727 0.16939890710382513 0.9963636363636363 0.17486338797814208 0.9963636363636363 0.22404371584699453 0.9709090909090909 0.22404371584699453 0.9672727272727273 0.2185792349726776 0.9490909090909091 0.2185792349726776 0.9454545454545454 0.21311475409836064 0.9381818181818182 0.21311475409836064 0.9345454545454546 0.20765027322404372 0.9272727272727272 0.20765027322404372 0.92 0.19672131147540983 0.92 0.1912568306010929 0.9236363636363636 0.18579234972677597 0.9236363636363636 0.18032786885245902 0.9309090909090909 0.16939890710382513 0.9309090909090909 0.15846994535519127 0.9345454545454546 0.15300546448087432 0.9454545454545454 0.15300546448087432
19 0 0.907103825136612 0.0036363636363636364 0.907103825136612 0.007272727272727273 0.9016393442622951 0.01818181818181818 0.9016393442622951 0.01818181818181818 0.907103825136612 0.01090909090909091 0.9180327868852459 0.01090909090909091 0.9234972677595629 0.0036363636363636364 0.9344262295081968 0.0036363636363636364 0.9398907103825137 0 0.9344262295081968 0 0.912568306010929
19 0.72 0.4262295081967213 0.72 0.43169398907103823 0.7236363636363636 0.4371584699453552 0.72 0.4426229508196721 0.72 0.4644808743169399 0.7236363636363636 0.46994535519125685 0.72 0.47540983606557374 0.7236363636363636 0.4808743169398907 0.7236363636363636 0.48633879781420764 0.730909090909091 0.4972677595628415 0.7345454545454545 0.4972677595628415 0.7636363636363637 0.5409836065573771 0.7636363636363637 0.546448087431694 0.7709090909090909 0.5573770491803278 0.7745454545454545 0.5573770491803278 0.7818181818181819 0.5683060109289617 0.7854545454545454 0.5683060109289617 0.7890909090909091 0.5737704918032787 0.7890909090909091 0.5792349726775956 0.8 0.5956284153005464 0.8036363636363636 0.5956284153005464 0.8036363636363636 0.6010928961748634 0.8072727272727273 0.6065573770491803 0.8109090909090909 0.6065573770491803 0.8254545454545454 0.6284153005464481 0.8290909090909091 0.6284153005464481 0.8290909090909091 0.6338797814207651 0.8327272727272728 0.639344262295082 0.8363636363636363 0.639344262295082 0.8436363636363636 0.6502732240437158 0.8436363636363636 0.6557377049180327 0.8472727272727273 0.6612021857923497 0.8581818181818182 0.6612021857923497 0.8581818181818182 0.6666666666666666 0.8690909090909091 0.6830601092896175 0.8727272727272727 0.6830601092896175 0.8727272727272727 0.6885245901639344 0.88 0.6994535519125683 0.8836363636363637 0.6994535519125683 0.8981818181818182 0.7213114754098361 0.8981818181818182 0.726775956284153 0.9018181818181819 0.73224043715847 0.9054545454545454 0.73224043715847 0.9054545454545454 0.7377049180327869 0.9127272727272727 0.7486338797814208 0.9163636363636364 0.7486338797814208 0.9236363636363636 0.7595628415300546 0.9309090909090909 0.7595628415300546 0.9309090909090909 0.7650273224043715 0.9381818181818182 0.7759562841530054 0.9381818181818182 0.7814207650273224 0.9418181818181818 0.7868852459016393 0.9454545454545454 0.7868852459016393 0.9563636363636364 0.8032786885245902 0.96 0.8032786885245902 0.96 0.8087431693989071 0.9672727272727273 0.819672131147541 0.9709090909090909 0.819672131147541 0.9781818181818182 0.8306010928961749 0.9818181818181818 0.8306010928961749 0.9927272727272727 0.8469945355191257 0.9927272727272727 0.8633879781420765 0.9890909090909091 0.8688524590163934 0.9927272727272727 0.8852459016393442 0.9890909090909091 0.8907103825136612 0.9818181818181818 0.8907103825136612 0.9781818181818182 0.8961748633879781 0.9781818181818182 0.9016393442622951 0.9818181818181818 0.907103825136612 0.9890909090909091 0.907103825136612 0.9927272727272727 0.912568306010929 0.9927272727272727 0.9234972677595629 0.9963636363636363 0.9289617486338798 0.9927272727272727 0.9344262295081968 0.9927272727272727 0.9508196721311475 0.9854545454545455 0.9617486338797814 0.9818181818181818 0.9617486338797814 0.9781818181818182 0.9672131147540983 0.9527272727272728 0.9672131147540983 0.9490909090909091 0.9617486338797814 0.9381818181818182 0.9617486338797814 0.9272727272727272 0.9508196721311475 0.9163636363636364 0.9508196721311475 0.8945454545454545 0.9180327868852459 0.8945454545454545 0.912568306010929 0.8872727272727273 0.9016393442622951 0.8836363636363637 0.8852459016393442 0.8763636363636363 0.8743169398907104 0.8727272727272727 0.8743169398907104 0.8690909090909091 0.8688524590163934 0.8690909090909091 0.8633879781420765 0.8181818181818182 0.7868852459016393 0.8181818181818182 0.7814207650273224 0.8072727272727273 0.7650273224043715 0.8036363636363636 0.7650273224043715 0.8036363636363636 0.7595628415300546 0.7745454545454545 0.7158469945355191 0.7745454545454545 0.7103825136612022 0.7709090909090909 0.7049180327868853 0.7672727272727272 0.7049180327868853 0.7490909090909091 0.6775956284153005 0.7490909090909091 0.6721311475409836 0.6981818181818182 0.5956284153005464 0.6981818181818182 0.5901639344262295 0.6727272727272727 0.5519125683060109 0.6727272727272727 0.546448087431694 0.6618181818181819 0.5300546448087432 0.6581818181818182 0.5300546448087432 0.6581818181818182 0.5245901639344263 0.6545454545454545 0.5191256830601093 0.6509090909090909 0.5191256830601093 0.6472727272727272 0.5136612021857924 0.64 0.5136612021857924 0.6436363636363637 0.5081967213114754 0.6436363636363637 0.5027322404371585 0.6509090909090909 0.4918032786885246 0.6509090909090909 0.4808743169398907 0.6545454545454545 0.4808743169398907 0.6618181818181819 0.46994535519125685 0.6618181818181819 0.45901639344262296 0.6509090909090909 0.4426229508196721 0.6472727272727272 0.4426229508196721 0.6509090909090909 0.4426229508196721 0.6618181818181819 0.4262295081967213 0.6618181818181819 0.4207650273224044 0.6690909090909091 0.4098360655737705 0.6727272727272727 0.4098360655737705 0.68 0.3989071038251366 0.6981818181818182 0.3989071038251366 0.7163636363636363 0.4262295081967213
19 0.6545454545454545 0.453551912568306 0.6545454545454545 0.46994535519125685 0.6509090909090909 0.46994535519125685 0.6436363636363637 0.4808743169398907 0.6436363636363637 0.48633879781420764 0.6290909090909091 0.5136612021857924 0.6327272727272727 0.5191256830601093 0.6509090909090909 0.5191256830601093 0.6545454545454545 0.5245901639344263 0.6545454545454545 0.5300546448087432 0.6690909090909091 0.5519125683060109 0.6690909090909091 0.5573770491803278 0.6945454545454546 0.5956284153005464 0.6945454545454546 0.6010928961748634 0.6981818181818182 0.6065573770491803 0.7018181818181818 0.6065573770491803 0.7127272727272728 0.6229508196721312 0.7127272727272728 0.6284153005464481 0.7163636363636363 0.6338797814207651 0.72 0.6338797814207651 0.7381818181818182 0.6612021857923497 0.7381818181818182 0.6666666666666666 0.7854545454545454 0.7377049180327869 0.7854545454545454 0.7431693989071039 0.7927272727272727 0.7540983606557377 0.7963636363636364 0.7540983606557377 0.7963636363636364 0.7595628415300546 0.8654545454545455 0.8633879781420765 0.8654545454545455 0.8688524590163934 0.8763636363636363 0.8852459016393442 0.88 0.8852459016393442 0.88 0.8907103825136612 0.8836363636363637 0.8961748633879781 0.8836363636363637 0.907103825136612 0.8909090909090909 0.9180327868852459 0.8909090909090909 0.9234972677595629 0.8945454545454545 0.9289617486338798 0.8981818181818182 0.9453551912568307 0.8654545454545455 0.9453551912568307 0.8618181818181818 0.9398907103825137 0.8545454545454545 0.9398907103825137 0.8545454545454545 0.9289617486338798 0.8581818181818182 0.9234972677595629 0.8581818181818182 0.9180327868852459 0.8545454545454545 0.912568306010929 0.8545454545454545 0.8961748633879781 0.8472727272727273 0.8852459016393442 0.84 0.8852459016393442 0.8327272727272728 0.8743169398907104 0.8290909090909091 0.8743169398907104 0.8254545454545454 0.8797814207650273 0.8109090909090909 0.8797814207650273 0.8 0.8961748633879781 0.8 0.9180327868852459 0.7963636363636364 0.9180327868852459 0.7927272727272727 0.9234972677595629 0.7854545454545454 0.9234972677595629 0.7818181818181819 0.9180327868852459 0.7709090909090909 0.9180327868852459 0.7672727272727272 0.912568306010929 0.76 0.912568306010929 0.7527272727272727 0.9016393442622951 0.7490909090909091 0.9016393442622951 0.7490909090909091 0.8961748633879781 0.7018181818181818 0.825136612021858 0.7018181818181818 0.819672131147541 0.6981818181818182 0.8142076502732241 0.6945454545454546 0.8142076502732241 0.6654545454545454 0.7704918032786885 0.6654545454545454 0.7650273224043715 0.6581818181818182 0.7540983606557377 0.6545454545454545 0.7540983606557377 0.6509090909090909 0.7486338797814208 0.6509090909090909 0.7431693989071039 0.6363636363636364 0.7213114754098361 0.6363636363636364 0.7158469945355191 0.6327272727272727 0.7103825136612022 0.6290909090909091 0.7103825136612022 0.5927272727272728 0.6557377049180327 0.5927272727272728 0.6502732240437158 0.5709090909090909 0.6174863387978142 0.5709090909090909 0.6120218579234973 0.5672727272727273 0.6065573770491803 0.5672727272727273 0.5737704918032787 0.5709090909090909 0.5683060109289617 0.5709090909090909 0.5628415300546448 0.6145454545454545 0.4972677595628415 0.6145454545454545 0.4918032786885246 0.64 0.453551912568306 0.6509090909090909 0.453551912568306
19 0.6436363636363637 0 0.6618181818181819 0 0.6654545454545454 0.00546448087431694 0.6727272727272727 0.00546448087431694 0.6763636363636364 0.01092896174863388 0.68 0.00546448087431694 0.6836363636363636 0.00546448087431694 0.6836363636363636 0.01092896174863388 0.68 0.01639344262295082 0.6836363636363636 0.02185792349726776 0.6872727272727273 0.02185792349726776 0.6945454545454546 0.01092896174863388 0.6981818181818182 0.01092896174863388 0.7018181818181818 0.01639344262295082 0.7054545454545454 0.01639344262295082 0.7018181818181818 0.02185792349726776 0.7018181818181818 0.0273224043715847 0.6909090909090909 0.0273224043715847 0.6872727272727273 0.03278688524590164 0.6945454545454546 0.04371584699453552 0.7163636363636363 0.04371584699453552 0.7163636363636363 0.04918032786885246 0.72 0.0546448087431694 0.7236363636363636 0.0546448087431694 0.7272727272727273 0.04918032786885246 0.730909090909091 0.04918032786885246 0.7345454545454545 0.0546448087431694 0.7418181818181818 0.0546448087431694 0.7454545454545455 0.04918032786885246 0.7345454545454545 0.03278688524590164 0.7272727272727273 0.03278688524590164 0.7272727272727273 0.02185792349726776 0.72 0.01092896174863388 0.7127272727272728 0.01092896174863388 0.72 0.01092896174863388 0.7236363636363636 0.00546448087431694 0.7236363636363636 0 0.7418181818181818 0 0.7381818181818182 0 0.7345454545454545 0.00546448087431694 0.7381818181818182 0.01092896174863388 0.7418181818181818 0.0273224043715847 0.7454545454545455 0.03278688524590164 0.7454545454545455 0.03825136612021858 0.7490909090909091 0.04371584699453552 0.7527272727272727 0.04371584699453552 0.76 0.0546448087431694 0.7636363636363637 0.0546448087431694 0.7636363636363637 0.060109289617486336 0.7672727272727272 0.06557377049180328 0.7709090909090909 0.060109289617486336 0.7709090909090909 0.06557377049180328 0.7745454545454545 0.07103825136612021 0.7781818181818182 0.07103825136612021 0.7781818181818182 0.07650273224043716 0.7890909090909091 0.09289617486338798 0.7927272727272727 0.09289617486338798 0.7963636363636364 0.09836065573770492 0.8036363636363636 0.09836065573770492 0.8109090909090909 0.08743169398907104 0.8109090909090909 0.08196721311475409 0.8145454545454546 0.07650273224043716 0.8109090909090909 0.07103825136612021 0.8036363636363636 0.07103825136612021 0.8 0.07650273224043716 0.8 0.08196721311475409 0.7927272727272727 0.08196721311475409 0.8036363636363636 0.06557377049180328 0.8109090909090909 0.06557377049180328 0.8218181818181818 0.0546448087431694 0.8218181818181818 0.04918032786885246 0.8145454545454546 0.03825136612021858 0.8145454545454546 0.03278688524590164 0.8181818181818182 0.0273224043715847 0.8109090909090909 0.01092896174863388 0.8 0.01639344262295082 0.7963636363636364 0.01092896174863388 0.7854545454545454 0.01092896174863388 0.7818181818181819 0.00546448087431694 0.7781818181818182 0.01092896174863388 0.7709090909090909 0.01092896174863388 0.7672727272727272 0.00546448087431694 0.7636363636363637 0.01092896174863388 0.7672727272727272 0.00546448087431694 0.8 0.00546448087431694 0.8036363636363636 0.01092896174863388 0.8109090909090909 0 0.8181818181818182 0 0.8254545454545454 0.01092896174863388 0.84 0.01092896174863388 0.8436363636363636 0.01639344262295082 0.850909090909091 0.00546448087431694 0.8545454545454545 0.01092896174863388 0.8581818181818182 0.00546448087431694 0.8618181818181818 0.00546448087431694 0.8654545454545455 0.01092896174863388 0.8690909090909091 0.01092896174863388 0.8690909090909091 0.02185792349726776 0.8727272727272727 0.0273224043715847 0.8763636363636363 0.02185792349726776 0.88 0.02185792349726776 0.8836363636363637 0.0273224043715847 0.8909090909090909 0.01639344262295082 0.8872727272727273 0.01092896174863388 0.8909090909090909 0.01092896174863388 0.8945454545454545 0.00546448087431694 0.9163636363636364 0.00546448087431694 0.92 0 0.9345454545454546 0 0.9272727272727272 0.01092896174863388 0.9236363636363636 0.01092896174863388 0.92 0.01639344262295082 0.9127272727272727 0.01639344262295082 0.9090909090909091 0.02185792349726776 0.9090909090909091 0.0273224043715847 0.9054545454545454 0.0273224043715847 0.9018181818181819 0.03278688524590164 0.8981818181818182 0.03278688524590164 0.8909090909090909 0.04371584699453552 0.8872727272727273 0.04371584699453552 0.8763636363636363 0.060109289617486336 0.8727272727272727 0.060109289617486336 0.8654545454545455 0.07103825136612021 0.8618181818181818 0.07103825136612021 0.850909090909091 0.08743169398907104 0.84 0.09289617486338798 0.8218181818181818 0.11475409836065574 0.8109090909090909 0.12021857923497267 0.7927272727272727 0.14207650273224043 0.7890909090909091 0.14207650273224043 0.7781818181818182 0.15300546448087432 0.7745454545454545 0.15300546448087432 0.7636363636363637 0.1366120218579235 0.7636363636363637 0.13114754098360656 0.76 0.12568306010928962 0.7527272727272727 0.12568306010928962 0.7490909090909091 0.12021857923497267 0.7454545454545455 0.12021857923497267 0.730909090909091 0.09836065573770492 0.72 0.09289617486338798 0.7090909090909091 0.07650273224043716 0.7054545454545454 0.07650273224043716 0.7018181818181818 0.060109289617486336 0.6872727272727273 0.03825136612021858 0.6836363636363636 0.03825136612021858 0.68 0.04371584699453552 0.6763636363636364 0.03825136612021858 0.6727272727272727 0.03825136612021858 0.6618181818181819 0.02185792349726776 0.6581818181818182 0.02185792349726776 0.6509090909090909 0.01092896174863388 0.6472727272727272 0.01092896174863388 0.6436363636363637 0.00546448087431694
19 0 0.17486338797814208 0 0.18032786885245902 0.007272727272727273 0.1912568306010929 0.01818181818181818 0.1912568306010929 0.025454545454545455 0.20218579234972678 0.025454545454545455 0.21311475409836064 0.02909090909090909 0.2185792349726776 0.02909090909090909 0.22950819672131148 0.03272727272727273 0.23497267759562843 0.03272727272727273 0.2459016393442623 0.03636363636363636 0.25136612021857924 0.04 0.25136612021857924 0.04 0.273224043715847 0.05454545454545454 0.29508196721311475 0.05454545454545454 0.3005464480874317 0.05818181818181818 0.30601092896174864 0.05818181818181818 0.31693989071038253 0.06181818181818182 0.3224043715846995 0.06181818181818182 0.32786885245901637 0.06545454545454546 0.3333333333333333 0.06909090909090909 0.34972677595628415 0.07272727272727272 0.3551912568306011 0.07272727272727272 0.366120218579235 0.06909090909090909 0.37158469945355194 0.06909090909090909 0.3770491803278688 0.05090909090909091 0.40437158469945356 0.04727272727272727 0.40437158469945356 0.04 0.41530054644808745 0.04 0.4262295081967213 0.02909090909090909 0.4262295081967213 0.014545454545454545 0.44808743169398907 0.014545454545454545 0.453551912568306 0.0036363636363636364 0.46994535519125685 0.0036363636363636364 0.4644808743169399 0 0.45901639344262296 0 0.4262295081967213 0.0036363636363636364 0.4207650273224044 0.0036363636363636364 0.4098360655737705 0 0.40437158469945356 0 0.3442622950819672 0.0036363636363636364 0.3442622950819672 0.007272727272727273 0.33879781420765026 0.0036363636363636364 0.3333333333333333 0.0036363636363636364 0.31693989071038253 0 0.3114754098360656 0 0.25136612021857924 0.0036363636363636364 0.2459016393442623 0.0036363636363636364 0.2185792349726776 0 0.21311475409836064 0 0.18032786885245902
19 0.8254545454545454 0.7704918032786885 0.8327272727272728 0.7704918032786885 0.8363636363636363 0.7759562841530054 0.8436363636363636 0.7759562841530054 0.8472727272727273 0.7704918032786885 0.850909090909091 0.7759562841530054 0.8545454545454545 0.7704918032786885 0.8618181818181818 0.7704918032786885 0.8581818181818182 0.7704918032786885 0.8545454545454545 0.7759562841530054 0.8545454545454545 0.7814207650273224 0.8581818181818182 0.7868852459016393 0.8618181818181818 0.7814207650273224 0.8618181818181818 0.8306010928961749 0.8654545454545455 0.8360655737704918 0.8727272727272727 0.8360655737704918 0.8836363636363637 0.8524590163934426 0.8945454545454545 0.8524590163934426 0.8981818181818182 0.8579234972677595 0.9018181818181819 0.8524590163934426 0.9163636363636364 0.8524590163934426 0.92 0.8469945355191257 0.92 0.8360655737704918 0.9236363636363636 0.8306010928961749 0.9236363636363636 0.825136612021858 0.9272727272727272 0.825136612021858 0.9309090909090909 0.819672131147541 0.9309090909090909 0.825136612021858 0.9381818181818182 0.8360655737704918 0.9490909090909091 0.8360655737704918 0.9418181818181818 0.8469945355191257 0.9309090909090909 0.8469945355191257 0.9272727272727272 0.8524590163934426 0.9272727272727272 0.8633879781420765 0.92 0.8743169398907104 0.92 0.8797814207650273 0.9127272727272727 0.8797814207650273 0.9090909090909091 0.8852459016393442 0.9127272727272727 0.8907103825136612 0.92 0.8907103825136612 0.92 0.9016393442622951 0.9163636363636364 0.907103825136612 0.9163636363636364 0.9180327868852459 0.9127272727272727 0.9180327868852459 0.9090909090909091 0.912568306010929 0.9090909090909091 0.907103825136612 0.9018181818181819 0.8907103825136612 0.8945454545454545 0.9016393442622951 0.8909090909090909 0.8852459016393442 0.8872727272727273 0.8797814207650273 0.8836363636363637 0.8797814207650273 0.8763636363636363 0.8688524590163934 0.8727272727272727 0.8524590163934426 0.8618181818181818 0.8360655737704918 0.8581818181818182 0.8360655737704918 0.8545454545454545 0.8306010928961749 0.8545454545454545 0.825136612021858 0.850909090909091 0.819672131147541 0.8472727272727273 0.819672131147541 0.8472727272727273 0.8142076502732241 0.8436363636363636 0.8087431693989071 0.8363636363636363 0.8087431693989071 0.8327272727272728 0.8032786885245902 0.8327272727272728 0.7978142076502732 0.8436363636363636 0.8087431693989071 0.850909090909091 0.8087431693989071 0.8545454545454545 0.8032786885245902 0.850909090909091 0.7978142076502732 0.8545454545454545 0.7923497267759563 0.8545454545454545 0.7814207650273224 0.850909090909091 0.7759562841530054 0.8472727272727273 0.7814207650273224 0.8472727272727273 0.7868852459016393 0.8472727272727273 0.7814207650273224 0.8436363636363636 0.7759562841530054 0.84 0.7814207650273224 0.84 0.7868852459016393 0.8363636363636363 0.7868852459016393 0.8327272727272728 0.7814207650273224 0.8290909090909091 0.7814207650273224 0.8254545454545454 0.7868852459016393 0.8254545454545454 0.7759562841530054
19 0.9563636363636364 0.03825136612021858 0.96 0.04371584699453552 0.9636363636363636 0.04371584699453552 0.9745454545454545 0.060109289617486336 0.9854545454545455 0.060109289617486336 0.9927272727272727 0.07103825136612021 0.9927272727272727 0.09289617486338798 0.9963636363636363 0.09836065573770492 0.9963636363636363 0.12021857923497267 0.9927272727272727 0.12021857923497267 0.9890909090909091 0.12568306010928962 0.9709090909090909 0.12568306010928962 0.9672727272727273 0.12021857923497267 0.9527272727272728 0.12021857923497267 0.9490909090909091 0.11475409836065574 0.9418181818181818 0.11475409836065574 0.9381818181818182 0.1092896174863388 0.9345454545454546 0.1092896174863388 0.9309090909090909 0.11475409836065574 0.9272727272727272 0.1092896174863388 0.9163636363636364 0.1092896174863388 0.9127272727272727 0.10382513661202186 0.9090909090909091 0.10382513661202186 0.9018181818181819 0.09289617486338798 0.8981818181818182 0.09289617486338798 0.8981818181818182 0.060109289617486336 0.9090909090909091 0.04371584699453552 0.9381818181818182 0.04371584699453552 0.9418181818181818 0.04918032786885246 0.9454545454545454 0.04371584699453552 0.9527272727272728 0.04371584699453552
19 0.20727272727272728 0.7978142076502732 0.21454545454545454 0.8087431693989071 0.21818181818181817 0.825136612021858 0.22545454545454546 0.8360655737704918 0.22545454545454546 0.8469945355191257 0.24 0.8688524590163934 0.24363636363636362 0.8688524590163934 0.24727272727272728 0.8743169398907104 0.24727272727272728 0.8852459016393442 0.23636363636363636 0.8907103825136612 0.22545454545454546 0.907103825136612 0.22181818181818183 0.907103825136612 0.21818181818181817 0.912568306010929 0.21454545454545454 0.907103825136612 0.2109090909090909 0.907103825136612 0.2 0.9180327868852459 0.2 0.9234972677595629 0.19636363636363635 0.9289617486338798 0.19636363636363635 0.9453551912568307 0.2 0.9508196721311475 0.20727272727272728 0.9398907103825137 0.20727272727272728 0.9289617486338798 0.2109090909090909 0.9289617486338798 0.20727272727272728 0.9344262295081968 0.20727272727272728 0.9453551912568307 0.2 0.9562841530054644 0.2 0.9617486338797814 0.19636363636363635 0.9617486338797814 0.19272727272727272 0.9672131147540983 0.19272727272727272 0.9726775956284153 0.19636363636363635 0.9781420765027322 0.2 0.9781420765027322 0.18545454545454546 0.9781420765027322 0.18181818181818182 0.9836065573770492 0.1781818181818182 0.9836065573770492 0.1709090909090909 0.9726775956284153 0.16727272727272727 0.9781420765027322 0.15636363636363637 0.9781420765027322 0.15272727272727274 0.9726775956284153 0.14909090909090908 0.9726775956284153 0.13818181818181818 0.9836065573770492 0.13454545454545455 0.9836065573770492 0.13090909090909092 0.9781420765027322 0.12363636363636364 0.9781420765027322 0.12 0.9836065573770492 0.10181818181818182 0.9836065573770492 0.09818181818181818 0.9890710382513661 0.09454545454545454 0.9890710382513661 0.09090909090909091 0.9836065573770492 0.08363636363636363 0.9836065573770492 0.08 0.9781420765027322 0.07272727272727272 0.9781420765027322 0.06909090909090909 0.9726775956284153 0.06545454545454546 0.9781420765027322 0.025454545454545455 0.9781420765027322 0.02181818181818182 0.9836065573770492 0 0.9836065573770492 0 0.9562841530054644 0.01090909090909091 0.9398907103825137 0.01090909090909091 0.9289617486338798 0.02181818181818182 0.912568306010929 0.02181818181818182 0.907103825136612 0.025454545454545455 0.9016393442622951 0.03636363636363636 0.8961748633879781 0.04 0.8907103825136612 0.04727272727272727 0.8907103825136612 0.05090909090909091 0.8852459016393442 0.06181818181818182 0.8852459016393442 0.06545454545454546 0.8797814207650273 0.06545454545454546 0.8961748633879781 0.06181818181818182 0.9016393442622951 0.09090909090909091 0.9453551912568307 0.10181818181818182 0.9453551912568307 0.10545454545454545 0.9508196721311475 0.11272727272727273 0.9508196721311475 0.11636363636363636 0.9453551912568307 0.12363636363636364 0.9453551912568307 0.12727272727272726 0.9398907103825137 0.13454545454545455 0.9398907103825137 0.14545454545454545 0.9234972677595629 0.14909090909090908 0.9234972677595629 0.15636363636363637 0.912568306010929 0.15636363636363637 0.907103825136612 0.15272727272727274 0.9016393442622951 0.14909090909090908 0.9016393442622951 0.15272727272727274 0.8961748633879781 0.15272727272727274 0.8907103825136612 0.14909090909090908 0.8852459016393442 0.14909090909090908 0.8579234972677595 0.14545454545454545 0.8524590163934426 0.14181818181818182 0.8524590163934426 0.13454545454545455 0.8415300546448088 0.13818181818181818 0.8415300546448088 0.14545454545454545 0.8306010928961749 0.15272727272727274 0.8306010928961749 0.15636363636363637 0.825136612021858 0.16 0.825136612021858 0.1709090909090909 0.8142076502732241 0.1781818181818182 0.8142076502732241 0.18181818181818182 0.8087431693989071 0.1890909090909091 0.8087431693989071 0.19272727272727272 0.8032786885245902 0.20363636363636364 0.7978142076502732
19 0.10909090909090909 0.8934426229508197 0.08727272727272728 0.10382513661202186
19 0.9090909090909091 0.36065573770491804 0.8981818181818182 0.3442622950819672 0.8945454545454545 0.3442622950819672 0.8727272727272727 0.3114754098360656 0.8727272727272727 0.30601092896174864 0.8690909090909091 0.3005464480874317 0.8581818181818182 0.29508196721311475 0.850909090909091 0.28415300546448086 0.8290909090909091 0.28415300546448086 0.8254545454545454 0.2896174863387978 0.8218181818181818 0.2896174863387978 0.8036363636363636 0.31693989071038253 0.8036363636363636 0.3224043715846995 0.8 0.3224043715846995 0.7927272727272727 0.3333333333333333 0.7927272727272727 0.33879781420765026 0.7890909090909091 0.3442622950819672 0.7854545454545454 0.3442622950819672 0.7781818181818182 0.3551912568306011 0.7781818181818182 0.36065573770491804 0.7381818181818182 0.4207650273224044 0.7345454545454545 0.4207650273224044 0.730909090909091 0.4262295081967213 0.7272727272727273 0.4262295081967213 0.7054545454545454 0.39344262295081966 0.7018181818181818 0.39344262295081966 0.6981818181818182 0.3879781420765027 0.6872727272727273 0.3879781420765027 0.6836363636363636 0.3825136612021858 0.68 0.3825136612021858 0.6836363636363636 0.366120218579235 0.6909090909090909 0.3551912568306011 0.6909090909090909 0.34972677595628415 0.7018181818181818 0.3333333333333333 0.7018181818181818 0.3224043715846995 0.7127272727272728 0.30601092896174864 0.7127272727272728 0.3005464480874317 0.7163636363636363 0.29508196721311475 0.72 0.2786885245901639 0.7272727272727273 0.2677595628415301 0.7272727272727273 0.26229508196721313 0.7381818181818182 0.2459016393442623 0.7381818181818182 0.24043715846994534 0.76 0.20765027322404372 0.76 0.19672131147540983 0.7672727272727272 0.18032786885245902 0.7672727272727272 0.16939890710382513 0.7709090909090909 0.16393442622950818 0.7818181818181819 0.15846994535519127 0.7890909090909091 0.14754098360655737 0.8 0.14754098360655737 0.8109090909090909 0.13114754098360656 0.8145454545454546 0.13114754098360656 0.8218181818181818 0.12021857923497267 0.8327272727272728 0.11475409836065574 0.84 0.10382513661202186 0.8436363636363636 0.10382513661202186 0.8472727272727273 0.09836065573770492 0.850909090909091 0.09836065573770492 0.8581818181818182 0.11475409836065574 0.8581818181818182 0.12568306010928962 0.8618181818181818 0.13114754098360656 0.8618181818181818 0.14754098360655737 0.8654545454545455 0.15300546448087432 0.8654545454545455 0.16393442622950818 0.8690909090909091 0.16939890710382513 0.8690909090909091 0.17486338797814208 0.8727272727272727 0.18032786885245902 0.8727272727272727 0.1912568306010929 0.8763636363636363 0.19672131147540983 0.8763636363636363 0.21311475409836064 0.88 0.2185792349726776 0.88 0.22404371584699453 0.8836363636363637 0.22950819672131148 0.8836363636363637 0.24043715846994534 0.8909090909090909 0.2568306010928962 0.8909090909090909 0.273224043715847 0.8945454545454545 0.2786885245901639 0.8945454545454545 0.2896174863387978 0.9018181818181819 0.30601092896174864 0.9018181818181819 0.3224043715846995 0.9054545454545454 0.32786885245901637 0.9054545454545454 0.3442622950819672 0.9090909090909091 0.34972677595628415 0.9090909090909091 0.3551912568306011
19 0.64 0 0.6690909090909091 0 0.6727272727272727 0.00546448087431694 0.68 0.00546448087431694 0.6836363636363636 0 0.8654545454545455 0 0.8690909090909091 0.00546448087431694 0.8763636363636363 0.00546448087431694 0.88 0 0.9381818181818182 0 0.9309090909090909 0.01092896174863388 0.92 0.01639344262295082 0.9127272727272727 0.0273224043715847 0.9090909090909091 0.0273224043715847 0.9018181818181819 0.03825136612021858 0.8981818181818182 0.03825136612021858 0.8909090909090909 0.04918032786885246 0.8872727272727273 0.04918032786885246 0.88 0.060109289617486336 0.8763636363636363 0.060109289617486336 0.8690909090909091 0.07103825136612021 0.8581818181818182 0.07650273224043716 0.8472727272727273 0.09289617486338798 0.8363636363636363 0.09836065573770492 0.8254545454545454 0.11475409836065574 0.8145454545454546 0.12021857923497267 0.7963636363636364 0.14207650273224043 0.7927272727272727 0.14207650273224043 0.7890909090909091 0.14754098360655737 0.7854545454545454 0.14754098360655737 0.7745454545454545 0.15846994535519127 0.7636363636363637 0.14207650273224043 0.7636363636363637 0.1366120218579235 0.7563636363636363 0.12568306010928962 0.7454545454545455 0.12021857923497267 0.730909090909091 0.09836065573770492 0.72 0.09289617486338798 0.7127272727272728 0.08196721311475409 0.7090909090909091 0.08196721311475409 0.6945454545454546 0.060109289617486336 0.6909090909090909 0.060109289617486336 0.68 0.04371584699453552 0.6763636363636364 0.04371584699453552 0.6690909090909091 0.03278688524590164 0.6654545454545454 0.03278688524590164 0.6545454545454545 0.01639344262295082 0.6509090909090909 0.01639344262295082 0.6436363636363637 0.00546448087431694
19 0.9781818181818182 0.2568306010928962 0.9818181818181818 0.26229508196721313 0.9927272727272727 0.26229508196721313 0.9963636363636363 0.2568306010928962 0.9963636363636363 0.29508196721311475 0.9927272727272727 0.3005464480874317 0.9927272727272727 0.30601092896174864 0.9963636363636363 0.3114754098360656 0.9963636363636363 0.32786885245901637 0.9927272727272727 0.3333333333333333 0.9927272727272727 0.3442622950819672 0.9963636363636363 0.34972677595628415 0.9963636363636363 0.43169398907103823 0.9927272727272727 0.4371584699453552 0.9927272727272727 0.47540983606557374 0.9854545454545455 0.4644808743169399 0.9854545454545455 0.45901639344262296 0.96 0.4207650273224044 0.96 0.41530054644808745 0.9563636363636364 0.4098360655737705 0.9454545454545454 0.4098360655737705 0.9418181818181818 0.40437158469945356 0.9418181818181818 0.3989071038251366 0.9454545454545454 0.3989071038251366 0.9563636363636364 0.3879781420765027 0.9527272727272728 0.3825136612021858 0.96 0.3825136612021858 0.9636363636363636 0.3770491803278688 0.9636363636363636 0.36065573770491804 0.96 0.3551912568306011 0.9490909090909091 0.3551912568306011 0.9490909090909091 0.34972677595628415 0.96 0.3442622950819672 0.9672727272727273 0.3333333333333333 0.9563636363636364 0.3224043715846995 0.9527272727272728 0.32786885245901637 0.9490909090909091 0.32786885245901637 0.9490909090909091 0.3224043715846995 0.9418181818181818 0.3114754098360656 0.9418181818181818 0.30601092896174864 0.9381818181818182 0.3005464480874317 0.9381818181818182 0.2786885245901639 0.9563636363636364 0.2568306010928962 0.9745454545454545 0.2568306010928962
19 0.21454545454545454 0.7978142076502732 0.21454545454545454 0.8032786885245902 0.21818181818181817 0.8087431693989071 0.21818181818181817 0.8142076502732241 0.22181818181818183 0.819672131147541 0.22181818181818183 0.825136612021858 0.22545454545454546 0.8306010928961749 0.2290909090909091 0.8469945355191257 0.23636363636363636 0.8579234972677595 0.24 0.8579234972677595 0.24727272727272728 0.8688524590163934 0.2509090909090909 0.8688524590163934 0.2545454545454545 0.8743169398907104 0.2545454545454545 0.8797814207650273 0.2509090909090909 0.8852459016393442 0.24 0.8907103825136612 0.23272727272727273 0.9016393442622951 0.2290909090909091 0.9016393442622951 0.21818181818181817 0.912568306010929 0.2109090909090909 0.912568306010929 0.19636363636363635 0.9344262295081968 0.19636363636363635 0.9398907103825137 0.19272727272727272 0.9453551912568307 0.19272727272727272 0.9562841530054644 0.1890909090909091 0.9617486338797814 0.19272727272727272 0.9672131147540983 0.19272727272727272 0.9890710382513661 0.15636363636363637 0.9890710382513661 0.15272727272727274 0.9836065573770492 0.14909090909090908 0.9836065573770492 0.14545454545454545 0.9890710382513661 0.0036363636363636364 0.9890710382513661 0 0.9836065573770492 0 0.9508196721311475 0.02181818181818182 0.9016393442622951 0.025454545454545455 0.9016393442622951 0.02909090909090909 0.8961748633879781 0.04 0.8907103825136612 0.04363636363636364 0.8852459016393442 0.05090909090909091 0.8852459016393442 0.06181818181818182 0.8743169398907104 0.07272727272727272 0.8743169398907104 0.08363636363636363 0.8633879781420765 0.09090909090909091 0.8633879781420765 0.09454545454545454 0.8579234972677595 0.10545454545454545 0.8579234972677595 0.11272727272727273 0.8469945355191257 0.11636363636363636 0.8469945355191257 0.12 0.8415300546448088 0.12727272727272726 0.8415300546448088 0.13090909090909092 0.8360655737704918 0.13818181818181818 0.8360655737704918 0.14909090909090908 0.825136612021858 0.15636363636363637 0.825136612021858 0.16727272727272727 0.8142076502732241 0.17454545454545456 0.8142076502732241 0.1781818181818182 0.8087431693989071 0.18181818181818182 0.8087431693989071 0.18545454545454546 0.8032786885245902 0.19272727272727272 0.8032786885245902 0.20363636363636364 0.7923497267759563 0.20727272727272728 0.7923497267759563 0.2109090909090909 0.7978142076502732
19 0.9963636363636363 0.6284153005464481 0.9963636363636363 0.8032786885245902 0.9854545454545455 0.7978142076502732 0.9709090909090909 0.7759562841530054 0.9672727272727273 0.7759562841530054 0.9563636363636364 0.7595628415300546 0.9563636363636364 0.7540983606557377 0.9527272727272728 0.7486338797814208 0.9527272727272728 0.7158469945355191 0.9672727272727273 0.6885245901639344 0.9709090909090909 0.6721311475409836 0.9927272727272727 0.639344262295082 0.9927272727272727 0.6338797814207651
19 0.7018181818181818 0.3989071038251366 0.7236363636363636 0.43169398907103823 0.7236363636363636 0.453551912568306 0.72 0.45901639344262296 0.7236363636363636 0.4644808743169399 0.7236363636363636 0.4808743169398907 0.7272727272727273 0.48633879781420764 0.7272727272727273 0.4918032786885246 0.730909090909091 0.4972677595628415 0.7345454545454545 0.4972677595628415 0.8 0.5956284153005464 0.8036363636363636 0.5956284153005464 0.8254545454545454 0.6284153005464481 0.8290909090909091 0.6284153005464481 0.850909090909091 0.6612021857923497 0.8545454545454545 0.6612021857923497 0.8836363636363637 0.7049180327868853 0.8872727272727273 0.7049180327868853 0.8981818181818182 0.7213114754098361 0.8981818181818182 0.726775956284153 0.9054545454545454 0.7377049180327869 0.9054545454545454 0.7431693989071039 0.92 0.7650273224043715 0.92 0.7704918032786885 0.9236363636363636 0.7759562841530054 0.9309090909090909 0.7759562841530054 0.9345454545454546 0.7814207650273224 0.9345454545454546 0.7978142076502732 0.9381818181818182 0.8032786885245902 0.9418181818181818 0.8032786885245902 0.9381818181818182 0.8087431693989071 0.9381818181818182 0.819672131147541 0.9345454545454546 0.825136612021858 0.9345454545454546 0.8306010928961749 0.9272727272727272 0.8415300546448088 0.9272727272727272 0.8469945355191257 0.9236363636363636 0.8524590163934426 0.9236363636363636 0.8633879781420765 0.9163636363636364 0.8743169398907104 0.9127272727272727 0.8743169398907104 0.8981818181818182 0.8961748633879781 0.8872727272727273 0.8907103825136612 0.8872727272727273 0.8852459016393442 0.88 0.8743169398907104 0.8763636363636363 0.8743169398907104 0.8727272727272727 0.8688524590163934 0.8727272727272727 0.8633879781420765 0.8545454545454545 0.8360655737704918 0.850909090909091 0.8360655737704918 0.8472727272727273 0.8306010928961749 0.8472727272727273 0.825136612021858 0.8363636363636363 0.8087431693989071 0.8327272727272728 0.8087431693989071 0.8290909090909091 0.8032786885245902 0.8290909090909091 0.7978142076502732 0.8218181818181818 0.7868852459016393 0.8181818181818182 0.7868852459016393 0.8109090909090909 0.7704918032786885 0.8072727272727273 0.7704918032786885 0.8036363636363636 0.7650273224043715 0.8036363636363636 0.7595628415300546 0.7454545454545455 0.6721311475409836 0.7454545454545455 0.6666666666666666 0.6909090909090909 0.5846994535519126 0.6909090909090909 0.5792349726775956 0.6872727272727273 0.5737704918032787 0.6836363636363636 0.5737704918032787 0.6836363636363636 0.5683060109289617 0.6727272727272727 0.5519125683060109 0.6690909090909091 0.5519125683060109 0.6545454545454545 0.5300546448087432 0.6509090909090909 0.5300546448087432 0.6472727272727272 0.5245901639344263 0.6436363636363637 0.5245901639344263 0.6363636363636364 0.5136612021857924 0.6327272727272727 0.5136612021857924 0.6363636363636364 0.4972677595628415 0.64 0.4972677595628415 0.6436363636363637 0.4918032786885246 0.6436363636363637 0.4808743169398907 0.6509090909090909 0.46994535519125685 0.6436363636363637 0.453551912568306 0.6472727272727272 0.44808743169398907 0.6472727272727272 0.4426229508196721 0.6763636363636364 0.3989071038251366 0.68 0.3989071038251366 0.6836363636363636 0.39344262295081966 0.6945454545454546 0.39344262295081966 0.6981818181818182 0.3989071038251366