19 0.44787644787644787 0.035897435897435895 0.42857142857142855 0.06153846153846154 0.42857142857142855 0.06666666666666667 0.4247104247104247 0.06666666666666667 0.38996138996138996 0.11282051282051282 0.3861003861003861 0.11282051282051282 0.3667953667953668 0.13846153846153847 0.3552123552123552 0.13846153846153847 0.3552123552123552 0.1282051282051282 0.35135135135135137 0.12307692307692308 0.3552123552123552 0.12307692307692308 0.3590733590733591 0.11794871794871795 0.3590733590733591 0.11282051282051282 0.36293436293436293 0.1076923076923077 0.36293436293436293 0.10256410256410256 0.37065637065637064 0.09230769230769231 0.37065637065637064 0.08717948717948718 0.3783783783783784 0.07692307692307693 0.3861003861003861 0.07692307692307693 0.3938223938223938 0.06666666666666667 0.39768339768339767 0.05128205128205128 0.4015444015444015 0.05641025641025641 0.4092664092664093 0.05641025641025641 0.41312741312741313 0.06153846153846154 0.416988416988417 0.06153846153846154 0.42857142857142855 0.046153846153846156 0.43243243243243246 0.046153846153846156 0.44015444015444016 0.035897435897435895 0.444015444015444 0.035897435897435895
19 0.4671814671814672 0.010256410256410256 0.47104247104247104 0.010256410256410256 0.47104247104247104 0.020512820512820513 0.4594594594594595 0.02564102564102564 0.4555984555984556 0.03076923076923077 0.4555984555984556 0.035897435897435895 0.4247104247104247 0.07692307692307693 0.42084942084942084 0.07692307692307693 0.3861003861003861 0.12307692307692308 0.38223938223938225 0.12307692307692308 0.3667953667953668 0.14358974358974358 0.36293436293436293 0.14358974358974358 0.3590733590733591 0.14871794871794872 0.35135135135135137 0.13333333333333333 0.35135135135135137 0.1076923076923077 0.3590733590733591 0.09230769230769231 0.36293436293436293 0.09230769230769231 0.37065637065637064 0.08205128205128205 0.3745173745173745 0.08205128205128205 0.38223938223938225 0.07179487179487179 0.38996138996138996 0.07179487179487179 0.3938223938223938 0.06666666666666667 0.39768339768339767 0.06666666666666667 0.4015444015444015 0.06153846153846154 0.40540540540540543 0.06153846153846154 0.4092664092664093 0.05641025641025641 0.41312741312741313 0.05641025641025641 0.416988416988417 0.05128205128205128 0.42857142857142855 0.046153846153846156 0.4362934362934363 0.035897435897435895 0.444015444015444 0.035897435897435895 0.44787644787644787 0.03076923076923077 0.4517374517374517 0.03076923076923077 0.4594594594594595 0.020512820512820513 0.46332046332046334 0.020512820512820513 0.4671814671814672 0.015384615384615385
19 0.9073359073359073 0 0.918918918918919 0.010256410256410256 0.9227799227799228 0.005128205128205128 0.9266409266409267 0.010256410256410256 0.9382239382239382 0.010256410256410256 0.9420849420849421 0.005128205128205128 0.9575289575289575 0.005128205128205128 0.9575289575289575 0.010256410256410256 0.9536679536679536 0.005128205128205128 0.9498069498069498 0.010256410256410256 0.9498069498069498 0.015384615384615385 0.9536679536679536 0.020512820512820513 0.9459459459459459 0.020512820512820513 0.9459459459459459 0.015384615384615385 0.9420849420849421 0.010256410256410256 0.9343629343629344 0.010256410256410256 0.9305019305019305 0.015384615384615385 0.9343629343629344 0.020512820512820513 0.9382239382239382 0.020512820512820513 0.9343629343629344 0.020512820512820513 0.9305019305019305 0.02564102564102564 0.9343629343629344 0.03076923076923077 0.9459459459459459 0.03076923076923077 0.9498069498069498 0.035897435897435895 0.9459459459459459 0.041025641025641026 0.9498069498069498 0.046153846153846156 0.9536679536679536 0.046153846153846156 0.9536679536679536 0.05128205128205128 0.9498069498069498 0.05128205128205128 0.9459459459459459 0.05641025641025641 0.9498069498069498 0.06153846153846154 0.9498069498069498 0.06666666666666667 0.9536679536679536 0.07179487179487179 0.9575289575289575 0.07179487179487179 0.9575289575289575 0.07692307692307693 0.9536679536679536 0.08205128205128205 0.9575289575289575 0.08717948717948718 0.9652509652509652 0.08717948717948718 0.972972972972973 0.09743589743589744 0.9768339768339769 0.09230769230769231 0.9806949806949807 0.09230769230769231 0.9806949806949807 0.09743589743589744 0.9845559845559846 0.10256410256410256 0.9922779922779923 0.10256410256410256 0.9922779922779923 0.13846153846153847 0.9961389961389961 0.14358974358974358 0.9884169884169884 0.15384615384615385 0.9691119691119691 0.15384615384615385 0.9652509652509652 0.15897435897435896 0.9613899613899614 0.15384615384615385 0.9575289575289575 0.15897435897435896 0.9498069498069498 0.15897435897435896 0.9459459459459459 0.15384615384615385 0.9382239382239382 0.15384615384615385 0.9266409266409267 0.13846153846153847 0.9305019305019305 0.13333333333333333 0.9305019305019305 0.12307692307692308 0.9266409266409267 0.11794871794871795 0.9227799227799228 0.11794871794871795 0.918918918918919 0.12307692307692308 0.915057915057915 0.11794871794871795 0.9034749034749034 0.11282051282051282 0.8957528957528957 0.10256410256410256 0.8957528957528957 0.09743589743589744 0.8764478764478765 0.07179487179487179 0.8648648648648649 0.07179487179487179 0.861003861003861 0.06666666666666667 0.8532818532818532 0.06666666666666667 0.8494208494208494 0.06153846153846154 0.8455598455598455 0.06153846153846154 0.8378378378378378 0.05128205128205128 0.8455598455598455 0.041025641025641026 0.8301158301158301 0.020512820512820513 0.8262548262548263 0.020512820512820513 0.8262548262548263 0.015384615384615385 0.8223938223938224 0.010256410256410256 0.833976833976834 0.010256410256410256 0.8378378378378378 0.005128205128205128 0.8455598455598455 0.005128205128205128 0.8494208494208494 0 0.8532818532818532 0 0.8571428571428571 0.005128205128205128 0.8725868725868726 0.005128205128205128 0.8764478764478765 0 0.9034749034749034 0
19 0.9884169884169884 0.3435897435897436 0.9922779922779923 0.3487179487179487 0.9922779922779923 0.37435897435897436 0.9845559845559846 0.38461538461538464 0.9845559845559846 0.39487179487179486 0.9806949806949807 0.39487179487179486 0.9768339768339769 0.4 0.972972972972973 0.4153846153846154 0.9613899613899614 0.4153846153846154 0.9575289575289575 0.4205128205128205 0.9575289575289575 0.4307692307692308 0.9652509652509652 0.4461538461538462 0.9691119691119691 0.441025641025641 0.9768339768339769 0.441025641025641 0.9884169884169884 0.4512820512820513 0.9806949806949807 0.46153846153846156 0.9768339768339769 0.46153846153846156 0.972972972972973 0.4666666666666667 0.972972972972973 0.4717948717948718 0.9884169884169884 0.49230769230769234 0.9884169884169884 0.5025641025641026 0.9922779922779923 0.5076923076923077 0.9922779922779923 0.5230769230769231 0.9845559845559846 0.5230769230769231 0.972972972972973 0.5128205128205128 0.9613899613899614 0.5128205128205128 0.9575289575289575 0.5076923076923077 0.9536679536679536 0.5076923076923077 0.9382239382239382 0.48205128205128206 0.9382239382239382 0.47692307692307695 0.9343629343629344 0.4717948717948718 0.9343629343629344 0.46153846153846156 0.9266409266409267 0.4461538461538462 0.9266409266409267 0.4205128205128205 0.9305019305019305 0.4153846153846154 0.9305019305019305 0.40512820512820513 0.9343629343629344 0.4 0.9343629343629344 0.38974358974358975 0.9382239382239382 0.38461538461538464 0.9420849420849421 0.36923076923076925 0.9536679536679536 0.35384615384615387 0.9613899613899614 0.35384615384615387 0.972972972972973 0.3435897435897436 0.9845559845559846 0.3435897435897436
19 0.32432432432432434 0.9384615384615385 0.3281853281853282 0.9435897435897436 0.3359073359073359 0.9435897435897436 0.33976833976833976 0.9384615384615385 0.3667953667953668 0.9384615384615385 0.3667953667953668 0.9435897435897436 0.37065637065637064 0.9487179487179487 0.37065637065637064 0.9743589743589743 0.3745173745173745 0.9794871794871794 0.3745173745173745 0.9897435897435898 0.3667953667953668 0.9897435897435898 0.36293436293436293 0.9948717948717949 0.3474903474903475 0.9948717948717949 0.33976833976833976 0.9846153846153847 0.3359073359073359 0.9897435897435898 0.33204633204633205 0.9846153846153847 0.3281853281853282 0.9897435897435898 0.3088803088803089 0.9897435897435898 0.305019305019305 0.9948717948717949 0.305019305019305 0.9846153846153847 0.30115830115830117 0.9794871794871794 0.30115830115830117 0.9692307692307692 0.29343629343629346 0.958974358974359 0.29343629343629346 0.9435897435897436 0.3127413127413127 0.9435897435897436 0.3166023166023166 0.9384615384615385 0.3204633204633205 0.9384615384615385
19 0.20077220077220076 0.3641025641025641 0.20077220077220076 0.39487179487179486 0.20463320463320464 0.4 0.2084942084942085 0.4 0.22393822393822393 0.4205128205128205 0.22393822393822393 0.441025641025641 0.22007722007722008 0.4461538461538462 0.22007722007722008 0.4512820512820513 0.21235521235521235 0.4666666666666667 0.21235521235521235 0.5384615384615384 0.21621621621621623 0.5435897435897435 0.21621621621621623 0.558974358974359 0.22007722007722008 0.5641025641025641 0.22007722007722008 0.5743589743589743 0.22393822393822393 0.5794871794871795 0.22393822393822393 0.5846153846153846 0.23938223938223938 0.6051282051282051 0.24324324324324326 0.6051282051282051 0.25096525096525096 0.6153846153846154 0.23166023166023167 0.6153846153846154 0.2277992277992278 0.6205128205128205 0.22393822393822393 0.6153846153846154 0.21235521235521235 0.6153846153846154 0.20463320463320464 0.6256410256410256 0.20463320463320464 0.6358974358974359 0.20077220077220076 0.6410256410256411 0.1969111969111969 0.6410256410256411 0.18532818532818532 0.6564102564102564 0.1776061776061776 0.6564102564102564 0.16988416988416988 0.6461538461538462 0.16602316602316602 0.6461538461538462 0.16216216216216217 0.6410256410256411 0.14285714285714285 0.6410256410256411 0.138996138996139 0.6358974358974359 0.13513513513513514 0.6358974358974359 0.13127413127413126 0.6410256410256411 0.1274131274131274 0.6410256410256411 0.11583011583011583 0.6512820512820513 0.09266409266409266 0.6512820512820513 0.08108108108108109 0.6666666666666666 0.08108108108108109 0.6615384615384615 0.07335907335907337 0.6512820512820513 0.05405405405405406 0.6512820512820513 0.05019305019305019 0.6564102564102564 0.03861003861003861 0.6564102564102564 0.03474903474903475 0.6512820512820513 0.03088803088803089 0.6564102564102564 0.02702702702702703 0.6512820512820513 0.02702702702702703 0.6461538461538462 0.03088803088803089 0.6410256410256411 0.03088803088803089 0.6358974358974359 0.02702702702702703 0.6307692307692307 0.019305019305019305 0.6410256410256411 0.007722007722007722 0.6410256410256411 0 0.6307692307692307 0 0.6256410256410256 0.003861003861003861 0.6205128205128205 0.003861003861003861 0.6051282051282051 0 0.6 0 0.5897435897435898 0.003861003861003861 0.5846153846153846 0.003861003861003861 0.48205128205128206 0 0.47692307692307695 0 0.4717948717948718 0.003861003861003861 0.4666666666666667 0.003861003861003861 0.4461538461538462 0 0.441025641025641 0.007722007722007722 0.4307692307692308 0.007722007722007722 0.4256410256410256 0.003861003861003861 0.4205128205128205 0.003861003861003861 0.41025641025641024 0 0.40512820512820513 0 0.39487179487179486 0.03088803088803089 0.39487179487179486 0.03474903474903475 0.4 0.04247104247104247 0.4 0.05019305019305019 0.38974358974358975 0.05405405405405406 0.38974358974358975 0.05791505791505792 0.38461538461538464 0.08108108108108109 0.38461538461538464 0.08494208494208494 0.37948717948717947 0.09652509652509653 0.37948717948717947 0.10038610038610038 0.37435897435897436 0.12355212355212356 0.37435897435897436 0.1274131274131274 0.37948717948717947 0.13127413127413126 0.37948717948717947 0.13513513513513514 0.37435897435897436 0.17374517374517376 0.37435897435897436 0.1776061776061776 0.36923076923076925 0.1891891891891892 0.36923076923076925 0.19305019305019305 0.3641025641025641 0.1969111969111969 0.3641025641025641
19 0.9961389961389961 0.2717948717948718 0.9961389961389961 0.30256410256410254 0.9922779922779923 0.3076923076923077 0.9922779922779923 0.3230769230769231 0.9961389961389961 0.3282051282051282 0.9922779922779923 0.3333333333333333 0.9806949806949807 0.3333333333333333 0.9768339768339769 0.3384615384615385 0.9613899613899614 0.3384615384615385 0.9575289575289575 0.3435897435897436 0.9536679536679536 0.3435897435897436 0.9343629343629344 0.36923076923076925 0.9343629343629344 0.37435897435897436 0.9305019305019305 0.37948717948717947 0.9305019305019305 0.38974358974358975 0.9227799227799228 0.40512820512820513 0.9227799227799228 0.4205128205128205 0.918918918918919 0.4256410256410256 0.918918918918919 0.4358974358974359 0.9227799227799228 0.441025641025641 0.9227799227799228 0.4512820512820513 0.9266409266409267 0.4564102564102564 0.9266409266409267 0.4666666666666667 0.9305019305019305 0.4717948717948718 0.9305019305019305 0.47692307692307695 0.9343629343629344 0.48205128205128206 0.9382239382239382 0.49743589743589745 0.9536679536679536 0.517948717948718 0.9575289575289575 0.517948717948718 0.9613899613899614 0.5230769230769231 0.972972972972973 0.5230769230769231 0.9768339768339769 0.5282051282051282 0.9884169884169884 0.5333333333333333 0.9884169884169884 0.5435897435897435 0.9922779922779923 0.5487179487179488 0.9922779922779923 0.558974358974359 0.9961389961389961 0.5641025641025641 0.9961389961389961 0.5743589743589743 0.9884169884169884 0.5897435897435898 0.9884169884169884 0.6102564102564103 0.9961389961389961 0.6205128205128205 0.9961389961389961 0.6512820512820513 0.9884169884169884 0.6666666666666666 0.9922779922779923 0.6717948717948717 0.9922779922779923 0.6871794871794872 0.9884169884169884 0.6820512820512821 0.9652509652509652 0.6820512820512821 0.9613899613899614 0.6871794871794872 0.9536679536679536 0.6871794871794872 0.9498069498069498 0.6923076923076923 0.9459459459459459 0.6923076923076923 0.9266409266409267 0.7128205128205128 0.9266409266409267 0.717948717948718 0.9227799227799228 0.7230769230769231 0.9227799227799228 0.7333333333333333 0.918918918918919 0.7384615384615385 0.918918918918919 0.8 0.9227799227799228 0.8051282051282052 0.9227799227799228 0.8102564102564103 0.9266409266409267 0.8153846153846154 0.9305019305019305 0.8307692307692308 0.9498069498069498 0.8564102564102564 0.9536679536679536 0.8564102564102564 0.9575289575289575 0.8615384615384616 0.9691119691119691 0.8615384615384616 0.972972972972973 0.8666666666666667 0.9806949806949807 0.8666666666666667 0.9922779922779923 0.8769230769230769 0.9922779922779923 0.9128205128205128 0.9961389961389961 0.9179487179487179 0.9961389961389961 0.9333333333333333 0.9922779922779923 0.9384615384615385 0.9922779922779923 0.958974358974359 0.9922779922779923 0.9538461538461539 0.9884169884169884 0.9487179487179487 0.9845559845559846 0.9538461538461539 0.9845559845559846 0.9641025641025641 0.9922779922779923 0.9743589743589743 0.9922779922779923 0.9846153846153847 0.9806949806949807 0.9948717948717949 0.9343629343629344 0.9948717948717949 0.9305019305019305 0.9897435897435898 0.9266409266409267 0.9897435897435898 0.9305019305019305 0.9846153846153847 0.9305019305019305 0.9743589743589743 0.9343629343629344 0.9692307692307692 0.9343629343629344 0.9641025641025641 0.9305019305019305 0.958974358974359 0.9343629343629344 0.9538461538461539 0.9343629343629344 0.9487179487179487 0.9305019305019305 0.9435897435897436 0.9305019305019305 0.8974358974358975 0.9266409266409267 0.8923076923076924 0.9266409266409267 0.882051282051282 0.9227799227799228 0.8769230769230769 0.9227799227799228 0.8717948717948718 0.915057915057915 0.8615384615384616 0.915057915057915 0.8564102564102564 0.8918918918918919 0.8256410256410256 0.888030888030888 0.8256410256410256 0.8803088803088803 0.8153846153846154 0.8764478764478765 0.8153846153846154 0.8725868725868726 0.8102564102564103 0.8416988416988417 0.8102564102564103 0.8378378378378378 0.8153846153846154 0.833976833976834 0.8153846153846154 0.803088803088803 0.8564102564102564 0.803088803088803 0.8615384615384616 0.7992277992277992 0.8666666666666667 0.7992277992277992 0.9230769230769231 0.803088803088803 0.9282051282051282 0.803088803088803 0.9384615384615385 0.806949806949807 0.9435897435897436 0.806949806949807 0.9487179487179487 0.8146718146718147 0.958974358974359 0.8185328185328186 0.9743589743589743 0.8223938223938224 0.9794871794871794 0.8262548262548263 0.9794871794871794 0.833976833976834 0.9897435897435898 0.8378378378378378 0.9897435897435898 0.833976833976834 0.9897435897435898 0.8301158301158301 0.9948717948717949 0.8262548262548263 0.9897435897435898 0.8223938223938224 0.9948717948717949 0.806949806949807 0.9948717948717949 0.803088803088803 0.9897435897435898 0.7992277992277992 0.9897435897435898 0.7992277992277992 0.9846153846153847 0.7760617760617761 0.9538461538461539 0.7722007722007722 0.9538461538461539 0.7606177606177607 0.9435897435897436 0.752895752895753 0.9435897435897436 0.749034749034749 0.9384615384615385 0.7451737451737451 0.9384615384615385 0.7413127413127413 0.9435897435897436 0.7374517374517374 0.9384615384615385 0.7297297297297297 0.9384615384615385 0.7258687258687259 0.9435897435897436 0.7065637065637066 0.9435897435897436 0.6833976833976834 0.9743589743589743 0.6795366795366795 0.9897435897435898 0.5984555984555985 0.9897435897435898 0.5945945945945946 0.9948717948717949 0.5714285714285714 0.9948717948717949 0.5675675675675675 0.9897435897435898 0.5714285714285714 0.9846153846153847 0.5714285714285714 0.9641025641025641 0.5675675675675675 0.958974358974359 0.5675675675675675 0.9487179487179487 0.5637065637065637 0.9435897435897436 0.5637065637065637 0.9333333333333333 0.5598455598455598 0.9282051282051282 0.5598455598455598 0.9230769230769231 0.525096525096525 0.8769230769230769 0.5212355212355212 0.8769230769230769 0.5096525096525096 0.8666666666666667 0.4749034749034749 0.8666666666666667 0.47104247104247104 0.8717948717948718 0.4594594594594595 0.8769230769230769 0.4362934362934363 0.9076923076923077 0.4362934362934363 0.9128205128205128 0.42857142857142855 0.9230769230769231 0.42857142857142855 0.9384615384615385 0.4247104247104247 0.9435897435897436 0.4247104247104247 0.9487179487179487 0.42857142857142855 0.9538461538461539 0.42857142857142855 0.9897435897435898 0.416988416988417 0.9897435897435898 0.41312741312741313 0.9948717948717949 0.4015444015444015 0.9948717948717949 0.39768339768339767 0.9897435897435898 0.38996138996138996 0.9897435897435898 0.3861003861003861 0.9846153846153847 0.38223938223938225 0.9846153846153847 0.38223938223938225 0.9743589743589743 0.3783783783783784 0.9692307692307692 0.3783783783783784 0.9282051282051282 0.38996138996138996 0.9128205128205128 0.38996138996138996 0.9076923076923077 0.3938223938223938 0.9025641025641026 0.39768339768339767 0.9025641025641026 0.40540540540540543 0.8923076923076924 0.4092664092664093 0.8923076923076924 0.4247104247104247 0.8717948717948718 0.42857142857142855 0.8717948717948718 0.43243243243243246 0.8666666666666667 0.444015444015444 0.8615384615384616 0.4671814671814672 0.8307692307692308 0.47104247104247104 0.8307692307692308 0.4980694980694981 0.7948717948717948 0.5135135135135135 0.7948717948717948 0.5173745173745173 0.8 0.5482625482625483 0.8 0.5521235521235521 0.8051282051282052 0.5521235521235521 0.8461538461538461 0.555984555984556 0.8512820512820513 0.555984555984556 0.8564102564102564 0.5675675675675675 0.8717948717948718 0.5675675675675675 0.8769230769230769 0.5752895752895753 0.8871794871794871 0.5752895752895753 0.8923076923076924 0.583011583011583 0.9025641025641026 0.5984555984555985 0.9025641025641026 0.6023166023166023 0.9076923076923077 0.6061776061776062 0.9076923076923077 0.6216216216216216 0.9282051282051282 0.6254826254826255 0.9282051282051282 0.6293436293436293 0.9333333333333333 0.637065637065637 0.9333333333333333 0.640926640926641 0.9384615384615385 0.6563706563706564 0.9384615384615385 0.6602316602316602 0.9333333333333333 0.667953667953668 0.9333333333333333 0.6756756756756757 0.9230769230769231 0.6756756756756757 0.9179487179487179 0.6911196911196911 0.8974358974358975 0.6911196911196911 0.8205128205128205 0.6872586872586872 0.8153846153846154 0.6872586872586872 0.8051282051282052 0.6833976833976834 0.8 0.6833976833976834 0.7948717948717948 0.6756756756756757 0.7846153846153846 0.6756756756756757 0.7794871794871795 0.6486486486486487 0.7435897435897436 0.6447876447876448 0.7435897435897436 0.640926640926641 0.7384615384615385 0.6332046332046332 0.7384615384615385 0.6293436293436293 0.7333333333333333 0.6138996138996139 0.7333333333333333 0.61003861003861 0.7282051282051282 0.6293436293436293 0.7025641025641025 0.6293436293436293 0.6974358974358974 0.6332046332046332 0.6974358974358974 0.637065637065637 0.6923076923076923 0.637065637065637 0.6871794871794872 0.6486486486486487 0.6717948717948717 0.6525096525096525 0.6717948717948717 0.6563706563706564 0.6666666666666666 0.6563706563706564 0.6615384615384615 0.6756756756756757 0.6358974358974359 0.6795366795366795 0.6358974358974359 0.6833976833976834 0.6307692307692307 0.6872586872586872 0.6307692307692307 0.6833976833976834 0.6358974358974359 0.6833976833976834 0.6461538461538462 0.6756756756756757 0.6564102564102564 0.6756756756756757 0.7076923076923077 0.6833976833976834 0.7230769230769231 0.6833976833976834 0.7333333333333333 0.6872586872586872 0.7384615384615385 0.6872586872586872 0.7435897435897436 0.6988416988416989 0.7589743589743589 0.6988416988416989 0.764102564102564 0.7104247104247104 0.7794871794871795 0.722007722007722 0.7794871794871795 0.7258687258687259 0.7846153846153846 0.7335907335907336 0.7846153846153846 0.7413127413127413 0.7948717948717948 0.7451737451737451 0.7948717948717948 0.749034749034749 0.8 0.7567567567567568 0.8 0.7606177606177607 0.8051282051282052 0.7837837837837838 0.8051282051282052 0.7876447876447876 0.8 0.7992277992277992 0.7948717948717948 0.803088803088803 0.7897435897435897 0.803088803088803 0.7794871794871795 0.806949806949807 0.7743589743589744 0.806949806949807 0.7692307692307693 0.8146718146718147 0.7538461538461538 0.8146718146718147 0.6871794871794872 0.8108108108108109 0.6820512820512821 0.8108108108108109 0.676923076923077 0.803088803088803 0.6666666666666666 0.803088803088803 0.6615384615384615 0.7992277992277992 0.6564102564102564 0.7953667953667953 0.6410256410256411 0.7876447876447876 0.6307692307692307 0.7837837837837838 0.6307692307692307 0.7837837837837838 0.6256410256410256 0.7760617760617761 0.6153846153846154 0.7644787644787645 0.6102564102564103 0.7567567567567568 0.6 0.752895752895753 0.6 0.749034749034749 0.5948717948717949 0.7335907335907336 0.5948717948717949 0.7297297297297297 0.6 0.7181467181467182 0.6 0.7142857142857143 0.6051282051282051 0.7027027027027027 0.6102564102564103 0.694980694980695 0.6205128205128205 0.694980694980695 0.6153846153846154 0.7065637065637066 0.6 0.7065637065637066 0.5948717948717949 0.7335907335907336 0.558974358974359 0.7374517374517374 0.558974358974359 0.7683397683397684 0.517948717948718 0.7683397683397684 0.5128205128205128 0.7722007722007722 0.5076923076923077 0.7760617760617761 0.5076923076923077 0.8378378378378378 0.4256410256410256 0.8416988416988417 0.4256410256410256 0.8764478764478765 0.37948717948717947 0.8803088803088803 0.37948717948717947 0.8957528957528957 0.358974358974359 0.8957528957528957 0.35384615384615387 0.9073359073359073 0.3384615384615385 0.9073359073359073 0.3333333333333333 0.9111969111969112 0.3333333333333333 0.9536679536679536 0.27692307692307694 0.9652509652509652 0.27692307692307694 0.9691119691119691 0.28205128205128205 0.9806949806949807 0.2717948717948718 0.9922779922779923 0.2717948717948718
19 0.36293436293436293 0 0.3667953667953668 0.015384615384615385 0.3783783783783784 0.03076923076923077 0.38223938223938225 0.03076923076923077 0.3861003861003861 0.035897435897435895 0.416988416988417 0.035897435897435895 0.42084942084942084 0.03076923076923077 0.4247104247104247 0.03076923076923077 0.42857142857142855 0.02564102564102564 0.4247104247104247 0.020512820512820513 0.4362934362934363 0.010256410256410256 0.4362934362934363 0 0.47876447876447875 0 0.47876447876447875 0.005128205128205128 0.47104247104247104 0.015384615384615385 0.47104247104247104 0.020512820512820513 0.4671814671814672 0.020512820512820513 0.4517374517374517 0.041025641025641026 0.44787644787644787 0.041025641025641026 0.4247104247104247 0.07179487179487179 0.42084942084942084 0.07179487179487179 0.3783783783783784 0.1282051282051282 0.3745173745173745 0.1282051282051282 0.37065637065637064 0.13333333333333333 0.37065637065637064 0.13846153846153847 0.3667953667953668 0.13846153846153847 0.3590733590733591 0.14871794871794872 0.3552123552123552 0.14871794871794872 0.3552123552123552 0.14358974358974358 0.3436293436293436 0.1282051282051282 0.33976833976833976 0.1282051282051282 0.33976833976833976 0.11794871794871795 0.3359073359073359 0.11282051282051282 0.3359073359073359 0.10256410256410256 0.33976833976833976 0.09743589743589744 0.33976833976833976 0.08717948717948718 0.3359073359073359 0.08205128205128205 0.3359073359073359 0.07179487179487179 0.33204633204633205 0.06666666666666667 0.3359073359073359 0.06153846153846154 0.3359073359073359 0.05128205128205128 0.3281853281853282 0.035897435897435895 0.3281853281853282 0.020512820512820513 0.3204633204633205 0.010256410256410256 0.3204633204633205 0.005128205128205128 0.3590733590733591 0.005128205128205128
19 0.30115830115830117 0.1282051282051282 0.305019305019305 0.13333333333333333 0.3088803088803089 0.13333333333333333 0.3204633204633205 0.14358974358974358 0.3204633204633205 0.14871794871794872 0.33204633204633205 0.1641025641025641 0.33204633204633205 0.1794871794871795 0.3204633204633205 0.19487179487179487 0.3166023166023166 0.19487179487179487 0.3127413127413127 0.2 0.3127413127413127 0.20512820512820512 0.28957528957528955 0.2358974358974359 0.2857142857142857 0.2358974358974359 0.26640926640926643 0.26153846153846155 0.26640926640926643 0.26666666666666666 0.25868725868725867 0.27692307692307694 0.2548262548262548 0.27692307692307694 0.25096525096525096 0.28205128205128205 0.2471042471042471 0.28205128205128205 0.24324324324324326 0.27692307692307694 0.24324324324324326 0.26153846153846155 0.23938223938223938 0.2564102564102564 0.23938223938223938 0.24615384615384617 0.23552123552123552 0.24102564102564103 0.23552123552123552 0.23076923076923078 0.23166023166023167 0.22564102564102564 0.23166023166023167 0.18461538461538463 0.23552123552123552 0.1794871794871795 0.23938223938223938 0.1641025641025641 0.25096525096525096 0.14871794871794872 0.25096525096525096 0.14358974358974358 0.2548262548262548 0.14358974358974358 0.2625482625482625 0.13333333333333333 0.26640926640926643 0.13333333333333333 0.2702702702702703 0.1282051282051282 0.277992277992278 0.1282051282051282 0.28185328185328185 0.12307692307692308 0.29343629343629346 0.12307692307692308 0.2972972972972973 0.1282051282051282
19 0.011583011583011582 0.2717948717948718 0.015444015444015444 0.27692307692307694 0.023166023166023165 0.27692307692307694 0.02702702702702703 0.28205128205128205 0.03088803088803089 0.28205128205128205 0.03474903474903475 0.28717948717948716 0.04633204633204633 0.2923076923076923 0.05019305019305019 0.29743589743589743 0.05019305019305019 0.30256410256410254 0.05791505791505792 0.3128205128205128 0.05791505791505792 0.3230769230769231 0.06177606177606178 0.3282051282051282 0.06177606177606178 0.3384615384615385 0.0694980694980695 0.3487179487179487 0.0694980694980695 0.3641025641025641 0.06563706563706563 0.3641025641025641 0.06177606177606178 0.36923076923076925 0.05019305019305019 0.36923076923076925 0.03861003861003861 0.37948717948717947 0.011583011583011582 0.37948717948717947 0.003861003861003861 0.36923076923076925 0.003861003861003861 0.3333333333333333 0.007722007722007722 0.3282051282051282 0.003861003861003861 0.3230769230769231 0.003861003861003861 0.30256410256410254 0 0.29743589743589743 0 0.27692307692307694 0.003861003861003861 0.2717948717948718 0.007722007722007722 0.2717948717948718
19 0.8146718146718147 0 0.8185328185328186 0.005128205128205128 0.8262548262548263 0.005128205128205128 0.8301158301158301 0.010256410256410256 0.833976833976834 0.010256410256410256 0.8455598455598455 0 0.861003861003861 0 0.8648648648648649 0.005128205128205128 0.8687258687258688 0.005128205128205128 0.8725868725868726 0 0.8918918918918919 0 0.8957528957528957 0.005128205128205128 0.8996138996138996 0 0.8996138996138996 0.010256410256410256 0.8957528957528957 0.005128205128205128 0.8918918918918919 0.005128205128205128 0.888030888030888 0.010256410256410256 0.8957528957528957 0.020512820512820513 0.8957528957528957 0.041025641025641026 0.8918918918918919 0.046153846153846156 0.8918918918918919 0.05128205128205128 0.8957528957528957 0.05641025641025641 0.8918918918918919 0.06153846153846154 0.8918918918918919 0.07692307692307693 0.9305019305019305 0.1282051282051282 0.9343629343629344 0.1282051282051282 0.9382239382239382 0.13333333333333333 0.9420849420849421 0.13333333333333333 0.9536679536679536 0.14358974358974358 0.9652509652509652 0.14358974358974358 0.9691119691119691 0.14871794871794872 0.9922779922779923 0.14871794871794872 0.9922779922779923 0.15897435897435896 0.9884169884169884 0.15897435897435896 0.9845559845559846 0.1641025641025641 0.9845559845559846 0.17435897435897435 0.9884169884169884 0.1794871794871795 0.9845559845559846 0.18461538461538463 0.9845559845559846 0.19487179487179487 0.9806949806949807 0.18974358974358974 0.9845559845559846 0.18461538461538463 0.9845559845559846 0.16923076923076924 0.9806949806949807 0.1641025641025641 0.9652509652509652 0.1641025641025641 0.9613899613899614 0.16923076923076924 0.9575289575289575 0.16923076923076924 0.9536679536679536 0.1641025641025641 0.9305019305019305 0.1641025641025641 0.918918918918919 0.15384615384615385 0.9111969111969112 0.15384615384615385 0.9073359073359073 0.14871794871794872 0.9034749034749034 0.14871794871794872 0.9034749034749034 0.14358974358974358 0.888030888030888 0.11794871794871795 0.8841698841698842 0.11794871794871795 0.8764478764478765 0.1076923076923077 0.8725868725868726 0.1076923076923077 0.8648648648648649 0.09743589743589744 0.861003861003861 0.09743589743589744 0.8571428571428571 0.09230769230769231 0.8494208494208494 0.09230769230769231 0.8378378378378378 0.08205128205128205 0.8262548262548263 0.08205128205128205 0.8223938223938224 0.08717948717948718 0.8108108108108109 0.08717948717948718 0.806949806949807 0.09230769230769231 0.803088803088803 0.09230769230769231 0.7799227799227799 0.12307692307692308 0.7799227799227799 0.13846153846153847 0.7683397683397684 0.15384615384615385 0.7683397683397684 0.1794871794871795 0.7799227799227799 0.18974358974358974 0.7799227799227799 0.2 0.7837837837837838 0.20512820512820512 0.7837837837837838 0.2205128205128205 0.7876447876447876 0.22564102564102564 0.7915057915057915 0.22564102564102564 0.7915057915057915 0.23076923076923078 0.7953667953667953 0.2358974358974359 0.7876447876447876 0.2358974358974359 0.7799227799227799 0.22564102564102564 0.7799227799227799 0.2205128205128205 0.7760617760617761 0.2153846153846154 0.7722007722007722 0.2153846153846154 0.7644787644787645 0.20512820512820512 0.7567567567567568 0.20512820512820512 0.7297297297297297 0.16923076923076924 0.7258687258687259 0.16923076923076924 0.6911196911196911 0.12307692307692308 0.6872586872586872 0.12307692307692308 0.667953667953668 0.09743589743589744 0.667953667953668 0.09230769230769231 0.6640926640926641 0.08717948717948718 0.6602316602316602 0.08717948717948718 0.6447876447876448 0.06666666666666667 0.640926640926641 0.06666666666666667 0.640926640926641 0.06153846153846154 0.6293436293436293 0.046153846153846156 0.6254826254826255 0.046153846153846156 0.6216216216216216 0.041025641025641026 0.6177606177606177 0.02564102564102564 0.6061776061776062 0.010256410256410256 0.6061776061776062 0.005128205128205128 0.6254826254826255 0.005128205128205128 0.6216216216216216 0.010256410256410256 0.6254826254826255 0.015384615384615385 0.637065637065637 0.020512820512820513 0.637065637065637 0.02564102564102564 0.640926640926641 0.03076923076923077 0.6525096525096525 0.035897435897435895 0.6602316602316602 0.046153846153846156 0.6602316602316602 0.05128205128205128 0.6640926640926641 0.05641025641025641 0.667953667953668 0.05641025641025641 0.6718146718146718 0.06153846153846154 0.6795366795366795 0.06153846153846154 0.6872586872586872 0.07179487179487179 0.6988416988416989 0.07179487179487179 0.7027027027027027 0.07692307692307693 0.7104247104247104 0.07692307692307693 0.7142857142857143 0.07179487179487179 0.722007722007722 0.07179487179487179 0.7258687258687259 0.06666666666666667 0.7297297297297297 0.06666666666666667 0.7374517374517374 0.05641025641025641 0.7413127413127413 0.041025641025641026 0.7451737451737451 0.035897435897435895 0.7451737451737451 0.020512820512820513 0.752895752895753 0.010256410256410256 0.752895752895753 0.005128205128205128 0.7567567567567568 0 0.7760617760617761 0 0.7876447876447876 0.010256410256410256 0.8108108108108109 0
19 0.6486486486486487 0.7538461538461538 0.6525096525096525 0.7589743589743589 0.6563706563706564 0.7589743589743589 0.6563706563706564 0.764102564102564 0.6602316602316602 0.7692307692307693 0.6640926640926641 0.7692307692307693 0.6640926640926641 0.7743589743589744 0.6756756756756757 0.7897435897435897 0.6756756756756757 0.7948717948717948 0.6833976833976834 0.8102564102564103 0.6833976833976834 0.8205128205128205 0.6872586872586872 0.8256410256410256 0.6872586872586872 0.8923076923076924 0.6833976833976834 0.8974358974358975 0.6795366795366795 0.9128205128205128 0.6718146718146718 0.9230769230769231 0.667953667953668 0.9230769230769231 0.6640926640926641 0.9282051282051282 0.6332046332046332 0.9282051282051282 0.6293436293436293 0.9230769230769231 0.6254826254826255 0.9230769230769231 0.6138996138996139 0.9076923076923077 0.61003861003861 0.9076923076923077 0.5984555984555985 0.8974358974358975 0.5907335907335908 0.8974358974358975 0.5868725868725869 0.8923076923076924 0.583011583011583 0.8923076923076924 0.5752895752895753 0.882051282051282 0.5752895752895753 0.8769230769230769 0.5637065637065637 0.8615384615384616 0.5637065637065637 0.8564102564102564 0.555984555984556 0.841025641025641 0.555984555984556 0.7948717948717948 0.5791505791505791 0.764102564102564 0.583011583011583 0.764102564102564 0.5945945945945946 0.7487179487179487 0.5984555984555985 0.7487179487179487 0.6061776061776062 0.7384615384615385 0.6254826254826255 0.7384615384615385 0.6293436293436293 0.7435897435897436 0.637065637065637 0.7435897435897436 0.6447876447876448 0.7538461538461538
19 0.11583011583011583 0.37435897435897436 0.11969111969111969 0.37948717948717947 0.13127413127413126 0.37948717948717947 0.13513513513513514 0.37435897435897436 0.17374517374517376 0.37435897435897436 0.1776061776061776 0.36923076923076925 0.1891891891891892 0.36923076923076925 0.19305019305019305 0.3641025641025641 0.1969111969111969 0.3641025641025641 0.20077220077220076 0.36923076923076925 0.20077220077220076 0.37435897435897436 0.20463320463320464 0.37948717948717947 0.20077220077220076 0.38461538461538464 0.2084942084942085 0.39487179487179486 0.2084942084942085 0.4 0.22393822393822393 0.4205128205128205 0.22393822393822393 0.4256410256410256 0.22007722007722008 0.4307692307692308 0.22007722007722008 0.441025641025641 0.21235521235521235 0.441025641025641 0.2084942084942085 0.4461538461538462 0.2084942084942085 0.4512820512820513 0.21235521235521235 0.4564102564102564 0.21235521235521235 0.4666666666666667 0.2084942084942085 0.4717948717948718 0.2084942084942085 0.48717948717948717 0.20463320463320464 0.49230769230769234 0.2084942084942085 0.49743589743589745 0.2084942084942085 0.5282051282051282 0.20463320463320464 0.5333333333333333 0.21235521235521235 0.5435897435897435 0.21235521235521235 0.558974358974359 0.22007722007722008 0.5743589743589743 0.22007722007722008 0.5897435897435898 0.22393822393822393 0.5948717948717949 0.23552123552123552 0.6 0.23552123552123552 0.6051282051282051 0.23938223938223938 0.6102564102564103 0.25096525096525096 0.6102564102564103 0.23938223938223938 0.6205128205128205 0.2471042471042471 0.6307692307692307 0.25096525096525096 0.6256410256410256 0.25868725868725867 0.6256410256410256 0.2625482625482625 0.6205128205128205 0.25868725868725867 0.6153846153846154 0.2625482625482625 0.6153846153846154 0.26640926640926643 0.6102564102564103 0.28185328185328185 0.6102564102564103 0.29343629343629346 0.5948717948717949 0.30115830115830117 0.5948717948717949 0.305019305019305 0.5897435897435898 0.30115830115830117 0.5846153846153846 0.2972972972972973 0.5846153846153846 0.305019305019305 0.5743589743589743 0.305019305019305 0.5692307692307692 0.3088803088803089 0.5641025641025641 0.3088803088803089 0.5538461538461539 0.3204633204633205 0.558974358974359 0.3204633204633205 0.5641025641025641 0.32432432432432434 0.5692307692307692 0.33204633204633205 0.5692307692307692 0.3359073359073359 0.5743589743589743 0.33976833976833976 0.5743589743589743 0.35135135135135137 0.5897435897435898 0.35135135135135137 0.5948717948717949 0.3474903474903475 0.6 0.3436293436293436 0.6 0.3436293436293436 0.5897435897435898 0.33976833976833976 0.5846153846153846 0.3166023166023166 0.5846153846153846 0.3088803088803089 0.5948717948717949 0.32432432432432434 0.6153846153846154 0.3281853281853282 0.6153846153846154 0.3359073359073359 0.6051282051282051 0.33204633204633205 0.6 0.3359073359073359 0.6 0.3359073359073359 0.6153846153846154 0.33204633204633205 0.6153846153846154 0.32432432432432434 0.6256410256410256 0.32432432432432434 0.6307692307692307 0.3088803088803089 0.6307692307692307 0.305019305019305 0.6256410256410256 0.2972972972972973 0.6256410256410256 0.29343629343629346 0.6307692307692307 0.29343629343629346 0.6358974358974359 0.2972972972972973 0.6410256410256411 0.305019305019305 0.6410256410256411 0.29343629343629346 0.6410256410256411 0.28957528957528955 0.6461538461538462 0.305019305019305 0.6666666666666666 0.3088803088803089 0.6615384615384615 0.3127413127413127 0.6615384615384615 0.3166023166023166 0.6666666666666666 0.3127413127413127 0.6615384615384615 0.3088803088803089 0.6666666666666666 0.30115830115830117 0.6666666666666666 0.2972972972972973 0.6615384615384615 0.28957528957528955 0.6717948717948717 0.2857142857142857 0.6717948717948717 0.28185328185328185 0.6666666666666666 0.2857142857142857 0.6717948717948717 0.28957528957528955 0.6717948717948717 0.2972972972972973 0.6615384615384615 0.29343629343629346 0.6564102564102564 0.277992277992278 0.6564102564102564 0.2857142857142857 0.6564102564102564 0.28957528957528955 0.6512820512820513 0.28957528957528955 0.6461538461538462 0.277992277992278 0.6307692307692307 0.27413127413127414 0.6358974358974359 0.2702702702702703 0.6358974358974359 0.25868725868725867 0.6256410256410256 0.2548262548262548 0.6307692307692307 0.2548262548262548 0.6358974358974359 0.23938223938223938 0.6358974358974359 0.23166023166023167 0.6256410256410256 0.22007722007722008 0.6256410256410256 0.21621621621621623 0.6205128205128205 0.2084942084942085 0.6205128205128205 0.20463320463320464 0.6256410256410256 0.20463320463320464 0.6358974358974359 0.2084942084942085 0.6410256410256411 0.22007722007722008 0.6410256410256411 0.21621621621621623 0.6461538461538462 0.21621621621621623 0.6564102564102564 0.22007722007722008 0.6615384615384615 0.22007722007722008 0.6666666666666666 0.2084942084942085 0.6666666666666666 0.1969111969111969 0.6564102564102564 0.19305019305019305 0.6615384615384615 0.19305019305019305 0.6666666666666666 0.1891891891891892 0.6615384615384615 0.18532818532818532 0.6666666666666666 0.18532818532818532 0.6717948717948717 0.18146718146718147 0.6717948717948717 0.1776061776061776 0.676923076923077 0.1776061776061776 0.6923076923076923 0.17374517374517376 0.6871794871794872 0.16602316602316602 0.6871794871794872 0.14671814671814673 0.7076923076923077 0.15057915057915058 0.7128205128205128 0.15057915057915058 0.717948717948718 0.1583011583011583 0.7282051282051282 0.15444015444015444 0.7230769230769231 0.15057915057915058 0.7230769230769231 0.14285714285714285 0.7128205128205128 0.13513513513513514 0.7128205128205128 0.13127413127413126 0.717948717948718 0.13127413127413126 0.7128205128205128 0.13513513513513514 0.7076923076923077 0.1274131274131274 0.6974358974358974 0.12355212355212356 0.6974358974358974 0.11969111969111969 0.6923076923076923 0.11583011583011583 0.6923076923076923 0.10810810810810811 0.7025641025641025 0.10810810810810811 0.7076923076923077 0.11196911196911197 0.7128205128205128 0.11196911196911197 0.717948717948718 0.10810810810810811 0.717948717948718 0.10038610038610038 0.7076923076923077 0.09652509652509653 0.7128205128205128 0.09266409266409266 0.7128205128205128 0.0888030888030888 0.7076923076923077 0.07722007722007722 0.7076923076923077 0.07722007722007722 0.6974358974358974 0.0694980694980695 0.6871794871794872 0.06563706563706563 0.6871794871794872 0.06177606177606178 0.6923076923076923 0.06177606177606178 0.6974358974358974 0.05791505791505792 0.7025641025641025 0.05791505791505792 0.7076923076923077 0.06177606177606178 0.7128205128205128 0.05791505791505792 0.7128205128205128 0.05405405405405406 0.717948717948718 0.05405405405405406 0.7282051282051282 0.05019305019305019 0.7282051282051282 0.04633204633204633 0.7230769230769231 0.04247104247104247 0.7230769230769231 0.03474903474903475 0.7333333333333333 0.03088803088803089 0.7282051282051282 0.023166023166023165 0.7282051282051282 0.019305019305019305 0.7333333333333333 0.011583011583011582 0.7333333333333333 0.007722007722007722 0.7282051282051282 0.003861003861003861 0.7282051282051282 0.003861003861003861 0.7230769230769231 0.007722007722007722 0.717948717948718 0.007722007722007722 0.6717948717948717 0.011583011583011582 0.6666666666666666 0.011583011583011582 0.6512820512820513 0.003861003861003861 0.6358974358974359 0.003861003861003861 0.6 0 0.5948717948717949 0 0.5897435897435898 0.003861003861003861 0.5846153846153846 0.003861003861003861 0.5025641025641026 0.007722007722007722 0.5025641025641026 0.011583011583011582 0.49743589743589745 0.007722007722007722 0.49230769230769234 0.007722007722007722 0.47692307692307695 0.011583011583011582 0.4717948717948718 0.007722007722007722 0.4666666666666667 0.007722007722007722 0.46153846153846156 0.019305019305019305 0.46153846153846156 0.023166023166023165 0.4564102564102564 0.015444015444015444 0.4461538461538462 0.011583011583011582 0.4461538461538462 0.007722007722007722 0.441025641025641 0.011583011583011582 0.4256410256410256 0.003861003861003861 0.4153846153846154 0.007722007722007722 0.41025641025641024 0.003861003861003861 0.40512820512820513 0.003861003861003861 0.38974358974358975 0.007722007722007722 0.39487179487179486 0.015444015444015444 0.39487179487179486 0.019305019305019305 0.4 0.04247104247104247 0.4 0.05019305019305019 0.38974358974358975 0.06177606177606178 0.38974358974358975 0.06563706563706563 0.38461538461538464 0.09266409266409266 0.38461538461538464 0.09652509652509653 0.37948717948717947 0.10038610038610038 0.37948717948717947 0.10424710424710425 0.38461538461538464 0.10810810810810811 0.37948717948717947 0.11196911196911197 0.37948717948717947
19 0.011583011583011582 0.005128205128205128 0.015444015444015444 0.010256410256410256 0.015444015444015444 0.03076923076923077 0.019305019305019305 0.035897435897435895 0.019305019305019305 0.046153846153846156 0.023166023166023165 0.05128205128205128 0.023166023166023165 0.06153846153846154 0.02702702702702703 0.06666666666666667 0.03088803088803089 0.08205128205128205 0.04247104247104247 0.09743589743589744 0.04247104247104247 0.10256410256410256 0.05405405405405406 0.11794871794871795 0.05791505791505792 0.11794871794871795 0.06563706563706563 0.1282051282051282 0.10038610038610038 0.1282051282051282 0.10424710424710425 0.12307692307692308 0.11196911196911197 0.12307692307692308 0.11969111969111969 0.11282051282051282 0.13127413127413126 0.1076923076923077 0.138996138996139 0.09743589743589744 0.138996138996139 0.08205128205128205 0.14285714285714285 0.07692307692307693 0.14285714285714285 0.06153846153846154 0.138996138996139 0.05641025641025641 0.138996138996139 0.015384615384615385 0.13127413127413126 0.005128205128205128 0.16602316602316602 0.005128205128205128 0.18146718146718147 0.02564102564102564 0.18146718146718147 0.03076923076923077 0.18532818532818532 0.035897435897435895 0.1891891891891892 0.035897435897435895 0.1969111969111969 0.046153846153846156 0.20077220077220076 0.046153846153846156 0.20463320463320464 0.05128205128205128 0.24324324324324326 0.05128205128205128 0.2471042471042471 0.046153846153846156 0.25096525096525096 0.046153846153846156 0.25868725868725867 0.035897435897435895 0.2625482625482625 0.035897435897435895 0.26640926640926643 0.03076923076923077 0.2702702702702703 0.015384615384615385 0.277992277992278 0.005128205128205128 0.28185328185328185 0.005128205128205128 0.2857142857142857 0.010256410256410256 0.29343629343629346 0.010256410256410256 0.305019305019305 0 0.3088803088803089 0 0.3127413127413127 0.005128205128205128 0.3166023166023166 0.005128205128205128 0.3204633204633205 0.020512820512820513 0.32432432432432434 0.02564102564102564 0.3204633204633205 0.03076923076923077 0.3281853281853282 0.046153846153846156 0.3281853281853282 0.05641025641025641 0.33204633204633205 0.06153846153846154 0.3281853281853282 0.06666666666666667 0.3281853281853282 0.07179487179487179 0.33204633204633205 0.07692307692307693 0.33204633204633205 0.08717948717948718 0.3281853281853282 0.08717948717948718 0.32432432432432434 0.09230769230769231 0.3281853281853282 0.09743589743589744 0.32432432432432434 0.10256410256410256 0.32432432432432434 0.11282051282051282 0.3281853281853282 0.11794871794871795 0.32432432432432434 0.12307692307692308 0.3281853281853282 0.1282051282051282 0.33204633204633205 0.1282051282051282 0.33976833976833976 0.13846153846153847 0.33976833976833976 0.14358974358974358 0.3436293436293436 0.14871794871794872 0.3436293436293436 0.1641025641025641 0.33204633204633205 0.15897435897435896 0.3281853281853282 0.15384615384615385 0.3281853281853282 0.14871794871794872 0.3127413127413127 0.1282051282051282 0.3088803088803089 0.1282051282051282 0.2972972972972973 0.11794871794871795 0.2702702702702703 0.11794871794871795 0.26640926640926643 0.12307692307692308 0.2625482625482625 0.12307692307692308 0.23552123552123552 0.15897435897435896 0.23552123552123552 0.1641025641025641 0.23166023166023167 0.16923076923076924 0.23166023166023167 0.1794871794871795 0.2277992277992278 0.18461538461538463 0.2277992277992278 0.2358974358974359 0.23552123552123552 0.2512820512820513 0.23552123552123552 0.2717948717948718 0.23938223938223938 0.27692307692307694 0.23938223938223938 0.28717948717948716 0.23552123552123552 0.2923076923076923 0.23552123552123552 0.29743589743589743 0.23166023166023167 0.29743589743589743 0.2277992277992278 0.30256410256410254 0.22007722007722008 0.30256410256410254 0.21235521235521235 0.2923076923076923 0.21235521235521235 0.2717948717948718 0.2084942084942085 0.26666666666666666 0.2084942084942085 0.2564102564102564 0.20463320463320464 0.2512820512820513 0.20077220077220076 0.2512820512820513 0.1891891891891892 0.2358974358974359 0.1891891891891892 0.23076923076923078 0.17374517374517376 0.21025641025641026 0.16988416988416988 0.21025641025641026 0.1583011583011583 0.2 0.13513513513513514 0.2 0.13127413127413126 0.20512820512820512 0.11969111969111969 0.21025641025641026 0.10810810810810811 0.22564102564102564 0.10810810810810811 0.23076923076923078 0.09652509652509653 0.24615384615384617 0.09652509652509653 0.2512820512820513 0.0888030888030888 0.26666666666666666 0.0888030888030888 0.29743589743589743 0.09266409266409266 0.30256410256410254 0.09266409266409266 0.3230769230769231 0.10038610038610038 0.3333333333333333 0.10038610038610038 0.3384615384615385 0.10424710424710425 0.3435897435897436 0.10810810810810811 0.3435897435897436 0.10810810810810811 0.3641025641025641 0.08494208494208494 0.3641025641025641 0.08108108108108109 0.36923076923076925 0.0694980694980695 0.36923076923076925 0.0694980694980695 0.358974358974359 0.07335907335907337 0.35384615384615387 0.0694980694980695 0.3487179487179487 0.0694980694980695 0.3384615384615385 0.06177606177606178 0.3230769230769231 0.06177606177606178 0.3128205128205128 0.05791505791505792 0.3076923076923077 0.05791505791505792 0.30256410256410254 0.04633204633204633 0.28717948717948716 0.03474903474903475 0.28205128205128205 0.02702702702702703 0.2717948717948718 0.015444015444015444 0.2717948717948718 0.011583011583011582 0.26666666666666666 0.003861003861003861 0.26666666666666666 0 0.26153846153846155 0 0.2358974358974359 0.003861003861003861 0.23076923076923078 0.003861003861003861 0.22564102564102564 0.007722007722007722 0.22564102564102564 0.011583011583011582 0.2205128205128205 0.003861003861003861 0.21025641025641026 0.003861003861003861 0.20512820512820512 0 0.2 0 0.16923076923076924 0.003861003861003861 0.1641025641025641 0.003861003861003861 0.14358974358974358 0.007722007722007722 0.13846153846153847 0.007722007722007722 0.13333333333333333 0.003861003861003861 0.1282051282051282 0.003861003861003861 0.11794871794871795 0 0.11282051282051282 0 0.05641025641025641 0.003861003861003861 0.05128205128205128 0 0.046153846153846156 0 0.02564102564102564 0.007722007722007722 0.010256410256410256
19 0.9691119691119691 0.26153846153846155 0.9768339768339769 0.2512820512820513 0.9806949806949807 0.2358974358974359 0.9922779922779923 0.2205128205128205 0.9961389961389961 0.2205128205128205 0.9961389961389961 0.2564102564102564 0.9922779922779923 0.26153846153846155 0.9768339768339769 0.26153846153846155 0.972972972972973 0.26666666666666666
19 0 0.39487179487179486 0.03474903474903475 0.39487179487179486 0.03861003861003861 0.38974358974358975 0.04633204633204633 0.38974358974358975 0.05019305019305019 0.38461538461538464 0.06563706563706563 0.38461538461538464 0.0694980694980695 0.37948717948717947 0.0888030888030888 0.37948717948717947 0.09266409266409266 0.37435897435897436 0.14285714285714285 0.37435897435897436 0.14671814671814673 0.36923076923076925 0.18146718146718147 0.36923076923076925 0.18532818532818532 0.3641025641025641 0.20463320463320464 0.3641025641025641 0.20463320463320464 0.37435897435897436 0.2084942084942085 0.37948717948717947 0.2084942084942085 0.38974358974358975 0.21235521235521235 0.39487179487179486 0.21235521235521235 0.4 0.2277992277992278 0.4205128205128205 0.2277992277992278 0.4358974358974359 0.21621621621621623 0.4512820512820513 0.21621621621621623 0.4564102564102564 0.21235521235521235 0.46153846153846156 0.21235521235521235 0.5282051282051282 0.21621621621621623 0.5333333333333333 0.21621621621621623 0.558974358974359 0.22007722007722008 0.5641025641025641 0.22007722007722008 0.5692307692307692 0.22393822393822393 0.5743589743589743 0.2277992277992278 0.5897435897435898 0.23552123552123552 0.6 0.23938223938223938 0.6 0.25096525096525096 0.6102564102564103 0.27413127413127414 0.6102564102564103 0.28957528957528955 0.5897435897435898 0.29343629343629346 0.5897435897435898 0.2972972972972973 0.5846153846153846 0.2972972972972973 0.5794871794871795 0.30115830115830117 0.5743589743589743 0.30115830115830117 0.5692307692307692 0.3088803088803089 0.5538461538461539 0.3088803088803089 0.5435897435897435 0.3166023166023166 0.5435897435897435 0.3359073359073359 0.5692307692307692 0.33976833976833976 0.5692307692307692 0.35135135135135137 0.5846153846153846 0.35135135135135137 0.5897435897435898 0.3590733590733591 0.6 0.36293436293436293 0.6 0.36293436293436293 0.6051282051282051 0.4015444015444015 0.6564102564102564 0.4015444015444015 0.6615384615384615 0.42084942084942084 0.6871794871794872 0.42084942084942084 0.6923076923076923 0.41312741312741313 0.7025641025641025 0.4092664092664093 0.6974358974358974 0.40540540540540543 0.7025641025641025 0.40540540540540543 0.7128205128205128 0.4015444015444015 0.7128205128205128 0.3938223938223938 0.7230769230769231 0.3938223938223938 0.7282051282051282 0.38996138996138996 0.7333333333333333 0.38996138996138996 0.7487179487179487 0.3861003861003861 0.7538461538461538 0.3861003861003861 0.764102564102564 0.3938223938223938 0.7743589743589744 0.38996138996138996 0.7794871794871795 0.3938223938223938 0.7846153846153846 0.3938223938223938 0.8153846153846154 0.4015444015444015 0.8256410256410256 0.4015444015444015 0.841025641025641 0.40540540540540543 0.8461538461538461 0.40540540540540543 0.8512820512820513 0.416988416988417 0.8666666666666667 0.40540540540540543 0.882051282051282 0.4015444015444015 0.882051282051282 0.3938223938223938 0.8923076923076924 0.38996138996138996 0.8923076923076924 0.3745173745173745 0.9128205128205128 0.3745173745173745 0.9179487179487179 0.37065637065637064 0.9230769230769231 0.36293436293436293 0.9230769230769231 0.3590733590733591 0.9282051282051282 0.3359073359073359 0.9282051282051282 0.33204633204633205 0.9333333333333333 0.28957528957528955 0.9333333333333333 0.2857142857142857 0.9384615384615385 0.27413127413127414 0.9384615384615385 0.2702702702702703 0.9333333333333333 0.26640926640926643 0.9333333333333333 0.2625482625482625 0.9384615384615385 0.25096525096525096 0.9384615384615385 0.2471042471042471 0.9435897435897436 0.21621621621621623 0.9435897435897436 0.21235521235521235 0.9487179487179487 0.16988416988416988 0.9487179487179487 0.16602316602316602 0.9538461538461539 0.15444015444015444 0.9538461538461539 0.15057915057915058 0.958974358974359 0.11969111969111969 0.958974358974359 0.11583011583011583 0.9641025641025641 0.0888030888030888 0.9641025641025641 0.08494208494208494 0.9692307692307692 0.06177606177606178 0.9692307692307692 0.05791505791505792 0.9743589743589743 0.023166023166023165 0.9743589743589743 0.019305019305019305 0.9794871794871794 0 0.9794871794871794 0 0.9487179487179487 0.003861003861003861 0.9435897435897436 0.003861003861003861 0.9282051282051282 0.015444015444015444 0.9128205128205128 0.015444015444015444 0.9076923076923077 0.023166023166023165 0.8923076923076924 0.023166023166023165 0.8666666666666667 0.02702702702702703 0.8615384615384616 0.02702702702702703 0.8 0.023166023166023165 0.7948717948717948 0.023166023166023165 0.7897435897435897 0.011583011583011582 0.7743589743589744 0.003861003861003861 0.7846153846153846 0.003861003861003861 0.7692307692307693 0 0.764102564102564 0.003861003861003861 0.7589743589743589 0 0.7538461538461538 0.003861003861003861 0.7487179487179487 0.003861003861003861 0.7435897435897436 0 0.7384615384615385 0 0.7025641025641025 0.003861003861003861 0.6974358974358974 0.003861003861003861 0.6461538461538462 0 0.6410256410256411 0 0.558974358974359 0.003861003861003861 0.5538461538461539 0 0.5487179487179488 0.003861003861003861 0.5435897435897435 0.003861003861003861 0.5384615384615384 0 0.5333333333333333 0 0.441025641025641 0.003861003861003861 0.4358974358974359 0.003861003861003861 0.4205128205128205 0 0.4153846153846154 0 0.4
19 0.1776061776061776 0.9641025641025641 0.17374517374517376 0.9692307692307692 0.17374517374517376 0.9794871794871794 0.16988416988416988 0.9846153846153847 0.17374517374517376 0.9897435897435898 0.17374517374517376 0.9948717948717949 0.10038610038610038 0.9948717948717949 0.09652509652509653 0.9897435897435898 0.09266409266409266 0.9897435897435898 0.0888030888030888 0.9948717948717949 0.03861003861003861 0.9948717948717949 0.02702702702702703 0.9846153846153847 0.03088803088803089 0.9846153846153847 0.03474903474903475 0.9794871794871794 0.07722007722007722 0.9794871794871794 0.08108108108108109 0.9743589743589743 0.10038610038610038 0.9743589743589743 0.10424710424710425 0.9692307692307692 0.13513513513513514 0.9692307692307692 0.138996138996139 0.9641025641025641 0.17374517374517376 0.9641025641025641
19 0.555984555984556 0 0.5598455598455598 0.005128205128205128 0.5791505791505791 0.005128205128205128 0.583011583011583 0 0.61003861003861 0 0.6138996138996139 0.005128205128205128 0.6254826254826255 0.005128205128205128 0.6332046332046332 0.020512820512820513 0.6332046332046332 0.03076923076923077 0.6525096525096525 0.05128205128205128 0.6640926640926641 0.05641025641025641 0.6602316602316602 0.05641025641025641 0.6563706563706564 0.06153846153846154 0.6563706563706564 0.06666666666666667 0.6602316602316602 0.07179487179487179 0.6718146718146718 0.07179487179487179 0.6718146718146718 0.08205128205128205 0.6756756756756757 0.08717948717948718 0.6872586872586872 0.08717948717948718 0.6988416988416989 0.07692307692307693 0.7027027027027027 0.08205128205128205 0.7065637065637066 0.08205128205128205 0.7104247104247104 0.07692307692307693 0.7258687258687259 0.07692307692307693 0.7413127413127413 0.05641025641025641 0.7451737451737451 0.041025641025641026 0.752895752895753 0.03076923076923077 0.752895752895753 0.010256410256410256 0.7567567567567568 0.005128205128205128 0.8185328185328186 0.005128205128205128 0.8185328185328186 0.015384615384615385 0.8223938223938224 0.020512820512820513 0.833976833976834 0.020512820512820513 0.8378378378378378 0.015384615384615385 0.8494208494208494 0.015384615384615385 0.8532818532818532 0.010256410256410256 0.8494208494208494 0.005128205128205128 0.8532818532818532 0.005128205128205128 0.8571428571428571 0 0.861003861003861 0.005128205128205128 0.8648648648648649 0.020512820512820513 0.861003861003861 0.015384615384615385 0.8571428571428571 0.015384615384615385 0.8532818532818532 0.020512820512820513 0.8571428571428571 0.02564102564102564 0.8532818532818532 0.03076923076923077 0.8494208494208494 0.046153846153846156 0.8571428571428571 0.05641025641025641 0.8648648648648649 0.041025641025641026 0.8687258687258688 0.046153846153846156 0.8725868725868726 0.046153846153846156 0.8725868725868726 0.05641025641025641 0.8687258687258688 0.06153846153846154 0.8764478764478765 0.07179487179487179 0.8803088803088803 0.07179487179487179 0.8957528957528957 0.09743589743589744 0.8996138996138996 0.09743589743589744 0.8996138996138996 0.1076923076923077 0.9034749034749034 0.11282051282051282 0.9111969111969112 0.11282051282051282 0.9227799227799228 0.1282051282051282 0.9343629343629344 0.13333333333333333 0.9498069498069498 0.15384615384615385 0.9575289575289575 0.15384615384615385 0.9613899613899614 0.14871794871794872 0.9652509652509652 0.15384615384615385 0.9922779922779923 0.15384615384615385 0.9922779922779923 0.16923076923076924 0.9961389961389961 0.17435897435897435 0.9961389961389961 0.19487179487179487 0.9922779922779923 0.2 0.9922779922779923 0.21025641025641026 0.9305019305019305 0.2923076923076923 0.9305019305019305 0.29743589743589743 0.918918918918919 0.3128205128205128 0.915057915057915 0.3128205128205128 0.8957528957528957 0.3384615384615385 0.8957528957528957 0.3435897435897436 0.8725868725868726 0.37435897435897436 0.8687258687258688 0.37435897435897436 0.861003861003861 0.38461538461538464 0.861003861003861 0.38974358974358975 0.8571428571428571 0.38974358974358975 0.7413127413127413 0.5435897435897435 0.7374517374517374 0.5435897435897435 0.6332046332046332 0.6820512820512821 0.6332046332046332 0.6871794871794872 0.6293436293436293 0.6871794871794872 0.6023166023166023 0.7230769230769231 0.6023166023166023 0.7282051282051282 0.5984555984555985 0.7282051282051282 0.5752895752895753 0.7589743589743589 0.5714285714285714 0.7589743589743589 0.5521235521235521 0.7846153846153846 0.5135135135135135 0.7846153846153846 0.5096525096525096 0.7794871794871795 0.5057915057915058 0.7794871794871795 0.49034749034749037 0.7538461538461538 0.4864864864864865 0.7538461538461538 0.42857142857142855 0.676923076923077 0.4247104247104247 0.676923076923077 0.4247104247104247 0.6717948717948717 0.3359073359073359 0.5538461538461539 0.33204633204633205 0.5538461538461539 0.33204633204633205 0.5487179487179488 0.305019305019305 0.5128205128205128 0.305019305019305 0.5076923076923077 0.2625482625482625 0.4512820512820513 0.25868725868725867 0.4512820512820513 0.25868725868725867 0.4461538461538462 0.23938223938223938 0.4205128205128205 0.23938223938223938 0.4153846153846154 0.2548262548262548 0.4153846153846154 0.2625482625482625 0.40512820512820513 0.2625482625482625 0.41025641025641024 0.277992277992278 0.4307692307692308 0.277992277992278 0.4358974358974359 0.29343629343629346 0.4564102564102564 0.2972972972972973 0.4564102564102564 0.2972972972972973 0.4717948717948718 0.29343629343629346 0.47692307692307695 0.29343629343629346 0.48205128205128206 0.305019305019305 0.49743589743589745 0.3088803088803089 0.49230769230769234 0.3436293436293436 0.49230769230769234 0.3552123552123552 0.5025641025641026 0.3745173745173745 0.5025641025641026 0.3861003861003861 0.49230769230769234 0.3938223938223938 0.49230769230769234 0.4015444015444015 0.48205128205128206 0.4015444015444015 0.47692307692307695 0.4092664092664093 0.4666666666666667 0.4092664092664093 0.46153846153846156 0.416988416988417 0.4512820512820513 0.416988416988417 0.4461538461538462 0.42084942084942084 0.441025641025641 0.42084942084942084 0.38974358974358975 0.416988416988417 0.38461538461538464 0.416988416988417 0.36923076923076925 0.41312741312741313 0.3641025641025641 0.41312741312741313 0.358974358974359 0.3938223938223938 0.3333333333333333 0.38223938223938225 0.3333333333333333 0.37065637065637064 0.3230769230769231 0.3590733590733591 0.3230769230769231 0.3552123552123552 0.31794871794871793 0.3436293436293436 0.3128205128205128 0.32432432432432434 0.28717948717948716 0.3204633204633205 0.28717948717948716 0.3166023166023166 0.28205128205128205 0.3127413127413127 0.28717948717948716 0.3088803088803089 0.28205128205128205 0.2972972972972973 0.2923076923076923 0.28957528957528955 0.2923076923076923 0.2702702702702703 0.31794871794871793 0.2702702702702703 0.3230769230769231 0.26640926640926643 0.3230769230769231 0.23552123552123552 0.3641025641025641 0.23166023166023167 0.37948717948717947 0.22393822393822393 0.38974358974358975 0.22007722007722008 0.38974358974358975 0.21621621621621623 0.38461538461538464 0.21621621621621623 0.3384615384615385 0.23552123552123552 0.3128205128205128 0.23552123552123552 0.3076923076923077 0.23938223938223938 0.3076923076923077 0.2471042471042471 0.29743589743589743 0.25096525096525096 0.29743589743589743 0.2548262548262548 0.2923076923076923 0.26640926640926643 0.28717948717948716 0.27413127413127414 0.27692307692307694 0.27413127413127414 0.2717948717948718 0.277992277992278 0.26666666666666666 0.28185328185328185 0.26666666666666666 0.2857142857142857 0.26153846153846155 0.2857142857142857 0.2564102564102564 0.28957528957528955 0.2564102564102564 0.3088803088803089 0.23076923076923078 0.3088803088803089 0.22564102564102564 0.33976833976833976 0.18461538461538463 0.3436293436293436 0.18461538461538463 0.3938223938223938 0.11794871794871795 0.39768339768339767 0.11794871794871795 0.4015444015444015 0.11282051282051282 0.4015444015444015 0.1076923076923077 0.40540540540540543 0.1076923076923077 0.4247104247104247 0.08205128205128205 0.42857142857142855 0.08205128205128205 0.4826254826254826 0.010256410256410256 0.4864864864864865 0.010256410256410256 0.49034749034749037 0.005128205128205128 0.5057915057915058 0.005128205128205128 0.5096525096525096 0 0.5521235521235521 0
19 0.007722007722007722 0 0.015444015444015444 0 0.015444015444015444 0.020512820512820513 0.019305019305019305 0.02564102564102564 0.019305019305019305 0.041025641025641026 0.023166023166023165 0.046153846153846156 0.023166023166023165 0.05641025641025641 0.02702702702702703 0.06153846153846154 0.02702702702702703 0.07179487179487179 0.03088803088803089 0.07692307692307693 0.03088803088803089 0.08205128205128205 0.04247104247104247 0.09743589743589744 0.04247104247104247 0.10256410256410256 0.04633204633204633 0.1076923076923077 0.05019305019305019 0.1076923076923077 0.06177606177606178 0.12307692307692308 0.06563706563706563 0.12307692307692308 0.0694980694980695 0.1282051282051282 0.0888030888030888 0.1282051282051282 0.09266409266409266 0.12307692307692308 0.10424710424710425 0.12307692307692308 0.10810810810810811 0.11794871794871795 0.11196911196911197 0.11794871794871795 0.12355212355212356 0.1076923076923077 0.1274131274131274 0.1076923076923077 0.138996138996139 0.09230769230769231 0.138996138996139 0.08205128205128205 0.14285714285714285 0.07692307692307693 0.14285714285714285 0.07179487179487179 0.138996138996139 0.06666666666666667 0.14285714285714285 0.06153846153846154 0.138996138996139 0.05641025641025641 0.138996138996139 0.03076923076923077 0.13513513513513514 0.02564102564102564 0.13513513513513514 0.015384615384615385 0.1274131274131274 0.005128205128205128 0.1274131274131274 0 0.13127413127413126 0.005128205128205128 0.13513513513513514 0.005128205128205128 0.138996138996139 0 0.14285714285714285 0.005128205128205128 0.1583011583011583 0.005128205128205128 0.16216216216216217 0 0.16602316602316602 0 0.16988416988416988 0.005128205128205128 0.16988416988416988 0.010256410256410256 0.19305019305019305 0.041025641025641026 0.1969111969111969 0.041025641025641026 0.20077220077220076 0.046153846153846156 0.24324324324324326 0.046153846153846156 0.26640926640926643 0.02564102564102564 0.26640926640926643 0.020512820512820513 0.2702702702702703 0.015384615384615385 0.2702702702702703 0.005128205128205128 0.2972972972972973 0.005128205128205128 0.30115830115830117 0 0.3166023166023166 0 0.3204633204633205 0.005128205128205128 0.3590733590733591 0.005128205128205128 0.3590733590733591 0.010256410256410256 0.3783783783783784 0.035897435897435895 0.38223938223938225 0.035897435897435895 0.3861003861003861 0.041025641025641026 0.416988416988417 0.041025641025641026 0.42084942084942084 0.035897435897435895 0.4247104247104247 0.035897435897435895 0.44015444015444016 0.015384615384615385 0.44015444015444016 0.005128205128205128 0.44787644787644787 0.005128205128205128 0.4517374517374517 0 0.4749034749034749 0 0.4749034749034749 0.005128205128205128 0.46332046332046334 0.020512820512820513 0.4594594594594595 0.020512820512820513 0.44015444015444016 0.046153846153846156 0.43243243243243246 0.046153846153846156 0.42857142857142855 0.05128205128205128 0.416988416988417 0.05128205128205128 0.41312741312741313 0.05641025641025641 0.4092664092664093 0.05641025641025641 0.4015444015444015 0.06666666666666667 0.39768339768339767 0.06666666666666667 0.3938223938223938 0.07179487179487179 0.3861003861003861 0.07179487179487179 0.38223938223938225 0.07692307692307693 0.37065637065637064 0.08205128205128205 0.35135135135135137 0.1076923076923077 0.35135135135135137 0.1282051282051282 0.3552123552123552 0.13333333333333333 0.3552123552123552 0.14871794871794872 0.35135135135135137 0.15384615384615385 0.35135135135135137 0.15897435897435896 0.3474903474903475 0.1641025641025641 0.3436293436293436 0.1641025641025641 0.3359073359073359 0.17435897435897435 0.33204633204633205 0.17435897435897435 0.33204633204633205 0.16923076923076924 0.3281853281853282 0.1641025641025641 0.3281853281853282 0.15384615384615385 0.3088803088803089 0.1282051282051282 0.305019305019305 0.1282051282051282 0.30115830115830117 0.12307692307692308 0.27413127413127414 0.12307692307692308 0.26640926640926643 0.13333333333333333 0.2548262548262548 0.13846153846153847 0.23552123552123552 0.1641025641025641 0.23552123552123552 0.16923076923076924 0.2277992277992278 0.18461538461538463 0.2277992277992278 0.2205128205128205 0.23166023166023167 0.22564102564102564 0.23166023166023167 0.24102564102564103 0.23552123552123552 0.24615384615384617 0.23552123552123552 0.26153846153846155 0.23938223938223938 0.26666666666666666 0.23938223938223938 0.2923076923076923 0.22007722007722008 0.3128205128205128 0.21621621621621623 0.3128205128205128 0.21621621621621623 0.30256410256410254 0.21235521235521235 0.29743589743589743 0.21235521235521235 0.28205128205128205 0.2084942084942085 0.27692307692307694 0.20463320463320464 0.26153846153846155 0.1891891891891892 0.24102564102564103 0.18532818532818532 0.22564102564102564 0.1776061776061776 0.2153846153846154 0.17374517374517376 0.2153846153846154 0.16602316602316602 0.20512820512820512 0.1583011583011583 0.20512820512820512 0.15444015444015444 0.2 0.14671814671814673 0.2 0.14285714285714285 0.20512820512820512 0.13127413127413126 0.20512820512820512 0.12355212355212356 0.2153846153846154 0.11969111969111969 0.2153846153846154 0.09652509652509653 0.24615384615384617 0.09652509652509653 0.2512820512820513 0.09266409266409266 0.2564102564102564 0.09266409266409266 0.27692307692307694 0.0888030888030888 0.28205128205128205 0.09266409266409266 0.28717948717948716 0.09266409266409266 0.3128205128205128 0.09652509652509653 0.31794871794871793 0.10038610038610038 0.3333333333333333 0.10810810810810811 0.3435897435897436 0.10810810810810811 0.3487179487179487 0.11196911196911197 0.35384615384615387 0.11196911196911197 0.3641025641025641 0.0888030888030888 0.3641025641025641 0.08494208494208494 0.36923076923076925 0.06177606177606178 0.36923076923076925 0.06177606177606178 0.3435897435897436 0.06563706563706563 0.3384615384615385 0.06177606177606178 0.3333333333333333 0.06177606177606178 0.3128205128205128 0.04247104247104247 0.28717948717948716 0.03088803088803089 0.28205128205128205 0.02702702702702703 0.27692307692307694 0.023166023166023165 0.27692307692307694 0.019305019305019305 0.2717948717948718 0.003861003861003861 0.2717948717948718 0 0.26666666666666666 0 0.2358974358974359 0.007722007722007722 0.2205128205128205 0 0.20512820512820512 0 0.15384615384615385 0.003861003861003861 0.14871794871794872 0.003861003861003861 0.12307692307692308 0 0.11794871794871795 0 0.020512820512820513 0.007722007722007722 0.010256410256410256 0.007722007722007722 0.005128205128205128
19 0.9961389961389961 0.9487179487179487 0.9961389961389961 0.9846153846153847 0.9922779922779923 0.9897435897435898 0.9806949806949807 0.9897435897435898 0.9768339768339769 0.9948717948717949 0.9498069498069498 0.9948717948717949 0.9613899613899614 0.9794871794871794 0.9652509652509652 0.9794871794871794 0.9884169884169884 0.9487179487179487 0.9922779922779923 0.9487179487179487
19 0.16216216216216217 0.9641025641025641 0.16216216216216217 0.9692307692307692 0.16602316602316602 0.9743589743589743 0.16602316602316602 0.9897435897435898 0.14285714285714285 0.9897435897435898 0.138996138996139 0.9948717948717949 0.10810810810810811 0.9948717948717949 0.09652509652509653 0.9846153846153847 0.09266409266409266 0.9846153846153847 0.08494208494208494 0.9948717948717949 0.04247104247104247 0.9948717948717949 0.03861003861003861 0.9897435897435898 0.02702702702702703 0.9846153846153847 0.03088803088803089 0.9846153846153847 0.03474903474903475 0.9794871794871794 0.07335907335907337 0.9794871794871794 0.07722007722007722 0.9743589743589743 0.10038610038610038 0.9743589743589743 0.10424710424710425 0.9692307692307692 0.13513513513513514 0.9692307692307692 0.138996138996139 0.9641025641025641 0.1583011583011583 0.9641025641025641
19 0.17374517374517376 0.9641025641025641 0.17374517374517376 0.9743589743589743 0.16988416988416988 0.9794871794871794 0.17374517374517376 0.9948717948717949 0.10038610038610038 0.9948717948717949 0.09652509652509653 0.9897435897435898 0.09266409266409266 0.9897435897435898 0.0888030888030888 0.9948717948717949 0.03861003861003861 0.9948717948717949 0.02702702702702703 0.9846153846153847 0.03861003861003861 0.9846153846153847 0.04247104247104247 0.9794871794871794 0.07722007722007722 0.9794871794871794 0.08108108108108109 0.9743589743589743 0.10038610038610038 0.9743589743589743 0.10424710424710425 0.9692307692307692 0.138996138996139 0.9692307692307692 0.14285714285714285 0.9641025641025641 0.16988416988416988 0.9641025641025641
19 0.011583011583011582 0.020512820512820513 0.011583011583011582 0.005128205128205128 0.015444015444015444 0 0.04247104247104247 0 0.04633204633204633 0.005128205128205128 0.06177606177606178 0.005128205128205128 0.06563706563706563 0.010256410256410256 0.09652509652509653 0.010256410256410256 0.10810810810810811 0 0.11969111969111969 0 0.12355212355212356 0.005128205128205128 0.13127413127413126 0.005128205128205128 0.13513513513513514 0.010256410256410256 0.13513513513513514 0.020512820512820513 0.138996138996139 0.02564102564102564 0.138996138996139 0.03076923076923077 0.13513513513513514 0.035897435897435895 0.13513513513513514 0.041025641025641026 0.138996138996139 0.046153846153846156 0.138996138996139 0.07692307692307693 0.13513513513513514 0.08205128205128205 0.13513513513513514 0.09743589743589744 0.13127413127413126 0.10256410256410256 0.11969111969111969 0.1076923076923077 0.11196911196911197 0.11794871794871795 0.10810810810810811 0.11794871794871795 0.10424710424710425 0.12307692307692308 0.10038610038610038 0.11794871794871795 0.09266409266409266 0.11794871794871795 0.0888030888030888 0.12307692307692308 0.0694980694980695 0.12307692307692308 0.06563706563706563 0.11794871794871795 0.06177606177606178 0.11794871794871795 0.05405405405405406 0.1076923076923077 0.05019305019305019 0.1076923076923077 0.04633204633204633 0.10256410256410256 0.04633204633204633 0.09743589743589744 0.03861003861003861 0.08717948717948718 0.03861003861003861 0.08205128205128205 0.03088803088803089 0.07179487179487179 0.03088803088803089 0.06666666666666667 0.02702702702702703 0.06153846153846154 0.02702702702702703 0.05128205128205128 0.023166023166023165 0.046153846153846156 0.023166023166023165 0.035897435897435895 0.015444015444015444 0.020512820512820513
19 0.9652509652509652 0.28205128205128205 0.9652509652509652 0.28717948717948716 0.9613899613899614 0.2923076923076923 0.9652509652509652 0.29743589743589743 0.9691119691119691 0.29743589743589743 0.972972972972973 0.2923076923076923 0.9806949806949807 0.2923076923076923 0.9884169884169884 0.28205128205128205 0.9922779922779923 0.28205128205128205 0.9922779922779923 0.30256410256410254 0.9845559845559846 0.3128205128205128 0.9845559845559846 0.3282051282051282 0.9652509652509652 0.3282051282051282 0.9613899613899614 0.3333333333333333 0.9575289575289575 0.3333333333333333 0.9536679536679536 0.3282051282051282 0.9498069498069498 0.3333333333333333 0.9498069498069498 0.3435897435897436 0.9459459459459459 0.3487179487179487 0.9420849420849421 0.3487179487179487 0.9343629343629344 0.358974358974359 0.9343629343629344 0.3641025641025641 0.9305019305019305 0.36923076923076925 0.9266409266409267 0.38461538461538464 0.918918918918919 0.39487179487179486 0.918918918918919 0.40512820512820513 0.915057915057915 0.41025641025641024 0.915057915057915 0.4461538461538462 0.918918918918919 0.4512820512820513 0.918918918918919 0.4564102564102564 0.9266409266409267 0.4717948717948718 0.9266409266409267 0.48205128205128206 0.9305019305019305 0.48717948717948717 0.9305019305019305 0.49230769230769234 0.9382239382239382 0.5025641025641026 0.9382239382239382 0.5128205128205128 0.9420849420849421 0.517948717948718 0.9459459459459459 0.517948717948718 0.9536679536679536 0.5282051282051282 0.9613899613899614 0.5282051282051282 0.9652509652509652 0.5333333333333333 0.9806949806949807 0.5333333333333333 0.9845559845559846 0.5384615384615384 0.9806949806949807 0.5384615384615384 0.972972972972973 0.5487179487179488 0.9691119691119691 0.5487179487179488 0.9652509652509652 0.5538461538461539 0.9652509652509652 0.558974358974359 0.9536679536679536 0.5641025641025641 0.9498069498069498 0.5692307692307692 0.9498069498069498 0.5743589743589743 0.9459459459459459 0.5692307692307692 0.9459459459459459 0.558974358974359 0.9498069498069498 0.558974358974359 0.9536679536679536 0.5538461538461539 0.9536679536679536 0.5487179487179488 0.9498069498069498 0.5435897435897435 0.9459459459459459 0.5487179487179488 0.9382239382239382 0.5487179487179488 0.9343629343629344 0.5435897435897435 0.9343629343629344 0.5384615384615384 0.9305019305019305 0.5333333333333333 0.9305019305019305 0.517948717948718 0.9227799227799228 0.5076923076923077 0.918918918918919 0.5076923076923077 0.918918918918919 0.49743589743589745 0.915057915057915 0.49230769230769234 0.9073359073359073 0.49230769230769234 0.9073359073359073 0.48717948717948717 0.9034749034749034 0.48205128205128206 0.9034749034749034 0.4666666666666667 0.8996138996138996 0.46153846153846156 0.8957528957528957 0.4666666666666667 0.8957528957528957 0.4717948717948718 0.8918918918918919 0.4717948717948718 0.888030888030888 0.4666666666666667 0.8957528957528957 0.4564102564102564 0.8918918918918919 0.4512820512820513 0.861003861003861 0.4512820512820513 0.8687258687258688 0.441025641025641 0.8687258687258688 0.4256410256410256 0.8764478764478765 0.4256410256410256 0.8764478764478765 0.4307692307692308 0.8803088803088803 0.4358974358974359 0.8841698841698842 0.4358974358974359 0.8996138996138996 0.41025641025641024 0.8996138996138996 0.4 0.9034749034749034 0.39487179487179486 0.9034749034749034 0.38461538461538464 0.8957528957528957 0.37435897435897436 0.8918918918918919 0.37948717948717947 0.8918918918918919 0.37435897435897436 0.8957528957528957 0.37435897435897436 0.8996138996138996 0.36923076923076925 0.8996138996138996 0.358974358974359 0.9034749034749034 0.35384615384615387 0.9073359073359073 0.35384615384615387 0.9073359073359073 0.358974358974359 0.915057915057915 0.36923076923076925 0.918918918918919 0.3641025641025641 0.918918918918919 0.358974358974359 0.9227799227799228 0.358974358974359 0.9266409266409267 0.35384615384615387 0.9266409266409267 0.3487179487179487 0.9305019305019305 0.3487179487179487 0.9343629343629344 0.35384615384615387 0.9382239382239382 0.3487179487179487 0.9382239382239382 0.3333333333333333 0.9266409266409267 0.31794871794871793 0.9343629343629344 0.3076923076923077 0.9420849420849421 0.3076923076923077 0.9498069498069498 0.29743589743589743 0.9498069498069498 0.2923076923076923 0.9575289575289575 0.28205128205128205 0.9613899613899614 0.28205128205128205
19 0.749034749034749 0.6051282051282051 0.752895752895753 0.6102564102564103 0.7567567567567568 0.6102564102564103 0.7606177606177607 0.6153846153846154 0.7722007722007722 0.6205128205128205 0.7953667953667953 0.6512820512820513 0.7953667953667953 0.6564102564102564 0.7992277992277992 0.6615384615384615 0.7992277992277992 0.6666666666666666 0.806949806949807 0.676923076923077 0.806949806949807 0.6871794871794872 0.8108108108108109 0.6923076923076923 0.8108108108108109 0.7230769230769231 0.806949806949807 0.7282051282051282 0.806949806949807 0.7589743589743589 0.803088803088803 0.764102564102564 0.803088803088803 0.7743589743589744 0.7953667953667953 0.7846153846153846 0.7953667953667953 0.7897435897435897 0.7915057915057915 0.7948717948717948 0.7799227799227799 0.7948717948717948 0.7760617760617761 0.8 0.7722007722007722 0.7948717948717948 0.752895752895753 0.7948717948717948 0.7297297297297297 0.7743589743589744 0.7181467181467182 0.7743589743589744 0.7142857142857143 0.7692307692307693 0.7104247104247104 0.7692307692307693 0.6911196911196911 0.7435897435897436 0.6911196911196911 0.7384615384615385 0.6872586872586872 0.7333333333333333 0.6872586872586872 0.7230769230769231 0.6833976833976834 0.717948717948718 0.6833976833976834 0.7076923076923077 0.6795366795366795 0.7025641025641025 0.6795366795366795 0.6564102564102564 0.6872586872586872 0.6461538461538462 0.6872586872586872 0.6410256410256411 0.694980694980695 0.6307692307692307 0.694980694980695 0.6256410256410256 0.6988416988416989 0.6205128205128205 0.7027027027027027 0.6205128205128205 0.7065637065637066 0.6153846153846154 0.7142857142857143 0.6153846153846154 0.7181467181467182 0.6102564102564103 0.7297297297297297 0.6102564102564103 0.7335907335907336 0.6051282051282051 0.7451737451737451 0.6051282051282051
19 0.3088803088803089 0.6256410256410256 0.3127413127413127 0.6256410256410256 0.3166023166023166 0.6307692307692307 0.3166023166023166 0.6358974358974359 0.3204633204633205 0.6410256410256411 0.32432432432432434 0.6410256410256411 0.32432432432432434 0.6461538461538462 0.3281853281853282 0.6512820512820513 0.3436293436293436 0.6512820512820513 0.3474903474903475 0.6564102564102564 0.3667953667953668 0.6564102564102564 0.3745173745173745 0.6666666666666666 0.3783783783783784 0.6666666666666666 0.38223938223938225 0.6717948717948717 0.3938223938223938 0.6717948717948717 0.3938223938223938 0.676923076923077 0.38996138996138996 0.6820512820512821 0.38996138996138996 0.6923076923076923 0.38223938223938225 0.7025641025641025 0.38223938223938225 0.7076923076923077 0.3783783783783784 0.7128205128205128 0.38223938223938225 0.717948717948718 0.3783783783783784 0.7230769230769231 0.3783783783783784 0.7282051282051282 0.3745173745173745 0.7282051282051282 0.3667953667953668 0.7435897435897436 0.3667953667953668 0.7846153846153846 0.37065637065637064 0.7897435897435897 0.3745173745173745 0.7897435897435897 0.38223938223938225 0.8 0.3861003861003861 0.8 0.3861003861003861 0.8051282051282052 0.38996138996138996 0.8102564102564103 0.38996138996138996 0.8205128205128205 0.39768339768339767 0.8307692307692308 0.39768339768339767 0.841025641025641 0.4015444015444015 0.8461538461538461 0.4015444015444015 0.8512820512820513 0.4092664092664093 0.8615384615384616 0.4092664092664093 0.8717948717948718 0.3938223938223938 0.8923076923076924 0.38996138996138996 0.8923076923076924 0.3745173745173745 0.9128205128205128 0.37065637065637064 0.9128205128205128 0.3667953667953668 0.9179487179487179 0.3667953667953668 0.9230769230769231 0.35135135135135137 0.9230769230769231 0.3474903474903475 0.9282051282051282 0.3127413127413127 0.9282051282051282 0.3088803088803089 0.9333333333333333 0.2702702702702703 0.9333333333333333 0.26640926640926643 0.9282051282051282 0.2625482625482625 0.9282051282051282 0.25868725868725867 0.9333333333333333 0.2548262548262548 0.9333333333333333 0.24324324324324326 0.9435897435897436 0.21235521235521235 0.9435897435897436 0.2084942084942085 0.9487179487179487 0.20463320463320464 0.9435897435897436 0.20077220077220076 0.9487179487179487 0.16602316602316602 0.9487179487179487 0.16216216216216217 0.9538461538461539 0.15057915057915058 0.9538461538461539 0.14671814671814673 0.958974358974359 0.11583011583011583 0.958974358974359 0.11196911196911197 0.9641025641025641 0.08108108108108109 0.9641025641025641 0.07722007722007722 0.9692307692307692 0.05405405405405406 0.9692307692307692 0.05019305019305019 0.9641025641025641 0.03861003861003861 0.9743589743589743 0.019305019305019305 0.9743589743589743 0.015444015444015444 0.9794871794871794 0.007722007722007722 0.9794871794871794 0 0.9692307692307692 0.003861003861003861 0.9641025641025641 0.003861003861003861 0.9487179487179487 0.007722007722007722 0.9435897435897436 0.003861003861003861 0.9384615384615385 0.011583011583011582 0.9282051282051282 0.011583011583011582 0.9230769230769231 0.015444015444015444 0.9230769230769231 0.019305019305019305 0.9179487179487179 0.019305019305019305 0.9128205128205128 0.023166023166023165 0.9076923076923077 0.023166023166023165 0.8923076923076924 0.02702702702702703 0.8871794871794871 0.02702702702702703 0.8769230769230769 0.023166023166023165 0.8717948717948718 0.02702702702702703 0.8666666666666667 0.02702702702702703 0.8512820512820513 0.03088803088803089 0.8461538461538461 0.03088803088803089 0.7948717948717948 0.023166023166023165 0.7794871794871795 0.023166023166023165 0.7692307692307693 0.003861003861003861 0.7435897435897436 0.007722007722007722 0.7384615384615385 0.007722007722007722 0.7333333333333333 0.003861003861003861 0.7282051282051282 0.007722007722007722 0.7230769230769231 0.011583011583011582 0.7230769230769231 0.015444015444015444 0.7282051282051282 0.023166023166023165 0.717948717948718 0.023166023166023165 0.7128205128205128 0.03088803088803089 0.7128205128205128 0.04247104247104247 0.7025641025641025 0.04633204633204633 0.7025641025641025 0.05019305019305019 0.7076923076923077 0.06177606177606178 0.7076923076923077 0.06563706563706563 0.7128205128205128 0.07335907335907337 0.7128205128205128 0.07722007722007722 0.7076923076923077 0.07722007722007722 0.6974358974358974 0.08494208494208494 0.6974358974358974 0.0888030888030888 0.6923076923076923 0.0888030888030888 0.6820512820512821 0.09266409266409266 0.676923076923077 0.09652509652509653 0.6820512820512821 0.10038610038610038 0.6820512820512821 0.10810810810810811 0.6923076923076923 0.11583011583011583 0.6820512820512821 0.11583011583011583 0.6717948717948717 0.11969111969111969 0.6717948717948717 0.12355212355212356 0.676923076923077 0.13513513513513514 0.6717948717948717 0.13513513513513514 0.676923076923077 0.138996138996139 0.6820512820512821 0.15057915057915058 0.6820512820512821 0.15444015444015444 0.6871794871794872 0.16602316602316602 0.6871794871794872 0.16988416988416988 0.6923076923076923 0.17374517374517376 0.6871794871794872 0.17374517374517376 0.6717948717948717 0.1776061776061776 0.6666666666666666 0.18532818532818532 0.6666666666666666 0.1891891891891892 0.6615384615384615 0.20077220077220076 0.6615384615384615 0.20463320463320464 0.6564102564102564 0.2084942084942085 0.6615384615384615 0.21235521235521235 0.6564102564102564 0.23552123552123552 0.6564102564102564 0.24324324324324326 0.6461538461538462 0.2548262548262548 0.6461538461538462 0.25868725868725867 0.6410256410256411 0.2857142857142857 0.6410256410256411 0.28957528957528955 0.6461538461538462 0.29343629343629346 0.6461538461538462 0.2972972972972973 0.6410256410256411 0.3127413127413127 0.6410256410256411 0.3166023166023166 0.6358974358974359 0.3127413127413127 0.6307692307692307
19 0.7760617760617761 0 0.7799227799227799 0.005128205128205128 0.8223938223938224 0.005128205128205128 0.8262548262548263 0.010256410256410256 0.833976833976834 0.010256410256410256 0.8378378378378378 0.005128205128205128 0.8455598455598455 0.005128205128205128 0.8494208494208494 0 0.861003861003861 0 0.8648648648648649 0.005128205128205128 0.8687258687258688 0.005128205128205128 0.8687258687258688 0.02564102564102564 0.8841698841698842 0.05128205128205128 0.8841698841698842 0.07179487179487179 0.888030888030888 0.07692307692307693 0.888030888030888 0.08205128205128205 0.8918918918918919 0.08717948717948718 0.8957528957528957 0.08717948717948718 0.9266409266409267 0.1282051282051282 0.9305019305019305 0.1282051282051282 0.9382239382239382 0.13846153846153847 0.9459459459459459 0.13846153846153847 0.9575289575289575 0.14871794871794872 0.9806949806949807 0.14871794871794872 0.9845559845559846 0.15384615384615385 0.9922779922779923 0.15384615384615385 0.9922779922779923 0.16923076923076924 0.9961389961389961 0.17435897435897435 0.9961389961389961 0.1794871794871795 0.9922779922779923 0.18461538461538463 0.9922779922779923 0.20512820512820512 0.9884169884169884 0.21025641025641026 0.9884169884169884 0.2153846153846154 0.9613899613899614 0.2512820512820513 0.9613899613899614 0.2564102564102564 0.9575289575289575 0.2564102564102564 0.9343629343629344 0.28717948717948716 0.9343629343629344 0.2923076923076923 0.915057915057915 0.31794871794871793 0.9111969111969112 0.31794871794871793 0.888030888030888 0.3487179487179487 0.888030888030888 0.35384615384615387 0.8803088803088803 0.3641025641025641 0.8764478764478765 0.3641025641025641 0.8532818532818532 0.39487179487179486 0.8494208494208494 0.39487179487179486 0.8455598455598455 0.4 0.8455598455598455 0.40512820512820513 0.8262548262548263 0.4307692307692308 0.8223938223938224 0.4307692307692308 0.806949806949807 0.4512820512820513 0.803088803088803 0.4512820512820513 0.7992277992277992 0.4564102564102564 0.7992277992277992 0.46153846153846156 0.7915057915057915 0.4717948717948718 0.7915057915057915 0.47692307692307695 0.7876447876447876 0.47692307692307695 0.7683397683397684 0.5025641025641026 0.7644787644787645 0.5025641025641026 0.7606177606177607 0.49743589743589745 0.7644787644787645 0.49230769230769234 0.7567567567567568 0.48205128205128206 0.752895752895753 0.48205128205128206 0.749034749034749 0.47692307692307695 0.7413127413127413 0.47692307692307695 0.749034749034749 0.47692307692307695 0.752895752895753 0.4717948717948718 0.7451737451737451 0.46153846153846156 0.7413127413127413 0.46153846153846156 0.7413127413127413 0.4564102564102564 0.7335907335907336 0.4461538461538462 0.7297297297297297 0.4461538461538462 0.7297297297297297 0.441025641025641 0.7258687258687259 0.4358974358974359 0.7142857142857143 0.4307692307692308 0.7065637065637066 0.4205128205128205 0.694980694980695 0.4205128205128205 0.6872586872586872 0.40512820512820513 0.6795366795366795 0.40512820512820513 0.6718146718146718 0.39487179487179486 0.6640926640926641 0.39487179487179486 0.6640926640926641 0.37948717948717947 0.6602316602316602 0.37435897435897436 0.6640926640926641 0.36923076923076925 0.6525096525096525 0.35384615384615387 0.6563706563706564 0.35384615384615387 0.6602316602316602 0.3487179487179487 0.6602316602316602 0.3435897435897436 0.6640926640926641 0.3435897435897436 0.6756756756756757 0.358974358974359 0.6756756756756757 0.3641025641025641 0.6911196911196911 0.38461538461538464 0.694980694980695 0.38461538461538464 0.6988416988416989 0.38974358974358975 0.6988416988416989 0.39487179487179486 0.7104247104247104 0.41025641025641024 0.7142857142857143 0.41025641025641024 0.7181467181467182 0.4153846153846154 0.722007722007722 0.4153846153846154 0.7258687258687259 0.4205128205128205 0.7297297297297297 0.4205128205128205 0.7413127413127413 0.4307692307692308 0.7567567567567568 0.4307692307692308 0.7606177606177607 0.4358974358974359 0.7722007722007722 0.4358974358974359 0.7760617760617761 0.4307692307692308 0.7876447876447876 0.4256410256410256 0.7953667953667953 0.4153846153846154 0.7953667953667953 0.41025641025641024 0.803088803088803 0.39487179487179486 0.803088803088803 0.38461538461538464 0.8108108108108109 0.37435897435897436 0.8108108108108109 0.35384615384615387 0.8146718146718147 0.3487179487179487 0.8108108108108109 0.3435897435897436 0.8108108108108109 0.3230769230769231 0.806949806949807 0.31794871794871793 0.806949806949807 0.3076923076923077 0.7992277992277992 0.29743589743589743 0.7992277992277992 0.2923076923076923 0.7915057915057915 0.28205128205128205 0.7915057915057915 0.27692307692307694 0.7683397683397684 0.24615384615384617 0.7644787644787645 0.24615384615384617 0.7567567567567568 0.2358974358974359 0.749034749034749 0.2358974358974359 0.7413127413127413 0.22564102564102564 0.7027027027027027 0.22564102564102564 0.6988416988416989 0.23076923076923078 0.694980694980695 0.23076923076923078 0.6795366795366795 0.2512820512820513 0.6795366795366795 0.2564102564102564 0.6718146718146718 0.2717948717948718 0.6718146718146718 0.2923076923076923 0.6640926640926641 0.3076923076923077 0.667953667953668 0.3128205128205128 0.667953667953668 0.3282051282051282 0.6640926640926641 0.3333333333333333 0.6602316602316602 0.3333333333333333 0.6563706563706564 0.3282051282051282 0.6525096525096525 0.3333333333333333 0.6486486486486487 0.3333333333333333 0.6486486486486487 0.3282051282051282 0.6447876447876448 0.3230769230769231 0.6254826254826255 0.3230769230769231 0.6254826254826255 0.31794871794871793 0.6216216216216216 0.3128205128205128 0.6138996138996139 0.3128205128205128 0.5868725868725869 0.27692307692307694 0.5868725868725869 0.2717948717948718 0.5752895752895753 0.2564102564102564 0.5637065637065637 0.2512820512820513 0.5598455598455598 0.24615384615384617 0.555984555984556 0.23076923076923078 0.5521235521235521 0.22564102564102564 0.5482625482625483 0.22564102564102564 0.5482625482625483 0.2205128205128205 0.5444015444015444 0.2153846153846154 0.5405405405405406 0.2153846153846154 0.5328185328185329 0.20512820512820512 0.5405405405405406 0.19487179487179487 0.528957528957529 0.18461538461538463 0.5405405405405406 0.18461538461538463 0.5482625482625483 0.19487179487179487 0.5521235521235521 0.19487179487179487 0.555984555984556 0.2 0.5598455598455598 0.2 0.5675675675675675 0.21025641025641026 0.5752895752895753 0.21025641025641026 0.5791505791505791 0.2153846153846154 0.6061776061776062 0.2153846153846154 0.61003861003861 0.21025641025641026 0.6138996138996139 0.21025641025641026 0.6254826254826255 0.19487179487179487 0.6254826254826255 0.18974358974358974 0.637065637065637 0.17435897435897435 0.637065637065637 0.1641025641025641 0.640926640926641 0.15897435897435896 0.6447876447876448 0.1641025641025641 0.6486486486486487 0.15897435897435896 0.6486486486486487 0.15384615384615385 0.6447876447876448 0.14871794871794872 0.6447876447876448 0.1076923076923077 0.6486486486486487 0.10256410256410256 0.6486486486486487 0.09743589743589744 0.637065637065637 0.08205128205128205 0.637065637065637 0.07692307692307693 0.6332046332046332 0.07179487179487179 0.6293436293436293 0.05641025641025641 0.6216216216216216 0.046153846153846156 0.6177606177606177 0.046153846153846156 0.6061776061776062 0.03076923076923077 0.6023166023166023 0.03076923076923077 0.5907335907335908 0.015384615384615385 0.5868725868725869 0.015384615384615385 0.5868725868725869 0.010256410256410256 0.583011583011583 0.005128205128205128 0.555984555984556 0.005128205128205128 0.583011583011583 0.005128205128205128 0.5868725868725869 0 0.5984555984555985 0 0.6023166023166023 0.005128205128205128 0.6216216216216216 0.005128205128205128 0.6293436293436293 0.015384615384615385 0.6332046332046332 0.015384615384615385 0.637065637065637 0.020512820512820513 0.637065637065637 0.02564102564102564 0.6447876447876448 0.035897435897435895 0.6563706563706564 0.041025641025641026 0.6563706563706564 0.046153846153846156 0.6756756756756757 0.06666666666666667 0.6795366795366795 0.06666666666666667 0.6833976833976834 0.07179487179487179 0.694980694980695 0.07179487179487179 0.6988416988416989 0.07692307692307693 0.7181467181467182 0.07692307692307693 0.722007722007722 0.07179487179487179 0.7258687258687259 0.07179487179487179 0.7413127413127413 0.05128205128205128 0.7413127413127413 0.041025641025641026 0.749034749034749 0.03076923076923077 0.749034749034749 0.015384615384615385 0.752895752895753 0.010256410256410256 0.752895752895753 0.005128205128205128 0.7567567567567568 0.005128205128205128 0.7606177606177607 0 0.7722007722007722 0
19 0.5057915057915058 0.8717948717948718 0.5096525096525096 0.8769230769230769 0.5212355212355212 0.882051282051282 0.528957528957529 0.8923076923076924 0.5328185328185329 0.8923076923076924 0.5482625482625483 0.9128205128205128 0.5482625482625483 0.9179487179487179 0.555984555984556 0.9282051282051282 0.555984555984556 0.9384615384615385 0.5598455598455598 0.9435897435897436 0.5598455598455598 0.9538461538461539 0.5637065637065637 0.958974358974359 0.5637065637065637 0.9897435897435898 0.5444015444015444 0.9897435897435898 0.5405405405405406 0.9846153846153847 0.528957528957529 0.9846153846153847 0.525096525096525 0.9794871794871794 0.5212355212355212 0.9846153846153847 0.4980694980694981 0.9846153846153847 0.4980694980694981 0.9794871794871794 0.4942084942084942 0.9743589743589743 0.4864864864864865 0.9846153846153847 0.4826254826254826 0.9846153846153847 0.47876447876447875 0.9897435897435898 0.4362934362934363 0.9897435897435898 0.4362934362934363 0.9538461538461539 0.43243243243243246 0.9487179487179487 0.43243243243243246 0.9333333333333333 0.4362934362934363 0.9282051282051282 0.44015444015444016 0.9128205128205128 0.46332046332046334 0.882051282051282 0.4671814671814672 0.882051282051282 0.47104247104247104 0.8769230769230769 0.47876447876447875 0.8769230769230769 0.4826254826254826 0.8717948717948718 0.5019305019305019 0.8717948717948718
19 0.7722007722007722 0 0.7760617760617761 0.005128205128205128 0.8262548262548263 0.005128205128205128 0.8301158301158301 0.010256410256410256 0.833976833976834 0.010256410256410256 0.8455598455598455 0 0.861003861003861 0 0.8648648648648649 0.005128205128205128 0.8725868725868726 0.005128205128205128 0.8687258687258688 0.010256410256410256 0.8725868725868726 0.015384615384615385 0.8725868725868726 0.02564102564102564 0.8841698841698842 0.041025641025641026 0.8841698841698842 0.06666666666666667 0.888030888030888 0.07179487179487179 0.888030888030888 0.08205128205128205 0.8918918918918919 0.08717948717948718 0.8957528957528957 0.08717948717948718 0.9266409266409267 0.1282051282051282 0.9305019305019305 0.1282051282051282 0.9343629343629344 0.13333333333333333 0.9382239382239382 0.13333333333333333 0.9498069498069498 0.14358974358974358 0.9536679536679536 0.14358974358974358 0.9575289575289575 0.14871794871794872 0.9845559845559846 0.14871794871794872 0.9884169884169884 0.15384615384615385 0.9922779922779923 0.15384615384615385 0.9922779922779923 0.20512820512820512 0.9884169884169884 0.21025641025641026 0.9884169884169884 0.2153846153846154 0.972972972972973 0.2358974358974359 0.9691119691119691 0.2358974358974359 0.9652509652509652 0.24102564102564103 0.9652509652509652 0.24615384615384617 0.9305019305019305 0.2923076923076923 0.9305019305019305 0.29743589743589743 0.915057915057915 0.31794871794871793 0.9111969111969112 0.31794871794871793 0.8918918918918919 0.3435897435897436 0.8918918918918919 0.3487179487179487 0.8803088803088803 0.3641025641025641 0.8764478764478765 0.3641025641025641 0.8532818532818532 0.39487179487179486 0.8494208494208494 0.39487179487179486 0.8455598455598455 0.4 0.8455598455598455 0.40512820512820513 0.8262548262548263 0.4307692307692308 0.8146718146718147 0.4358974358974359 0.8108108108108109 0.441025641025641 0.8108108108108109 0.4461538461538462 0.7992277992277992 0.4564102564102564 0.7992277992277992 0.46153846153846156 0.7915057915057915 0.4717948717948718 0.7915057915057915 0.47692307692307695 0.7876447876447876 0.47692307692307695 0.7683397683397684 0.5025641025641026 0.7644787644787645 0.49743589743589745 0.7606177606177607 0.49743589743589745 0.7644787644787645 0.49230769230769234 0.7567567567567568 0.48205128205128206 0.752895752895753 0.48205128205128206 0.752895752895753 0.47692307692307695 0.7567567567567568 0.4717948717948718 0.749034749034749 0.46153846153846156 0.7451737451737451 0.46153846153846156 0.7451737451737451 0.4564102564102564 0.7297297297297297 0.4358974358974359 0.7258687258687259 0.4358974358974359 0.7258687258687259 0.4256410256410256 0.722007722007722 0.4205128205128205 0.7104247104247104 0.4205128205128205 0.7065637065637066 0.4153846153846154 0.694980694980695 0.4153846153846154 0.694980694980695 0.41025641025641024 0.6988416988416989 0.40512820512820513 0.694980694980695 0.4 0.6833976833976834 0.4 0.6833976833976834 0.39487179487179486 0.6872586872586872 0.4 0.694980694980695 0.4 0.6988416988416989 0.40512820512820513 0.7027027027027027 0.40512820512820513 0.7142857142857143 0.4153846153846154 0.722007722007722 0.4153846153846154 0.722007722007722 0.4205128205128205 0.7335907335907336 0.4307692307692308 0.752895752895753 0.4307692307692308 0.7567567567567568 0.4358974358974359 0.7760617760617761 0.4358974358974359 0.7837837837837838 0.4256410256410256 0.7876447876447876 0.4256410256410256 0.803088803088803 0.40512820512820513 0.803088803088803 0.38974358974358975 0.8108108108108109 0.37435897435897436 0.8108108108108109 0.358974358974359 0.8146718146718147 0.35384615384615387 0.8146718146718147 0.3282051282051282 0.8108108108108109 0.3230769230769231 0.8108108108108109 0.31794871794871793 0.8146718146718147 0.3128205128205128 0.8146718146718147 0.30256410256410254 0.8108108108108109 0.29743589743589743 0.803088803088803 0.29743589743589743 0.7992277992277992 0.2923076923076923 0.7992277992277992 0.27692307692307694 0.7876447876447876 0.26153846153846155 0.7760617760617761 0.2564102564102564 0.7837837837837838 0.2564102564102564 0.7876447876447876 0.26153846153846155 0.7915057915057915 0.26153846153846155 0.7953667953667953 0.2564102564102564 0.7837837837837838 0.24102564102564103 0.7799227799227799 0.24102564102564103 0.7683397683397684 0.22564102564102564 0.7644787644787645 0.22564102564102564 0.7567567567567568 0.2153846153846154 0.752895752895753 0.2153846153846154 0.752895752895753 0.21025641025641026 0.7374517374517374 0.18974358974358974 0.7374517374517374 0.1794871794871795 0.7335907335907336 0.17435897435897435 0.7297297297297297 0.17435897435897435 0.7181467181467182 0.15897435897435896 0.7142857142857143 0.15897435897435896 0.7104247104247104 0.15384615384615385 0.7104247104247104 0.14871794871794872 0.694980694980695 0.1282051282051282 0.6833976833976834 0.12307692307692308 0.6833976833976834 0.11794871794871795 0.6795366795366795 0.11282051282051282 0.6756756756756757 0.11282051282051282 0.6756756756756757 0.1076923076923077 0.667953667953668 0.09743589743589744 0.667953667953668 0.09230769230769231 0.6640926640926641 0.08717948717948718 0.6563706563706564 0.08717948717948718 0.6563706563706564 0.08205128205128205 0.6447876447876448 0.06666666666666667 0.640926640926641 0.06666666666666667 0.637065637065637 0.05128205128205128 0.6332046332046332 0.046153846153846156 0.6254826254826255 0.046153846153846156 0.6216216216216216 0.041025641025641026 0.6254826254826255 0.035897435897435895 0.6216216216216216 0.03076923076923077 0.6216216216216216 0.02564102564102564 0.6138996138996139 0.015384615384615385 0.6061776061776062 0.015384615384615385 0.6061776061776062 0.010256410256410256 0.61003861003861 0.005128205128205128 0.6138996138996139 0.010256410256410256 0.6177606177606177 0.010256410256410256 0.6254826254826255 0.020512820512820513 0.6332046332046332 0.020512820512820513 0.640926640926641 0.035897435897435895 0.6525096525096525 0.041025641025641026 0.667953667953668 0.06153846153846154 0.6718146718146718 0.06153846153846154 0.6833976833976834 0.07179487179487179 0.6911196911196911 0.07179487179487179 0.694980694980695 0.07692307692307693 0.722007722007722 0.07692307692307693 0.7413127413127413 0.05128205128205128 0.7451737451737451 0.035897435897435895 0.749034749034749 0.03076923076923077 0.749034749034749 0.015384615384615385 0.752895752895753 0.010256410256410256 0.752895752895753 0.005128205128205128 0.7606177606177607 0.005128205128205128 0.7644787644787645 0 0.7683397683397684 0
19 0.3938223938223938 0 0.39768339768339767 0.005128205128205128 0.41312741312741313 0.005128205128205128 0.416988416988417 0 0.44787644787644787 0 0.4517374517374517 0.005128205128205128 0.444015444015444 0.015384615384615385 0.44015444015444016 0.015384615384615385 0.42857142857142855 0.03076923076923077 0.42084942084942084 0.03076923076923077 0.416988416988417 0.035897435897435895 0.3861003861003861 0.035897435897435895 0.38223938223938225 0.03076923076923077 0.3783783783783784 0.03076923076923077 0.3667953667953668 0.015384615384615385 0.36293436293436293 0.015384615384615385 0.3590733590733591 0.010256410256410256 0.3474903474903475 0.010256410256410256 0.35135135135135137 0.005128205128205128 0.3590733590733591 0.005128205128205128 0.36293436293436293 0 0.38996138996138996 0
19 0.24324324324324326 0.9487179487179487 0.23552123552123552 0.958974358974359 0.23552123552123552 0.9794871794871794 0.23166023166023167 0.9794871794871794 0.23166023166023167 0.9692307692307692 0.2277992277992278 0.9641025641025641 0.22007722007722008 0.9743589743589743 0.22007722007722008 0.9641025641025641 0.21235521235521235 0.9538461538461539 0.2084942084942085 0.958974358974359 0.2084942084942085 0.9641025641025641 0.20077220077220076 0.9641025641025641 0.1969111969111969 0.958974358974359 0.18146718146718147 0.958974358974359 0.1776061776061776 0.9641025641025641 0.1776061776061776 0.9846153846153847 0.18146718146718147 0.9897435897435898 0.18146718146718147 0.9948717948717949 0.10038610038610038 0.9948717948717949 0.09652509652509653 0.9897435897435898 0.09266409266409266 0.9897435897435898 0.0888030888030888 0.9948717948717949 0.03861003861003861 0.9948717948717949 0.03474903474903475 0.9897435897435898 0.023166023166023165 0.9846153846153847 0.02702702702702703 0.9846153846153847 0.03088803088803089 0.9794871794871794 0.0694980694980695 0.9794871794871794 0.07335907335907337 0.9743589743589743 0.09652509652509653 0.9743589743589743 0.10038610038610038 0.9692307692307692 0.13127413127413126 0.9692307692307692 0.13513513513513514 0.9641025641025641 0.1583011583011583 0.9641025641025641 0.16216216216216217 0.958974358974359 0.18146718146718147 0.958974358974359 0.18532818532818532 0.9538461538461539 0.1969111969111969 0.9538461538461539 0.20077220077220076 0.958974358974359 0.20463320463320464 0.958974358974359 0.2084942084942085 0.9538461538461539 0.22393822393822393 0.9538461538461539 0.2277992277992278 0.9487179487179487 0.23938223938223938 0.9487179487179487