19 0.3346938775510204 0.4029126213592233 0.33877551020408164 0.4077669902912621 0.35918367346938773 0.4077669902912621 0.363265306122449 0.4029126213592233 0.3877551020408163 0.4029126213592233 0.39183673469387753 0.39805825242718446 0.43673469387755104 0.39805825242718446 0.44081632653061226 0.4029126213592233 0.45714285714285713 0.4029126213592233 0.46122448979591835 0.4077669902912621 0.5387755102040817 0.4077669902912621 0.5428571428571428 0.41262135922330095 0.5673469387755102 0.41262135922330095 0.5714285714285714 0.4174757281553398 0.5836734693877551 0.4174757281553398 0.5877551020408164 0.4223300970873786 0.5959183673469388 0.4223300970873786 0.5959183673469388 0.49029126213592233 0.5918367346938775 0.49514563106796117 0.5918367346938775 0.5194174757281553 0.5836734693877551 0.5339805825242718 0.5510204081632653 0.5339805825242718 0.5469387755102041 0.529126213592233 0.5346938775510204 0.529126213592233 0.5306122448979592 0.5242718446601942 0.5183673469387755 0.5242718446601942 0.5142857142857142 0.5194174757281553 0.46122448979591835 0.5194174757281553 0.4530612244897959 0.5097087378640777 0.43673469387755104 0.5097087378640777 0.4326530612244898 0.5048543689320388 0.4204081632653061 0.5048543689320388 0.4163265306122449 0.5 0.40408163265306124 0.5 0.4 0.49514563106796117 0.39183673469387753 0.49514563106796117 0.3877551020408163 0.49029126213592233 0.3673469387755102 0.49029126213592233 0.363265306122449 0.4854368932038835 0.3306122448979592 0.4854368932038835 0.3183673469387755 0.5 0.3183673469387755 0.5097087378640777 0.3142857142857143 0.5145631067961165 0.3142857142857143 0.529126213592233 0.31020408163265306 0.5339805825242718 0.31020408163265306 0.5436893203883495 0.30612244897959184 0.5485436893203883 0.30612244897959184 0.5679611650485437 0.2979591836734694 0.5825242718446602 0.2979591836734694 0.6019417475728155 0.2938775510204082 0.6067961165048543 0.2938775510204082 0.6213592233009708 0.2857142857142857 0.6359223300970874 0.2816326530612245 0.6310679611650486 0.2816326530612245 0.6019417475728155 0.27755102040816326 0.5970873786407767 0.27755102040816326 0.5728155339805825 0.27346938775510204 0.5679611650485437 0.27346938775510204 0.5339805825242718 0.2693877551020408 0.529126213592233 0.2693877551020408 0.4854368932038835 0.2653061224489796 0.48058252427184467 0.2653061224489796 0.4563106796116505 0.2612244897959184 0.45145631067961167 0.2612244897959184 0.4223300970873786 0.2693877551020408 0.4223300970873786 0.27346938775510204 0.4174757281553398 0.2938775510204082 0.4174757281553398 0.2979591836734694 0.41262135922330095 0.30612244897959184 0.41262135922330095 0.3183673469387755 0.4029126213592233 0.3306122448979592 0.4029126213592233
19 0.7795918367346939 0.2621359223300971 0.7877551020408163 0.27184466019417475 0.7877551020408163 0.2961165048543689 0.7836734693877551 0.30097087378640774 0.7836734693877551 0.3300970873786408 0.7795918367346939 0.33495145631067963 0.7795918367346939 0.3592233009708738 0.7755102040816326 0.3640776699029126 0.7755102040816326 0.5 0.7714285714285715 0.5048543689320388 0.7714285714285715 0.5242718446601942 0.7755102040816326 0.529126213592233 0.7755102040816326 0.5485436893203883 0.7714285714285715 0.5533980582524272 0.7306122448979592 0.5533980582524272 0.726530612244898 0.558252427184466 0.689795918367347 0.558252427184466 0.6857142857142857 0.5533980582524272 0.6775510204081633 0.5533980582524272 0.673469387755102 0.5485436893203883 0.6612244897959184 0.5485436893203883 0.6571428571428571 0.5436893203883495 0.6285714285714286 0.5436893203883495 0.6244897959183674 0.5388349514563107 0.6081632653061224 0.5388349514563107 0.6040816326530613 0.5339805825242718 0.5551020408163265 0.5339805825242718 0.5510204081632653 0.529126213592233 0.5387755102040817 0.529126213592233 0.5346938775510204 0.5242718446601942 0.4816326530612245 0.5242718446601942 0.4775510204081633 0.5194174757281553 0.46530612244897956 0.5194174757281553 0.46122448979591835 0.5145631067961165 0.4530612244897959 0.5145631067961165 0.4489795918367347 0.5097087378640777 0.43673469387755104 0.5097087378640777 0.42857142857142855 0.5 0.4122448979591837 0.5 0.40816326530612246 0.49514563106796117 0.39591836734693875 0.49514563106796117 0.39183673469387753 0.49029126213592233 0.37142857142857144 0.49029126213592233 0.3673469387755102 0.4854368932038835 0.35918367346938773 0.4854368932038835 0.3551020408163265 0.48058252427184467 0.33877551020408164 0.48058252427184467 0.3346938775510204 0.4854368932038835 0.3224489795918367 0.49029126213592233 0.3183673469387755 0.49514563106796117 0.3183673469387755 0.5048543689320388 0.3142857142857143 0.5097087378640777 0.3142857142857143 0.5242718446601942 0.30612244897959184 0.5388349514563107 0.3020408163265306 0.5388349514563107 0.2979591836734694 0.5339805825242718 0.2897959183673469 0.5339805825242718 0.2857142857142857 0.529126213592233 0.2816326530612245 0.5339805825242718 0.2816326530612245 0.5436893203883495 0.27346938775510204 0.5436893203883495 0.27346938775510204 0.5097087378640777 0.2693877551020408 0.5048543689320388 0.2693877551020408 0.47572815533980584 0.2653061224489796 0.470873786407767 0.2653061224489796 0.4368932038834951 0.2612244897959184 0.4320388349514563 0.2612244897959184 0.4174757281553398 0.2571428571428571 0.41262135922330095 0.2571428571428571 0.38349514563106796 0.2653061224489796 0.3932038834951456 0.30612244897959184 0.3932038834951456 0.31020408163265306 0.3883495145631068 0.31020408163265306 0.38349514563106796 0.3020408163265306 0.3737864077669903 0.2816326530612245 0.3737864077669903 0.2816326530612245 0.3592233009708738 0.27755102040816326 0.35436893203883496 0.2653061224489796 0.36893203883495146 0.2653061224489796 0.3737864077669903 0.2653061224489796 0.3640776699029126 0.2612244897959184 0.3592233009708738 0.2571428571428571 0.3640776699029126 0.2530612244897959 0.3640776699029126 0.2530612244897959 0.3446601941747573 0.24897959183673468 0.33980582524271846 0.24897959183673468 0.33495145631067963 0.2571428571428571 0.32038834951456313 0.2571428571428571 0.32524271844660196 0.2653061224489796 0.33495145631067963 0.2653061224489796 0.3446601941747573 0.2693877551020408 0.34951456310679613 0.27755102040816326 0.34951456310679613 0.2816326530612245 0.35436893203883496 0.2857142857142857 0.34951456310679613 0.2897959183673469 0.34951456310679613 0.2938775510204082 0.3446601941747573 0.2938775510204082 0.33495145631067963 0.2897959183673469 0.3300970873786408 0.2938775510204082 0.3300970873786408 0.30612244897959184 0.3155339805825243 0.2938775510204082 0.3058252427184466 0.2979591836734694 0.30097087378640774 0.2979591836734694 0.2961165048543689 0.31020408163265306 0.28640776699029125 0.3183673469387755 0.28640776699029125 0.3224489795918367 0.2912621359223301 0.33877551020408164 0.2912621359223301 0.34285714285714286 0.28640776699029125 0.3510204081632653 0.28640776699029125 0.3551020408163265 0.2815533980582524 0.3877551020408163 0.2815533980582524 0.39183673469387753 0.2766990291262136 0.39591836734693875 0.2815533980582524 0.4122448979591837 0.2815533980582524 0.4163265306122449 0.28640776699029125 0.4204081632653061 0.28640776699029125 0.42448979591836733 0.2815533980582524 0.4326530612244898 0.2815533980582524 0.43673469387755104 0.2766990291262136 0.47346938775510206 0.2766990291262136 0.4775510204081633 0.2815533980582524 0.49795918367346936 0.2815533980582524 0.5020408163265306 0.28640776699029125 0.5224489795918368 0.28640776699029125 0.5265306122448979 0.2912621359223301 0.5591836734693878 0.2912621359223301 0.563265306122449 0.2961165048543689 0.5714285714285714 0.2961165048543689 0.5755102040816327 0.30097087378640774 0.5795918367346938 0.30097087378640774 0.5836734693877551 0.2961165048543689 0.6 0.2961165048543689 0.6081632653061224 0.28640776699029125 0.6081632653061224 0.2815533980582524 0.6122448979591837 0.2815533980582524 0.6204081632653061 0.27184466019417475 0.6285714285714286 0.27184466019417475 0.6326530612244898 0.2669902912621359 0.6448979591836734 0.2669902912621359 0.6489795918367347 0.27184466019417475 0.6693877551020408 0.27184466019417475 0.6816326530612244 0.2621359223300971 0.7142857142857143 0.2621359223300971 0.7183673469387755 0.25728155339805825 0.763265306122449 0.25728155339805825 0.7673469387755102 0.2621359223300971 0.7755102040816326 0.2621359223300971
19 0.5306122448979592 0.28640776699029125 0.5346938775510204 0.2912621359223301 0.563265306122449 0.2912621359223301 0.5673469387755102 0.2961165048543689 0.6040816326530613 0.2961165048543689 0.6081632653061224 0.30097087378640774 0.6122448979591837 0.30097087378640774 0.6122448979591837 0.3106796116504854 0.6081632653061224 0.3155339805825243 0.6081632653061224 0.34951456310679613 0.6040816326530613 0.35436893203883496 0.6040816326530613 0.3786407766990291 0.6 0.38349514563106796 0.6 0.4029126213592233 0.5469387755102041 0.4029126213592233 0.5428571428571428 0.39805825242718446 0.4857142857142857 0.39805825242718446 0.4816326530612245 0.3932038834951456 0.4530612244897959 0.3932038834951456 0.4489795918367347 0.3883495145631068 0.4489795918367347 0.38349514563106796 0.4448979591836735 0.3786407766990291 0.4448979591836735 0.35436893203883496 0.4530612244897959 0.3446601941747573 0.4530612244897959 0.2815533980582524 0.45714285714285713 0.2766990291262136 0.4857142857142857 0.2766990291262136 0.4897959183673469 0.2815533980582524 0.5142857142857142 0.2815533980582524 0.5183673469387755 0.28640776699029125 0.5265306122448979 0.28640776699029125
19 0.5306122448979592 0.28640776699029125 0.5346938775510204 0.2912621359223301 0.5591836734693878 0.2912621359223301 0.563265306122449 0.2961165048543689 0.5959183673469388 0.2961165048543689 0.6 0.30097087378640774 0.6081632653061224 0.30097087378640774 0.6081632653061224 0.33495145631067963 0.6040816326530613 0.33980582524271846 0.6040816326530613 0.3883495145631068 0.6 0.3932038834951456 0.6 0.4223300970873786 0.5959183673469388 0.42718446601941745 0.5959183673469388 0.49029126213592233 0.5918367346938775 0.49514563106796117 0.5918367346938775 0.529126213592233 0.5877551020408164 0.5339805825242718 0.5510204081632653 0.5339805825242718 0.5469387755102041 0.529126213592233 0.5387755102040817 0.529126213592233 0.5346938775510204 0.5242718446601942 0.4816326530612245 0.5242718446601942 0.4775510204081633 0.5194174757281553 0.46122448979591835 0.5194174757281553 0.4489795918367347 0.5097087378640777 0.43673469387755104 0.5097087378640777 0.4326530612244898 0.5048543689320388 0.4326530612244898 0.49029126213592233 0.43673469387755104 0.4854368932038835 0.43673469387755104 0.47572815533980584 0.44081632653061226 0.470873786407767 0.44081632653061226 0.45145631067961167 0.4448979591836735 0.44660194174757284 0.44081632653061226 0.441747572815534 0.44081632653061226 0.42718446601941745 0.4448979591836735 0.4223300970873786 0.4448979591836735 0.3786407766990291 0.44081632653061226 0.3737864077669903 0.44081632653061226 0.3640776699029126 0.4448979591836735 0.3592233009708738 0.4448979591836735 0.35436893203883496 0.4530612244897959 0.3446601941747573 0.4530612244897959 0.2815533980582524 0.45714285714285713 0.2766990291262136 0.4775510204081633 0.2766990291262136 0.4816326530612245 0.2815533980582524 0.5061224489795918 0.2815533980582524 0.5102040816326531 0.28640776699029125 0.5265306122448979 0.28640776699029125
19 0.2897959183673469 0.4174757281553398 0.2938775510204082 0.4223300970873786 0.2979591836734694 0.4223300970873786 0.30612244897959184 0.4368932038834951 0.30612244897959184 0.4854368932038835 0.31020408163265306 0.49029126213592233 0.3020408163265306 0.5048543689320388 0.27346938775510204 0.5048543689320388 0.2693877551020408 0.5 0.2693877551020408 0.49029126213592233 0.2653061224489796 0.4854368932038835 0.2653061224489796 0.45145631067961167 0.2612244897959184 0.44660194174757284 0.2612244897959184 0.4320388349514563 0.2653061224489796 0.42718446601941745 0.2653061224489796 0.4223300970873786 0.27755102040816326 0.4223300970873786 0.2816326530612245 0.4174757281553398 0.2857142857142857 0.4174757281553398
19 0.46122448979591835 0.1262135922330097 0.46122448979591835 0.15048543689320387 0.45714285714285713 0.1553398058252427 0.46122448979591835 0.16990291262135923 0.45714285714285713 0.17475728155339806 0.45714285714285713 0.2087378640776699 0.4530612244897959 0.21359223300970873 0.4530612244897959 0.22330097087378642 0.4448979591836735 0.23300970873786409 0.4326530612244898 0.23786407766990292 0.4204081632653061 0.2524271844660194 0.4122448979591837 0.2524271844660194 0.40408163265306124 0.2621359223300971 0.40408163265306124 0.2669902912621359 0.39591836734693875 0.2669902912621359 0.39183673469387753 0.2621359223300971 0.3877551020408163 0.2621359223300971 0.37551020408163266 0.2524271844660194 0.37142857142857144 0.2524271844660194 0.35918367346938773 0.2669902912621359 0.3510204081632653 0.25728155339805825 0.3469387755102041 0.2621359223300971 0.34285714285714286 0.2621359223300971 0.33877551020408164 0.25728155339805825 0.3224489795918367 0.25728155339805825 0.3183673469387755 0.2621359223300971 0.31020408163265306 0.2621359223300971 0.30612244897959184 0.2669902912621359 0.3020408163265306 0.2669902912621359 0.2979591836734694 0.2621359223300971 0.24081632653061225 0.2621359223300971 0.24081632653061225 0.24271844660194175 0.23673469387755103 0.23786407766990292 0.23673469387755103 0.22815533980582525 0.23265306122448978 0.22330097087378642 0.23265306122448978 0.20388349514563106 0.22857142857142856 0.19902912621359223 0.22857142857142856 0.17475728155339806 0.22448979591836735 0.16990291262135923 0.22448979591836735 0.1407766990291262 0.23673469387755103 0.13106796116504854 0.2612244897959184 0.13106796116504854 0.2653061224489796 0.1262135922330097 0.3142857142857143 0.1262135922330097 0.3183673469387755 0.12135922330097088 0.4530612244897959 0.12135922330097088 0.45714285714285713 0.1262135922330097
19 0.4489795918367347 0.2815533980582524 0.4530612244897959 0.28640776699029125 0.45714285714285713 0.2815533980582524 0.46122448979591835 0.2815533980582524 0.46122448979591835 0.2912621359223301 0.45714285714285713 0.2961165048543689 0.45714285714285713 0.30097087378640774 0.46122448979591835 0.3058252427184466 0.46530612244897956 0.3058252427184466 0.46530612244897956 0.3155339805825243 0.46938775510204084 0.32038834951456313 0.4775510204081633 0.3106796116504854 0.4775510204081633 0.3058252427184466 0.4857142857142857 0.3058252427184466 0.4897959183673469 0.30097087378640774 0.4897959183673469 0.2961165048543689 0.4857142857142857 0.2912621359223301 0.4775510204081633 0.2912621359223301 0.4775510204081633 0.2815533980582524 0.4816326530612245 0.2815533980582524 0.4857142857142857 0.28640776699029125 0.5061224489795918 0.28640776699029125 0.5102040816326531 0.2912621359223301 0.5346938775510204 0.2912621359223301 0.5387755102040817 0.2961165048543689 0.5673469387755102 0.2961165048543689 0.5714285714285714 0.30097087378640774 0.6040816326530613 0.30097087378640774 0.6081632653061224 0.3058252427184466 0.6081632653061224 0.3300970873786408 0.6040816326530613 0.33495145631067963 0.6040816326530613 0.3883495145631068 0.6 0.3932038834951456 0.6 0.4174757281553398 0.5959183673469388 0.4223300970873786 0.5959183673469388 0.45145631067961167 0.5918367346938775 0.4563106796116505 0.5918367346938775 0.5 0.5755102040816327 0.5 0.5714285714285714 0.49514563106796117 0.49387755102040815 0.49514563106796117 0.4897959183673469 0.49029126213592233 0.4857142857142857 0.49029126213592233 0.4897959183673469 0.4854368932038835 0.4775510204081633 0.47572815533980584 0.46122448979591835 0.47572815533980584 0.45714285714285713 0.48058252427184467 0.45714285714285713 0.4854368932038835 0.46122448979591835 0.49029126213592233 0.46530612244897956 0.49029126213592233 0.46122448979591835 0.49029126213592233 0.4530612244897959 0.47572815533980584 0.44081632653061226 0.48058252427184467 0.4326530612244898 0.470873786407767 0.42857142857142855 0.470873786407767 0.42448979591836733 0.47572815533980584 0.42448979591836733 0.48058252427184467 0.4163265306122449 0.48058252427184467 0.4122448979591837 0.4854368932038835 0.40408163265306124 0.4854368932038835 0.39183673469387753 0.470873786407767 0.3877551020408163 0.47572815533980584 0.3795918367346939 0.47572815533980584 0.37551020408163266 0.48058252427184467 0.37551020408163266 0.4854368932038835 0.3795918367346939 0.49029126213592233 0.37551020408163266 0.49029126213592233 0.37142857142857144 0.4854368932038835 0.363265306122449 0.4854368932038835 0.35918367346938773 0.48058252427184467 0.3469387755102041 0.48058252427184467 0.34285714285714286 0.47572815533980584 0.33877551020408164 0.47572815533980584 0.3346938775510204 0.48058252427184467 0.3306122448979592 0.48058252427184467 0.3224489795918367 0.49029126213592233 0.3183673469387755 0.49029126213592233 0.3183673469387755 0.48058252427184467 0.3142857142857143 0.47572815533980584 0.3142857142857143 0.45145631067961167 0.31020408163265306 0.44660194174757284 0.30612244897959184 0.45145631067961167 0.2979591836734694 0.45145631067961167 0.2938775510204082 0.4563106796116505 0.2979591836734694 0.46116504854368934 0.3020408163265306 0.46116504854368934 0.3020408163265306 0.470873786407767 0.30612244897959184 0.47572815533980584 0.30612244897959184 0.49029126213592233 0.2979591836734694 0.5048543689320388 0.2938775510204082 0.5048543689320388 0.2897959183673469 0.5 0.27346938775510204 0.5 0.2693877551020408 0.49514563106796117 0.2693877551020408 0.46601941747572817 0.2653061224489796 0.46116504854368934 0.2653061224489796 0.44660194174757284 0.2693877551020408 0.441747572815534 0.2653061224489796 0.4368932038834951 0.2653061224489796 0.4223300970873786 0.2612244897959184 0.4174757281553398 0.2612244897959184 0.39805825242718446 0.3020408163265306 0.39805825242718446 0.3142857142857143 0.3883495145631068 0.3142857142857143 0.3786407766990291 0.31020408163265306 0.3737864077669903 0.3020408163265306 0.3737864077669903 0.3020408163265306 0.36893203883495146 0.2979591836734694 0.3640776699029126 0.2979591836734694 0.35436893203883496 0.30612244897959184 0.35436893203883496 0.30612244897959184 0.3592233009708738 0.31020408163265306 0.3640776699029126 0.31020408163265306 0.3737864077669903 0.3142857142857143 0.3786407766990291 0.3183673469387755 0.3786407766990291 0.3224489795918367 0.3737864077669903 0.3224489795918367 0.3640776699029126 0.32653061224489793 0.3640776699029126 0.3306122448979592 0.3592233009708738 0.3306122448979592 0.34951456310679613 0.32653061224489793 0.3446601941747573 0.32653061224489793 0.3300970873786408 0.3306122448979592 0.32524271844660196 0.3306122448979592 0.32038834951456313 0.33877551020408164 0.32038834951456313 0.34285714285714286 0.3155339805825243 0.33877551020408164 0.3106796116504854 0.3306122448979592 0.3106796116504854 0.32653061224489793 0.3058252427184466 0.32653061224489793 0.2961165048543689 0.3224489795918367 0.2912621359223301 0.32653061224489793 0.2961165048543689 0.3306122448979592 0.2961165048543689 0.3346938775510204 0.2912621359223301 0.34285714285714286 0.2912621359223301 0.3469387755102041 0.28640776699029125 0.35918367346938773 0.28640776699029125 0.363265306122449 0.2815533980582524 0.40816326530612246 0.2815533980582524 0.4122448979591837 0.28640776699029125 0.42857142857142855 0.28640776699029125 0.4326530612244898 0.2815533980582524 0.4448979591836735 0.2815533980582524
19 0.2693877551020408 0.5194174757281553 0.27346938775510204 0.5194174757281553 0.27755102040816326 0.5242718446601942 0.2897959183673469 0.5242718446601942 0.2938775510204082 0.529126213592233 0.30612244897959184 0.529126213592233 0.31020408163265306 0.5339805825242718 0.31020408163265306 0.5485436893203883 0.30612244897959184 0.5533980582524272 0.30612244897959184 0.5728155339805825 0.3020408163265306 0.5776699029126213 0.3020408163265306 0.5922330097087378 0.2979591836734694 0.5970873786407767 0.2979591836734694 0.6067961165048543 0.2938775510204082 0.6116504854368932 0.2938775510204082 0.6213592233009708 0.2897959183673469 0.6262135922330098 0.2897959183673469 0.6359223300970874 0.2857142857142857 0.6359223300970874 0.2816326530612245 0.6310679611650486 0.2816326530612245 0.6213592233009708 0.27755102040816326 0.616504854368932 0.27755102040816326 0.5825242718446602 0.27346938775510204 0.5776699029126213 0.27346938775510204 0.5388349514563107 0.2693877551020408 0.5339805825242718 0.2693877551020408 0.5242718446601942
19 0.4489795918367347 0.2815533980582524 0.4530612244897959 0.28640776699029125 0.45714285714285713 0.28640776699029125 0.46122448979591835 0.2815533980582524 0.45714285714285713 0.2961165048543689 0.44081632653061226 0.2961165048543689 0.43673469387755104 0.30097087378640774 0.44081632653061226 0.3058252427184466 0.46530612244897956 0.3058252427184466 0.46530612244897956 0.3155339805825243 0.46938775510204084 0.32038834951456313 0.4816326530612245 0.3058252427184466 0.4857142857142857 0.3058252427184466 0.4897959183673469 0.30097087378640774 0.4897959183673469 0.2961165048543689 0.4857142857142857 0.2912621359223301 0.4775510204081633 0.2912621359223301 0.4775510204081633 0.2815533980582524 0.4816326530612245 0.2815533980582524 0.4857142857142857 0.28640776699029125 0.5020408163265306 0.28640776699029125 0.5061224489795918 0.2912621359223301 0.5306122448979592 0.2912621359223301 0.5346938775510204 0.2961165048543689 0.5673469387755102 0.2961165048543689 0.5714285714285714 0.30097087378640774 0.6040816326530613 0.30097087378640774 0.6081632653061224 0.3058252427184466 0.6081632653061224 0.3300970873786408 0.6040816326530613 0.33495145631067963 0.6040816326530613 0.3786407766990291 0.6 0.38349514563106796 0.6 0.41262135922330095 0.5918367346938775 0.4223300970873786 0.5877551020408164 0.4174757281553398 0.5755102040816327 0.4174757281553398 0.5673469387755102 0.42718446601941745 0.5673469387755102 0.4320388349514563 0.5591836734693878 0.4320388349514563 0.5551020408163265 0.42718446601941745 0.5591836734693878 0.4223300970873786 0.5551020408163265 0.4174757281553398 0.5510204081632653 0.4174757281553398 0.5510204081632653 0.41262135922330095 0.5469387755102041 0.4077669902912621 0.5428571428571428 0.4077669902912621 0.5387755102040817 0.41262135922330095 0.5387755102040817 0.42718446601941745 0.5428571428571428 0.4320388349514563 0.5224489795918368 0.4320388349514563 0.5224489795918368 0.4223300970873786 0.5265306122448979 0.4174757281553398 0.5265306122448979 0.41262135922330095 0.5183673469387755 0.4029126213592233 0.5142857142857142 0.4077669902912621 0.5142857142857142 0.4174757281553398 0.5102040816326531 0.4174757281553398 0.5061224489795918 0.41262135922330095 0.49387755102040815 0.41262135922330095 0.4897959183673469 0.4077669902912621 0.47346938775510206 0.4077669902912621 0.46938775510204084 0.4029126213592233 0.4489795918367347 0.4029126213592233 0.44081632653061226 0.3883495145631068 0.43673469387755104 0.3932038834951456 0.42448979591836733 0.3932038834951456 0.4204081632653061 0.39805825242718446 0.3795918367346939 0.39805825242718446 0.37551020408163266 0.4029126213592233 0.32653061224489793 0.4029126213592233 0.3183673469387755 0.41262135922330095 0.3142857142857143 0.4077669902912621 0.3020408163265306 0.4077669902912621 0.2979591836734694 0.41262135922330095 0.2816326530612245 0.41262135922330095 0.27755102040816326 0.4174757281553398 0.2653061224489796 0.4174757281553398 0.2612244897959184 0.41262135922330095 0.2612244897959184 0.39805825242718446 0.2653061224489796 0.3932038834951456 0.2693877551020408 0.39805825242718446 0.2979591836734694 0.39805825242718446 0.3020408163265306 0.3932038834951456 0.30612244897959184 0.3932038834951456 0.31020408163265306 0.3883495145631068 0.31020408163265306 0.3786407766990291 0.30612244897959184 0.3737864077669903 0.2857142857142857 0.3737864077669903 0.2816326530612245 0.36893203883495146 0.2816326530612245 0.3592233009708738 0.2897959183673469 0.34951456310679613 0.2938775510204082 0.34951456310679613 0.2979591836734694 0.3446601941747573 0.31020408163265306 0.33980582524271846 0.3142857142857143 0.3446601941747573 0.31020408163265306 0.3446601941747573 0.30612244897959184 0.34951456310679613 0.31020408163265306 0.35436893203883496 0.31020408163265306 0.3592233009708738 0.3142857142857143 0.3640776699029126 0.3183673469387755 0.3640776699029126 0.3224489795918367 0.3592233009708738 0.3224489795918367 0.33495145631067963 0.32653061224489793 0.3300970873786408 0.32653061224489793 0.32038834951456313 0.33877551020408164 0.32038834951456313 0.34285714285714286 0.3155339805825243 0.33877551020408164 0.3106796116504854 0.32653061224489793 0.3106796116504854 0.3224489795918367 0.3058252427184466 0.32653061224489793 0.30097087378640774 0.3183673469387755 0.2912621359223301 0.3142857142857143 0.2912621359223301 0.31020408163265306 0.2961165048543689 0.30612244897959184 0.2961165048543689 0.30612244897959184 0.2912621359223301 0.32653061224489793 0.2912621359223301 0.3306122448979592 0.2961165048543689 0.3346938775510204 0.2912621359223301 0.34285714285714286 0.2912621359223301 0.3469387755102041 0.28640776699029125 0.35918367346938773 0.28640776699029125 0.363265306122449 0.2815533980582524 0.40816326530612246 0.2815533980582524 0.4122448979591837 0.28640776699029125 0.42857142857142855 0.28640776699029125 0.4326530612244898 0.2815533980582524 0.4448979591836735 0.2815533980582524
19 0.5959183673469388 0.4174757281553398 0.5959183673469388 0.441747572815534 0.6 0.44660194174757284 0.5959183673469388 0.45145631067961167 0.5959183673469388 0.49029126213592233 0.5918367346938775 0.49514563106796117 0.5918367346938775 0.529126213592233 0.5877551020408164 0.5339805825242718 0.5510204081632653 0.5339805825242718 0.5469387755102041 0.529126213592233 0.5346938775510204 0.529126213592233 0.5306122448979592 0.5242718446601942 0.4857142857142857 0.5242718446601942 0.4816326530612245 0.5194174757281553 0.46122448979591835 0.5194174757281553 0.45714285714285713 0.5145631067961165 0.4489795918367347 0.5145631067961165 0.4448979591836735 0.5097087378640777 0.43673469387755104 0.5097087378640777 0.4326530612244898 0.5048543689320388 0.42857142857142855 0.5048543689320388 0.4326530612244898 0.5 0.4326530612244898 0.49029126213592233 0.43673469387755104 0.4854368932038835 0.43673469387755104 0.470873786407767 0.44081632653061226 0.46601941747572817 0.44081632653061226 0.4077669902912621 0.4489795918367347 0.39805825242718446 0.4775510204081633 0.39805825242718446 0.4816326530612245 0.4029126213592233 0.5387755102040817 0.4029126213592233 0.5428571428571428 0.4077669902912621 0.5673469387755102 0.4077669902912621 0.5714285714285714 0.41262135922330095 0.5877551020408164 0.41262135922330095 0.5918367346938775 0.4174757281553398
19 0.37551020408163266 0.2766990291262136 0.3795918367346939 0.2815533980582524 0.3836734693877551 0.2766990291262136 0.39183673469387753 0.2766990291262136 0.39591836734693875 0.2815533980582524 0.43673469387755104 0.2815533980582524 0.43673469387755104 0.2912621359223301 0.4326530612244898 0.2961165048543689 0.4326530612244898 0.3106796116504854 0.43673469387755104 0.3155339805825243 0.43673469387755104 0.32038834951456313 0.4448979591836735 0.3300970873786408 0.4448979591836735 0.3446601941747573 0.43673469387755104 0.35436893203883496 0.43673469387755104 0.45145631067961167 0.4326530612244898 0.4563106796116505 0.4326530612244898 0.470873786407767 0.42857142857142855 0.47572815533980584 0.42857142857142855 0.49514563106796117 0.42448979591836733 0.5 0.40816326530612246 0.5 0.40408163265306124 0.49514563106796117 0.39591836734693875 0.49514563106796117 0.39183673469387753 0.49029126213592233 0.37142857142857144 0.49029126213592233 0.3673469387755102 0.4854368932038835 0.3551020408163265 0.4854368932038835 0.3510204081632653 0.48058252427184467 0.34285714285714286 0.48058252427184467 0.33877551020408164 0.4854368932038835 0.3306122448979592 0.4854368932038835 0.3183673469387755 0.5 0.3183673469387755 0.5097087378640777 0.3142857142857143 0.5145631067961165 0.3142857142857143 0.5242718446601942 0.31020408163265306 0.529126213592233 0.31020408163265306 0.5388349514563107 0.30612244897959184 0.5436893203883495 0.3020408163265306 0.558252427184466 0.2938775510204082 0.5679611650485437 0.2979591836734694 0.5728155339805825 0.2938775510204082 0.5776699029126213 0.2979591836734694 0.5922330097087378 0.2938775510204082 0.5970873786407767 0.2938775510204082 0.616504854368932 0.2897959183673469 0.6213592233009708 0.2897959183673469 0.6310679611650486 0.2857142857142857 0.6359223300970874 0.2857142857142857 0.6310679611650486 0.2816326530612245 0.6262135922330098 0.2816326530612245 0.5970873786407767 0.27755102040816326 0.5922330097087378 0.27755102040816326 0.5679611650485437 0.27346938775510204 0.5631067961165048 0.27346938775510204 0.5339805825242718 0.2693877551020408 0.529126213592233 0.2693877551020408 0.49514563106796117 0.2653061224489796 0.49029126213592233 0.2653061224489796 0.46601941747572817 0.2612244897959184 0.46116504854368934 0.2612244897959184 0.42718446601941745 0.2571428571428571 0.4223300970873786 0.2571428571428571 0.39805825242718446 0.2530612244897959 0.3932038834951456 0.2571428571428571 0.3883495145631068 0.2530612244897959 0.38349514563106796 0.2530612244897959 0.3592233009708738 0.24897959183673468 0.35436893203883496 0.24897959183673468 0.3300970873786408 0.2530612244897959 0.3300970873786408 0.2530612244897959 0.33980582524271846 0.2612244897959184 0.34951456310679613 0.2653061224489796 0.34951456310679613 0.2693877551020408 0.35436893203883496 0.2693877551020408 0.3592233009708738 0.2653061224489796 0.3640776699029126 0.2653061224489796 0.3737864077669903 0.2653061224489796 0.36893203883495146 0.2612244897959184 0.3640776699029126 0.2571428571428571 0.36893203883495146 0.2571428571428571 0.3786407766990291 0.2612244897959184 0.38349514563106796 0.2653061224489796 0.38349514563106796 0.2653061224489796 0.3883495145631068 0.2693877551020408 0.3932038834951456 0.2938775510204082 0.3932038834951456 0.2979591836734694 0.3883495145631068 0.2979591836734694 0.38349514563106796 0.2897959183673469 0.3737864077669903 0.2857142857142857 0.3737864077669903 0.2857142857142857 0.3640776699029126 0.2897959183673469 0.3592233009708738 0.2857142857142857 0.35436893203883496 0.2938775510204082 0.3446601941747573 0.2938775510204082 0.33980582524271846 0.2979591836734694 0.33495145631067963 0.2938775510204082 0.3300970873786408 0.3142857142857143 0.3300970873786408 0.3183673469387755 0.33495145631067963 0.32653061224489793 0.32524271844660196 0.32653061224489793 0.32038834951456313 0.3306122448979592 0.3155339805825243 0.3224489795918367 0.3058252427184466 0.3224489795918367 0.30097087378640774 0.3183673469387755 0.2961165048543689 0.3020408163265306 0.2961165048543689 0.2979591836734694 0.30097087378640774 0.2979591836734694 0.3058252427184466 0.2979591836734694 0.2961165048543689 0.31020408163265306 0.28640776699029125 0.3224489795918367 0.28640776699029125 0.32653061224489793 0.2912621359223301 0.3306122448979592 0.2912621359223301 0.3346938775510204 0.28640776699029125 0.3469387755102041 0.28640776699029125 0.3510204081632653 0.2815533980582524 0.37142857142857144 0.2815533980582524
19 0.4530612244897959 0.12135922330097088 0.45714285714285713 0.1262135922330097 0.46122448979591835 0.1262135922330097 0.46122448979591835 0.15048543689320387 0.45714285714285713 0.1553398058252427 0.45714285714285713 0.2087378640776699 0.4530612244897959 0.21359223300970873 0.4530612244897959 0.22330097087378642 0.4489795918367347 0.22815533980582525 0.4489795918367347 0.24271844660194175 0.4448979591836735 0.24757281553398058 0.4448979591836735 0.27184466019417475 0.4326530612244898 0.27184466019417475 0.42448979591836733 0.2815533980582524 0.4163265306122449 0.2815533980582524 0.4122448979591837 0.2766990291262136 0.40408163265306124 0.2766990291262136 0.4 0.2815533980582524 0.4 0.2912621359223301 0.40816326530612246 0.30097087378640774 0.4 0.3106796116504854 0.39591836734693875 0.3106796116504854 0.39591836734693875 0.2912621359223301 0.4 0.28640776699029125 0.4 0.2815533980582524 0.39591836734693875 0.2766990291262136 0.37551020408163266 0.2766990291262136 0.37142857142857144 0.2815533980582524 0.37551020408163266 0.28640776699029125 0.37551020408163266 0.2961165048543689 0.3795918367346939 0.30097087378640774 0.3836734693877551 0.30097087378640774 0.3877551020408163 0.2961165048543689 0.3877551020408163 0.30097087378640774 0.3836734693877551 0.30097087378640774 0.3795918367346939 0.3058252427184466 0.37142857142857144 0.3058252427184466 0.363265306122449 0.3155339805825243 0.3673469387755102 0.32038834951456313 0.363265306122449 0.32038834951456313 0.35918367346938773 0.32524271844660196 0.35918367346938773 0.3592233009708738 0.363265306122449 0.3640776699029126 0.3673469387755102 0.3640776699029126 0.37142857142857144 0.3592233009708738 0.3795918367346939 0.36893203883495146 0.3877551020408163 0.36893203883495146 0.3836734693877551 0.36893203883495146 0.37142857142857144 0.3786407766990291 0.3469387755102041 0.3786407766990291 0.34285714285714286 0.38349514563106796 0.3346938775510204 0.38349514563106796 0.3346938775510204 0.3786407766990291 0.3306122448979592 0.3737864077669903 0.32653061224489793 0.3737864077669903 0.3224489795918367 0.3786407766990291 0.3224489795918367 0.38349514563106796 0.3183673469387755 0.38349514563106796 0.3142857142857143 0.3883495145631068 0.2979591836734694 0.3883495145631068 0.2938775510204082 0.3932038834951456 0.2693877551020408 0.3932038834951456 0.2653061224489796 0.3883495145631068 0.2571428571428571 0.3883495145631068 0.2571428571428571 0.3640776699029126 0.24897959183673468 0.34951456310679613 0.24897959183673468 0.3300970873786408 0.24489795918367346 0.32524271844660196 0.24489795918367346 0.30097087378640774 0.24081632653061225 0.2961165048543689 0.24081632653061225 0.27184466019417475 0.23673469387755103 0.2669902912621359 0.23673469387755103 0.23300970873786409 0.23265306122448978 0.22815533980582525 0.23265306122448978 0.2087378640776699 0.22857142857142856 0.20388349514563106 0.22857142857142856 0.1796116504854369 0.22448979591836735 0.17475728155339806 0.22448979591836735 0.14563106796116504 0.22857142857142856 0.1407766990291262 0.22857142857142856 0.13592233009708737 0.23673469387755103 0.13592233009708737 0.24081632653061225 0.13106796116504854 0.2693877551020408 0.13106796116504854 0.27346938775510204 0.1262135922330097 0.3346938775510204 0.1262135922330097 0.33877551020408164 0.12135922330097088 0.4489795918367347 0.12135922330097088
19 0.4448979591836735 0.2766990291262136 0.4489795918367347 0.2815533980582524 0.46530612244897956 0.2815533980582524 0.46530612244897956 0.28640776699029125 0.46938775510204084 0.2912621359223301 0.47346938775510206 0.28640776699029125 0.47346938775510206 0.2815533980582524 0.4897959183673469 0.2815533980582524 0.49387755102040815 0.28640776699029125 0.5183673469387755 0.28640776699029125 0.5224489795918368 0.2912621359223301 0.5428571428571428 0.2912621359223301 0.5469387755102041 0.2961165048543689 0.5714285714285714 0.2961165048543689 0.5755102040816327 0.30097087378640774 0.5877551020408164 0.30097087378640774 0.5918367346938775 0.2961165048543689 0.5959183673469388 0.2961165048543689 0.6 0.30097087378640774 0.6081632653061224 0.30097087378640774 0.6081632653061224 0.33495145631067963 0.6040816326530613 0.33980582524271846 0.6040816326530613 0.38349514563106796 0.6 0.3883495145631068 0.6 0.4174757281553398 0.5959183673469388 0.4223300970873786 0.5959183673469388 0.49029126213592233 0.5918367346938775 0.49514563106796117 0.5918367346938775 0.529126213592233 0.5877551020408164 0.5339805825242718 0.5551020408163265 0.5339805825242718 0.5510204081632653 0.529126213592233 0.5387755102040817 0.529126213592233 0.5346938775510204 0.5242718446601942 0.5102040816326531 0.5242718446601942 0.5061224489795918 0.5194174757281553 0.5020408163265306 0.5242718446601942 0.4857142857142857 0.5242718446601942 0.4816326530612245 0.5194174757281553 0.46530612244897956 0.5194174757281553 0.46122448979591835 0.5145631067961165 0.4530612244897959 0.5145631067961165 0.4489795918367347 0.5097087378640777 0.44081632653061226 0.5097087378640777 0.42857142857142855 0.5 0.40816326530612246 0.5 0.40408163265306124 0.49514563106796117 0.39591836734693875 0.49514563106796117 0.39183673469387753 0.49029126213592233 0.37142857142857144 0.49029126213592233 0.3673469387755102 0.4854368932038835 0.3551020408163265 0.4854368932038835 0.3510204081632653 0.48058252427184467 0.33877551020408164 0.48058252427184467 0.3346938775510204 0.4854368932038835 0.3306122448979592 0.4854368932038835 0.3183673469387755 0.5 0.3183673469387755 0.5048543689320388 0.3142857142857143 0.5097087378640777 0.3142857142857143 0.5242718446601942 0.31020408163265306 0.529126213592233 0.30612244897959184 0.5436893203883495 0.2938775510204082 0.5485436893203883 0.2938775510204082 0.5436893203883495 0.2979591836734694 0.5388349514563107 0.2938775510204082 0.5339805825242718 0.2897959183673469 0.5339805825242718 0.2857142857142857 0.5388349514563107 0.2857142857142857 0.5436893203883495 0.2816326530612245 0.5436893203883495 0.27755102040816326 0.5485436893203883 0.27346938775510204 0.5436893203883495 0.27346938775510204 0.5145631067961165 0.2693877551020408 0.5097087378640777 0.2693877551020408 0.4854368932038835 0.2653061224489796 0.48058252427184467 0.2653061224489796 0.4563106796116505 0.2612244897959184 0.45145631067961167 0.2612244897959184 0.4174757281553398 0.2571428571428571 0.41262135922330095 0.2571428571428571 0.3786407766990291 0.2530612244897959 0.3737864077669903 0.2530612244897959 0.3592233009708738 0.24897959183673468 0.35436893203883496 0.24897959183673468 0.3300970873786408 0.2530612244897959 0.32524271844660196 0.2530612244897959 0.3155339805825243 0.2612244897959184 0.3155339805825243 0.2653061224489796 0.3106796116504854 0.2612244897959184 0.3058252427184466 0.2612244897959184 0.2912621359223301 0.2816326530612245 0.2912621359223301 0.2897959183673469 0.30097087378640774 0.2938775510204082 0.30097087378640774 0.3020408163265306 0.2912621359223301 0.30612244897959184 0.2912621359223301 0.31020408163265306 0.28640776699029125 0.3224489795918367 0.28640776699029125 0.32653061224489793 0.2912621359223301 0.3346938775510204 0.2912621359223301 0.33877551020408164 0.28640776699029125 0.3510204081632653 0.28640776699029125 0.3551020408163265 0.2815533980582524 0.3836734693877551 0.2815533980582524 0.3877551020408163 0.2766990291262136 0.39183673469387753 0.2766990291262136 0.39591836734693875 0.2815533980582524 0.4163265306122449 0.2815533980582524 0.4204081632653061 0.28640776699029125 0.42448979591836733 0.2815533980582524 0.44081632653061226 0.2815533980582524
19 0.2612244897959184 0.41262135922330095 0.27755102040816326 0.41262135922330095 0.2816326530612245 0.4077669902912621 0.2938775510204082 0.4077669902912621 0.30612244897959184 0.39805825242718446 0.3224489795918367 0.39805825242718446 0.32653061224489793 0.3932038834951456 0.37551020408163266 0.3932038834951456 0.3795918367346939 0.3883495145631068 0.3877551020408163 0.3883495145631068 0.39183673469387753 0.38349514563106796 0.42448979591836733 0.38349514563106796 0.42857142857142855 0.3786407766990291 0.4326530612244898 0.3786407766990291 0.43673469387755104 0.38349514563106796 0.43673469387755104 0.4174757281553398 0.4326530612244898 0.4223300970873786 0.4326530612244898 0.4368932038834951 0.43673469387755104 0.441747572815534 0.43673469387755104 0.44660194174757284 0.4326530612244898 0.45145631067961167 0.4326530612244898 0.470873786407767 0.42857142857142855 0.47572815533980584 0.42857142857142855 0.4854368932038835 0.42448979591836733 0.49029126213592233 0.4204081632653061 0.4854368932038835 0.4163265306122449 0.49029126213592233 0.37142857142857144 0.49029126213592233 0.3673469387755102 0.4854368932038835 0.35918367346938773 0.4854368932038835 0.3551020408163265 0.48058252427184467 0.33877551020408164 0.48058252427184467 0.3346938775510204 0.4854368932038835 0.3306122448979592 0.4854368932038835 0.3224489795918367 0.49514563106796117 0.3142857142857143 0.49514563106796117 0.3020408163265306 0.5048543689320388 0.27346938775510204 0.5048543689320388 0.2693877551020408 0.5 0.2693877551020408 0.4854368932038835 0.2653061224489796 0.48058252427184467 0.2653061224489796 0.4563106796116505 0.2612244897959184 0.45145631067961167 0.2612244897959184 0.4174757281553398
19 0.7836734693877551 0.2621359223300971 0.7877551020408163 0.2669902912621359 0.7877551020408163 0.30097087378640774 0.7836734693877551 0.3058252427184466 0.7836734693877551 0.33980582524271846 0.7795918367346939 0.3446601941747573 0.7795918367346939 0.41262135922330095 0.7755102040816326 0.4174757281553398 0.7755102040816326 0.5533980582524272 0.7714285714285715 0.5533980582524272 0.7673469387755102 0.558252427184466 0.6857142857142857 0.558252427184466 0.6816326530612244 0.5533980582524272 0.673469387755102 0.5533980582524272 0.6693877551020408 0.5485436893203883 0.6489795918367347 0.5485436893203883 0.6448979591836734 0.5436893203883495 0.6204081632653061 0.5436893203883495 0.6163265306122448 0.5388349514563107 0.6040816326530613 0.5388349514563107 0.6 0.5339805825242718 0.6 0.470873786407767 0.6040816326530613 0.46601941747572817 0.6040816326530613 0.41262135922330095 0.6081632653061224 0.4077669902912621 0.6081632653061224 0.3786407766990291 0.6122448979591837 0.3737864077669903 0.6122448979591837 0.33495145631067963 0.6163265306122448 0.3300970873786408 0.6163265306122448 0.30097087378640774 0.6081632653061224 0.2912621359223301 0.6081632653061224 0.2766990291262136 0.6163265306122448 0.2766990291262136 0.6285714285714286 0.2669902912621359 0.673469387755102 0.2669902912621359 0.6775510204081633 0.2621359223300971 0.6857142857142857 0.2621359223300971 0.689795918367347 0.25728155339805825 0.7755102040816326 0.25728155339805825 0.7795918367346939 0.2621359223300971
19 0.27755102040816326 0.28640776699029125 0.2857142857142857 0.2961165048543689 0.2979591836734694 0.2961165048543689 0.31020408163265306 0.28640776699029125 0.3224489795918367 0.28640776699029125 0.3306122448979592 0.2961165048543689 0.3306122448979592 0.30097087378640774 0.3346938775510204 0.3058252427184466 0.3346938775510204 0.32524271844660196 0.33877551020408164 0.3300970873786408 0.33877551020408164 0.3640776699029126 0.3306122448979592 0.3737864077669903 0.32653061224489793 0.3737864077669903 0.3142857142857143 0.38349514563106796 0.30612244897959184 0.38349514563106796 0.3020408163265306 0.3883495145631068 0.27755102040816326 0.3883495145631068 0.27346938775510204 0.3932038834951456 0.2571428571428571 0.3932038834951456 0.2530612244897959 0.3883495145631068 0.2530612244897959 0.3737864077669903 0.24897959183673468 0.36893203883495146 0.24897959183673468 0.34951456310679613 0.24489795918367346 0.3446601941747573 0.24489795918367346 0.3155339805825243 0.24897959183673468 0.3106796116504854 0.24897959183673468 0.30097087378640774 0.2530612244897959 0.2961165048543689 0.2530612244897959 0.2912621359223301 0.2571428571428571 0.2912621359223301 0.2612244897959184 0.28640776699029125 0.27346938775510204 0.28640776699029125
19 0.2612244897959184 0.4174757281553398 0.27346938775510204 0.4174757281553398 0.27755102040816326 0.41262135922330095 0.2938775510204082 0.41262135922330095 0.2979591836734694 0.4077669902912621 0.3020408163265306 0.4077669902912621 0.31020408163265306 0.39805825242718446 0.3877551020408163 0.39805825242718446 0.39591836734693875 0.3883495145631068 0.40816326530612246 0.3883495145631068 0.4122448979591837 0.38349514563106796 0.4326530612244898 0.38349514563106796 0.4326530612244898 0.3883495145631068 0.43673469387755104 0.3932038834951456 0.43673469387755104 0.4320388349514563 0.4326530612244898 0.4368932038834951 0.43673469387755104 0.441747572815534 0.43673469387755104 0.44660194174757284 0.4326530612244898 0.45145631067961167 0.4326530612244898 0.470873786407767 0.42857142857142855 0.47572815533980584 0.42857142857142855 0.49514563106796117 0.42448979591836733 0.5 0.40408163265306124 0.5 0.39183673469387753 0.49029126213592233 0.3673469387755102 0.49029126213592233 0.363265306122449 0.4854368932038835 0.3510204081632653 0.4854368932038835 0.3469387755102041 0.48058252427184467 0.34285714285714286 0.4854368932038835 0.3346938775510204 0.4854368932038835 0.3306122448979592 0.49029126213592233 0.32653061224489793 0.49029126213592233 0.3183673469387755 0.5 0.3183673469387755 0.5145631067961165 0.3142857142857143 0.5194174757281553 0.3142857142857143 0.529126213592233 0.31020408163265306 0.5339805825242718 0.31020408163265306 0.5436893203883495 0.30612244897959184 0.5485436893203883 0.30612244897959184 0.5679611650485437 0.3020408163265306 0.5728155339805825 0.3020408163265306 0.5825242718446602 0.2979591836734694 0.587378640776699 0.2979591836734694 0.6019417475728155 0.2938775510204082 0.6067961165048543 0.2938775510204082 0.6213592233009708 0.2857142857142857 0.6359223300970874 0.2816326530612245 0.6310679611650486 0.2816326530612245 0.6019417475728155 0.27755102040816326 0.5970873786407767 0.27755102040816326 0.5728155339805825 0.27346938775510204 0.5679611650485437 0.27346938775510204 0.5388349514563107 0.2693877551020408 0.5339805825242718 0.2693877551020408 0.5 0.2653061224489796 0.49514563106796117 0.2653061224489796 0.46601941747572817 0.2612244897959184 0.46116504854368934 0.2612244897959184 0.4223300970873786
19 0.5020408163265306 0.11165048543689321 0.5061224489795918 0.11650485436893204 0.5265306122448979 0.11650485436893204 0.5306122448979592 0.12135922330097088 0.5551020408163265 0.12135922330097088 0.5591836734693878 0.1262135922330097 0.5795918367346938 0.1262135922330097 0.5836734693877551 0.13106796116504854 0.6081632653061224 0.13106796116504854 0.6122448979591837 0.13592233009708737 0.6326530612244898 0.13592233009708737 0.636734693877551 0.1407766990291262 0.6612244897959184 0.1407766990291262 0.6653061224489796 0.13592233009708737 0.6775510204081633 0.13592233009708737 0.6816326530612244 0.1407766990291262 0.689795918367347 0.1407766990291262 0.7020408163265306 0.1553398058252427 0.7020408163265306 0.16990291262135923 0.6979591836734694 0.17475728155339806 0.6979591836734694 0.18446601941747573 0.6938775510204082 0.18932038834951456 0.6938775510204082 0.20388349514563106 0.689795918367347 0.2087378640776699 0.689795918367347 0.21844660194174756 0.6857142857142857 0.22330097087378642 0.6857142857142857 0.23300970873786409 0.6816326530612244 0.23786407766990292 0.6816326530612244 0.24757281553398058 0.673469387755102 0.25728155339805825 0.6285714285714286 0.25728155339805825 0.6244897959183674 0.2621359223300971 0.6081632653061224 0.2621359223300971 0.5877551020408164 0.28640776699029125 0.5551020408163265 0.28640776699029125 0.5510204081632653 0.2815533980582524 0.5387755102040817 0.2815533980582524 0.5346938775510204 0.2766990291262136 0.5224489795918368 0.2766990291262136 0.5183673469387755 0.27184466019417475 0.5142857142857142 0.2766990291262136 0.5102040816326531 0.27184466019417475 0.4816326530612245 0.27184466019417475 0.4775510204081633 0.2669902912621359 0.46938775510204084 0.2669902912621359 0.46938775510204084 0.2621359223300971 0.45714285714285713 0.2524271844660194 0.45714285714285713 0.23786407766990292 0.4530612244897959 0.23300970873786409 0.4489795918367347 0.23786407766990292 0.44081632653061226 0.23786407766990292 0.4326530612244898 0.24757281553398058 0.42857142857142855 0.24757281553398058 0.42448979591836733 0.2524271844660194 0.4163265306122449 0.2524271844660194 0.40408163265306124 0.2669902912621359 0.39591836734693875 0.2669902912621359 0.37142857142857144 0.24757281553398058 0.363265306122449 0.25728155339805825 0.363265306122449 0.2621359223300971 0.35918367346938773 0.2669902912621359 0.3551020408163265 0.2621359223300971 0.3510204081632653 0.2621359223300971 0.3469387755102041 0.2669902912621359 0.34285714285714286 0.2621359223300971 0.33877551020408164 0.2669902912621359 0.3306122448979592 0.25728155339805825 0.32653061224489793 0.2621359223300971 0.32653061224489793 0.2669902912621359 0.3142857142857143 0.2621359223300971 0.30612244897959184 0.27184466019417475 0.2938775510204082 0.2621359223300971 0.2693877551020408 0.2621359223300971 0.2612244897959184 0.27184466019417475 0.2612244897959184 0.2766990291262136 0.2653061224489796 0.2815533980582524 0.2612244897959184 0.2815533980582524 0.2612244897959184 0.27184466019417475 0.2571428571428571 0.2669902912621359 0.24081632653061225 0.2669902912621359 0.24081632653061225 0.24757281553398058 0.23673469387755103 0.24271844660194175 0.23673469387755103 0.22815533980582525 0.23265306122448978 0.22330097087378642 0.23265306122448978 0.20388349514563106 0.22857142857142856 0.19902912621359223 0.22857142857142856 0.17475728155339806 0.22448979591836735 0.16990291262135923 0.22448979591836735 0.14563106796116504 0.23265306122448978 0.13592233009708737 0.23673469387755103 0.13592233009708737 0.24081632653061225 0.13106796116504854 0.2653061224489796 0.13106796116504854 0.2693877551020408 0.1262135922330097 0.32653061224489793 0.1262135922330097 0.3306122448979592 0.12135922330097088 0.4530612244897959 0.12135922330097088 0.45714285714285713 0.1262135922330097 0.46530612244897956 0.1262135922330097 0.4775510204081633 0.11165048543689321 0.49795918367346936 0.11165048543689321
19 0.3795918367346939 0.27184466019417475 0.3836734693877551 0.2766990291262136 0.44081632653061226 0.2766990291262136 0.4448979591836735 0.2815533980582524 0.44081632653061226 0.2766990291262136 0.4326530612244898 0.28640776699029125 0.4326530612244898 0.2912621359223301 0.42857142857142855 0.2961165048543689 0.42857142857142855 0.3155339805825243 0.44081632653061226 0.3300970873786408 0.4448979591836735 0.3300970873786408 0.4448979591836735 0.33495145631067963 0.43673469387755104 0.34951456310679613 0.43673469387755104 0.3737864077669903 0.42857142857142855 0.3737864077669903 0.42448979591836733 0.3786407766990291 0.39591836734693875 0.3786407766990291 0.3877551020408163 0.3883495145631068 0.3673469387755102 0.3883495145631068 0.363265306122449 0.3932038834951456 0.31020408163265306 0.3932038834951456 0.30612244897959184 0.39805825242718446 0.3020408163265306 0.39805825242718446 0.2897959183673469 0.4077669902912621 0.2612244897959184 0.4077669902912621 0.2612244897959184 0.4029126213592233 0.2530612244897959 0.3883495145631068 0.2530612244897959 0.3737864077669903 0.24897959183673468 0.36893203883495146 0.24897959183673468 0.34951456310679613 0.24489795918367346 0.3446601941747573 0.24489795918367346 0.32038834951456313 0.24897959183673468 0.3155339805825243 0.24897959183673468 0.30097087378640774 0.2530612244897959 0.2961165048543689 0.2530612244897959 0.2912621359223301 0.2571428571428571 0.2912621359223301 0.2612244897959184 0.28640776699029125 0.27755102040816326 0.28640776699029125 0.2816326530612245 0.2815533980582524 0.2857142857142857 0.2815533980582524 0.2979591836734694 0.2912621359223301 0.3020408163265306 0.28640776699029125 0.3142857142857143 0.28640776699029125 0.32653061224489793 0.2766990291262136 0.3306122448979592 0.2766990291262136 0.3346938775510204 0.2815533980582524 0.35918367346938773 0.2815533980582524 0.363265306122449 0.2766990291262136 0.37551020408163266 0.27184466019417475
19 0.2897959183673469 0.4174757281553398 0.2938775510204082 0.4223300970873786 0.2979591836734694 0.4223300970873786 0.2979591836734694 0.42718446601941745 0.30612244897959184 0.4368932038834951 0.30612244897959184 0.4563106796116505 0.31020408163265306 0.46116504854368934 0.31020408163265306 0.46601941747572817 0.30612244897959184 0.470873786407767 0.31020408163265306 0.47572815533980584 0.31020408163265306 0.48058252427184467 0.30612244897959184 0.4854368932038835 0.3142857142857143 0.49514563106796117 0.3142857142857143 0.5 0.3183673469387755 0.5048543689320388 0.3142857142857143 0.5097087378640777 0.3142857142857143 0.529126213592233 0.31020408163265306 0.5339805825242718 0.31020408163265306 0.5485436893203883 0.30612244897959184 0.5533980582524272 0.30612244897959184 0.5728155339805825 0.3020408163265306 0.5776699029126213 0.3020408163265306 0.587378640776699 0.2979591836734694 0.5922330097087378 0.2979591836734694 0.6067961165048543 0.2938775510204082 0.6116504854368932 0.2938775510204082 0.6213592233009708 0.2897959183673469 0.6262135922330098 0.2897959183673469 0.6359223300970874 0.2857142857142857 0.6407766990291263 0.2816326530612245 0.6359223300970874 0.2816326530612245 0.6213592233009708 0.27755102040816326 0.616504854368932 0.27755102040816326 0.5825242718446602 0.27346938775510204 0.5776699029126213 0.27346938775510204 0.5533980582524272 0.2693877551020408 0.5485436893203883 0.2693877551020408 0.5145631067961165 0.2653061224489796 0.5097087378640777 0.2653061224489796 0.46601941747572817 0.2612244897959184 0.46116504854368934 0.2612244897959184 0.4223300970873786 0.27755102040816326 0.4223300970873786 0.2816326530612245 0.4174757281553398 0.2857142857142857 0.4174757281553398
19 0.2653061224489796 0.15048543689320387 0.27755102040816326 0.16019417475728157 0.27755102040816326 0.17475728155339806 0.2816326530612245 0.1796116504854369 0.2816326530612245 0.22815533980582525 0.27755102040816326 0.23300970873786409 0.27755102040816326 0.24271844660194175 0.24897959183673468 0.24271844660194175 0.24489795918367346 0.23786407766990292 0.24081632653061225 0.23786407766990292 0.23265306122448978 0.22330097087378642 0.23265306122448978 0.20388349514563106 0.22857142857142856 0.19902912621359223 0.22857142857142856 0.1650485436893204 0.23265306122448978 0.16019417475728157 0.23265306122448978 0.1553398058252427 0.24081632653061225 0.14563106796116504 0.24489795918367346 0.14563106796116504 0.24897959183673468 0.1407766990291262 0.2530612244897959 0.1407766990291262 0.2612244897959184 0.15048543689320387
19 0.47346938775510206 0.11650485436893204 0.4816326530612245 0.11650485436893204 0.4857142857142857 0.11165048543689321 0.4897959183673469 0.11165048543689321 0.49387755102040815 0.11650485436893204 0.5183673469387755 0.11650485436893204 0.5224489795918368 0.12135922330097088 0.5469387755102041 0.12135922330097088 0.5510204081632653 0.1262135922330097 0.5673469387755102 0.1262135922330097 0.5714285714285714 0.13106796116504854 0.5918367346938775 0.13106796116504854 0.5959183673469388 0.13592233009708737 0.6122448979591837 0.13592233009708737 0.6163265306122448 0.1407766990291262 0.636734693877551 0.1407766990291262 0.6448979591836734 0.15048543689320387 0.6408163265306123 0.1553398058252427 0.6612244897959184 0.17475728155339806 0.6408163265306123 0.17475728155339806 0.6448979591836734 0.16990291262135923 0.636734693877551 0.16019417475728157 0.6326530612244898 0.16019417475728157 0.6285714285714286 0.1650485436893204 0.6285714285714286 0.16990291262135923 0.6244897959183674 0.16990291262135923 0.6122448979591837 0.1796116504854369 0.6163265306122448 0.18446601941747573 0.6081632653061224 0.18446601941747573 0.6 0.1941747572815534 0.6040816326530613 0.19902912621359223 0.6040816326530613 0.20388349514563106 0.6 0.19902912621359223 0.5959183673469388 0.19902912621359223 0.5918367346938775 0.20388349514563106 0.6040816326530613 0.18932038834951456 0.6040816326530613 0.16990291262135923 0.6 0.1650485436893204 0.5959183673469388 0.16990291262135923 0.5959183673469388 0.17475728155339806 0.5918367346938775 0.16990291262135923 0.5836734693877551 0.16990291262135923 0.5877551020408164 0.1650485436893204 0.5836734693877551 0.16019417475728157 0.5795918367346938 0.16019417475728157 0.5755102040816327 0.1553398058252427 0.563265306122449 0.1553398058252427 0.5591836734693878 0.15048543689320387 0.5551020408163265 0.1553398058252427 0.5551020408163265 0.16990291262135923 0.5469387755102041 0.16019417475728157 0.5428571428571428 0.16019417475728157 0.5387755102040817 0.1553398058252427 0.5346938775510204 0.16019417475728157 0.5346938775510204 0.1650485436893204 0.5306122448979592 0.1650485436893204 0.5265306122448979 0.16990291262135923 0.5224489795918368 0.1650485436893204 0.5224489795918368 0.16019417475728157 0.5265306122448979 0.1553398058252427 0.5346938775510204 0.1553398058252427 0.5387755102040817 0.15048543689320387 0.5387755102040817 0.14563106796116504 0.5346938775510204 0.1407766990291262 0.5265306122448979 0.1407766990291262 0.5306122448979592 0.13592233009708737 0.5265306122448979 0.13106796116504854 0.49387755102040815 0.13106796116504854 0.4897959183673469 0.1262135922330097 0.4775510204081633 0.12135922330097088 0.47346938775510206 0.1262135922330097 0.47346938775510206 0.14563106796116504 0.46938775510204084 0.15048543689320387 0.46938775510204084 0.1941747572815534 0.47346938775510206 0.19902912621359223 0.46938775510204084 0.20388349514563106 0.46938775510204084 0.21359223300970873 0.4775510204081633 0.22330097087378642 0.4775510204081633 0.22815533980582525 0.4816326530612245 0.23300970873786409 0.4857142857142857 0.23300970873786409 0.4897959183673469 0.22815533980582525 0.5020408163265306 0.22815533980582525 0.5102040816326531 0.21844660194174756 0.5102040816326531 0.21359223300970873 0.5061224489795918 0.2087378640776699 0.49795918367346936 0.2087378640776699 0.5020408163265306 0.2087378640776699 0.5142857142857142 0.19902912621359223 0.5142857142857142 0.18446601941747573 0.5102040816326531 0.1796116504854369 0.5142857142857142 0.17475728155339806 0.5142857142857142 0.1650485436893204 0.5142857142857142 0.16990291262135923 0.5183673469387755 0.17475728155339806 0.5142857142857142 0.18932038834951456 0.5224489795918368 0.20388349514563106 0.5224489795918368 0.21359223300970873 0.5265306122448979 0.21844660194174756 0.5387755102040817 0.21844660194174756 0.5469387755102041 0.22815533980582525 0.5510204081632653 0.22815533980582525 0.5551020408163265 0.22330097087378642 0.5551020408163265 0.23300970873786409 0.5591836734693878 0.23786407766990292 0.563265306122449 0.23786407766990292 0.5755102040816327 0.2524271844660194 0.5795918367346938 0.2524271844660194 0.5836734693877551 0.24757281553398058 0.5836734693877551 0.24271844660194175 0.5836734693877551 0.24757281553398058 0.5877551020408164 0.2524271844660194 0.5918367346938775 0.2524271844660194 0.5959183673469388 0.24757281553398058 0.5959183673469388 0.23786407766990292 0.6 0.23300970873786409 0.6 0.22330097087378642 0.6 0.22815533980582525 0.6040816326530613 0.23300970873786409 0.6040816326530613 0.23786407766990292 0.6 0.24271844660194175 0.6122448979591837 0.2524271844660194 0.6244897959183674 0.23786407766990292 0.6326530612244898 0.23786407766990292 0.636734693877551 0.24271844660194175 0.636734693877551 0.24757281553398058 0.6408163265306123 0.2524271844660194 0.636734693877551 0.24757281553398058 0.6244897959183674 0.24271844660194175 0.6204081632653061 0.24757281553398058 0.6244897959183674 0.2524271844660194 0.6244897959183674 0.25728155339805825 0.6204081632653061 0.25728155339805825 0.6122448979591837 0.2669902912621359 0.6163265306122448 0.27184466019417475 0.6285714285714286 0.27184466019417475 0.6326530612244898 0.2669902912621359 0.636734693877551 0.2669902912621359 0.6326530612244898 0.27184466019417475 0.636734693877551 0.2766990291262136 0.6408163265306123 0.2766990291262136 0.636734693877551 0.2766990291262136 0.6326530612244898 0.27184466019417475 0.6244897959183674 0.2815533980582524 0.6244897959183674 0.28640776699029125 0.6285714285714286 0.2912621359223301 0.6244897959183674 0.2961165048543689 0.6285714285714286 0.30097087378640774 0.6326530612244898 0.30097087378640774 0.6285714285714286 0.3058252427184466 0.6285714285714286 0.3106796116504854 0.6285714285714286 0.3058252427184466 0.6244897959183674 0.30097087378640774 0.6204081632653061 0.3058252427184466 0.6163265306122448 0.3058252427184466 0.6122448979591837 0.3106796116504854 0.6122448979591837 0.3155339805825243 0.6081632653061224 0.3155339805825243 0.6040816326530613 0.32038834951456313 0.6040816326530613 0.35436893203883496 0.6081632653061224 0.3592233009708738 0.6163265306122448 0.34951456310679613 0.6163265306122448 0.36893203883495146 0.6163265306122448 0.3640776699029126 0.6122448979591837 0.3592233009708738 0.6081632653061224 0.3592233009708738 0.6040816326530613 0.3640776699029126 0.6040816326530613 0.3786407766990291 0.6081632653061224 0.38349514563106796 0.6122448979591837 0.3786407766990291 0.6244897959183674 0.3786407766990291 0.6285714285714286 0.3737864077669903 0.6285714285714286 0.36893203883495146 0.6408163265306123 0.36893203883495146 0.6448979591836734 0.3640776699029126 0.6448979591836734 0.35436893203883496 0.6489795918367347 0.34951456310679613 0.6571428571428571 0.34951456310679613 0.6653061224489796 0.3592233009708738 0.6653061224489796 0.3640776699029126 0.6612244897959184 0.36893203883495146 0.6653061224489796 0.3737864077669903 0.6612244897959184 0.3737864077669903 0.6530612244897959 0.38349514563106796 0.6571428571428571 0.39805825242718446 0.6448979591836734 0.4077669902912621 0.6530612244897959 0.4174757281553398 0.6571428571428571 0.41262135922330095 0.6571428571428571 0.42718446601941745 0.6612244897959184 0.4320388349514563 0.6653061224489796 0.4320388349514563 0.6693877551020408 0.4368932038834951 0.673469387755102 0.4320388349514563 0.6816326530612244 0.44660194174757284 0.6857142857142857 0.441747572815534 0.6938775510204082 0.441747572815534 0.6979591836734694 0.44660194174757284 0.7061224489795919 0.44660194174757284 0.710204081632653 0.441747572815534 0.7142857142857143 0.441747572815534 0.7142857142857143 0.44660194174757284 0.7183673469387755 0.45145631067961167 0.726530612244898 0.4368932038834951 0.726530612244898 0.42718446601941745 0.7346938775510204 0.4174757281553398 0.7346938775510204 0.41262135922330095 0.7306122448979592 0.4077669902912621 0.7346938775510204 0.4077669902912621 0.7428571428571429 0.39805825242718446 0.7551020408163265 0.39805825242718446 0.7673469387755102 0.3883495145631068 0.7755102040816326 0.3883495145631068 0.7755102040816326 0.4223300970873786 0.7714285714285715 0.4223300970873786 0.7673469387755102 0.42718446601941745 0.7755102040816326 0.4368932038834951 0.7755102040816326 0.4563106796116505 0.7714285714285715 0.46116504854368934 0.7714285714285715 0.48058252427184467 0.7755102040816326 0.4854368932038835 0.7714285714285715 0.49029126213592233 0.7714285714285715 0.5485436893203883 0.7673469387755102 0.5533980582524272 0.7510204081632653 0.5533980582524272 0.746938775510204 0.5485436893203883 0.7428571428571429 0.5485436893203883 0.7387755102040816 0.5533980582524272 0.7306122448979592 0.5533980582524272 0.726530612244898 0.558252427184466 0.6938775510204082 0.558252427184466 0.689795918367347 0.5533980582524272 0.6775510204081633 0.5533980582524272 0.673469387755102 0.5485436893203883 0.6653061224489796 0.5485436893203883 0.6612244897959184 0.5436893203883495 0.6448979591836734 0.5436893203883495 0.6408163265306123 0.5388349514563107 0.6122448979591837 0.5388349514563107 0.6081632653061224 0.5339805825242718 0.5551020408163265 0.5339805825242718 0.5510204081632653 0.529126213592233 0.5387755102040817 0.529126213592233 0.5346938775510204 0.5242718446601942 0.4816326530612245 0.5242718446601942 0.4775510204081633 0.5194174757281553 0.46530612244897956 0.5194174757281553 0.46122448979591835 0.5145631067961165 0.4530612244897959 0.5145631067961165 0.4489795918367347 0.5097087378640777 0.44081632653061226 0.5097087378640777 0.42857142857142855 0.5 0.4122448979591837 0.5 0.40816326530612246 0.49514563106796117 0.39591836734693875 0.49514563106796117 0.39183673469387753 0.49029126213592233 0.37142857142857144 0.49029126213592233 0.3673469387755102 0.4854368932038835 0.35918367346938773 0.4854368932038835 0.3551020408163265 0.48058252427184467 0.3346938775510204 0.48058252427184467 0.3306122448979592 0.4854368932038835 0.32653061224489793 0.4854368932038835 0.3183673469387755 0.49514563106796117 0.3183673469387755 0.5 0.3142857142857143 0.5048543689320388 0.3142857142857143 0.5242718446601942 0.31020408163265306 0.529126213592233 0.30612244897959184 0.5436893203883495 0.2979591836734694 0.5533980582524272 0.2979591836734694 0.558252427184466 0.2938775510204082 0.5631067961165048 0.2897959183673469 0.558252427184466 0.2816326530612245 0.558252427184466 0.27755102040816326 0.5631067961165048 0.2857142857142857 0.5728155339805825 0.2979591836734694 0.5728155339805825 0.2857142857142857 0.5728155339805825 0.2816326530612245 0.5776699029126213 0.27755102040816326 0.5728155339805825 0.27755102040816326 0.558252427184466 0.27346938775510204 0.5533980582524272 0.27346938775510204 0.5097087378640777 0.2693877551020408 0.5048543689320388 0.2693877551020408 0.47572815533980584 0.2653061224489796 0.470873786407767 0.2653061224489796 0.441747572815534 0.2612244897959184 0.4368932038834951 0.2612244897959184 0.4174757281553398 0.2571428571428571 0.41262135922330095 0.2571428571428571 0.38349514563106796 0.2530612244897959 0.3786407766990291 0.2530612244897959 0.3592233009708738 0.24897959183673468 0.35436893203883496 0.24897959183673468 0.3300970873786408 0.24489795918367346 0.32524271844660196 0.24489795918367346 0.2912621359223301 0.24081632653061225 0.28640776699029125 0.24081632653061225 0.2524271844660194 0.23673469387755103 0.24757281553398058 0.23673469387755103 0.22815533980582525 0.23265306122448978 0.22330097087378642 0.23265306122448978 0.1941747572815534 0.22857142857142856 0.18932038834951456 0.22857142857142856 0.16019417475728157 0.22448979591836735 0.1553398058252427 0.22857142857142856 0.15048543689320387 0.22857142857142856 0.1407766990291262 0.23265306122448978 0.13592233009708737 0.24489795918367346 0.13592233009708737 0.24897959183673468 0.13106796116504854 0.2857142857142857 0.13106796116504854 0.2897959183673469 0.1262135922330097 0.2938775510204082 0.13106796116504854 0.3020408163265306 0.13106796116504854 0.30612244897959184 0.1262135922330097 0.3469387755102041 0.1262135922330097 0.3510204081632653 0.12135922330097088 0.43673469387755104 0.12135922330097088 0.44081632653061226 0.1262135922330097 0.4448979591836735 0.12135922330097088 0.4489795918367347 0.1262135922330097 0.45714285714285713 0.1262135922330097 0.46530612244897956 0.13592233009708737 0.47346938775510206 0.12135922330097088
19 0.5510204081632653 0.12135922330097088 0.5551020408163265 0.1262135922330097 0.5795918367346938 0.1262135922330097 0.5836734693877551 0.13106796116504854 0.6040816326530613 0.13106796116504854 0.6081632653061224 0.13592233009708737 0.6244897959183674 0.13592233009708737 0.6285714285714286 0.1407766990291262 0.6489795918367347 0.1407766990291262 0.6530612244897959 0.14563106796116504 0.6571428571428571 0.14563106796116504 0.6612244897959184 0.1407766990291262 0.6857142857142857 0.1407766990291262 0.6979591836734694 0.15048543689320387 0.6979591836734694 0.16019417475728157 0.7020408163265306 0.1650485436893204 0.6979591836734694 0.16990291262135923 0.6979591836734694 0.18446601941747573 0.6938775510204082 0.18932038834951456 0.6938775510204082 0.20388349514563106 0.6857142857142857 0.21844660194174756 0.6857142857142857 0.22815533980582525 0.6816326530612244 0.23300970873786409 0.6816326530612244 0.24271844660194175 0.6775510204081633 0.24757281553398058 0.6775510204081633 0.2524271844660194 0.673469387755102 0.2524271844660194 0.6693877551020408 0.25728155339805825 0.6244897959183674 0.25728155339805825 0.6204081632653061 0.2621359223300971 0.6081632653061224 0.2669902912621359 0.6040816326530613 0.27184466019417475 0.6040816326530613 0.2766990291262136 0.5959183673469388 0.28640776699029125 0.5959183673469388 0.2912621359223301 0.6 0.2961165048543689 0.6122448979591837 0.30097087378640774 0.6122448979591837 0.3106796116504854 0.6081632653061224 0.3155339805825243 0.6081632653061224 0.3446601941747573 0.6040816326530613 0.34951456310679613 0.6040816326530613 0.4029126213592233 0.6 0.4077669902912621 0.6 0.45145631067961167 0.5959183673469388 0.4563106796116505 0.6 0.46116504854368934 0.6 0.46601941747572817 0.5959183673469388 0.470873786407767 0.5959183673469388 0.49029126213592233 0.5918367346938775 0.49514563106796117 0.5918367346938775 0.5194174757281553 0.5959183673469388 0.5242718446601942 0.5959183673469388 0.5339805825242718 0.5510204081632653 0.5339805825242718 0.5469387755102041 0.529126213592233 0.5306122448979592 0.529126213592233 0.5265306122448979 0.5242718446601942 0.4816326530612245 0.5242718446601942 0.4775510204081633 0.5194174757281553 0.46122448979591835 0.5194174757281553 0.4489795918367347 0.5097087378640777 0.43673469387755104 0.5097087378640777 0.4326530612244898 0.5048543689320388 0.4326530612244898 0.49514563106796117 0.43673469387755104 0.49029126213592233 0.43673469387755104 0.48058252427184467 0.4448979591836735 0.470873786407767 0.4448979591836735 0.441747572815534 0.44081632653061226 0.4368932038834951 0.44081632653061226 0.42718446601941745 0.4448979591836735 0.4223300970873786 0.4448979591836735 0.3640776699029126 0.4489795918367347 0.3592233009708738 0.4489795918367347 0.35436893203883496 0.4530612244897959 0.34951456310679613 0.4530612244897959 0.33980582524271846 0.45714285714285713 0.33495145631067963 0.4530612244897959 0.3300970873786408 0.4530612244897959 0.32524271844660196 0.45714285714285713 0.32038834951456313 0.45714285714285713 0.2766990291262136 0.4530612244897959 0.27184466019417475 0.4530612244897959 0.24271844660194175 0.45714285714285713 0.23786407766990292 0.45714285714285713 0.22815533980582525 0.46122448979591835 0.22330097087378642 0.46122448979591835 0.21359223300970873 0.46530612244897956 0.2087378640776699 0.46530612244897956 0.1407766990291262 0.46938775510204084 0.13592233009708737 0.46938775510204084 0.12135922330097088 0.4775510204081633 0.11165048543689321 0.49795918367346936 0.11165048543689321 0.5020408163265306 0.11650485436893204 0.5265306122448979 0.11650485436893204 0.5306122448979592 0.12135922330097088 0.5469387755102041 0.12135922330097088
19 0.3510204081632653 0.13106796116504854 0.35918367346938773 0.13106796116504854 0.3551020408163265 0.13106796116504854 0.3510204081632653 0.13592233009708737 0.3551020408163265 0.1407766990291262 0.35918367346938773 0.1407766990291262 0.3673469387755102 0.15048543689320387 0.37551020408163266 0.1407766990291262 0.3795918367346939 0.14563106796116504 0.3836734693877551 0.14563106796116504 0.3877551020408163 0.1407766990291262 0.39591836734693875 0.1407766990291262 0.40408163265306124 0.15048543689320387 0.40816326530612246 0.14563106796116504 0.40408163265306124 0.15048543689320387 0.40408163265306124 0.1553398058252427 0.40816326530612246 0.16019417475728157 0.40408163265306124 0.1650485436893204 0.40408163265306124 0.16990291262135923 0.4 0.16990291262135923 0.39591836734693875 0.17475728155339806 0.39591836734693875 0.1796116504854369 0.4 0.18446601941747573 0.39591836734693875 0.18932038834951456 0.4 0.1941747572815534 0.40408163265306124 0.1941747572815534 0.40816326530612246 0.19902912621359223 0.40816326530612246 0.20388349514563106 0.4122448979591837 0.2087378640776699 0.4163265306122449 0.2087378640776699 0.4163265306122449 0.21359223300970873 0.4204081632653061 0.21844660194174756 0.42448979591836733 0.21844660194174756 0.43673469387755104 0.20388349514563106 0.4326530612244898 0.19902912621359223 0.42857142857142855 0.19902912621359223 0.43673469387755104 0.18932038834951456 0.4326530612244898 0.18446601941747573 0.42857142857142855 0.18446601941747573 0.42857142857142855 0.1650485436893204 0.42448979591836733 0.16019417475728157 0.42857142857142855 0.1553398058252427 0.42857142857142855 0.15048543689320387 0.4326530612244898 0.14563106796116504 0.4530612244897959 0.14563106796116504 0.45714285714285713 0.16019417475728157 0.4530612244897959 0.16019417475728157 0.4489795918367347 0.1650485436893204 0.4530612244897959 0.16990291262135923 0.46530612244897956 0.16990291262135923 0.46938775510204084 0.17475728155339806 0.46938775510204084 0.21359223300970873 0.4816326530612245 0.22815533980582525 0.4897959183673469 0.22815533980582525 0.49795918367346936 0.21844660194174756 0.49795918367346936 0.2087378640776699 0.5061224489795918 0.2087378640776699 0.5102040816326531 0.20388349514563106 0.5102040816326531 0.19902912621359223 0.5142857142857142 0.1941747572815534 0.5142857142857142 0.16990291262135923 0.5142857142857142 0.18932038834951456 0.5183673469387755 0.1941747572815534 0.5183673469387755 0.2087378640776699 0.5265306122448979 0.21844660194174756 0.5387755102040817 0.21844660194174756 0.5469387755102041 0.23300970873786409 0.5551020408163265 0.22330097087378642 0.5551020408163265 0.21844660194174756 0.5510204081632653 0.21359223300970873 0.5551020408163265 0.2087378640776699 0.563265306122449 0.2087378640776699 0.563265306122449 0.21844660194174756 0.5591836734693878 0.22330097087378642 0.5591836734693878 0.22815533980582525 0.563265306122449 0.23300970873786409 0.5714285714285714 0.23300970873786409 0.5714285714285714 0.23786407766990292 0.5755102040816327 0.24271844660194175 0.5795918367346938 0.24271844660194175 0.5836734693877551 0.23786407766990292 0.5836734693877551 0.23300970873786409 0.5714285714285714 0.21844660194174756 0.5795918367346938 0.2087378640776699 0.5795918367346938 0.1941747572815534 0.5714285714285714 0.18446601941747573 0.5673469387755102 0.18446601941747573 0.563265306122449 0.18932038834951456 0.563265306122449 0.1796116504854369 0.5714285714285714 0.16990291262135923 0.5714285714285714 0.1650485436893204 0.5755102040816327 0.1650485436893204 0.5795918367346938 0.16019417475728157 0.5877551020408164 0.16019417475728157 0.5877551020408164 0.1650485436893204 0.5959183673469388 0.17475728155339806 0.5959183673469388 0.18446601941747573 0.6 0.18932038834951456 0.6040816326530613 0.18446601941747573 0.6040816326530613 0.17475728155339806 0.6081632653061224 0.17475728155339806 0.6122448979591837 0.16990291262135923 0.6244897959183674 0.16990291262135923 0.6244897959183674 0.17475728155339806 0.6204081632653061 0.1796116504854369 0.6163265306122448 0.17475728155339806 0.6122448979591837 0.1796116504854369 0.6122448979591837 0.18446601941747573 0.6163265306122448 0.18932038834951456 0.6040816326530613 0.19902912621359223 0.6040816326530613 0.20388349514563106 0.6 0.2087378640776699 0.6 0.22815533980582525 0.6040816326530613 0.23300970873786409 0.6040816326530613 0.24271844660194175 0.6081632653061224 0.24757281553398058 0.6204081632653061 0.24271844660194175 0.6244897959183674 0.23786407766990292 0.6244897959183674 0.23300970873786409 0.6285714285714286 0.23786407766990292 0.6326530612244898 0.23300970873786409 0.6326530612244898 0.22815533980582525 0.636734693877551 0.22815533980582525 0.636734693877551 0.24271844660194175 0.6408163265306123 0.24757281553398058 0.6408163265306123 0.2524271844660194 0.636734693877551 0.2524271844660194 0.6326530612244898 0.24757281553398058 0.6244897959183674 0.25728155339805825 0.6204081632653061 0.25728155339805825 0.6163265306122448 0.2621359223300971 0.6081632653061224 0.2621359223300971 0.6 0.27184466019417475 0.5959183673469388 0.27184466019417475 0.5918367346938775 0.2766990291262136 0.5918367346938775 0.2912621359223301 0.5959183673469388 0.2961165048543689 0.6 0.2912621359223301 0.6 0.2815533980582524 0.6040816326530613 0.2815533980582524 0.6163265306122448 0.27184466019417475 0.6285714285714286 0.27184466019417475 0.6326530612244898 0.2669902912621359 0.636734693877551 0.2669902912621359 0.6408163265306123 0.27184466019417475 0.673469387755102 0.27184466019417475 0.6775510204081633 0.2669902912621359 0.6775510204081633 0.2621359223300971 0.673469387755102 0.25728155339805825 0.6612244897959184 0.25728155339805825 0.6571428571428571 0.2524271844660194 0.6612244897959184 0.2524271844660194 0.6693877551020408 0.24271844660194175 0.6693877551020408 0.22815533980582525 0.6775510204081633 0.23786407766990292 0.6816326530612244 0.23300970873786409 0.6775510204081633 0.23786407766990292 0.6775510204081633 0.24757281553398058 0.673469387755102 0.2524271844660194 0.673469387755102 0.25728155339805825 0.6775510204081633 0.2621359223300971 0.7795918367346939 0.2621359223300971 0.7877551020408163 0.27184466019417475 0.7877551020408163 0.2961165048543689 0.7836734693877551 0.30097087378640774 0.7836734693877551 0.32524271844660196 0.7795918367346939 0.3300970873786408 0.7795918367346939 0.3592233009708738 0.7755102040816326 0.3640776699029126 0.7755102040816326 0.5048543689320388 0.7714285714285715 0.5097087378640777 0.7714285714285715 0.5242718446601942 0.7755102040816326 0.529126213592233 0.7755102040816326 0.5485436893203883 0.7714285714285715 0.5533980582524272 0.7714285714285715 0.5631067961165048 0.7918367346938775 0.5825242718446602 0.7918367346938775 0.5922330097087378 0.7959183673469388 0.5970873786407767 0.7959183673469388 0.6796116504854369 0.8 0.6844660194174758 0.8 0.6990291262135923 0.8040816326530612 0.7038834951456311 0.8040816326530612 0.7135922330097088 0.8081632653061225 0.7184466019417476 0.8081632653061225 0.7427184466019418 0.8122448979591836 0.7475728155339806 0.8122448979591836 0.7864077669902912 0.8163265306122449 0.7912621359223301 0.8163265306122449 0.8398058252427184 0.8081632653061225 0.8495145631067961 0.7795918367346939 0.8495145631067961 0.7755102040816326 0.8446601941747572 0.7591836734693878 0.8446601941747572 0.7551020408163265 0.8398058252427184 0.7346938775510204 0.8398058252427184 0.7306122448979592 0.8349514563106796 0.710204081632653 0.8349514563106796 0.7061224489795919 0.8300970873786407 0.6857142857142857 0.8300970873786407 0.6816326530612244 0.8252427184466019 0.6693877551020408 0.8252427184466019 0.6653061224489796 0.8203883495145631 0.6244897959183674 0.8203883495145631 0.6204081632653061 0.8155339805825242 0.5795918367346938 0.8155339805825242 0.5755102040816327 0.8106796116504854 0.5306122448979592 0.8106796116504854 0.5265306122448979 0.8058252427184466 0.49795918367346936 0.8058252427184466 0.49387755102040815 0.8009708737864077 0.46938775510204084 0.8009708737864077 0.46530612244897956 0.7961165048543689 0.42857142857142855 0.7961165048543689 0.42448979591836733 0.7912621359223301 0.39591836734693875 0.7912621359223301 0.39183673469387753 0.7864077669902912 0.37142857142857144 0.7864077669902912 0.3673469387755102 0.7815533980582524 0.34285714285714286 0.7815533980582524 0.33877551020408164 0.7766990291262136 0.3183673469387755 0.7766990291262136 0.3142857142857143 0.7718446601941747 0.30612244897959184 0.7718446601941747 0.3020408163265306 0.7669902912621359 0.2857142857142857 0.7669902912621359 0.27346938775510204 0.7572815533980582 0.27346938775510204 0.7281553398058253 0.27755102040816326 0.7233009708737864 0.27755102040816326 0.7135922330097088 0.2816326530612245 0.7087378640776699 0.2816326530612245 0.6990291262135923 0.2857142857142857 0.6941747572815534 0.2857142857142857 0.6796116504854369 0.2938775510204082 0.6650485436893204 0.2938775510204082 0.6407766990291263 0.3020408163265306 0.6262135922330098 0.3020408163265306 0.616504854368932 0.30612244897959184 0.6116504854368932 0.30612244897959184 0.6067961165048543 0.3020408163265306 0.6019417475728155 0.2938775510204082 0.6116504854368932 0.2938775510204082 0.6213592233009708 0.2897959183673469 0.6262135922330098 0.2897959183673469 0.6310679611650486 0.2857142857142857 0.6310679611650486 0.2857142857142857 0.6213592233009708 0.2816326530612245 0.616504854368932 0.2816326530612245 0.5825242718446602 0.27755102040816326 0.5776699029126213 0.27755102040816326 0.5631067961165048 0.27346938775510204 0.558252427184466 0.27346938775510204 0.5097087378640777 0.2693877551020408 0.5048543689320388 0.2693877551020408 0.47572815533980584 0.2653061224489796 0.470873786407767 0.2653061224489796 0.441747572815534 0.2612244897959184 0.4368932038834951 0.2612244897959184 0.4174757281553398 0.2571428571428571 0.41262135922330095 0.2571428571428571 0.3786407766990291 0.2530612244897959 0.3737864077669903 0.2530612244897959 0.35436893203883496 0.24897959183673468 0.34951456310679613 0.24897959183673468 0.3155339805825243 0.24489795918367346 0.3106796116504854 0.24489795918367346 0.2815533980582524 0.24081632653061225 0.2766990291262136 0.24081632653061225 0.24757281553398058 0.23673469387755103 0.24271844660194175 0.23673469387755103 0.21844660194174756 0.23265306122448978 0.21359223300970873 0.23265306122448978 0.18446601941747573 0.22857142857142856 0.1796116504854369 0.22857142857142856 0.16990291262135923 0.23265306122448978 0.17475728155339806 0.24081632653061225 0.1650485436893204 0.24081632653061225 0.16019417475728157 0.24489795918367346 0.16019417475728157 0.2530612244897959 0.15048543689320387 0.24897959183673468 0.14563106796116504 0.2571428571428571 0.1553398058252427 0.2653061224489796 0.1553398058252427 0.2653061224489796 0.16990291262135923 0.2693877551020408 0.17475728155339806 0.2693877551020408 0.18446601941747573 0.2653061224489796 0.18932038834951456 0.2653061224489796 0.19902912621359223 0.27346938775510204 0.2087378640776699 0.27755102040816326 0.20388349514563106 0.27755102040816326 0.1941747572815534 0.2816326530612245 0.18932038834951456 0.27755102040816326 0.18446601941747573 0.27755102040816326 0.1553398058252427 0.2857142857142857 0.1553398058252427 0.2979591836734694 0.14563106796116504 0.3020408163265306 0.15048543689320387 0.31020408163265306 0.15048543689320387 0.3142857142857143 0.1553398058252427 0.32653061224489793 0.16019417475728157 0.3306122448979592 0.1553398058252427 0.3306122448979592 0.14563106796116504 0.33877551020408164 0.14563106796116504 0.3469387755102041 0.13592233009708737
19 0.3469387755102041 0.49029126213592233 0.3510204081632653 0.49514563106796117 0.3673469387755102 0.49514563106796117 0.37142857142857144 0.5 0.3877551020408163 0.5 0.39183673469387753 0.5048543689320388 0.40408163265306124 0.5048543689320388 0.40816326530612246 0.5097087378640777 0.4204081632653061 0.5097087378640777 0.42448979591836733 0.5145631067961165 0.4326530612244898 0.5145631067961165 0.43673469387755104 0.5194174757281553 0.4489795918367347 0.5194174757281553 0.4530612244897959 0.5242718446601942 0.46122448979591835 0.5242718446601942 0.46530612244897956 0.529126213592233 0.4775510204081633 0.529126213592233 0.4816326530612245 0.5339805825242718 0.5306122448979592 0.5339805825242718 0.5346938775510204 0.5388349514563107 0.5510204081632653 0.5388349514563107 0.5551020408163265 0.5436893203883495 0.5836734693877551 0.5436893203883495 0.5877551020408164 0.5485436893203883 0.6204081632653061 0.5485436893203883 0.6244897959183674 0.5533980582524272 0.6489795918367347 0.5533980582524272 0.6530612244897959 0.558252427184466 0.6653061224489796 0.558252427184466 0.6693877551020408 0.5631067961165048 0.6857142857142857 0.5631067961165048 0.689795918367347 0.5679611650485437 0.7795918367346939 0.5679611650485437 0.7836734693877551 0.5728155339805825 0.7877551020408163 0.5728155339805825 0.7918367346938775 0.5776699029126213 0.7918367346938775 0.587378640776699 0.7959183673469388 0.5922330097087378 0.7959183673469388 0.6067961165048543 0.8 0.6116504854368932 0.8 0.6941747572815534 0.8040816326530612 0.6990291262135923 0.8040816326530612 0.7087378640776699 0.8081632653061225 0.7135922330097088 0.8081632653061225 0.7281553398058253 0.8122448979591836 0.7330097087378641 0.8122448979591836 0.7815533980582524 0.8163265306122449 0.7864077669902912 0.8163265306122449 0.8446601941747572 0.8122448979591836 0.8446601941747572 0.8081632653061225 0.8495145631067961 0.7755102040816326 0.8495145631067961 0.7714285714285715 0.8446601941747572 0.7551020408163265 0.8446601941747572 0.7510204081632653 0.8398058252427184 0.7306122448979592 0.8398058252427184 0.726530612244898 0.8349514563106796 0.7061224489795919 0.8349514563106796 0.7020408163265306 0.8300970873786407 0.6857142857142857 0.8300970873786407 0.6816326530612244 0.8252427184466019 0.6612244897959184 0.8252427184466019 0.6571428571428571 0.8203883495145631 0.6204081632653061 0.8203883495145631 0.6163265306122448 0.8155339805825242 0.563265306122449 0.8155339805825242 0.5591836734693878 0.8106796116504854 0.5224489795918368 0.8106796116504854 0.5183673469387755 0.8058252427184466 0.49387755102040815 0.8058252427184466 0.4897959183673469 0.8009708737864077 0.46530612244897956 0.8009708737864077 0.46122448979591835 0.7961165048543689 0.4163265306122449 0.7961165048543689 0.4122448979591837 0.7912621359223301 0.39183673469387753 0.7912621359223301 0.3877551020408163 0.7864077669902912 0.363265306122449 0.7864077669902912 0.35918367346938773 0.7815533980582524 0.3306122448979592 0.7815533980582524 0.32653061224489793 0.7766990291262136 0.3142857142857143 0.7766990291262136 0.31020408163265306 0.7718446601941747 0.2979591836734694 0.7718446601941747 0.2938775510204082 0.7669902912621359 0.2816326530612245 0.7669902912621359 0.27346938775510204 0.7572815533980582 0.27346938775510204 0.7233009708737864 0.27755102040816326 0.7184466019417476 0.27755102040816326 0.7087378640776699 0.2816326530612245 0.7038834951456311 0.2816326530612245 0.6893203883495146 0.2857142857142857 0.6844660194174758 0.2857142857142857 0.6699029126213593 0.2897959183673469 0.6650485436893204 0.2897959183673469 0.6553398058252428 0.2938775510204082 0.6504854368932039 0.2938775510204082 0.6359223300970874 0.3020408163265306 0.6213592233009708 0.3020408163265306 0.6019417475728155 0.30612244897959184 0.5970873786407767 0.30612244897959184 0.5825242718446602 0.31020408163265306 0.5776699029126213 0.31020408163265306 0.5679611650485437 0.3142857142857143 0.5631067961165048 0.3142857142857143 0.5485436893203883 0.3183673469387755 0.5436893203883495 0.3183673469387755 0.5339805825242718 0.3224489795918367 0.529126213592233 0.3224489795918367 0.5145631067961165 0.32653061224489793 0.5097087378640777 0.32653061224489793 0.5 0.3306122448979592 0.49514563106796117 0.34285714285714286 0.49029126213592233
19 0.5510204081632653 0.12135922330097088 0.5551020408163265 0.1262135922330097 0.5795918367346938 0.1262135922330097 0.5836734693877551 0.13106796116504854 0.6040816326530613 0.13106796116504854 0.6081632653061224 0.13592233009708737 0.6244897959183674 0.13592233009708737 0.6285714285714286 0.1407766990291262 0.6489795918367347 0.1407766990291262 0.6530612244897959 0.14563106796116504 0.6571428571428571 0.14563106796116504 0.6612244897959184 0.1407766990291262 0.6857142857142857 0.1407766990291262 0.689795918367347 0.14563106796116504 0.6938775510204082 0.14563106796116504 0.7020408163265306 0.16019417475728157 0.7020408163265306 0.1650485436893204 0.6979591836734694 0.16990291262135923 0.6979591836734694 0.18446601941747573 0.6938775510204082 0.18932038834951456 0.6938775510204082 0.20388349514563106 0.689795918367347 0.2087378640776699 0.689795918367347 0.21844660194174756 0.6816326530612244 0.23300970873786409 0.6816326530612244 0.24271844660194175 0.6775510204081633 0.24757281553398058 0.6775510204081633 0.2524271844660194 0.673469387755102 0.2524271844660194 0.6693877551020408 0.25728155339805825 0.6244897959183674 0.25728155339805825 0.6204081632653061 0.2621359223300971 0.6081632653061224 0.2621359223300971 0.5918367346938775 0.2815533980582524 0.5918367346938775 0.28640776699029125 0.5836734693877551 0.28640776699029125 0.5795918367346938 0.2912621359223301 0.5755102040816327 0.28640776699029125 0.5469387755102041 0.28640776699029125 0.5428571428571428 0.2815533980582524 0.5265306122448979 0.2815533980582524 0.5183673469387755 0.27184466019417475 0.5142857142857142 0.2766990291262136 0.5061224489795918 0.2766990291262136 0.5020408163265306 0.27184466019417475 0.4816326530612245 0.27184466019417475 0.4775510204081633 0.2669902912621359 0.46122448979591835 0.2669902912621359 0.4489795918367347 0.2524271844660194 0.42448979591836733 0.2524271844660194 0.4204081632653061 0.25728155339805825 0.4163265306122449 0.25728155339805825 0.4122448979591837 0.2621359223300971 0.4122448979591837 0.2669902912621359 0.3795918367346939 0.2669902912621359 0.37551020408163266 0.2621359223300971 0.37142857142857144 0.2621359223300971 0.363265306122449 0.27184466019417475 0.3510204081632653 0.27184466019417475 0.3469387755102041 0.2766990291262136 0.33877551020408164 0.2766990291262136 0.3306122448979592 0.2669902912621359 0.32653061224489793 0.27184466019417475 0.3224489795918367 0.27184466019417475 0.3183673469387755 0.2766990291262136 0.3183673469387755 0.2815533980582524 0.2938775510204082 0.2815533980582524 0.2979591836734694 0.2766990291262136 0.2938775510204082 0.27184466019417475 0.27346938775510204 0.27184466019417475 0.2693877551020408 0.2766990291262136 0.27346938775510204 0.2815533980582524 0.27755102040816326 0.2815533980582524 0.2571428571428571 0.2815533980582524 0.24489795918367346 0.2912621359223301 0.24489795918367346 0.30097087378640774 0.24489795918367346 0.2766990291262136 0.24081632653061225 0.27184466019417475 0.24081632653061225 0.24757281553398058 0.23673469387755103 0.24271844660194175 0.23673469387755103 0.23300970873786409 0.23265306122448978 0.22815533980582525 0.23265306122448978 0.20388349514563106 0.22857142857142856 0.19902912621359223 0.22857142857142856 0.17475728155339806 0.22448979591836735 0.16990291262135923 0.22448979591836735 0.14563106796116504 0.23265306122448978 0.13592233009708737 0.23673469387755103 0.13592233009708737 0.24081632653061225 0.13106796116504854 0.2693877551020408 0.13106796116504854 0.27346938775510204 0.1262135922330097 0.3306122448979592 0.1262135922330097 0.3346938775510204 0.12135922330097088 0.4530612244897959 0.12135922330097088 0.45714285714285713 0.1262135922330097 0.46530612244897956 0.1262135922330097 0.4775510204081633 0.11165048543689321 0.49795918367346936 0.11165048543689321 0.5020408163265306 0.11650485436893204 0.5265306122448979 0.11650485436893204 0.5306122448979592 0.12135922330097088 0.5469387755102041 0.12135922330097088
19 0.39591836734693875 0.12135922330097088 0.4 0.1262135922330097 0.40408163265306124 0.1262135922330097 0.40816326530612246 0.12135922330097088 0.42448979591836733 0.12135922330097088 0.42857142857142855 0.1262135922330097 0.45714285714285713 0.1262135922330097 0.46122448979591835 0.13106796116504854 0.45714285714285713 0.14563106796116504 0.46530612244897956 0.1553398058252427 0.46122448979591835 0.16019417475728157 0.46530612244897956 0.1650485436893204 0.46530612244897956 0.2087378640776699 0.46938775510204084 0.21359223300970873 0.46530612244897956 0.21844660194174756 0.46530612244897956 0.22330097087378642 0.46530612244897956 0.21844660194174756 0.46122448979591835 0.21359223300970873 0.4489795918367347 0.22815533980582525 0.4489795918367347 0.23786407766990292 0.4448979591836735 0.24271844660194175 0.4448979591836735 0.24757281553398058 0.4489795918367347 0.2524271844660194 0.45714285714285713 0.24271844660194175 0.45714285714285713 0.23300970873786409 0.45714285714285713 0.23786407766990292 0.46122448979591835 0.24271844660194175 0.45714285714285713 0.24757281553398058 0.45714285714285713 0.25728155339805825 0.46530612244897956 0.2669902912621359 0.47346938775510206 0.2669902912621359 0.44081632653061226 0.2669902912621359 0.44081632653061226 0.2621359223300971 0.42857142857142855 0.2524271844660194 0.42448979591836733 0.25728155339805825 0.4204081632653061 0.25728155339805825 0.4163265306122449 0.2621359223300971 0.4163265306122449 0.2669902912621359 0.37142857142857144 0.2669902912621359 0.3673469387755102 0.27184466019417475 0.363265306122449 0.27184466019417475 0.35918367346938773 0.2766990291262136 0.3510204081632653 0.2766990291262136 0.3469387755102041 0.2815533980582524 0.33877551020408164 0.2815533980582524 0.3306122448979592 0.27184466019417475 0.3224489795918367 0.2815533980582524 0.3142857142857143 0.2815533980582524 0.3020408163265306 0.2912621359223301 0.2938775510204082 0.2912621359223301 0.2897959183673469 0.28640776699029125 0.2857142857142857 0.2912621359223301 0.2816326530612245 0.28640776699029125 0.27346938775510204 0.28640776699029125 0.2693877551020408 0.2912621359223301 0.2693877551020408 0.2961165048543689 0.27346938775510204 0.30097087378640774 0.27755102040816326 0.30097087378640774 0.27755102040816326 0.3058252427184466 0.2816326530612245 0.3106796116504854 0.2857142857142857 0.3058252427184466 0.3020408163265306 0.3058252427184466 0.30612244897959184 0.30097087378640774 0.31020408163265306 0.30097087378640774 0.31020408163265306 0.3058252427184466 0.30612244897959184 0.3106796116504854 0.30612244897959184 0.32038834951456313 0.2938775510204082 0.32038834951456313 0.2857142857142857 0.3300970873786408 0.2897959183673469 0.33495145631067963 0.2816326530612245 0.33495145631067963 0.27755102040816326 0.33980582524271846 0.27755102040816326 0.3446601941747573 0.27755102040816326 0.33980582524271846 0.27346938775510204 0.33495145631067963 0.2693877551020408 0.33495145631067963 0.2693877551020408 0.3300970873786408 0.2653061224489796 0.32524271844660196 0.2612244897959184 0.32524271844660196 0.2571428571428571 0.32038834951456313 0.2530612244897959 0.32038834951456313 0.24897959183673468 0.32524271844660196 0.24897959183673468 0.32038834951456313 0.24489795918367346 0.3155339805825243 0.24489795918367346 0.2815533980582524 0.24081632653061225 0.2766990291262136 0.24081632653061225 0.24757281553398058 0.23673469387755103 0.24271844660194175 0.23673469387755103 0.22815533980582525 0.23265306122448978 0.22330097087378642 0.23265306122448978 0.1941747572815534 0.22857142857142856 0.18932038834951456 0.22857142857142856 0.16019417475728157 0.22448979591836735 0.1553398058252427 0.22857142857142856 0.15048543689320387 0.22857142857142856 0.1407766990291262 0.23265306122448978 0.13592233009708737 0.24081632653061225 0.13592233009708737 0.24489795918367346 0.13106796116504854 0.30612244897959184 0.13106796116504854 0.31020408163265306 0.1262135922330097 0.3510204081632653 0.1262135922330097 0.3551020408163265 0.12135922330097088 0.39183673469387753 0.12135922330097088
19 0.46938775510204084 0.1262135922330097 0.46938775510204084 0.13106796116504854 0.46530612244897956 0.13592233009708737 0.46530612244897956 0.16990291262135923 0.46938775510204084 0.17475728155339806 0.46938775510204084 0.1796116504854369 0.46530612244897956 0.18446601941747573 0.46938775510204084 0.18932038834951456 0.46938775510204084 0.19902912621359223 0.46530612244897956 0.20388349514563106 0.46530612244897956 0.22330097087378642 0.45714285714285713 0.23300970873786409 0.45714285714285713 0.23786407766990292 0.46122448979591835 0.24271844660194175 0.45714285714285713 0.24757281553398058 0.45714285714285713 0.25728155339805825 0.47346938775510206 0.2766990291262136 0.4775510204081633 0.2766990291262136 0.4816326530612245 0.2815533980582524 0.4857142857142857 0.2815533980582524 0.4897959183673469 0.2766990291262136 0.5061224489795918 0.2766990291262136 0.5183673469387755 0.28640776699029125 0.5224489795918368 0.28640776699029125 0.5306122448979592 0.2766990291262136 0.5265306122448979 0.27184466019417475 0.5265306122448979 0.2669902912621359 0.5346938775510204 0.2669902912621359 0.5387755102040817 0.2621359223300971 0.5387755102040817 0.25728155339805825 0.5387755102040817 0.2621359223300971 0.5346938775510204 0.2669902912621359 0.5387755102040817 0.27184466019417475 0.5346938775510204 0.2766990291262136 0.5387755102040817 0.2815533980582524 0.5428571428571428 0.2815533980582524 0.5469387755102041 0.28640776699029125 0.5510204081632653 0.2815533980582524 0.5551020408163265 0.2815533980582524 0.5551020408163265 0.28640776699029125 0.5673469387755102 0.2961165048543689 0.5714285714285714 0.2961165048543689 0.5755102040816327 0.2912621359223301 0.5795918367346938 0.2961165048543689 0.5959183673469388 0.2961165048543689 0.6 0.30097087378640774 0.6040816326530613 0.30097087378640774 0.6040816326530613 0.3058252427184466 0.6081632653061224 0.3106796116504854 0.6040816326530613 0.3155339805825243 0.6040816326530613 0.3786407766990291 0.6 0.38349514563106796 0.6 0.4174757281553398 0.5959183673469388 0.4223300970873786 0.5959183673469388 0.47572815533980584 0.5918367346938775 0.48058252427184467 0.5959183673469388 0.4854368932038835 0.5918367346938775 0.49029126213592233 0.5918367346938775 0.529126213592233 0.5877551020408164 0.5339805825242718 0.5591836734693878 0.5339805825242718 0.5551020408163265 0.529126213592233 0.5387755102040817 0.529126213592233 0.5346938775510204 0.5242718446601942 0.4857142857142857 0.5242718446601942 0.4816326530612245 0.5194174757281553 0.46938775510204084 0.5194174757281553 0.46530612244897956 0.5145631067961165 0.45714285714285713 0.5145631067961165 0.4530612244897959 0.5097087378640777 0.4448979591836735 0.5097087378640777 0.44081632653061226 0.5048543689320388 0.4326530612244898 0.5048543689320388 0.42857142857142855 0.5 0.4122448979591837 0.5 0.40816326530612246 0.49514563106796117 0.39591836734693875 0.49514563106796117 0.39183673469387753 0.49029126213592233 0.37142857142857144 0.49029126213592233 0.3673469387755102 0.4854368932038835 0.35918367346938773 0.4854368932038835 0.3469387755102041 0.47572815533980584 0.3306122448979592 0.47572815533980584 0.3142857142857143 0.5048543689320388 0.3142857142857143 0.5242718446601942 0.31020408163265306 0.529126213592233 0.31020408163265306 0.5388349514563107 0.30612244897959184 0.5436893203883495 0.30612244897959184 0.5485436893203883 0.2979591836734694 0.5631067961165048 0.2979591836734694 0.5728155339805825 0.2938775510204082 0.5776699029126213 0.2938775510204082 0.5825242718446602 0.2979591836734694 0.587378640776699 0.2938775510204082 0.5922330097087378 0.2938775510204082 0.6019417475728155 0.2897959183673469 0.6067961165048543 0.2897959183673469 0.6213592233009708 0.2857142857142857 0.6262135922330098 0.2857142857142857 0.6310679611650486 0.2857142857142857 0.616504854368932 0.2816326530612245 0.6116504854368932 0.2816326530612245 0.5825242718446602 0.27755102040816326 0.5776699029126213 0.27755102040816326 0.5679611650485437 0.27346938775510204 0.5631067961165048 0.27346938775510204 0.5242718446601942 0.2693877551020408 0.5194174757281553 0.2693877551020408 0.48058252427184467 0.2653061224489796 0.47572815533980584 0.2653061224489796 0.46116504854368934 0.2612244897959184 0.4563106796116505 0.2653061224489796 0.441747572815534 0.2612244897959184 0.4368932038834951 0.2612244897959184 0.4223300970873786 0.2571428571428571 0.4174757281553398 0.2571428571428571 0.39805825242718446 0.2530612244897959 0.3932038834951456 0.2530612244897959 0.3640776699029126 0.24897959183673468 0.3592233009708738 0.24897959183673468 0.3446601941747573 0.24489795918367346 0.33980582524271846 0.24489795918367346 0.30097087378640774 0.24081632653061225 0.2961165048543689 0.24081632653061225 0.2621359223300971 0.23673469387755103 0.25728155339805825 0.23673469387755103 0.23300970873786409 0.23265306122448978 0.22815533980582525 0.23265306122448978 0.20388349514563106 0.22857142857142856 0.19902912621359223 0.22857142857142856 0.1796116504854369 0.22448979591836735 0.17475728155339806 0.22448979591836735 0.14563106796116504 0.23265306122448978 0.13592233009708737 0.23673469387755103 0.13592233009708737 0.24081632653061225 0.13106796116504854 0.2612244897959184 0.13106796116504854 0.2653061224489796 0.1262135922330097 0.3224489795918367 0.1262135922330097 0.32653061224489793 0.12135922330097088 0.4530612244897959 0.12135922330097088 0.45714285714285713 0.1262135922330097 0.46530612244897956 0.1262135922330097
19 0.5020408163265306 0.11165048543689321 0.5061224489795918 0.11650485436893204 0.5306122448979592 0.11650485436893204 0.5346938775510204 0.12135922330097088 0.5591836734693878 0.12135922330097088 0.563265306122449 0.1262135922330097 0.5795918367346938 0.1262135922330097 0.5836734693877551 0.13106796116504854 0.6081632653061224 0.13106796116504854 0.6122448979591837 0.13592233009708737 0.6326530612244898 0.13592233009708737 0.636734693877551 0.1407766990291262 0.6612244897959184 0.1407766990291262 0.6653061224489796 0.13592233009708737 0.6816326530612244 0.13592233009708737 0.6857142857142857 0.1407766990291262 0.689795918367347 0.1407766990291262 0.7020408163265306 0.1553398058252427 0.7020408163265306 0.16990291262135923 0.6979591836734694 0.17475728155339806 0.6979591836734694 0.18446601941747573 0.6938775510204082 0.18932038834951456 0.6938775510204082 0.20388349514563106 0.689795918367347 0.2087378640776699 0.689795918367347 0.21844660194174756 0.6857142857142857 0.22330097087378642 0.6857142857142857 0.23300970873786409 0.6816326530612244 0.23786407766990292 0.6816326530612244 0.24757281553398058 0.673469387755102 0.25728155339805825 0.6612244897959184 0.25728155339805825 0.6571428571428571 0.2621359223300971 0.6530612244897959 0.25728155339805825 0.6326530612244898 0.25728155339805825 0.6285714285714286 0.2621359223300971 0.6081632653061224 0.2621359223300971 0.5959183673469388 0.2766990291262136 0.5959183673469388 0.2815533980582524 0.5836734693877551 0.2912621359223301 0.5795918367346938 0.2912621359223301 0.5755102040816327 0.28640776699029125 0.5510204081632653 0.28640776699029125 0.5469387755102041 0.2815533980582524 0.5387755102040817 0.2815533980582524 0.5346938775510204 0.2766990291262136 0.5142857142857142 0.2766990291262136 0.5102040816326531 0.27184466019417475 0.4816326530612245 0.27184466019417475 0.4775510204081633 0.2669902912621359 0.46938775510204084 0.2669902912621359 0.45714285714285713 0.2524271844660194 0.45714285714285713 0.22815533980582525 0.46122448979591835 0.22330097087378642 0.46122448979591835 0.21359223300970873 0.46530612244897956 0.2087378640776699 0.46530612244897956 0.1553398058252427 0.46938775510204084 0.15048543689320387 0.46938775510204084 0.12135922330097088 0.4775510204081633 0.11165048543689321 0.49795918367346936 0.11165048543689321
19 0.46122448979591835 0.1262135922330097 0.46122448979591835 0.1553398058252427 0.45714285714285713 0.16019417475728157 0.46122448979591835 0.1650485436893204 0.46122448979591835 0.17475728155339806 0.45714285714285713 0.1796116504854369 0.45714285714285713 0.2087378640776699 0.4530612244897959 0.21359223300970873 0.4530612244897959 0.22330097087378642 0.4489795918367347 0.22815533980582525 0.4489795918367347 0.24271844660194175 0.4448979591836735 0.24757281553398058 0.4448979591836735 0.2766990291262136 0.43673469387755104 0.2766990291262136 0.42857142857142855 0.28640776699029125 0.42857142857142855 0.32038834951456313 0.44081632653061226 0.3300970873786408 0.44081632653061226 0.33495145631067963 0.43673469387755104 0.33495145631067963 0.4326530612244898 0.33980582524271846 0.43673469387755104 0.3446601941747573 0.43673469387755104 0.4174757281553398 0.4326530612244898 0.4223300970873786 0.4326530612244898 0.45145631067961167 0.4204081632653061 0.46601941747572817 0.4204081632653061 0.470873786407767 0.42448979591836733 0.47572815533980584 0.42857142857142855 0.49029126213592233 0.4204081632653061 0.5 0.4122448979591837 0.5 0.40816326530612246 0.49514563106796117 0.39591836734693875 0.49514563106796117 0.3877551020408163 0.4854368932038835 0.37142857142857144 0.4854368932038835 0.3673469387755102 0.48058252427184467 0.363265306122449 0.4854368932038835 0.35918367346938773 0.4854368932038835 0.3551020408163265 0.48058252427184467 0.3469387755102041 0.48058252427184467 0.34285714285714286 0.47572815533980584 0.33877551020408164 0.47572815533980584 0.3306122448979592 0.4854368932038835 0.32653061224489793 0.4854368932038835 0.3183673469387755 0.49514563106796117 0.3183673469387755 0.5097087378640777 0.3142857142857143 0.5145631067961165 0.3142857142857143 0.5242718446601942 0.31020408163265306 0.529126213592233 0.31020408163265306 0.5436893203883495 0.30612244897959184 0.5485436893203883 0.30612244897959184 0.5631067961165048 0.3020408163265306 0.5679611650485437 0.3020408163265306 0.5776699029126213 0.2979591836734694 0.5825242718446602 0.2979591836734694 0.5970873786407767 0.2938775510204082 0.6019417475728155 0.2938775510204082 0.616504854368932 0.2897959183673469 0.6213592233009708 0.2897959183673469 0.6310679611650486 0.2857142857142857 0.6359223300970874 0.2857142857142857 0.6310679611650486 0.2816326530612245 0.6262135922330098 0.2816326530612245 0.6019417475728155 0.27755102040816326 0.5970873786407767 0.27755102040816326 0.5728155339805825 0.27346938775510204 0.5679611650485437 0.27346938775510204 0.5339805825242718 0.2693877551020408 0.529126213592233 0.2693877551020408 0.4854368932038835 0.2653061224489796 0.48058252427184467 0.2653061224489796 0.46601941747572817 0.2612244897959184 0.46116504854368934 0.2612244897959184 0.42718446601941745 0.2571428571428571 0.4223300970873786 0.2571428571428571 0.4029126213592233 0.2530612244897959 0.39805825242718446 0.2530612244897959 0.36893203883495146 0.24897959183673468 0.3640776699029126 0.24897959183673468 0.34951456310679613 0.24489795918367346 0.3446601941747573 0.24489795918367346 0.3058252427184466 0.24081632653061225 0.30097087378640774 0.24081632653061225 0.27184466019417475 0.23673469387755103 0.2669902912621359 0.23673469387755103 0.23786407766990292 0.23265306122448978 0.23300970873786409 0.23265306122448978 0.2087378640776699 0.22857142857142856 0.20388349514563106 0.22857142857142856 0.18446601941747573 0.22448979591836735 0.1796116504854369 0.22448979591836735 0.1407766990291262 0.22857142857142856 0.13592233009708737 0.23673469387755103 0.13592233009708737 0.24081632653061225 0.13106796116504854 0.2612244897959184 0.13106796116504854 0.2653061224489796 0.1262135922330097 0.3142857142857143 0.1262135922330097 0.3183673469387755 0.12135922330097088 0.4530612244897959 0.12135922330097088 0.45714285714285713 0.1262135922330097