19 0.4899598393574297 0.5555555555555556 0.4939759036144578 0.5555555555555556 0.4979919678714859 0.55 0.5020080321285141 0.55 0.5060240963855421 0.5555555555555556 0.5020080321285141 0.5611111111111111 0.5020080321285141 0.5666666666666667 0.5100401606425703 0.5777777777777777 0.5140562248995983 0.5777777777777777 0.5140562248995983 0.6055555555555555 0.5180722891566265 0.6111111111111112 0.5220883534136547 0.6055555555555555 0.5301204819277109 0.6055555555555555 0.5341365461847389 0.6111111111111112 0.5341365461847389 0.6277777777777778 0.5381526104417671 0.6333333333333333 0.5301204819277109 0.6444444444444445 0.5301204819277109 0.65 0.5220883534136547 0.65 0.5180722891566265 0.6444444444444445 0.5140562248995983 0.65 0.5140562248995983 0.6555555555555556 0.5100401606425703 0.65 0.5100401606425703 0.6388888888888888 0.5060240963855421 0.6333333333333333 0.5020080321285141 0.6333333333333333 0.4979919678714859 0.6388888888888888 0.4939759036144578 0.6333333333333333 0.4979919678714859 0.6277777777777778 0.4979919678714859 0.6055555555555555 0.5020080321285141 0.6111111111111112 0.5060240963855421 0.6111111111111112 0.5100401606425703 0.6055555555555555 0.5100401606425703 0.6 0.5060240963855421 0.5944444444444444 0.5060240963855421 0.5888888888888889 0.4899598393574297 0.5666666666666667 0.4899598393574297 0.5611111111111111
19 0 0.1388888888888889 0.004016064257028112 0.14444444444444443 0.012048192771084338 0.14444444444444443 0.01606425702811245 0.15 0.020080321285140562 0.15 0.024096385542168676 0.15555555555555556 0.028112449799196786 0.15555555555555556 0.03614457831325301 0.16666666666666666 0.040160642570281124 0.16666666666666666 0.040160642570281124 0.17222222222222222 0.03614457831325301 0.17777777777777778 0.03614457831325301 0.18333333333333332 0.0321285140562249 0.18333333333333332 0.028112449799196786 0.18888888888888888 0.004016064257028112 0.18888888888888888 0 0.18333333333333332 0 0.14444444444444443
19 0.9759036144578314 0 0.9799196787148594 0.005555555555555556 0.9879518072289156 0.005555555555555556 0.9919678714859438 0.011111111111111112 0.9919678714859438 0.044444444444444446 0.9959839357429718 0.05 0.9959839357429718 0.06111111111111111 0.9919678714859438 0.06111111111111111 0.9879518072289156 0.06666666666666667 0.9919678714859438 0.07222222222222222 0.9879518072289156 0.07777777777777778 0.9879518072289156 0.08888888888888889 0.9839357429718876 0.09444444444444444 0.9839357429718876 0.1111111111111111 0.9879518072289156 0.11666666666666667 0.9879518072289156 0.1388888888888889 0.9839357429718876 0.14444444444444443 0.9839357429718876 0.15555555555555556 0.9718875502008032 0.15555555555555556 0.963855421686747 0.16666666666666666 0.963855421686747 0.17777777777777778 0.9678714859437751 0.18333333333333332 0.9718875502008032 0.18333333333333332 0.9718875502008032 0.18888888888888888 0.9799196787148594 0.2 0.9839357429718876 0.2 0.9839357429718876 0.20555555555555555 0.9919678714859438 0.21666666666666667 0.9919678714859438 0.26666666666666666 0.9879518072289156 0.2722222222222222 0.9959839357429718 0.28888888888888886 0.9959839357429718 0.3055555555555556 0.9919678714859438 0.3111111111111111 0.9919678714859438 0.3333333333333333 0.9879518072289156 0.3388888888888889 0.9879518072289156 0.34444444444444444 0.9919678714859438 0.35 0.9919678714859438 0.38333333333333336 0.9879518072289156 0.3888888888888889 0.9879518072289156 0.39444444444444443 0.9799196787148594 0.40555555555555556 0.9759036144578314 0.40555555555555556 0.9718875502008032 0.4 0.9678714859437751 0.40555555555555556 0.9678714859437751 0.4111111111111111 0.9799196787148594 0.4222222222222222 0.9718875502008032 0.4222222222222222 0.9718875502008032 0.4166666666666667 0.9678714859437751 0.4111111111111111 0.963855421686747 0.4166666666666667 0.963855421686747 0.4444444444444444 0.9718875502008032 0.45555555555555555 0.9718875502008032 0.46111111111111114 0.9759036144578314 0.4666666666666667 0.9799196787148594 0.4666666666666667 0.9799196787148594 0.4722222222222222 0.9919678714859438 0.4888888888888889 0.9919678714859438 0.5 0.9839357429718876 0.5111111111111111 0.9839357429718876 0.5222222222222223 0.9879518072289156 0.5277777777777778 0.9879518072289156 0.5555555555555556 0.9839357429718876 0.5611111111111111 0.9839357429718876 0.5666666666666667 0.9879518072289156 0.5722222222222222 0.9919678714859438 0.5722222222222222 0.9879518072289156 0.5777777777777777 0.9919678714859438 0.5833333333333334 0.9919678714859438 0.6111111111111112 0.9959839357429718 0.6166666666666667 0.9959839357429718 0.6222222222222222 0.9919678714859438 0.6277777777777778 0.9919678714859438 0.6388888888888888 0.9879518072289156 0.6444444444444445 0.9879518072289156 0.6611111111111111 0.9919678714859438 0.6666666666666666 0.9919678714859438 0.6777777777777778 0.9959839357429718 0.6833333333333333 0.9959839357429718 0.6944444444444444 0.9919678714859438 0.7 0.9759036144578314 0.7 0.9718875502008032 0.6944444444444444 0.963855421686747 0.6944444444444444 0.9518072289156626 0.6833333333333333 0.9518072289156626 0.6722222222222223 0.9477911646586346 0.6666666666666666 0.9477911646586346 0.6444444444444445 0.9437751004016064 0.6388888888888888 0.9437751004016064 0.6055555555555555 0.9397590361445783 0.6 0.9397590361445783 0.5666666666666667 0.9357429718875502 0.5611111111111111 0.9357429718875502 0.5 0.9317269076305221 0.49444444444444446 0.9317269076305221 0.4777777777777778 0.927710843373494 0.4722222222222222 0.927710843373494 0.4444444444444444 0.9196787148594378 0.43333333333333335 0.9196787148594378 0.40555555555555556 0.9156626506024096 0.4 0.9156626506024096 0.3111111111111111 0.9196787148594378 0.3055555555555556 0.9196787148594378 0.29444444444444445 0.927710843373494 0.2833333333333333 0.927710843373494 0.26666666666666666 0.9317269076305221 0.26666666666666666 0.9397590361445783 0.25555555555555554 0.9397590361445783 0.25 0.9477911646586346 0.2388888888888889 0.9477911646586346 0.23333333333333334 0.9437751004016064 0.22777777777777777 0.9437751004016064 0.2222222222222222 0.9357429718875502 0.20555555555555555 0.9357429718875502 0.18888888888888888 0.927710843373494 0.17777777777777778 0.927710843373494 0.17222222222222222 0.9116465863453815 0.15 0.9116465863453815 0.14444444444444443 0.9076305220883534 0.1388888888888889 0.9076305220883534 0.13333333333333333 0.8995983935742972 0.12222222222222222 0.8995983935742972 0.11666666666666667 0.8955823293172691 0.1111111111111111 0.8955823293172691 0.10555555555555556 0.891566265060241 0.1 0.891566265060241 0.09444444444444444 0.8835341365461847 0.07777777777777778 0.8835341365461847 0.07222222222222222 0.8714859437751004 0.05555555555555555 0.8514056224899599 0.05555555555555555 0.8473895582329317 0.06111111111111111 0.8433734939759037 0.06111111111111111 0.8313253012048193 0.05 0.8353413654618473 0.044444444444444446 0.8353413654618473 0.027777777777777776 0.8393574297188755 0.022222222222222223 0.8393574297188755 0.011111111111111112 0.8473895582329317 0 0.9718875502008032 0
19 0.05220883534136546 0 0.0642570281124498 0.011111111111111112 0.08433734939759036 0.011111111111111112 0.08835341365461848 0.005555555555555556 0.11646586345381527 0.005555555555555556 0.12048192771084337 0.011111111111111112 0.12449799196787148 0.011111111111111112 0.12449799196787148 0.03333333333333333 0.13253012048192772 0.044444444444444446 0.13253012048192772 0.05555555555555555 0.13654618473895583 0.06111111111111111 0.13654618473895583 0.07222222222222222 0.14056224899598393 0.07777777777777778 0.14056224899598393 0.08333333333333333 0.14859437751004015 0.1 0.14859437751004015 0.12777777777777777 0.14056224899598393 0.12777777777777777 0.13654618473895583 0.13333333333333333 0.13253012048192772 0.13333333333333333 0.1285140562248996 0.1388888888888889 0.12449799196787148 0.1388888888888889 0.12048192771084337 0.14444444444444443 0.11646586345381527 0.14444444444444443 0.11244979919678715 0.15 0.10441767068273092 0.15 0.10040160642570281 0.15555555555555556 0.08835341365461848 0.15555555555555556 0.07630522088353414 0.16666666666666666 0.04819277108433735 0.16666666666666666 0.04417670682730924 0.16111111111111112 0.040160642570281124 0.16111111111111112 0.03614457831325301 0.15555555555555556 0.0321285140562249 0.15555555555555556 0.024096385542168676 0.14444444444444443 0.01606425702811245 0.14444444444444443 0.004016064257028112 0.13333333333333333 0 0.1388888888888889 0 0.07222222222222222 0.004016064257028112 0.06666666666666667 0 0.06111111111111111 0 0.011111111111111112 0.008032128514056224 0.011111111111111112 0.012048192771084338 0.005555555555555556 0.0321285140562249 0.005555555555555556 0.03614457831325301 0 0.04819277108433735 0
19 0.6305220883534136 0.05555555555555555 0.6345381526104418 0.05555555555555555 0.6385542168674698 0.05 0.6506024096385542 0.05 0.6546184738955824 0.044444444444444446 0.6666666666666666 0.044444444444444446 0.6666666666666666 0.06666666666666667 0.6626506024096386 0.06666666666666667 0.6586345381526104 0.07222222222222222 0.6586345381526104 0.08333333333333333 0.6546184738955824 0.08888888888888889 0.6546184738955824 0.1 0.6465863453815262 0.11666666666666667 0.6506024096385542 0.12222222222222222 0.642570281124498 0.1388888888888889 0.6465863453815262 0.14444444444444443 0.6465863453815262 0.15 0.6385542168674698 0.16111111111111112 0.6345381526104418 0.16111111111111112 0.6305220883534136 0.16666666666666666 0.6265060240963856 0.16666666666666666 0.6265060240963856 0.07222222222222222 0.6305220883534136 0.06666666666666667 0.6305220883534136 0.06111111111111111
19 0 0.13333333333333333 0.004016064257028112 0.13333333333333333 0.012048192771084338 0.14444444444444443 0.01606425702811245 0.14444444444444443 0.028112449799196786 0.16111111111111112 0.028112449799196786 0.16666666666666666 0 0.16666666666666666 0 0.1388888888888889
19 0.8514056224899599 0.06666666666666667 0.8554216867469879 0.07222222222222222 0.8755020080321285 0.07222222222222222 0.8755020080321285 0.07777777777777778 0.8795180722891566 0.08333333333333333 0.8795180722891566 0.08888888888888889 0.8835341365461847 0.09444444444444444 0.8835341365461847 0.1 0.891566265060241 0.1111111111111111 0.891566265060241 0.11666666666666667 0.8995983935742972 0.13333333333333333 0.8995983935742972 0.14444444444444443 0.9036144578313253 0.15 0.9036144578313253 0.15555555555555556 0.9196787148594378 0.17777777777777778 0.9196787148594378 0.18333333333333332 0.9236947791164659 0.18888888888888888 0.9236947791164659 0.19444444444444445 0.9317269076305221 0.2111111111111111 0.9317269076305221 0.2222222222222222 0.9357429718875502 0.22777777777777777 0.9357429718875502 0.2388888888888889 0.9317269076305221 0.2388888888888889 0.927710843373494 0.24444444444444444 0.927710843373494 0.25 0.9196787148594378 0.2611111111111111 0.9196787148594378 0.2777777777777778 0.9076305220883534 0.28888888888888886 0.9116465863453815 0.29444444444444445 0.9116465863453815 0.3 0.9076305220883534 0.3055555555555556 0.9076305220883534 0.3111111111111111 0.9116465863453815 0.31666666666666665 0.9116465863453815 0.32222222222222224 0.9076305220883534 0.3277777777777778 0.9076305220883534 0.4 0.9116465863453815 0.40555555555555556 0.9116465863453815 0.4222222222222222 0.9156626506024096 0.42777777777777776 0.9156626506024096 0.4444444444444444 0.9196787148594378 0.45 0.9196787148594378 0.48333333333333334 0.9236947791164659 0.4888888888888889 0.9236947791164659 0.5055555555555555 0.927710843373494 0.5111111111111111 0.927710843373494 0.5222222222222223 0.9236947791164659 0.5277777777777778 0.927710843373494 0.5333333333333333 0.927710843373494 0.5666666666666667 0.9317269076305221 0.5722222222222222 0.9317269076305221 0.6111111111111112 0.9357429718875502 0.6166666666666667 0.9317269076305221 0.6222222222222222 0.9357429718875502 0.6277777777777778 0.9357429718875502 0.6611111111111111 0.9397590361445783 0.6666666666666666 0.9397590361445783 0.6777777777777778 0.9357429718875502 0.6833333333333333 0.9357429718875502 0.6888888888888889 0.927710843373494 0.7 0.9196787148594378 0.7 0.9156626506024096 0.7055555555555556 0.9116465863453815 0.7055555555555556 0.8995983935742972 0.7166666666666667 0.891566265060241 0.7166666666666667 0.8875502008032129 0.7222222222222222 0.8594377510040161 0.7222222222222222 0.8554216867469879 0.7277777777777777 0.8514056224899599 0.7222222222222222 0.8473895582329317 0.7277777777777777 0.8433734939759037 0.7222222222222222 0.8313253012048193 0.7222222222222222 0.8152610441767069 0.7 0.8112449799196787 0.7 0.8032128514056225 0.6888888888888889 0.8032128514056225 0.6777777777777778 0.7991967871485943 0.6722222222222223 0.7991967871485943 0.6611111111111111 0.7951807228915663 0.6555555555555556 0.7991967871485943 0.65 0.7991967871485943 0.6444444444444445 0.7871485943775101 0.6333333333333333 0.7791164658634538 0.6333333333333333 0.7751004016064257 0.6277777777777778 0.7710843373493976 0.6277777777777778 0.7670682730923695 0.6222222222222222 0.7630522088353414 0.6222222222222222 0.7630522088353414 0.6166666666666667 0.7590361445783133 0.6111111111111112 0.7590361445783133 0.5944444444444444 0.7349397590361446 0.5611111111111111 0.7349397590361446 0.55 0.7309236947791165 0.5444444444444444 0.7309236947791165 0.5333333333333333 0.7228915662650602 0.5222222222222223 0.7228915662650602 0.5166666666666667 0.7188755020080321 0.5111111111111111 0.7188755020080321 0.5055555555555555 0.714859437751004 0.5 0.714859437751004 0.49444444444444446 0.7068273092369478 0.4777777777777778 0.7068273092369478 0.46111111111111114 0.6987951807228916 0.45 0.6987951807228916 0.4444444444444444 0.6907630522088354 0.42777777777777776 0.6907630522088354 0.4166666666666667 0.6827309236947792 0.40555555555555556 0.6827309236947792 0.4 0.678714859437751 0.39444444444444443 0.678714859437751 0.3888888888888889 0.6706827309236948 0.37777777777777777 0.6666666666666666 0.37777777777777777 0.6626506024096386 0.37222222222222223 0.6586345381526104 0.37222222222222223 0.642570281124498 0.35 0.6385542168674698 0.35 0.6465863453815262 0.3388888888888889 0.6345381526104418 0.32222222222222224 0.6305220883534136 0.32222222222222224 0.6385542168674698 0.32222222222222224 0.6385542168674698 0.3277777777777778 0.642570281124498 0.3333333333333333 0.6465863453815262 0.3277777777777778 0.6465863453815262 0.3388888888888889 0.6506024096385542 0.34444444444444444 0.6546184738955824 0.3388888888888889 0.6546184738955824 0.3111111111111111 0.6465863453815262 0.3 0.6465863453815262 0.29444444444444445 0.6385542168674698 0.2777777777777778 0.6385542168674698 0.26666666666666666 0.6345381526104418 0.2611111111111111 0.6345381526104418 0.24444444444444444 0.6305220883534136 0.2388888888888889 0.6305220883534136 0.2222222222222222 0.6265060240963856 0.21666666666666667 0.6265060240963856 0.2 0.6305220883534136 0.19444444444444445 0.6305220883534136 0.17777777777777778 0.6385542168674698 0.16666666666666666 0.642570281124498 0.16666666666666666 0.6465863453815262 0.16111111111111112 0.6546184738955824 0.16111111111111112 0.6586345381526104 0.15555555555555556 0.6706827309236948 0.15555555555555556 0.6746987951807228 0.15 0.6827309236947792 0.15 0.6867469879518072 0.14444444444444443 0.6947791164658634 0.14444444444444443 0.6987951807228916 0.1388888888888889 0.7068273092369478 0.1388888888888889 0.7108433734939759 0.13333333333333333 0.7188755020080321 0.13333333333333333 0.7309236947791165 0.12222222222222222 0.7429718875502008 0.12222222222222222 0.7469879518072289 0.11666666666666667 0.7590361445783133 0.11666666666666667 0.7630522088353414 0.1111111111111111 0.7751004016064257 0.1111111111111111 0.7791164658634538 0.10555555555555556 0.7831325301204819 0.10555555555555556 0.7951807228915663 0.08888888888888889 0.8032128514056225 0.08888888888888889 0.8072289156626506 0.08333333333333333 0.8112449799196787 0.08333333333333333 0.8152610441767069 0.07777777777777778 0.8232931726907631 0.07777777777777778 0.8353413654618473 0.06666666666666667 0.8473895582329317 0.06666666666666667
19 0.6867469879518072 0.4388888888888889 0.6947791164658634 0.45555555555555555 0.6947791164658634 0.4666666666666667 0.7028112449799196 0.4777777777777778 0.7028112449799196 0.48333333333333334 0.7068273092369478 0.4888888888888889 0.7068273092369478 0.49444444444444446 0.714859437751004 0.5111111111111111 0.714859437751004 0.5222222222222223 0.7228915662650602 0.5333333333333333 0.7228915662650602 0.5388888888888889 0.7269076305220884 0.5444444444444444 0.7269076305220884 0.5555555555555556 0.7309236947791165 0.5611111111111111 0.7309236947791165 0.5666666666666667 0.7429718875502008 0.5833333333333334 0.7429718875502008 0.6 0.7349397590361446 0.6 0.7309236947791165 0.5944444444444444 0.7309236947791165 0.5888888888888889 0.7269076305220884 0.5833333333333334 0.7228915662650602 0.5833333333333334 0.6947791164658634 0.5444444444444444 0.6907630522088354 0.5444444444444444 0.6827309236947792 0.5333333333333333 0.678714859437751 0.5333333333333333 0.6746987951807228 0.5277777777777778 0.6706827309236948 0.5277777777777778 0.6626506024096386 0.5166666666666667 0.6586345381526104 0.5166666666666667 0.6586345381526104 0.5 0.6626506024096386 0.49444444444444446 0.6626506024096386 0.4888888888888889 0.6706827309236948 0.4777777777777778 0.6706827309236948 0.4722222222222222 0.678714859437751 0.46111111111111114 0.6827309236947792 0.46111111111111114 0.6867469879518072 0.4666666666666667 0.6907630522088354 0.46111111111111114 0.6907630522088354 0.45 0.6867469879518072 0.4444444444444444
19 0.9839357429718876 0.7111111111111111 0.9919678714859438 0.7222222222222222 0.9919678714859438 0.7444444444444445 0.9959839357429718 0.75 0.9959839357429718 0.7944444444444444 0.9919678714859438 0.8 0.9959839357429718 0.8055555555555556 0.9959839357429718 0.85 0.9919678714859438 0.8555555555555555 0.9919678714859438 0.8777777777777778 0.9959839357429718 0.8833333333333333 0.9919678714859438 0.8888888888888888 0.9919678714859438 0.9111111111111111 0.9839357429718876 0.9111111111111111 0.9799196787148594 0.9166666666666666 0.9558232931726908 0.9166666666666666 0.9518072289156626 0.9111111111111111 0.9437751004016064 0.9111111111111111 0.9477911646586346 0.9055555555555556 0.9477911646586346 0.9 0.9397590361445783 0.8833333333333333 0.9397590361445783 0.8444444444444444 0.9357429718875502 0.8388888888888889 0.9357429718875502 0.8277777777777777 0.9317269076305221 0.8222222222222222 0.9317269076305221 0.8166666666666667 0.9236947791164659 0.8055555555555556 0.9196787148594378 0.8055555555555556 0.9196787148594378 0.8 0.9116465863453815 0.7888888888888889 0.8714859437751004 0.7888888888888889 0.8674698795180723 0.7944444444444444 0.8554216867469879 0.7944444444444444 0.8514056224899599 0.8 0.8554216867469879 0.8055555555555556 0.8353413654618473 0.8055555555555556 0.8313253012048193 0.8111111111111111 0.8232931726907631 0.8111111111111111 0.8192771084337349 0.8166666666666667 0.8112449799196787 0.8166666666666667 0.8152610441767069 0.8166666666666667 0.8192771084337349 0.8111111111111111 0.8152610441767069 0.8055555555555556 0.8072289156626506 0.8055555555555556 0.8032128514056225 0.8111111111111111 0.7951807228915663 0.8111111111111111 0.7911646586345381 0.8166666666666667 0.7871485943775101 0.8111111111111111 0.7791164658634538 0.8111111111111111 0.7791164658634538 0.8055555555555556 0.7751004016064257 0.8 0.7710843373493976 0.8 0.7670682730923695 0.8055555555555556 0.7630522088353414 0.8 0.7590361445783133 0.8055555555555556 0.7590361445783133 0.8111111111111111 0.7630522088353414 0.8166666666666667 0.7710843373493976 0.8166666666666667 0.7670682730923695 0.8166666666666667 0.7630522088353414 0.8222222222222222 0.7630522088353414 0.8333333333333334 0.7429718875502008 0.8333333333333334 0.7389558232931727 0.8388888888888889 0.7228915662650602 0.8388888888888889 0.7188755020080321 0.8333333333333334 0.7068273092369478 0.8333333333333334 0.7028112449799196 0.8388888888888889 0.7068273092369478 0.8444444444444444 0.7068273092369478 0.85 0.7028112449799196 0.8444444444444444 0.6987951807228916 0.8444444444444444 0.6947791164658634 0.85 0.6947791164658634 0.8444444444444444 0.6907630522088354 0.8388888888888889 0.6827309236947792 0.8388888888888889 0.6746987951807228 0.85 0.6746987951807228 0.8722222222222222 0.6626506024096386 0.8833333333333333 0.6626506024096386 0.8888888888888888 0.6666666666666666 0.8944444444444445 0.6746987951807228 0.8944444444444445 0.6746987951807228 0.9 0.6706827309236948 0.9055555555555556 0.6706827309236948 0.9111111111111111 0.6144578313253012 0.9111111111111111 0.606425702811245 0.9 0.6024096385542169 0.9 0.6224899598393574 0.8722222222222222 0.6224899598393574 0.8611111111111112 0.6265060240963856 0.8611111111111112 0.6345381526104418 0.85 0.6305220883534136 0.8444444444444444 0.6265060240963856 0.8444444444444444 0.6305220883534136 0.8388888888888889 0.6305220883534136 0.8333333333333334 0.6345381526104418 0.8277777777777777 0.6345381526104418 0.8222222222222222 0.6385542168674698 0.8277777777777777 0.642570281124498 0.8222222222222222 0.642570281124498 0.8166666666666667 0.6465863453815262 0.8166666666666667 0.6506024096385542 0.8111111111111111 0.6506024096385542 0.8055555555555556 0.6465863453815262 0.8 0.6506024096385542 0.8 0.6546184738955824 0.7944444444444444 0.6586345381526104 0.7944444444444444 0.6706827309236948 0.7833333333333333 0.6827309236947792 0.7833333333333333 0.6867469879518072 0.7777777777777778 0.6907630522088354 0.7777777777777778 0.7028112449799196 0.7666666666666667 0.7108433734939759 0.7666666666666667 0.714859437751004 0.7611111111111111 0.7349397590361446 0.7611111111111111 0.7389558232931727 0.7555555555555555 0.7429718875502008 0.7555555555555555 0.7469879518072289 0.75 0.7469879518072289 0.7444444444444445 0.751004016064257 0.7444444444444445 0.7630522088353414 0.7333333333333333 0.7710843373493976 0.7333333333333333 0.7751004016064257 0.7277777777777777 0.7871485943775101 0.7277777777777777 0.7911646586345381 0.7222222222222222 0.7991967871485943 0.7222222222222222 0.8072289156626506 0.7333333333333333 0.8112449799196787 0.7277777777777777 0.8152610441767069 0.7277777777777777 0.8232931726907631 0.7388888888888889 0.8273092369477911 0.7388888888888889 0.8313253012048193 0.7444444444444445 0.8393574297188755 0.7444444444444445 0.8433734939759037 0.75 0.8514056224899599 0.75 0.8554216867469879 0.7444444444444445 0.8594377510040161 0.75 0.8634538152610441 0.75 0.8674698795180723 0.7444444444444445 0.8835341365461847 0.7444444444444445 0.8875502008032129 0.7388888888888889 0.891566265060241 0.7388888888888889 0.8995983935742972 0.7277777777777777 0.9076305220883534 0.7277777777777777 0.9116465863453815 0.7222222222222222 0.9196787148594378 0.7222222222222222 0.927710843373494 0.7111111111111111 0.9357429718875502 0.7111111111111111 0.9397590361445783 0.7055555555555556 0.9678714859437751 0.7055555555555556 0.9718875502008032 0.7111111111111111 0.9799196787148594 0.7111111111111111
19 0.8393574297188755 0.07222222222222222 0.8433734939759037 0.07222222222222222 0.8433734939759037 0.07777777777777778 0.8393574297188755 0.08333333333333333 0.8433734939759037 0.08888888888888889 0.8473895582329317 0.08888888888888889 0.8473895582329317 0.1 0.8433734939759037 0.1 0.8433734939759037 0.08888888888888889 0.8393574297188755 0.08333333333333333 0.8353413654618473 0.08333333333333333 0.8313253012048193 0.08888888888888889 0.8313253012048193 0.09444444444444444 0.8353413654618473 0.1 0.8313253012048193 0.10555555555555556 0.8273092369477911 0.1 0.8232931726907631 0.1 0.8192771084337349 0.10555555555555556 0.8192771084337349 0.1111111111111111 0.8152610441767069 0.1111111111111111 0.8152610441767069 0.10555555555555556 0.8112449799196787 0.1 0.8032128514056225 0.11666666666666667 0.7991967871485943 0.11666666666666667 0.7951807228915663 0.1111111111111111 0.7911646586345381 0.11666666666666667 0.7791164658634538 0.11666666666666667 0.7751004016064257 0.12222222222222222 0.7751004016064257 0.13333333333333333 0.7791164658634538 0.1388888888888889 0.7791164658634538 0.16666666666666666 0.7831325301204819 0.17222222222222222 0.7871485943775101 0.17222222222222222 0.7951807228915663 0.18333333333333332 0.7951807228915663 0.19444444444444445 0.7991967871485943 0.2 0.8032128514056225 0.19444444444444445 0.8032128514056225 0.18888888888888888 0.8152610441767069 0.18888888888888888 0.8192771084337349 0.18333333333333332 0.8192771084337349 0.17777777777777778 0.8232931726907631 0.17777777777777778 0.8232931726907631 0.18333333333333332 0.8152610441767069 0.19444444444444445 0.8192771084337349 0.2 0.8112449799196787 0.18888888888888888 0.8032128514056225 0.20555555555555555 0.8072289156626506 0.2111111111111111 0.8192771084337349 0.2111111111111111 0.8232931726907631 0.21666666666666667 0.8192771084337349 0.21666666666666667 0.8152610441767069 0.2222222222222222 0.8192771084337349 0.22777777777777777 0.8232931726907631 0.22777777777777777 0.8152610441767069 0.24444444444444444 0.8152610441767069 0.25 0.8192771084337349 0.25555555555555554 0.8313253012048193 0.24444444444444444 0.8353413654618473 0.25 0.8393574297188755 0.25 0.8473895582329317 0.2388888888888889 0.8514056224899599 0.2388888888888889 0.8554216867469879 0.23333333333333334 0.8554216867469879 0.22777777777777777 0.8594377510040161 0.22777777777777777 0.8634538152610441 0.23333333333333334 0.8674698795180723 0.23333333333333334 0.8714859437751004 0.22777777777777777 0.8875502008032129 0.22777777777777777 0.891566265060241 0.2222222222222222 0.891566265060241 0.2111111111111111 0.8875502008032129 0.20555555555555555 0.8835341365461847 0.20555555555555555 0.8795180722891566 0.2 0.8755020080321285 0.20555555555555555 0.8594377510040161 0.20555555555555555 0.8674698795180723 0.20555555555555555 0.8714859437751004 0.2 0.8634538152610441 0.18888888888888888 0.8594377510040161 0.19444444444444445 0.8554216867469879 0.19444444444444445 0.8514056224899599 0.18888888888888888 0.8473895582329317 0.18888888888888888 0.8433734939759037 0.19444444444444445 0.8393574297188755 0.18888888888888888 0.8313253012048193 0.18888888888888888 0.8313253012048193 0.17777777777777778 0.8393574297188755 0.18888888888888888 0.8433734939759037 0.18333333333333332 0.8594377510040161 0.18333333333333332 0.8634538152610441 0.17777777777777778 0.8554216867469879 0.16666666666666666 0.8473895582329317 0.16666666666666666 0.8473895582329317 0.16111111111111112 0.8514056224899599 0.15555555555555556 0.8554216867469879 0.15555555555555556 0.8634538152610441 0.14444444444444443 0.8594377510040161 0.1388888888888889 0.8594377510040161 0.12222222222222222 0.8554216867469879 0.11666666666666667 0.8554216867469879 0.1 0.8594377510040161 0.1 0.8594377510040161 0.1111111111111111 0.8634538152610441 0.11666666666666667 0.8674698795180723 0.11666666666666667 0.8755020080321285 0.10555555555555556 0.8714859437751004 0.1 0.8714859437751004 0.09444444444444444 0.8755020080321285 0.09444444444444444 0.8835341365461847 0.10555555555555556 0.8795180722891566 0.10555555555555556 0.8755020080321285 0.1111111111111111 0.8795180722891566 0.11666666666666667 0.8835341365461847 0.11666666666666667 0.8795180722891566 0.11666666666666667 0.8755020080321285 0.1111111111111111 0.8714859437751004 0.1111111111111111 0.8634538152610441 0.12777777777777777 0.8634538152610441 0.14444444444444443 0.8674698795180723 0.15 0.8755020080321285 0.15 0.8835341365461847 0.1388888888888889 0.8835341365461847 0.13333333333333333 0.8875502008032129 0.12777777777777777 0.891566265060241 0.12777777777777777 0.891566265060241 0.1388888888888889 0.8955823293172691 0.14444444444444443 0.8955823293172691 0.15 0.891566265060241 0.15 0.8875502008032129 0.15555555555555556 0.8795180722891566 0.15555555555555556 0.8755020080321285 0.16111111111111112 0.8755020080321285 0.15555555555555556 0.8714859437751004 0.15 0.8674698795180723 0.15555555555555556 0.8634538152610441 0.15555555555555556 0.8594377510040161 0.16111111111111112 0.8634538152610441 0.16666666666666666 0.8634538152610441 0.17777777777777778 0.8674698795180723 0.18333333333333332 0.8714859437751004 0.17777777777777778 0.8714859437751004 0.18333333333333332 0.8795180722891566 0.2 0.8835341365461847 0.2 0.8955823293172691 0.2111111111111111 0.9036144578313253 0.2111111111111111 0.9076305220883534 0.20555555555555555 0.9076305220883534 0.19444444444444445 0.8995983935742972 0.18333333333333332 0.9076305220883534 0.17222222222222222 0.9156626506024096 0.18333333333333332 0.9156626506024096 0.18888888888888888 0.927710843373494 0.20555555555555555 0.927710843373494 0.2222222222222222 0.9156626506024096 0.2222222222222222 0.9076305220883534 0.23333333333333334 0.9116465863453815 0.2388888888888889 0.9076305220883534 0.23333333333333334 0.9036144578313253 0.2388888888888889 0.8995983935742972 0.23333333333333334 0.8795180722891566 0.23333333333333334 0.8714859437751004 0.25 0.8514056224899599 0.25 0.8433734939759037 0.26666666666666666 0.8353413654618473 0.26666666666666666 0.8313253012048193 0.2722222222222222 0.8273092369477911 0.26666666666666666 0.8232931726907631 0.26666666666666666 0.8192771084337349 0.2611111111111111 0.8152610441767069 0.2611111111111111 0.8152610441767069 0.25 0.8112449799196787 0.24444444444444444 0.8072289156626506 0.24444444444444444 0.8072289156626506 0.22777777777777777 0.8032128514056225 0.2222222222222222 0.7991967871485943 0.2222222222222222 0.8032128514056225 0.21666666666666667 0.7991967871485943 0.2111111111111111 0.7871485943775101 0.2111111111111111 0.7871485943775101 0.20555555555555555 0.7831325301204819 0.2 0.7791164658634538 0.2 0.7751004016064257 0.20555555555555555 0.7670682730923695 0.20555555555555555 0.7710843373493976 0.20555555555555555 0.7751004016064257 0.2 0.7710843373493976 0.19444444444444445 0.7751004016064257 0.18888888888888888 0.7751004016064257 0.18333333333333332 0.7791164658634538 0.18333333333333332 0.7831325301204819 0.17777777777777778 0.7751004016064257 0.16666666666666666 0.7590361445783133 0.16666666666666666 0.7630522088353414 0.16111111111111112 0.7630522088353414 0.15 0.7670682730923695 0.14444444444444443 0.7630522088353414 0.1388888888888889 0.7550200803212851 0.1388888888888889 0.7590361445783133 0.13333333333333333 0.7550200803212851 0.12777777777777777 0.7429718875502008 0.12777777777777777 0.7389558232931727 0.13333333333333333 0.7309236947791165 0.13333333333333333 0.7269076305220884 0.1388888888888889 0.7188755020080321 0.1388888888888889 0.714859437751004 0.14444444444444443 0.714859437751004 0.15 0.7188755020080321 0.15555555555555556 0.7068273092369478 0.15555555555555556 0.7108433734939759 0.15555555555555556 0.714859437751004 0.15 0.714859437751004 0.1388888888888889 0.7228915662650602 0.1388888888888889 0.7309236947791165 0.12777777777777777 0.7349397590361446 0.12777777777777777 0.7389558232931727 0.13333333333333333 0.7429718875502008 0.12777777777777777 0.7469879518072289 0.12777777777777777 0.7550200803212851 0.11666666666666667 0.7791164658634538 0.11666666666666667 0.7871485943775101 0.10555555555555556 0.7911646586345381 0.1111111111111111 0.7991967871485943 0.1 0.8032128514056225 0.1 0.8152610441767069 0.08333333333333333 0.8192771084337349 0.08333333333333333 0.8232931726907631 0.07777777777777778 0.8273092369477911 0.08333333333333333 0.8313253012048193 0.07777777777777778 0.8353413654618473 0.08333333333333333 0.8393574297188755 0.07777777777777778
19 0.9437751004016064 0 0.9477911646586346 0.005555555555555556 0.9558232931726908 0.005555555555555556 0.9598393574297188 0 0.9759036144578314 0 0.9799196787148594 0.005555555555555556 0.9879518072289156 0.005555555555555556 0.9959839357429718 0.016666666666666666 0.9959839357429718 0.022222222222222223 0.9919678714859438 0.027777777777777776 0.9919678714859438 0.03888888888888889 0.9959839357429718 0.044444444444444446 0.9959839357429718 0.06111111111111111 0.9919678714859438 0.06666666666666667 0.9919678714859438 0.08888888888888889 0.9879518072289156 0.08888888888888889 0.9839357429718876 0.09444444444444444 0.9839357429718876 0.1111111111111111 0.9959839357429718 0.12777777777777777 0.9919678714859438 0.13333333333333333 0.9919678714859438 0.1388888888888889 0.9839357429718876 0.15 0.9839357429718876 0.16111111111111112 0.9919678714859438 0.17222222222222222 0.9919678714859438 0.18333333333333332 0.9879518072289156 0.18333333333333332 0.9839357429718876 0.18888888888888888 0.9879518072289156 0.19444444444444445 0.9879518072289156 0.20555555555555555 0.9919678714859438 0.2111111111111111 0.9919678714859438 0.2222222222222222 0.9959839357429718 0.22777777777777777 0.9919678714859438 0.23333333333333334 0.9959839357429718 0.2388888888888889 0.9959839357429718 0.25555555555555554 0.9919678714859438 0.2611111111111111 0.9919678714859438 0.2833333333333333 0.9959839357429718 0.28888888888888886 0.9959839357429718 0.3 0.9919678714859438 0.3055555555555556 0.9919678714859438 0.3388888888888889 0.9879518072289156 0.34444444444444444 0.9919678714859438 0.35 0.9919678714859438 0.3888888888888889 0.9839357429718876 0.4 0.9839357429718876 0.40555555555555556 0.9799196787148594 0.4111111111111111 0.9799196787148594 0.4166666666666667 0.9839357429718876 0.4222222222222222 0.9839357429718876 0.43333333333333335 0.9799196787148594 0.4388888888888889 0.9839357429718876 0.4444444444444444 0.9799196787148594 0.45 0.9799196787148594 0.45555555555555555 0.9839357429718876 0.46111111111111114 0.9839357429718876 0.4777777777777778 0.9919678714859438 0.4888888888888889 0.9919678714859438 0.5 0.9879518072289156 0.5 0.9799196787148594 0.5111111111111111 0.9839357429718876 0.5166666666666667 0.9839357429718876 0.5277777777777778 0.9879518072289156 0.5333333333333333 0.9879518072289156 0.5444444444444444 0.9839357429718876 0.55 0.9839357429718876 0.5666666666666667 0.9919678714859438 0.5833333333333334 0.9919678714859438 0.6222222222222222 0.9879518072289156 0.6277777777777778 0.9879518072289156 0.6333333333333333 0.9919678714859438 0.6388888888888888 0.9879518072289156 0.6444444444444445 0.9879518072289156 0.6611111111111111 0.9959839357429718 0.6777777777777778 0.9959839357429718 0.6944444444444444 0.9919678714859438 0.7 0.9759036144578314 0.7 0.9718875502008032 0.6944444444444444 0.963855421686747 0.6944444444444444 0.9518072289156626 0.6777777777777778 0.9518072289156626 0.6666666666666666 0.9477911646586346 0.6611111111111111 0.9477911646586346 0.6388888888888888 0.9437751004016064 0.6333333333333333 0.9477911646586346 0.6277777777777778 0.9477911646586346 0.6222222222222222 0.9437751004016064 0.6166666666666667 0.9437751004016064 0.6 0.9397590361445783 0.5944444444444444 0.9397590361445783 0.55 0.9357429718875502 0.5444444444444444 0.9357429718875502 0.49444444444444446 0.9317269076305221 0.4888888888888889 0.9317269076305221 0.4722222222222222 0.927710843373494 0.4666666666666667 0.927710843373494 0.4388888888888889 0.9236947791164659 0.43333333333333335 0.9236947791164659 0.4166666666666667 0.9196787148594378 0.4111111111111111 0.9196787148594378 0.39444444444444443 0.9156626506024096 0.3888888888888889 0.9156626506024096 0.32222222222222224 0.9196787148594378 0.31666666666666665 0.9196787148594378 0.3 0.927710843373494 0.28888888888888886 0.927710843373494 0.2833333333333333 0.9317269076305221 0.2777777777777778 0.9317269076305221 0.2722222222222222 0.9397590361445783 0.2611111111111111 0.9397590361445783 0.25555555555555554 0.9477911646586346 0.24444444444444444 0.9477911646586346 0.23333333333333334 0.9397590361445783 0.21666666666666667 0.9397590361445783 0.20555555555555555 0.9357429718875502 0.2 0.9357429718875502 0.18888888888888888 0.9317269076305221 0.18333333333333332 0.9317269076305221 0.17777777777777778 0.9156626506024096 0.15555555555555556 0.9156626506024096 0.15 0.9116465863453815 0.14444444444444443 0.9116465863453815 0.1388888888888889 0.9036144578313253 0.12777777777777777 0.9036144578313253 0.12222222222222222 0.8995983935742972 0.11666666666666667 0.8995983935742972 0.1111111111111111 0.8955823293172691 0.10555555555555556 0.8955823293172691 0.1 0.8875502008032129 0.08333333333333333 0.8875502008032129 0.07222222222222222 0.8714859437751004 0.05 0.8674698795180723 0.05 0.8634538152610441 0.044444444444444446 0.8554216867469879 0.044444444444444446 0.8514056224899599 0.05 0.8433734939759037 0.05 0.8433734939759037 0.03888888888888889 0.8473895582329317 0.03888888888888889 0.8554216867469879 0.027777777777777776 0.8554216867469879 0.005555555555555556 0.8755020080321285 0.005555555555555556 0.8795180722891566 0 0.9397590361445783 0
19 0.004016064257028112 0.16111111111111112 0.01606425702811245 0.16111111111111112 0.020080321285140562 0.16666666666666666 0.028112449799196786 0.16666666666666666 0.0321285140562249 0.17222222222222222 0.03614457831325301 0.17222222222222222 0.03614457831325301 0.18333333333333332 0.0321285140562249 0.18888888888888888 0.028112449799196786 0.18888888888888888 0.024096385542168676 0.19444444444444445 0.020080321285140562 0.19444444444444445 0.01606425702811245 0.2 0.020080321285140562 0.20555555555555555 0.01606425702811245 0.2111111111111111 0.01606425702811245 0.21666666666666667 0.020080321285140562 0.2222222222222222 0.024096385542168676 0.2222222222222222 0.020080321285140562 0.22777777777777777 0.024096385542168676 0.23333333333333334 0.028112449799196786 0.23333333333333334 0.0321285140562249 0.2388888888888889 0.0321285140562249 0.24444444444444444 0.040160642570281124 0.25555555555555554 0.040160642570281124 0.2833333333333333 0.03614457831325301 0.28888888888888886 0.040160642570281124 0.29444444444444445 0.040160642570281124 0.3 0.03614457831325301 0.3055555555555556 0.03614457831325301 0.32222222222222224 0.0321285140562249 0.3277777777777778 0.0321285140562249 0.34444444444444444 0.028112449799196786 0.35 0.028112449799196786 0.35555555555555557 0.01606425702811245 0.37222222222222223 0.012048192771084338 0.37222222222222223 0.008032128514056224 0.37777777777777777 0.004016064257028112 0.37777777777777777 0.004016064257028112 0.37222222222222223 0 0.36666666666666664 0 0.3277777777777778 0.004016064257028112 0.32222222222222224 0.004016064257028112 0.31666666666666665 0 0.3111111111111111 0 0.2833333333333333 0.004016064257028112 0.2777777777777778 0 0.2722222222222222 0.004016064257028112 0.26666666666666666 0 0.2611111111111111 0 0.22777777777777777 0.004016064257028112 0.2222222222222222 0 0.21666666666666667 0.004016064257028112 0.2111111111111111 0.004016064257028112 0.19444444444444445 0 0.18888888888888888 0 0.17222222222222222 0.004016064257028112 0.16666666666666666
19 0.37751004016064255 0.1 0.3895582329317269 0.1111111111111111 0.41767068273092367 0.1111111111111111 0.42168674698795183 0.11666666666666667 0.42168674698795183 0.12777777777777777 0.41767068273092367 0.13333333333333333 0.41767068273092367 0.15 0.42168674698795183 0.15555555555555556 0.42168674698795183 0.23333333333333334 0.41767068273092367 0.2388888888888889 0.41767068273092367 0.24444444444444444 0.42168674698795183 0.25 0.42168674698795183 0.26666666666666666 0.41767068273092367 0.2722222222222222 0.42168674698795183 0.2777777777777778 0.42168674698795183 0.29444444444444445 0.41767068273092367 0.3 0.41767068273092367 0.3111111111111111 0.40963855421686746 0.32222222222222224 0.40963855421686746 0.31666666666666665 0.39759036144578314 0.3055555555555556 0.3895582329317269 0.3055555555555556 0.37751004016064255 0.32222222222222224 0.37751004016064255 0.3277777777777778 0.3855421686746988 0.3388888888888889 0.3895582329317269 0.3333333333333333 0.39357429718875503 0.3333333333333333 0.3815261044176707 0.34444444444444444 0.3855421686746988 0.35 0.40160642570281124 0.35 0.40562248995983935 0.34444444444444444 0.40963855421686746 0.35 0.40963855421686746 0.3611111111111111 0.41365461847389556 0.36666666666666664 0.41365461847389556 0.3888888888888889 0.40562248995983935 0.37777777777777777 0.40562248995983935 0.37222222222222223 0.40160642570281124 0.36666666666666664 0.39759036144578314 0.37222222222222223 0.39357429718875503 0.36666666666666664 0.3815261044176707 0.36666666666666664 0.3855421686746988 0.36666666666666664 0.3895582329317269 0.3611111111111111 0.3895582329317269 0.35555555555555557 0.3815261044176707 0.34444444444444444 0.37751004016064255 0.34444444444444444 0.3654618473895582 0.35555555555555557 0.357429718875502 0.35555555555555557 0.3534136546184739 0.3611111111111111 0.3493975903614458 0.3611111111111111 0.3413654618473896 0.37222222222222223 0.3293172690763052 0.37222222222222223 0.3293172690763052 0.36666666666666664 0.321285140562249 0.35 0.3293172690763052 0.35 0.3333333333333333 0.34444444444444444 0.3333333333333333 0.3388888888888889 0.3293172690763052 0.3333333333333333 0.3253012048192771 0.3333333333333333 0.3132530120481928 0.34444444444444444 0.30120481927710846 0.3277777777777778 0.30120481927710846 0.32222222222222224 0.2971887550200803 0.31666666666666665 0.2971887550200803 0.3 0.30120481927710846 0.29444444444444445 0.30120481927710846 0.28888888888888886 0.30522088353413657 0.28888888888888886 0.3092369477911647 0.2833333333333333 0.3092369477911647 0.2777777777777778 0.3132530120481928 0.2777777777777778 0.321285140562249 0.26666666666666666 0.3253012048192771 0.26666666666666666 0.3373493975903614 0.25 0.3333333333333333 0.24444444444444444 0.3333333333333333 0.22777777777777777 0.3293172690763052 0.2222222222222222 0.3293172690763052 0.2111111111111111 0.3253012048192771 0.20555555555555555 0.3253012048192771 0.19444444444444445 0.321285140562249 0.18888888888888888 0.321285140562249 0.16666666666666666 0.3172690763052209 0.16111111111111112 0.3172690763052209 0.15 0.321285140562249 0.14444444444444443 0.321285140562249 0.12777777777777777 0.3293172690763052 0.11666666666666667 0.3293172690763052 0.1111111111111111 0.3373493975903614 0.1 0.37349397590361444 0.1
19 0.03614457831325301 0.17777777777777778 0.040160642570281124 0.17777777777777778 0.03614457831325301 0.18333333333333332 0.03614457831325301 0.20555555555555555 0.04417670682730924 0.21666666666666667 0.04417670682730924 0.2222222222222222 0.05622489959839357 0.2388888888888889 0.05622489959839357 0.24444444444444444 0.06827309236947791 0.2611111111111111 0.06827309236947791 0.26666666666666666 0.07228915662650602 0.2722222222222222 0.07228915662650602 0.2777777777777778 0.08433734939759036 0.29444444444444445 0.08433734939759036 0.3 0.0963855421686747 0.31666666666666665 0.0963855421686747 0.32222222222222224 0.10843373493975904 0.3388888888888889 0.10843373493975904 0.34444444444444444 0.11244979919678715 0.35 0.11244979919678715 0.35555555555555557 0.11646586345381527 0.3611111111111111 0.11646586345381527 0.36666666666666664 0.12048192771084337 0.37222222222222223 0.12449799196787148 0.37222222222222223 0.12449799196787148 0.37777777777777777 0.13654618473895583 0.39444444444444443 0.13654618473895583 0.4 0.1285140562248996 0.4 0.1285140562248996 0.39444444444444443 0.12449799196787148 0.3888888888888889 0.11646586345381527 0.4 0.11244979919678715 0.4 0.10843373493975904 0.40555555555555556 0.11646586345381527 0.4166666666666667 0.12048192771084337 0.4166666666666667 0.12449799196787148 0.4111111111111111 0.12449799196787148 0.4166666666666667 0.12048192771084337 0.4222222222222222 0.11646586345381527 0.4166666666666667 0.11244979919678715 0.4222222222222222 0.11244979919678715 0.43333333333333335 0.11646586345381527 0.4388888888888889 0.12449799196787148 0.4388888888888889 0.12048192771084337 0.4444444444444444 0.11646586345381527 0.4444444444444444 0.10441767068273092 0.43333333333333335 0.09236947791164658 0.43333333333333335 0.10040160642570281 0.43333333333333335 0.10843373493975904 0.4166666666666667 0.10843373493975904 0.4111111111111111 0.10040160642570281 0.4 0.08433734939759036 0.4 0.08032128514056225 0.40555555555555556 0.08032128514056225 0.4111111111111111 0.07630522088353414 0.4111111111111111 0.07228915662650602 0.4166666666666667 0.06827309236947791 0.4166666666666667 0.0642570281124498 0.4222222222222222 0.060240963855421686 0.4222222222222222 0.05220883534136546 0.4388888888888889 0.05220883534136546 0.48333333333333334 0.040160642570281124 0.49444444444444446 0.04819277108433735 0.5055555555555555 0.0642570281124498 0.5055555555555555 0.0642570281124498 0.5111111111111111 0.06827309236947791 0.5166666666666667 0.07630522088353414 0.5166666666666667 0.08032128514056225 0.5111111111111111 0.08032128514056225 0.5 0.07630522088353414 0.49444444444444446 0.07228915662650602 0.49444444444444446 0.08032128514056225 0.49444444444444446 0.08433734939759036 0.4888888888888889 0.08835341365461848 0.4888888888888889 0.0963855421686747 0.4777777777777778 0.0963855421686747 0.4666666666666667 0.10040160642570281 0.4666666666666667 0.10441767068273092 0.46111111111111114 0.11646586345381527 0.46111111111111114 0.11244979919678715 0.4666666666666667 0.11646586345381527 0.4722222222222222 0.1285140562248996 0.4722222222222222 0.1285140562248996 0.4777777777777778 0.12449799196787148 0.48333333333333334 0.12449799196787148 0.4888888888888889 0.10040160642570281 0.4888888888888889 0.0963855421686747 0.49444444444444446 0.0963855421686747 0.5111111111111111 0.10040160642570281 0.5166666666666667 0.10441767068273092 0.5166666666666667 0.10843373493975904 0.5111111111111111 0.11646586345381527 0.5111111111111111 0.12048192771084337 0.5055555555555555 0.12048192771084337 0.5 0.12048192771084337 0.5055555555555555 0.12449799196787148 0.5111111111111111 0.13654618473895583 0.5111111111111111 0.13253012048192772 0.5166666666666667 0.12449799196787148 0.5166666666666667 0.11244979919678715 0.5333333333333333 0.11244979919678715 0.5444444444444444 0.11646586345381527 0.55 0.12048192771084337 0.5444444444444444 0.13253012048192772 0.5444444444444444 0.13253012048192772 0.5555555555555556 0.13654618473895583 0.5611111111111111 0.1686746987951807 0.5611111111111111 0.17269076305220885 0.5666666666666667 0.17670682730923695 0.5611111111111111 0.18875502008032127 0.5611111111111111 0.1927710843373494 0.5555555555555556 0.1927710843373494 0.5444444444444444 0.20080321285140562 0.5444444444444444 0.20481927710843373 0.55 0.20883534136546184 0.5444444444444444 0.20883534136546184 0.5388888888888889 0.20080321285140562 0.5222222222222223 0.19678714859437751 0.5277777777777778 0.18875502008032127 0.5277777777777778 0.18072289156626506 0.5388888888888889 0.18072289156626506 0.5444444444444444 0.17670682730923695 0.55 0.17269076305220885 0.5444444444444444 0.1686746987951807 0.5444444444444444 0.17269076305220885 0.5444444444444444 0.17670682730923695 0.5388888888888889 0.18072289156626506 0.5388888888888889 0.18473895582329317 0.5333333333333333 0.18473895582329317 0.5222222222222223 0.20481927710843373 0.5222222222222223 0.20883534136546184 0.5166666666666667 0.20481927710843373 0.5111111111111111 0.19678714859437751 0.5111111111111111 0.19678714859437751 0.5 0.20080321285140562 0.5 0.20883534136546184 0.5111111111111111 0.20883534136546184 0.5222222222222223 0.21285140562248997 0.5277777777777778 0.21686746987951808 0.5222222222222223 0.22088353413654618 0.5277777777777778 0.22088353413654618 0.5388888888888889 0.2248995983935743 0.5444444444444444 0.2289156626506024 0.5444444444444444 0.2248995983935743 0.5444444444444444 0.21686746987951808 0.5555555555555556 0.22088353413654618 0.5611111111111111 0.21686746987951808 0.5555555555555556 0.20883534136546184 0.5555555555555556 0.20481927710843373 0.5611111111111111 0.20883534136546184 0.5666666666666667 0.20883534136546184 0.5722222222222222 0.1927710843373494 0.5722222222222222 0.18875502008032127 0.5666666666666667 0.18473895582329317 0.5666666666666667 0.18072289156626506 0.5722222222222222 0.18072289156626506 0.5777777777777777 0.18072289156626506 0.5722222222222222 0.17670682730923695 0.5666666666666667 0.17269076305220885 0.5722222222222222 0.1646586345381526 0.5722222222222222 0.1566265060240964 0.5611111111111111 0.15261044176706828 0.5666666666666667 0.15261044176706828 0.5722222222222222 0.14859437751004015 0.5666666666666667 0.1285140562248996 0.5666666666666667 0.12449799196787148 0.5722222222222222 0.12048192771084337 0.5722222222222222 0.10843373493975904 0.5611111111111111 0.10441767068273092 0.5666666666666667 0.10040160642570281 0.5666666666666667 0.09236947791164658 0.5555555555555556 0.08835341365461848 0.5555555555555556 0.08433734939759036 0.5611111111111111 0.08433734939759036 0.5666666666666667 0.07228915662650602 0.5666666666666667 0.06827309236947791 0.5722222222222222 0.0642570281124498 0.5666666666666667 0.0642570281124498 0.5611111111111111 0.06827309236947791 0.5555555555555556 0.060240963855421686 0.5444444444444444 0.05622489959839357 0.5444444444444444 0.060240963855421686 0.5388888888888889 0.07630522088353414 0.5388888888888889 0.08032128514056225 0.5333333333333333 0.07630522088353414 0.5277777777777778 0.05622489959839357 0.5277777777777778 0.04417670682730924 0.5388888888888889 0.04819277108433735 0.5444444444444444 0.0321285140562249 0.5444444444444444 0.028112449799196786 0.55 0.024096385542168676 0.55 0.020080321285140562 0.5444444444444444 0.01606425702811245 0.55 0.01606425702811245 0.5722222222222222 0.012048192771084338 0.5666666666666667 0.008032128514056224 0.5666666666666667 0.004016064257028112 0.5611111111111111 0 0.5611111111111111 0.004016064257028112 0.5555555555555556 0.004016064257028112 0.5222222222222223 0.008032128514056224 0.5166666666666667 0.004016064257028112 0.5111111111111111 0.004016064257028112 0.5055555555555555 0.008032128514056224 0.5 0.004016064257028112 0.49444444444444446 0.004016064257028112 0.4888888888888889 0.01606425702811245 0.4888888888888889 0.012048192771084338 0.49444444444444446 0.01606425702811245 0.5 0.008032128514056224 0.5111111111111111 0.012048192771084338 0.5166666666666667 0.028112449799196786 0.5166666666666667 0.0321285140562249 0.5111111111111111 0.03614457831325301 0.5111111111111111 0.040160642570281124 0.5055555555555555 0.0321285140562249 0.4888888888888889 0.03614457831325301 0.48333333333333334 0.03614457831325301 0.4777777777777778 0.0321285140562249 0.4722222222222222 0.0321285140562249 0.45 0.03614457831325301 0.45 0.040160642570281124 0.4444444444444444 0.04417670682730924 0.4444444444444444 0.04819277108433735 0.4388888888888889 0.040160642570281124 0.42777777777777776 0.028112449799196786 0.42777777777777776 0.020080321285140562 0.4166666666666667 0.008032128514056224 0.4166666666666667 0.008032128514056224 0.40555555555555556 0.004016064257028112 0.4 0.004016064257028112 0.34444444444444444 0.008032128514056224 0.34444444444444444 0.012048192771084338 0.35 0.01606425702811245 0.35 0.020080321285140562 0.34444444444444444 0.020080321285140562 0.3388888888888889 0.024096385542168676 0.3388888888888889 0.028112449799196786 0.3333333333333333 0.028112449799196786 0.32222222222222224 0.020080321285140562 0.3111111111111111 0.012048192771084338 0.3111111111111111 0.004016064257028112 0.32222222222222224 0.004016064257028112 0.3277777777777778 0.004016064257028112 0.24444444444444444 0 0.2388888888888889 0 0.21666666666666667 0.004016064257028112 0.2111111111111111 0.004016064257028112 0.2 0 0.19444444444444445 0 0.18888888888888888 0.024096385542168676 0.18888888888888888 0.028112449799196786 0.18333333333333332 0.0321285140562249 0.18333333333333332
19 0.18875502008032127 0 0.1927710843373494 0.005555555555555556 0.2248995983935743 0.005555555555555556 0.2289156626506024 0.011111111111111112 0.23694779116465864 0.011111111111111112 0.24096385542168675 0.005555555555555556 0.27309236947791166 0.005555555555555556 0.27710843373493976 0 0.285140562248996 0 0.2891566265060241 0.005555555555555556 0.2931726907630522 0.005555555555555556 0.2931726907630522 0.011111111111111112 0.2971887550200803 0.016666666666666666 0.30120481927710846 0.016666666666666666 0.3172690763052209 0.03888888888888889 0.3172690763052209 0.05 0.3253012048192771 0.06111111111111111 0.3333333333333333 0.06111111111111111 0.3333333333333333 0.08333333333333333 0.321285140562249 0.1 0.321285140562249 0.1111111111111111 0.3132530120481928 0.12222222222222222 0.3092369477911647 0.12222222222222222 0.30522088353413657 0.12777777777777777 0.2971887550200803 0.12777777777777777 0.2931726907630522 0.13333333333333333 0.285140562248996 0.13333333333333333 0.28112449799196787 0.1388888888888889 0.26506024096385544 0.1388888888888889 0.26104417670682734 0.14444444444444443 0.24497991967871485 0.14444444444444443 0.24096385542168675 0.15 0.23293172690763053 0.15 0.22088353413654618 0.16111111111111112 0.20883534136546184 0.16111111111111112 0.20481927710843373 0.15555555555555556 0.18473895582329317 0.15555555555555556 0.18072289156626506 0.15 0.17670682730923695 0.15 0.1646586345381526 0.13333333333333333 0.1646586345381526 0.12777777777777777 0.1566265060240964 0.1111111111111111 0.1566265060240964 0.1 0.15261044176706828 0.09444444444444444 0.15261044176706828 0.08333333333333333 0.14457831325301204 0.06666666666666667 0.14457831325301204 0.05555555555555555 0.14056224899598393 0.05 0.14056224899598393 0.03333333333333333 0.13654618473895583 0.027777777777777776 0.13654618473895583 0.016666666666666666 0.13253012048192772 0.011111111111111112 0.13253012048192772 0.005555555555555556 0.15261044176706828 0.005555555555555556 0.1566265060240964 0 0.18473895582329317 0
19 0.751004016064257 0.6166666666666667 0.7630522088353414 0.6333333333333333 0.7670682730923695 0.6333333333333333 0.7710843373493976 0.6388888888888888 0.7710843373493976 0.6444444444444445 0.7831325301204819 0.6611111111111111 0.7831325301204819 0.6666666666666666 0.7871485943775101 0.6722222222222223 0.7911646586345381 0.6722222222222223 0.7911646586345381 0.6777777777777778 0.7951807228915663 0.6833333333333333 0.7951807228915663 0.6888888888888889 0.7991967871485943 0.6944444444444444 0.7991967871485943 0.7 0.7871485943775101 0.7166666666666667 0.7751004016064257 0.7166666666666667 0.7670682730923695 0.7277777777777777 0.7590361445783133 0.7277777777777777 0.7469879518072289 0.7388888888888889 0.7389558232931727 0.7388888888888889 0.7309236947791165 0.75 0.714859437751004 0.75 0.7108433734939759 0.7555555555555555 0.7028112449799196 0.7555555555555555 0.6987951807228916 0.7611111111111111 0.678714859437751 0.7611111111111111 0.6746987951807228 0.7555555555555555 0.6706827309236948 0.7555555555555555 0.6706827309236948 0.7444444444444445 0.678714859437751 0.7333333333333333 0.678714859437751 0.7277777777777777 0.6867469879518072 0.7166666666666667 0.6867469879518072 0.7111111111111111 0.7028112449799196 0.6888888888888889 0.7028112449799196 0.6833333333333333 0.7108433734939759 0.6722222222222223 0.7108433734939759 0.6666666666666666 0.7309236947791165 0.6388888888888888 0.7309236947791165 0.6333333333333333 0.7429718875502008 0.6166666666666667 0.7469879518072289 0.6166666666666667
19 0.41767068273092367 0.1111111111111111 0.42168674698795183 0.11666666666666667 0.42168674698795183 0.1388888888888889 0.41767068273092367 0.14444444444444443 0.42168674698795183 0.15 0.42168674698795183 0.23333333333333334 0.41767068273092367 0.2388888888888889 0.41767068273092367 0.24444444444444444 0.42168674698795183 0.25 0.42168674698795183 0.26666666666666666 0.41767068273092367 0.2722222222222222 0.42168674698795183 0.2777777777777778 0.42168674698795183 0.29444444444444445 0.41767068273092367 0.3 0.41767068273092367 0.3111111111111111 0.40963855421686746 0.32222222222222224 0.41365461847389556 0.31666666666666665 0.40562248995983935 0.3055555555555556 0.3895582329317269 0.3055555555555556 0.37751004016064255 0.32222222222222224 0.37751004016064255 0.3277777777777778 0.3855421686746988 0.3388888888888889 0.3895582329317269 0.3333333333333333 0.3895582329317269 0.3388888888888889 0.3855421686746988 0.3388888888888889 0.3815261044176707 0.34444444444444444 0.37751004016064255 0.34444444444444444 0.3654618473895582 0.35555555555555557 0.357429718875502 0.35555555555555557 0.3453815261044177 0.36666666666666664 0.3373493975903614 0.36666666666666664 0.3333333333333333 0.37222222222222223 0.3293172690763052 0.37222222222222223 0.3293172690763052 0.35555555555555557 0.3253012048192771 0.35 0.321285140562249 0.35 0.3293172690763052 0.35 0.3333333333333333 0.34444444444444444 0.3333333333333333 0.3388888888888889 0.3293172690763052 0.3333333333333333 0.321285140562249 0.3333333333333333 0.3172690763052209 0.3388888888888889 0.3092369477911647 0.3388888888888889 0.30522088353413657 0.3333333333333333 0.30522088353413657 0.3277777777777778 0.2971887550200803 0.31666666666666665 0.2971887550200803 0.3 0.30120481927710846 0.29444444444444445 0.30120481927710846 0.28888888888888886 0.30522088353413657 0.28888888888888886 0.3092369477911647 0.2833333333333333 0.3092369477911647 0.2777777777777778 0.3132530120481928 0.2777777777777778 0.321285140562249 0.26666666666666666 0.3253012048192771 0.26666666666666666 0.3373493975903614 0.25 0.3333333333333333 0.24444444444444444 0.3333333333333333 0.22777777777777777 0.3253012048192771 0.2111111111111111 0.3253012048192771 0.2 0.321285140562249 0.19444444444444445 0.321285140562249 0.17222222222222222 0.3172690763052209 0.16666666666666666 0.3172690763052209 0.14444444444444443 0.321285140562249 0.1388888888888889 0.321285140562249 0.12777777777777777 0.3293172690763052 0.11666666666666667 0.3293172690763052 0.1111111111111111 0.3373493975903614 0.1 0.3815261044176707 0.1 0.3895582329317269 0.1111111111111111 0.41365461847389556 0.1111111111111111
19 0.9236947791164659 0.8 0.9317269076305221 0.8166666666666667 0.9317269076305221 0.8333333333333334 0.9357429718875502 0.8388888888888889 0.9357429718875502 0.8611111111111112 0.9397590361445783 0.8666666666666667 0.9397590361445783 0.8888888888888888 0.9437751004016064 0.8944444444444445 0.9437751004016064 0.9111111111111111 0.9397590361445783 0.9166666666666666 0.642570281124498 0.9166666666666666 0.6385542168674698 0.9111111111111111 0.6265060240963856 0.9111111111111111 0.6224899598393574 0.9055555555555556 0.6224899598393574 0.8722222222222222 0.6345381526104418 0.8611111111111112 0.6546184738955824 0.8611111111111112 0.6586345381526104 0.8555555555555555 0.6706827309236948 0.8555555555555555 0.6746987951807228 0.85 0.6867469879518072 0.85 0.6907630522088354 0.8444444444444444 0.714859437751004 0.8444444444444444 0.7188755020080321 0.8388888888888889 0.7389558232931727 0.8388888888888889 0.7429718875502008 0.8333333333333334 0.7550200803212851 0.8333333333333334 0.7590361445783133 0.8277777777777777 0.7751004016064257 0.8277777777777777 0.7791164658634538 0.8222222222222222 0.7951807228915663 0.8222222222222222 0.7991967871485943 0.8166666666666667 0.8152610441767069 0.8166666666666667 0.8192771084337349 0.8111111111111111 0.8433734939759037 0.8111111111111111 0.8473895582329317 0.8055555555555556 0.8634538152610441 0.8055555555555556 0.8674698795180723 0.8 0.891566265060241 0.8 0.8955823293172691 0.7944444444444444 0.9156626506024096 0.7944444444444444 0.9196787148594378 0.8
19 0.6827309236947792 0 0.8473895582329317 0 0.8473895582329317 0.005555555555555556 0.8393574297188755 0.016666666666666666 0.8393574297188755 0.027777777777777776 0.8313253012048193 0.044444444444444446 0.8313253012048193 0.05555555555555555 0.8232931726907631 0.06666666666666667 0.8192771084337349 0.06666666666666667 0.8072289156626506 0.07777777777777778 0.7991967871485943 0.07777777777777778 0.7911646586345381 0.08888888888888889 0.7831325301204819 0.08888888888888889 0.7791164658634538 0.09444444444444444 0.7710843373493976 0.09444444444444444 0.7670682730923695 0.1 0.7469879518072289 0.1 0.7429718875502008 0.10555555555555556 0.7349397590361446 0.09444444444444444 0.7309236947791165 0.09444444444444444 0.7269076305220884 0.08888888888888889 0.714859437751004 0.08888888888888889 0.7108433734939759 0.08333333333333333 0.7068273092369478 0.08333333333333333 0.7028112449799196 0.07777777777777778 0.6987951807228916 0.07777777777777778 0.6907630522088354 0.06666666666666667 0.6867469879518072 0.06666666666666667 0.6746987951807228 0.05555555555555555 0.6746987951807228 0.027777777777777776 0.678714859437751 0.022222222222222223 0.678714859437751 0.011111111111111112 0.6827309236947792 0.005555555555555556
19 0.5542168674698795 0.7333333333333333 0.5582329317269076 0.7388888888888889 0.5622489959839357 0.7333333333333333 0.5662650602409639 0.7333333333333333 0.570281124497992 0.7388888888888889 0.570281124497992 0.75 0.5783132530120482 0.7611111111111111 0.5742971887550201 0.7666666666666667 0.5783132530120482 0.7722222222222223 0.5783132530120482 0.7833333333333333 0.5823293172690763 0.7888888888888889 0.5863453815261044 0.7888888888888889 0.5903614457831325 0.7833333333333333 0.5903614457831325 0.7611111111111111 0.5863453815261044 0.7555555555555555 0.5903614457831325 0.75 0.5943775100401606 0.7555555555555555 0.6024096385542169 0.7555555555555555 0.6024096385542169 0.7611111111111111 0.5943775100401606 0.7611111111111111 0.5903614457831325 0.7666666666666667 0.5903614457831325 0.7777777777777778 0.5943775100401606 0.7833333333333333 0.606425702811245 0.7833333333333333 0.6104417670682731 0.7888888888888889 0.6184738955823293 0.7888888888888889 0.6224899598393574 0.7833333333333333 0.6265060240963856 0.7888888888888889 0.6184738955823293 0.8 0.6184738955823293 0.8111111111111111 0.6144578313253012 0.8166666666666667 0.6184738955823293 0.8222222222222222 0.6184738955823293 0.8333333333333334 0.6144578313253012 0.8333333333333334 0.6104417670682731 0.8388888888888889 0.6104417670682731 0.85 0.606425702811245 0.8555555555555555 0.606425702811245 0.8722222222222222 0.5983935742971888 0.8833333333333333 0.5943775100401606 0.8833333333333333 0.5903614457831325 0.8888888888888888 0.5823293172690763 0.8888888888888888 0.5783132530120482 0.8833333333333333 0.5742971887550201 0.8833333333333333 0.570281124497992 0.8888888888888888 0.5662650602409639 0.8888888888888888 0.5582329317269076 0.9 0.5582329317269076 0.9055555555555556 0.5461847389558233 0.9166666666666666 0.5301204819277109 0.9166666666666666 0.5261044176706827 0.9111111111111111 0.5020080321285141 0.9111111111111111 0.5020080321285141 0.9 0.4979919678714859 0.8944444444444445 0.4979919678714859 0.8888888888888888 0.4939759036144578 0.8833333333333333 0.4899598393574297 0.8833333333333333 0.4859437751004016 0.8777777777777778 0.4819277108433735 0.8777777777777778 0.4738955823293173 0.8666666666666667 0.46987951807228917 0.8666666666666667 0.46586345381526106 0.8722222222222222 0.46184738955823296 0.8722222222222222 0.4578313253012048 0.8777777777777778 0.4538152610441767 0.8777777777777778 0.4497991967871486 0.8833333333333333 0.4497991967871486 0.9 0.46184738955823296 0.9111111111111111 0.46586345381526106 0.9055555555555556 0.46987951807228917 0.9055555555555556 0.4738955823293173 0.9111111111111111 0.4859437751004016 0.9111111111111111 0.4859437751004016 0.9166666666666666 0.4819277108433735 0.9111111111111111 0.46987951807228917 0.9111111111111111 0.46586345381526106 0.9166666666666666 0.4497991967871486 0.9166666666666666 0.4457831325301205 0.9111111111111111 0.39357429718875503 0.9111111111111111 0.3895582329317269 0.9055555555555556 0.3855421686746988 0.9055555555555556 0.39357429718875503 0.8888888888888888 0.40963855421686746 0.8888888888888888 0.43373493975903615 0.8555555555555555 0.43373493975903615 0.85 0.4457831325301205 0.8333333333333334 0.4457831325301205 0.8277777777777777 0.44176706827309237 0.8222222222222222 0.4497991967871486 0.8111111111111111 0.4497991967871486 0.8055555555555556 0.4538152610441767 0.8 0.4578313253012048 0.8 0.46184738955823296 0.7944444444444444 0.46586345381526106 0.7944444444444444 0.4738955823293173 0.7833333333333333 0.4779116465863454 0.7833333333333333 0.4819277108433735 0.7777777777777778 0.4859437751004016 0.7777777777777778 0.4899598393574297 0.7722222222222223 0.4899598393574297 0.7666666666666667 0.4939759036144578 0.7611111111111111 0.4979919678714859 0.7611111111111111 0.5140562248995983 0.7388888888888889 0.5180722891566265 0.7388888888888889 0.5220883534136547 0.7333333333333333 0.5502008032128514 0.7333333333333333
19 0.9718875502008032 0.24444444444444444 0.9759036144578314 0.25 0.9839357429718876 0.25 0.9879518072289156 0.25555555555555554 0.9959839357429718 0.24444444444444444 0.9919678714859438 0.25 0.9959839357429718 0.25555555555555554 0.9919678714859438 0.2611111111111111 0.9919678714859438 0.2777777777777778 0.9959839357429718 0.2833333333333333 0.9959839357429718 0.3111111111111111 0.9919678714859438 0.31666666666666665 0.9919678714859438 0.35555555555555557 0.9959839357429718 0.3611111111111111 0.9959839357429718 0.39444444444444443 0.9919678714859438 0.4 0.9919678714859438 0.4166666666666667 0.9959839357429718 0.4222222222222222 0.9919678714859438 0.42777777777777776 0.9959839357429718 0.43333333333333335 0.9959839357429718 0.45 0.9919678714859438 0.45555555555555555 0.9919678714859438 0.4777777777777778 0.9959839357429718 0.48333333333333334 0.9959839357429718 0.5055555555555555 0.9919678714859438 0.5055555555555555 0.9879518072289156 0.5111111111111111 0.9879518072289156 0.5222222222222223 0.9959839357429718 0.5388888888888889 0.9959839357429718 0.6444444444444445 0.9919678714859438 0.65 0.9919678714859438 0.6611111111111111 0.9959839357429718 0.6666666666666666 0.9959839357429718 0.7 0.9919678714859438 0.7055555555555556 0.9879518072289156 0.7055555555555556 0.9839357429718876 0.7 0.9718875502008032 0.7 0.9678714859437751 0.6944444444444444 0.963855421686747 0.6944444444444444 0.9598393574297188 0.6888888888888889 0.9558232931726908 0.6888888888888889 0.9518072289156626 0.6833333333333333 0.9518072289156626 0.6722222222222223 0.9477911646586346 0.6666666666666666 0.9477911646586346 0.6444444444444445 0.9437751004016064 0.6388888888888888 0.9437751004016064 0.6055555555555555 0.9397590361445783 0.6 0.9397590361445783 0.5777777777777777 0.9357429718875502 0.5722222222222222 0.9357429718875502 0.5277777777777778 0.9317269076305221 0.5222222222222223 0.9357429718875502 0.5166666666666667 0.9357429718875502 0.5055555555555555 0.9317269076305221 0.5 0.9317269076305221 0.48333333333333334 0.927710843373494 0.4777777777777778 0.927710843373494 0.45 0.9196787148594378 0.43333333333333335 0.9196787148594378 0.3888888888888889 0.9156626506024096 0.38333333333333336 0.9156626506024096 0.3111111111111111 0.9196787148594378 0.3055555555555556 0.9196787148594378 0.29444444444444445 0.9317269076305221 0.2777777777777778 0.9317269076305221 0.26666666666666666 0.9397590361445783 0.25555555555555554 0.9397590361445783 0.25 0.9437751004016064 0.25 0.9477911646586346 0.24444444444444444 0.9678714859437751 0.24444444444444444
19 0.5622489959839357 0.7333333333333333 0.570281124497992 0.75 0.570281124497992 0.7777777777777778 0.5742971887550201 0.7833333333333333 0.570281124497992 0.7888888888888889 0.5742971887550201 0.7944444444444444 0.5863453815261044 0.7944444444444444 0.5903614457831325 0.8 0.5903614457831325 0.8055555555555556 0.5863453815261044 0.8111111111111111 0.5903614457831325 0.8166666666666667 0.5983935742971888 0.8166666666666667 0.6024096385542169 0.8222222222222222 0.6024096385542169 0.8277777777777777 0.5983935742971888 0.8333333333333334 0.5983935742971888 0.85 0.6024096385542169 0.8555555555555555 0.5983935742971888 0.8611111111111112 0.5983935742971888 0.8722222222222222 0.5863453815261044 0.8722222222222222 0.5823293172690763 0.8777777777777778 0.5662650602409639 0.8777777777777778 0.5622489959839357 0.8833333333333333 0.5622489959839357 0.8888888888888888 0.5502008032128514 0.9 0.5502008032128514 0.9111111111111111 0.5100401606425703 0.9111111111111111 0.5100401606425703 0.9055555555555556 0.5020080321285141 0.8944444444444445 0.5020080321285141 0.8888888888888888 0.4979919678714859 0.8833333333333333 0.4939759036144578 0.8833333333333333 0.4819277108433735 0.8722222222222222 0.46184738955823296 0.8722222222222222 0.4497991967871486 0.8833333333333333 0.4497991967871486 0.9 0.4538152610441767 0.9055555555555556 0.4578313253012048 0.9055555555555556 0.46184738955823296 0.9111111111111111 0.46586345381526106 0.9055555555555556 0.46987951807228917 0.9055555555555556 0.4738955823293173 0.9111111111111111 0.4779116465863454 0.9111111111111111 0.43775100401606426 0.9111111111111111 0.43373493975903615 0.9055555555555556 0.42971887550200805 0.9055555555555556 0.42570281124497994 0.9111111111111111 0.40562248995983935 0.9111111111111111 0.39759036144578314 0.9 0.39357429718875503 0.9055555555555556 0.39357429718875503 0.9 0.39759036144578314 0.8944444444444445 0.40160642570281124 0.8944444444444445 0.40562248995983935 0.8888888888888888 0.41365461847389556 0.8888888888888888 0.43775100401606426 0.8555555555555555 0.43775100401606426 0.85 0.4497991967871486 0.8333333333333334 0.4497991967871486 0.8277777777777777 0.4457831325301205 0.8222222222222222 0.4538152610441767 0.8111111111111111 0.4538152610441767 0.8055555555555556 0.4578313253012048 0.8 0.46184738955823296 0.8 0.46586345381526106 0.7944444444444444 0.46987951807228917 0.7944444444444444 0.4779116465863454 0.7833333333333333 0.4819277108433735 0.7833333333333333 0.4979919678714859 0.7611111111111111 0.5020080321285141 0.7611111111111111 0.5100401606425703 0.7444444444444445 0.5180722891566265 0.7444444444444445 0.5220883534136547 0.7388888888888889 0.5461847389558233 0.7388888888888889 0.5502008032128514 0.7444444444444445 0.5542168674698795 0.7388888888888889 0.5582329317269076 0.7388888888888889
19 0.9718875502008032 0.7055555555555556 0.9759036144578314 0.7111111111111111 0.9839357429718876 0.7111111111111111 0.9919678714859438 0.7222222222222222 0.9919678714859438 0.7388888888888889 0.9959839357429718 0.7444444444444445 0.9959839357429718 0.85 0.9919678714859438 0.8555555555555555 0.9919678714859438 0.8611111111111112 0.9959839357429718 0.8666666666666667 0.9919678714859438 0.8722222222222222 0.9959839357429718 0.8777777777777778 0.9959839357429718 0.8944444444444445 0.9919678714859438 0.9 0.9919678714859438 0.9111111111111111 0.9839357429718876 0.9111111111111111 0.9799196787148594 0.9166666666666666 0.9518072289156626 0.9166666666666666 0.9477911646586346 0.9111111111111111 0.9477911646586346 0.8944444444444445 0.9397590361445783 0.8777777777777778 0.9397590361445783 0.8388888888888889 0.9357429718875502 0.8333333333333334 0.9357429718875502 0.8222222222222222 0.9116465863453815 0.7888888888888889 0.8835341365461847 0.7888888888888889 0.8795180722891566 0.7944444444444444 0.8594377510040161 0.7944444444444444 0.8514056224899599 0.8055555555555556 0.8273092369477911 0.8055555555555556 0.8232931726907631 0.8111111111111111 0.8032128514056225 0.8111111111111111 0.7991967871485943 0.8166666666666667 0.7751004016064257 0.8166666666666667 0.7630522088353414 0.8277777777777777 0.751004016064257 0.8277777777777777 0.7469879518072289 0.8333333333333334 0.7389558232931727 0.8333333333333334 0.7349397590361446 0.8388888888888889 0.7269076305220884 0.8388888888888889 0.7228915662650602 0.8333333333333334 0.7188755020080321 0.8333333333333334 0.7068273092369478 0.8444444444444444 0.7028112449799196 0.8388888888888889 0.6987951807228916 0.8388888888888889 0.6947791164658634 0.8444444444444444 0.678714859437751 0.8444444444444444 0.6706827309236948 0.8555555555555555 0.6706827309236948 0.8666666666666667 0.6666666666666666 0.8722222222222222 0.6666666666666666 0.8777777777777778 0.6626506024096386 0.8777777777777778 0.6546184738955824 0.8888888888888888 0.6586345381526104 0.8944444444444445 0.6626506024096386 0.8944444444444445 0.6546184738955824 0.8944444444444445 0.6506024096385542 0.9 0.6506024096385542 0.9055555555555556 0.6546184738955824 0.9111111111111111 0.6626506024096386 0.9111111111111111 0.6465863453815262 0.9111111111111111 0.642570281124498 0.9166666666666666 0.6385542168674698 0.9111111111111111 0.6144578313253012 0.9111111111111111 0.6104417670682731 0.9055555555555556 0.6024096385542169 0.9055555555555556 0.5983935742971888 0.9 0.5903614457831325 0.9 0.5983935742971888 0.9 0.6184738955823293 0.8722222222222222 0.6184738955823293 0.85 0.6265060240963856 0.8388888888888889 0.6265060240963856 0.8333333333333334 0.6345381526104418 0.8222222222222222 0.6345381526104418 0.8166666666666667 0.6546184738955824 0.7888888888888889 0.6626506024096386 0.7888888888888889 0.6666666666666666 0.7833333333333333 0.678714859437751 0.7833333333333333 0.6827309236947792 0.7777777777777778 0.6907630522088354 0.7777777777777778 0.6987951807228916 0.7666666666666667 0.7068273092369478 0.7666666666666667 0.7188755020080321 0.7555555555555555 0.7349397590361446 0.7555555555555555 0.7429718875502008 0.7444444444444445 0.7469879518072289 0.7444444444444445 0.751004016064257 0.7388888888888889 0.7550200803212851 0.7388888888888889 0.7590361445783133 0.7333333333333333 0.7630522088353414 0.7333333333333333 0.7751004016064257 0.7222222222222222 0.7911646586345381 0.7222222222222222 0.7951807228915663 0.7166666666666667 0.8032128514056225 0.7166666666666667 0.8072289156626506 0.7222222222222222 0.8112449799196787 0.7222222222222222 0.8192771084337349 0.7333333333333333 0.8232931726907631 0.7333333333333333 0.8273092369477911 0.7388888888888889 0.8353413654618473 0.7388888888888889 0.8393574297188755 0.7444444444444445 0.8755020080321285 0.7444444444444445 0.8795180722891566 0.7388888888888889 0.8875502008032129 0.7388888888888889 0.891566265060241 0.7333333333333333 0.8955823293172691 0.7333333333333333 0.8995983935742972 0.7277777777777777 0.9036144578313253 0.7277777777777777 0.9156626506024096 0.7166666666666667 0.9236947791164659 0.7166666666666667 0.927710843373494 0.7111111111111111 0.9317269076305221 0.7111111111111111 0.9357429718875502 0.7055555555555556 0.9397590361445783 0.7055555555555556 0.9437751004016064 0.7 0.9558232931726908 0.7 0.9598393574297188 0.7055555555555556 0.9678714859437751 0.7055555555555556
19 0 0.19444444444444445 0.012048192771084338 0.19444444444444445 0.01606425702811245 0.18888888888888888 0.03614457831325301 0.18888888888888888 0.03614457831325301 0.20555555555555555 0.040160642570281124 0.2111111111111111 0.040160642570281124 0.21666666666666667 0.05622489959839357 0.2388888888888889 0.05622489959839357 0.24444444444444444 0.060240963855421686 0.25 0.060240963855421686 0.25555555555555554 0.06827309236947791 0.26666666666666666 0.06827309236947791 0.2722222222222222 0.07228915662650602 0.2777777777777778 0.07228915662650602 0.2833333333333333 0.08433734939759036 0.3 0.08433734939759036 0.3055555555555556 0.0963855421686747 0.31666666666666665 0.0963855421686747 0.32222222222222224 0.10040160642570281 0.3277777777777778 0.10040160642570281 0.3333333333333333 0.10843373493975904 0.34444444444444444 0.10843373493975904 0.35 0.11244979919678715 0.35555555555555557 0.11646586345381527 0.35555555555555557 0.11646586345381527 0.3611111111111111 0.1285140562248996 0.37777777777777777 0.1285140562248996 0.38333333333333336 0.1606425702811245 0.42777777777777776 0.1606425702811245 0.43333333333333335 0.1646586345381526 0.4388888888888889 0.1646586345381526 0.4444444444444444 0.22088353413654618 0.5222222222222223 0.22088353413654618 0.5277777777777778 0.24096385542168675 0.5555555555555556 0.24497991967871485 0.5555555555555556 0.24899598393574296 0.5611111111111111 0.24899598393574296 0.5666666666666667 0.25301204819277107 0.5722222222222222 0.2570281124497992 0.5722222222222222 0.27710843373493976 0.6 0.27710843373493976 0.6055555555555555 0.2891566265060241 0.6222222222222222 0.2931726907630522 0.6222222222222222 0.30120481927710846 0.6333333333333333 0.30120481927710846 0.6944444444444444 0.30522088353413657 0.7 0.30522088353413657 0.75 0.30120481927710846 0.7555555555555555 0.30120481927710846 0.7611111111111111 0.2931726907630522 0.7722222222222223 0.2931726907630522 0.7777777777777778 0.285140562248996 0.7944444444444444 0.2891566265060241 0.8 0.2891566265060241 0.8055555555555556 0.2931726907630522 0.8111111111111111 0.2931726907630522 0.8166666666666667 0.30120481927710846 0.8277777777777777 0.30120481927710846 0.8333333333333334 0.30522088353413657 0.8388888888888889 0.30522088353413657 0.8444444444444444 0.3092369477911647 0.85 0.3172690763052209 0.85 0.321285140562249 0.8555555555555555 0.3253012048192771 0.8555555555555555 0.3333333333333333 0.8666666666666667 0.3333333333333333 0.8833333333333333 0.3253012048192771 0.8833333333333333 0.321285140562249 0.8888888888888888 0.3253012048192771 0.8944444444444445 0.3373493975903614 0.8944444444444445 0.3413654618473896 0.8888888888888888 0.3413654618473896 0.8833333333333333 0.3413654618473896 0.8944444444444445 0.3373493975903614 0.9 0.3373493975903614 0.9111111111111111 0.24096385542168675 0.9111111111111111 0.23694779116465864 0.9166666666666666 0.2248995983935743 0.9166666666666666 0.22088353413654618 0.9111111111111111 0.21686746987951808 0.9111111111111111 0.21285140562248997 0.9166666666666666 0.20481927710843373 0.9166666666666666 0.20080321285140562 0.9111111111111111 0.19678714859437751 0.9111111111111111 0.1927710843373494 0.9166666666666666 0.18875502008032127 0.9166666666666666 0.18473895582329317 0.9111111111111111 0.14457831325301204 0.9111111111111111 0.14056224899598393 0.9166666666666666 0.13654618473895583 0.9111111111111111 0.12449799196787148 0.9111111111111111 0.12048192771084337 0.9166666666666666 0.10843373493975904 0.9166666666666666 0.10441767068273092 0.9111111111111111 0.04819277108433735 0.9111111111111111 0.04417670682730924 0.9166666666666666 0.028112449799196786 0.9166666666666666 0.024096385542168676 0.9111111111111111 0.01606425702811245 0.9111111111111111 0.012048192771084338 0.9166666666666666 0.004016064257028112 0.9166666666666666 0.004016064257028112 0.9111111111111111 0 0.9055555555555556 0 0.8722222222222222 0.004016064257028112 0.8666666666666667 0 0.8611111111111112 0 0.85 0.004016064257028112 0.8444444444444444 0.004016064257028112 0.8388888888888889 0 0.8333333333333334 0 0.7444444444444445 0.004016064257028112 0.7388888888888889 0 0.7333333333333333 0 0.7166666666666667 0.004016064257028112 0.7111111111111111 0.004016064257028112 0.7 0 0.6944444444444444 0 0.5611111111111111 0.004016064257028112 0.5555555555555556 0.004016064257028112 0.4666666666666667 0 0.46111111111111114 0 0.45555555555555555 0.004016064257028112 0.45 0.004016064257028112 0.42777777777777776 0 0.4222222222222222 0 0.39444444444444443 0.004016064257028112 0.3888888888888889 0.004016064257028112 0.36666666666666664 0.01606425702811245 0.36666666666666664 0.024096385542168676 0.35555555555555557 0.024096385542168676 0.35 0.0321285140562249 0.3388888888888889 0.0321285140562249 0.25 0.024096385542168676 0.2388888888888889 0.020080321285140562 0.2388888888888889 0.01606425702811245 0.23333333333333334 0 0.23333333333333334 0 0.2
19 0.6666666666666666 0.044444444444444446 0.6666666666666666 0.05 0.6626506024096386 0.05555555555555555 0.6626506024096386 0.06666666666666667 0.6586345381526104 0.07222222222222222 0.6586345381526104 0.08333333333333333 0.6546184738955824 0.08888888888888889 0.6546184738955824 0.09444444444444444 0.6465863453815262 0.1111111111111111 0.6465863453815262 0.12777777777777777 0.6385542168674698 0.14444444444444443 0.6385542168674698 0.15555555555555556 0.6345381526104418 0.15555555555555556 0.6265060240963856 0.16666666666666666 0.6265060240963856 0.07777777777777778 0.6305220883534136 0.07222222222222222 0.6305220883534136 0.05555555555555555 0.6345381526104418 0.05 0.6465863453815262 0.05 0.6506024096385542 0.044444444444444446 0.6626506024096386 0.044444444444444446
19 0.9357429718875502 0 0.9397590361445783 0.005555555555555556 0.9598393574297188 0.005555555555555556 0.963855421686747 0 0.9839357429718876 0 0.9959839357429718 0.011111111111111112 0.9959839357429718 0.09444444444444444 0.9919678714859438 0.1 0.9919678714859438 0.1111111111111111 0.9959839357429718 0.11666666666666667 0.9959839357429718 0.1388888888888889 0.9919678714859438 0.14444444444444443 0.9919678714859438 0.15 0.9959839357429718 0.15555555555555556 0.9959839357429718 0.24444444444444444 0.9919678714859438 0.25 0.9919678714859438 0.25555555555555554 0.9839357429718876 0.24444444444444444 0.9799196787148594 0.24444444444444444 0.9759036144578314 0.2388888888888889 0.963855421686747 0.2388888888888889 0.9518072289156626 0.2222222222222222 0.9477911646586346 0.2222222222222222 0.9397590361445783 0.20555555555555555 0.9397590361445783 0.18888888888888888 0.9357429718875502 0.18333333333333332 0.9357429718875502 0.17777777777777778 0.9397590361445783 0.17222222222222222 0.9397590361445783 0.15555555555555556 0.9357429718875502 0.15 0.9317269076305221 0.15 0.9317269076305221 0.13333333333333333 0.9357429718875502 0.13333333333333333 0.9397590361445783 0.12777777777777777 0.9357429718875502 0.12222222222222222 0.9437751004016064 0.10555555555555556 0.9437751004016064 0.1 0.9397590361445783 0.09444444444444444 0.9437751004016064 0.08888888888888889 0.9397590361445783 0.08333333333333333 0.9437751004016064 0.07777777777777778 0.9397590361445783 0.07222222222222222 0.9437751004016064 0.06666666666666667 0.9437751004016064 0.05 0.9477911646586346 0.044444444444444446 0.9437751004016064 0.03888888888888889 0.927710843373494 0.03888888888888889 0.9156626506024096 0.05555555555555555 0.9156626506024096 0.06111111111111111 0.9116465863453815 0.06111111111111111 0.9076305220883534 0.06666666666666667 0.9036144578313253 0.06111111111111111 0.9076305220883534 0.05555555555555555 0.9076305220883534 0.05 0.9116465863453815 0.044444444444444446 0.9116465863453815 0.03888888888888889 0.9156626506024096 0.03333333333333333 0.9196787148594378 0.03333333333333333 0.927710843373494 0.022222222222222223 0.9236947791164659 0.016666666666666666 0.927710843373494 0.016666666666666666 0.9317269076305221 0.011111111111111112 0.9317269076305221 0.005555555555555556
19 0.1646586345381526 0.15 0.17670682730923695 0.16666666666666666 0.1927710843373494 0.16666666666666666 0.19678714859437751 0.17222222222222222 0.2289156626506024 0.17222222222222222 0.23293172690763053 0.16666666666666666 0.24899598393574296 0.16666666666666666 0.25301204819277107 0.16111111111111112 0.2570281124497992 0.16111111111111112 0.26104417670682734 0.16666666666666666 0.26506024096385544 0.16666666666666666 0.26907630522088355 0.16111111111111112 0.27309236947791166 0.16666666666666666 0.28112449799196787 0.15555555555555556 0.285140562248996 0.15555555555555556 0.2891566265060241 0.16111111111111112 0.2931726907630522 0.15555555555555556 0.2931726907630522 0.15 0.30120481927710846 0.15 0.30522088353413657 0.14444444444444443 0.3092369477911647 0.14444444444444443 0.3172690763052209 0.16111111111111112 0.3172690763052209 0.18333333333333332 0.321285140562249 0.18888888888888888 0.321285140562249 0.2111111111111111 0.3293172690763052 0.22777777777777777 0.3293172690763052 0.25 0.3333333333333333 0.25555555555555554 0.3373493975903614 0.25555555555555554 0.3373493975903614 0.2611111111111111 0.3413654618473896 0.26666666666666666 0.3453815261044177 0.26666666666666666 0.357429718875502 0.2833333333333333 0.3614457831325301 0.2833333333333333 0.3654618473895582 0.2777777777777778 0.3654618473895582 0.26666666666666666 0.3534136546184739 0.25 0.3534136546184739 0.2388888888888889 0.36947791164658633 0.2388888888888889 0.37349397590361444 0.23333333333333334 0.37349397590361444 0.2222222222222222 0.37751004016064255 0.22777777777777777 0.37349397590361444 0.23333333333333334 0.37751004016064255 0.2388888888888889 0.3815261044176707 0.2388888888888889 0.3855421686746988 0.24444444444444444 0.3895582329317269 0.2388888888888889 0.3895582329317269 0.24444444444444444 0.39759036144578314 0.25555555555555554 0.40160642570281124 0.25555555555555554 0.40562248995983935 0.2611111111111111 0.40562248995983935 0.26666666666666666 0.40160642570281124 0.26666666666666666 0.3895582329317269 0.2833333333333333 0.3815261044176707 0.2833333333333333 0.37751004016064255 0.28888888888888886 0.37751004016064255 0.29444444444444445 0.3815261044176707 0.3 0.39357429718875503 0.3 0.3895582329317269 0.3055555555555556 0.39357429718875503 0.3111111111111111 0.40562248995983935 0.3111111111111111 0.40963855421686746 0.31666666666666665 0.41365461847389556 0.31666666666666665 0.41365461847389556 0.3388888888888889 0.40963855421686746 0.34444444444444444 0.41365461847389556 0.35 0.41365461847389556 0.37222222222222223 0.41767068273092367 0.37777777777777777 0.41767068273092367 0.4166666666666667 0.42971887550200805 0.43333333333333335 0.43775100401606426 0.43333333333333335 0.44176706827309237 0.4388888888888889 0.4497991967871486 0.4388888888888889 0.4538152610441767 0.4444444444444444 0.46184738955823296 0.4444444444444444 0.46586345381526106 0.4388888888888889 0.4859437751004016 0.4388888888888889 0.4859437751004016 0.45 0.4738955823293173 0.4666666666666667 0.4738955823293173 0.4722222222222222 0.46987951807228917 0.4777777777777778 0.46586345381526106 0.4777777777777778 0.4578313253012048 0.4888888888888889 0.4578313253012048 0.49444444444444446 0.43775100401606426 0.5222222222222223 0.42971887550200805 0.5222222222222223 0.42570281124497994 0.5277777777777778 0.42168674698795183 0.5277777777777778 0.40963855421686746 0.5444444444444444 0.40963855421686746 0.55 0.40562248995983935 0.5555555555555556 0.40562248995983935 0.5611111111111111 0.40160642570281124 0.5666666666666667 0.39759036144578314 0.5666666666666667 0.3855421686746988 0.5833333333333334 0.3855421686746988 0.5888888888888889 0.37751004016064255 0.6 0.37751004016064255 0.6111111111111112 0.37349397590361444 0.6166666666666667 0.37349397590361444 0.6222222222222222 0.36947791164658633 0.6277777777777778 0.36947791164658633 0.6333333333333333 0.3614457831325301 0.65 0.3373493975903614 0.65 0.3333333333333333 0.6444444444444445 0.3253012048192771 0.6444444444444445 0.321285140562249 0.6388888888888888 0.3172690763052209 0.6388888888888888 0.3092369477911647 0.6277777777777778 0.30522088353413657 0.6277777777777778 0.20481927710843373 0.4888888888888889 0.20481927710843373 0.48333333333333334 0.1686746987951807 0.43333333333333335 0.1686746987951807 0.42777777777777776 0.15261044176706828 0.40555555555555556 0.15261044176706828 0.4 0.14056224899598393 0.3888888888888889 0.14056224899598393 0.38333333333333336 0.1285140562248996 0.36666666666666664 0.1285140562248996 0.3611111111111111 0.12048192771084337 0.35 0.12048192771084337 0.34444444444444444 0.10040160642570281 0.31666666666666665 0.10040160642570281 0.3111111111111111 0.09236947791164658 0.3 0.09236947791164658 0.29444444444444445 0.08032128514056225 0.2777777777777778 0.08032128514056225 0.2722222222222222 0.07228915662650602 0.2611111111111111 0.07228915662650602 0.25555555555555554 0.06827309236947791 0.25 0.06827309236947791 0.24444444444444444 0.05622489959839357 0.22777777777777777 0.05622489959839357 0.2222222222222222 0.04819277108433735 0.2111111111111111 0.04819277108433735 0.20555555555555555 0.04417670682730924 0.2 0.04417670682730924 0.19444444444444445 0.04819277108433735 0.18888888888888888 0.04819277108433735 0.18333333333333332 0.05220883534136546 0.18333333333333332 0.05622489959839357 0.17777777777777778 0.0642570281124498 0.17777777777777778 0.06827309236947791 0.18333333333333332 0.07630522088353414 0.18333333333333332 0.08032128514056225 0.17777777777777778 0.08433734939759036 0.17777777777777778 0.08835341365461848 0.17222222222222222 0.09236947791164658 0.17222222222222222 0.0963855421686747 0.16666666666666666 0.10040160642570281 0.16666666666666666 0.10441767068273092 0.16111111111111112 0.11646586345381527 0.16111111111111112 0.12048192771084337 0.15555555555555556 0.1285140562248996 0.15555555555555556 0.13253012048192772 0.15 0.13654618473895583 0.15 0.14859437751004015 0.1388888888888889 0.15261044176706828 0.1388888888888889 0.1606425702811245 0.15
19 0.3815261044176707 0.10555555555555556 0.39357429718875503 0.11666666666666667 0.40963855421686746 0.11666666666666667 0.41365461847389556 0.1111111111111111 0.41365461847389556 0.12777777777777777 0.40963855421686746 0.13333333333333333 0.41365461847389556 0.1388888888888889 0.41767068273092367 0.1388888888888889 0.41767068273092367 0.14444444444444443 0.42168674698795183 0.15 0.42168674698795183 0.23333333333333334 0.41767068273092367 0.2388888888888889 0.41767068273092367 0.24444444444444444 0.42168674698795183 0.25 0.42168674698795183 0.26666666666666666 0.41767068273092367 0.2722222222222222 0.41767068273092367 0.29444444444444445 0.41365461847389556 0.3 0.39759036144578314 0.3 0.39357429718875503 0.29444444444444445 0.3815261044176707 0.29444444444444445 0.37751004016064255 0.28888888888888886 0.3895582329317269 0.28888888888888886 0.39357429718875503 0.2833333333333333 0.39357429718875503 0.2722222222222222 0.39759036144578314 0.26666666666666666 0.39759036144578314 0.25555555555555554 0.3855421686746988 0.24444444444444444 0.37349397590361444 0.24444444444444444 0.3654618473895582 0.25555555555555554 0.3654618473895582 0.2722222222222222 0.3614457831325301 0.2777777777777778 0.357429718875502 0.2777777777777778 0.3534136546184739 0.2722222222222222 0.3493975903614458 0.2722222222222222 0.3413654618473896 0.2611111111111111 0.3413654618473896 0.25555555555555554 0.3373493975903614 0.25 0.3373493975903614 0.23333333333333334 0.3293172690763052 0.21666666666666667 0.3293172690763052 0.20555555555555555 0.3253012048192771 0.2 0.3253012048192771 0.18888888888888888 0.321285140562249 0.18333333333333332 0.321285140562249 0.13333333333333333 0.3253012048192771 0.12777777777777777 0.3253012048192771 0.11666666666666667 0.3373493975903614 0.1 0.37349397590361444 0.1 0.37751004016064255 0.10555555555555556
19 0.7269076305220884 0.3138888888888889 0.13654618473895583 0.11666666666666667
19 0.6746987951807228 0.03333333333333333 0.678714859437751 0.03333333333333333 0.678714859437751 0.03888888888888889 0.6827309236947792 0.044444444444444446 0.678714859437751 0.05 0.6867469879518072 0.06666666666666667 0.6947791164658634 0.06666666666666667 0.6987951807228916 0.07222222222222222 0.7028112449799196 0.07222222222222222 0.7068273092369478 0.07777777777777778 0.7108433734939759 0.07777777777777778 0.714859437751004 0.08333333333333333 0.7188755020080321 0.08333333333333333 0.7228915662650602 0.08888888888888889 0.7269076305220884 0.08888888888888889 0.7349397590361446 0.1 0.7389558232931727 0.1 0.7389558232931727 0.1111111111111111 0.7309236947791165 0.1111111111111111 0.7269076305220884 0.11666666666666667 0.7228915662650602 0.11666666666666667 0.7188755020080321 0.12222222222222222 0.7108433734939759 0.12222222222222222 0.6987951807228916 0.13333333333333333 0.6907630522088354 0.13333333333333333 0.6867469879518072 0.1388888888888889 0.678714859437751 0.1388888888888889 0.6746987951807228 0.14444444444444443 0.6626506024096386 0.14444444444444443 0.6586345381526104 0.15 0.6506024096385542 0.15 0.6465863453815262 0.15555555555555556 0.6465863453815262 0.15 0.642570281124498 0.14444444444444443 0.642570281124498 0.13333333333333333 0.6465863453815262 0.12777777777777777 0.6465863453815262 0.12222222222222222 0.6546184738955824 0.10555555555555556 0.6546184738955824 0.09444444444444444 0.6586345381526104 0.08888888888888889 0.6586345381526104 0.07777777777777778 0.6626506024096386 0.07222222222222222 0.6626506024096386 0.06666666666666667 0.6706827309236948 0.05555555555555555 0.6706827309236948 0.044444444444444446 0.6746987951807228 0.03888888888888889
19 0.6827309236947792 0 0.8473895582329317 0 0.8393574297188755 0.016666666666666666 0.8393574297188755 0.022222222222222223 0.8433734939759037 0.027777777777777776 0.8393574297188755 0.027777777777777776 0.8353413654618473 0.03333333333333333 0.8353413654618473 0.044444444444444446 0.8313253012048193 0.05 0.8313253012048193 0.05555555555555555 0.8192771084337349 0.07222222222222222 0.8112449799196787 0.07222222222222222 0.8072289156626506 0.07777777777777778 0.7991967871485943 0.07777777777777778 0.7911646586345381 0.08888888888888889 0.7831325301204819 0.08888888888888889 0.7710843373493976 0.1 0.7590361445783133 0.1 0.7550200803212851 0.10555555555555556 0.7469879518072289 0.10555555555555556 0.7429718875502008 0.1111111111111111 0.7349397590361446 0.1111111111111111 0.7309236947791165 0.11666666666666667 0.7228915662650602 0.11666666666666667 0.7188755020080321 0.12222222222222222 0.7108433734939759 0.12222222222222222 0.6987951807228916 0.13333333333333333 0.6907630522088354 0.13333333333333333 0.6867469879518072 0.1388888888888889 0.678714859437751 0.1388888888888889 0.6746987951807228 0.14444444444444443 0.6586345381526104 0.14444444444444443 0.6546184738955824 0.15 0.6465863453815262 0.15 0.6465863453815262 0.12777777777777777 0.6546184738955824 0.1111111111111111 0.6546184738955824 0.1 0.6586345381526104 0.09444444444444444 0.6586345381526104 0.08333333333333333 0.6626506024096386 0.07777777777777778 0.6626506024096386 0.07222222222222222 0.6666666666666666 0.06666666666666667 0.6666666666666666 0.06111111111111111 0.6706827309236948 0.05555555555555555 0.6706827309236948 0.044444444444444446 0.6746987951807228 0.03888888888888889 0.6746987951807228 0.027777777777777776 0.678714859437751 0.022222222222222223 0.678714859437751 0.011111111111111112 0.6827309236947792 0.005555555555555556
19 0.2971887550200803 0 0.30120481927710846 0.005555555555555556 0.3172690763052209 0.005555555555555556 0.321285140562249 0 0.3253012048192771 0.005555555555555556 0.3413654618473896 0.005555555555555556 0.3453815261044177 0.011111111111111112 0.3493975903614458 0.011111111111111112 0.3534136546184739 0.005555555555555556 0.37349397590361444 0.005555555555555556 0.37751004016064255 0 0.42971887550200805 0 0.42971887550200805 0.09444444444444444 0.42570281124497994 0.1 0.3815261044176707 0.1 0.37751004016064255 0.09444444444444444 0.357429718875502 0.09444444444444444 0.3534136546184739 0.08888888888888889 0.3373493975903614 0.08888888888888889 0.3253012048192771 0.07222222222222222 0.3253012048192771 0.06666666666666667 0.321285140562249 0.06111111111111111 0.321285140562249 0.03888888888888889 0.3132530120481928 0.027777777777777776 0.30522088353413657 0.027777777777777776 0.30522088353413657 0.022222222222222223 0.2971887550200803 0.011111111111111112 0.2931726907630522 0.011111111111111112 0.2891566265060241 0.005555555555555556 0.2931726907630522 0.005555555555555556
19 0.42570281124497994 0.027777777777777776 0.42570281124497994 0.03888888888888889 0.42971887550200805 0.044444444444444446 0.42971887550200805 0.1 0.42570281124497994 0.10555555555555556 0.42168674698795183 0.10555555555555556 0.41767068273092367 0.1 0.40963855421686746 0.1 0.40562248995983935 0.10555555555555556 0.40160642570281124 0.10555555555555556 0.39759036144578314 0.1 0.3815261044176707 0.1 0.37751004016064255 0.09444444444444444 0.3453815261044177 0.09444444444444444 0.3413654618473896 0.08888888888888889 0.3493975903614458 0.07777777777777778 0.3534136546184739 0.07777777777777778 0.3654618473895582 0.06666666666666667 0.3614457831325301 0.06111111111111111 0.3493975903614458 0.06111111111111111 0.3453815261044177 0.05555555555555555 0.3493975903614458 0.06111111111111111 0.357429718875502 0.06111111111111111 0.3614457831325301 0.05555555555555555 0.36947791164658633 0.06666666666666667 0.37349397590361444 0.06111111111111111 0.37751004016064255 0.06111111111111111 0.3815261044176707 0.06666666666666667 0.3855421686746988 0.06666666666666667 0.39357429718875503 0.05555555555555555 0.39759036144578314 0.05555555555555555 0.40160642570281124 0.05 0.40160642570281124 0.044444444444444446 0.40562248995983935 0.044444444444444446 0.41767068273092367 0.027777777777777776 0.42168674698795183 0.027777777777777776
19 0.6827309236947792 0 0.7791164658634538 0 0.7751004016064257 0.005555555555555556 0.7710843373493976 0 0.7670682730923695 0 0.7630522088353414 0.005555555555555556 0.7630522088353414 0.022222222222222223 0.7590361445783133 0.027777777777777776 0.7590361445783133 0.03888888888888889 0.7550200803212851 0.044444444444444446 0.7550200803212851 0.06666666666666667 0.751004016064257 0.07222222222222222 0.751004016064257 0.08333333333333333 0.7590361445783133 0.09444444444444444 0.7751004016064257 0.09444444444444444 0.7710843373493976 0.1 0.7590361445783133 0.1 0.7550200803212851 0.10555555555555556 0.7469879518072289 0.10555555555555556 0.7429718875502008 0.1111111111111111 0.7349397590361446 0.1111111111111111 0.7309236947791165 0.11666666666666667 0.7228915662650602 0.11666666666666667 0.7188755020080321 0.12222222222222222 0.7108433734939759 0.12222222222222222 0.6987951807228916 0.13333333333333333 0.6867469879518072 0.13333333333333333 0.6827309236947792 0.1388888888888889 0.6746987951807228 0.1388888888888889 0.6706827309236948 0.14444444444444443 0.6546184738955824 0.14444444444444443 0.6506024096385542 0.15 0.6465863453815262 0.14444444444444443 0.6465863453815262 0.13333333333333333 0.6506024096385542 0.12777777777777777 0.6506024096385542 0.11666666666666667 0.6546184738955824 0.1111111111111111 0.6546184738955824 0.1 0.6586345381526104 0.09444444444444444 0.6586345381526104 0.08333333333333333 0.6626506024096386 0.07777777777777778 0.6626506024096386 0.07222222222222222 0.6666666666666666 0.06666666666666667 0.6666666666666666 0.06111111111111111 0.6706827309236948 0.05555555555555555 0.6706827309236948 0.044444444444444446 0.6746987951807228 0.03888888888888889 0.6746987951807228 0.027777777777777776 0.678714859437751 0.022222222222222223 0.678714859437751 0.011111111111111112 0.6827309236947792 0.005555555555555556
19 0.9839357429718876 0.005555555555555556 0.9839357429718876 0.011111111111111112 0.9879518072289156 0.016666666666666666 0.9879518072289156 0.027777777777777776 0.9839357429718876 0.03333333333333333 0.9839357429718876 0.05 0.9799196787148594 0.05 0.9759036144578314 0.05555555555555555 0.9759036144578314 0.07222222222222222 0.9718875502008032 0.07777777777777778 0.9718875502008032 0.08333333333333333 0.9678714859437751 0.08888888888888889 0.9678714859437751 0.09444444444444444 0.9598393574297188 0.10555555555555556 0.9598393574297188 0.1111111111111111 0.9558232931726908 0.11666666666666667 0.9558232931726908 0.1388888888888889 0.9518072289156626 0.14444444444444443 0.9518072289156626 0.15 0.9558232931726908 0.15555555555555556 0.9437751004016064 0.17222222222222222 0.9437751004016064 0.18333333333333332 0.9397590361445783 0.18888888888888888 0.9397590361445783 0.2 0.9397590361445783 0.19444444444444445 0.9357429718875502 0.18888888888888888 0.9357429718875502 0.18333333333333332 0.9116465863453815 0.15 0.9116465863453815 0.14444444444444443 0.9076305220883534 0.1388888888888889 0.9076305220883534 0.13333333333333333 0.8995983935742972 0.12222222222222222 0.8995983935742972 0.1111111111111111 0.8955823293172691 0.10555555555555556 0.8955823293172691 0.1 0.891566265060241 0.09444444444444444 0.891566265060241 0.08888888888888889 0.8875502008032129 0.08333333333333333 0.8875502008032129 0.07777777777777778 0.8835341365461847 0.07222222222222222 0.8835341365461847 0.06666666666666667 0.8755020080321285 0.05555555555555555 0.8674698795180723 0.05555555555555555 0.8634538152610441 0.05 0.8554216867469879 0.05 0.8514056224899599 0.05555555555555555 0.8393574297188755 0.05555555555555555 0.8353413654618473 0.05 0.8393574297188755 0.044444444444444446 0.8393574297188755 0.027777777777777776 0.8433734939759037 0.022222222222222223 0.8433734939759037 0.016666666666666666 0.8473895582329317 0.011111111111111112 0.8473895582329317 0.005555555555555556 0.8514056224899599 0 0.9437751004016064 0 0.9477911646586346 0.005555555555555556 0.9518072289156626 0.005555555555555556 0.9558232931726908 0 0.9759036144578314 0 0.9799196787148594 0.005555555555555556
19 0.9919678714859438 0.7333333333333333 0.9959839357429718 0.7388888888888889 0.9959839357429718 0.9111111111111111 0.9919678714859438 0.9166666666666666 0.9598393574297188 0.9166666666666666 0.9558232931726908 0.9111111111111111 0.9518072289156626 0.9111111111111111 0.9518072289156626 0.9055555555555556 0.9477911646586346 0.9 0.9477911646586346 0.8888888888888888 0.9437751004016064 0.8833333333333333 0.9437751004016064 0.85 0.9397590361445783 0.8444444444444444 0.9397590361445783 0.8277777777777777 0.9357429718875502 0.8222222222222222 0.9357429718875502 0.8166666666666667 0.9317269076305221 0.8111111111111111 0.9317269076305221 0.8055555555555556 0.9236947791164659 0.7944444444444444 0.9236947791164659 0.7888888888888889 0.9357429718875502 0.7722222222222223 0.9397590361445783 0.7722222222222223 0.9437751004016064 0.7666666666666667 0.9518072289156626 0.7666666666666667 0.9558232931726908 0.7611111111111111 0.9598393574297188 0.7611111111111111 0.9678714859437751 0.75 0.9718875502008032 0.75 0.9759036144578314 0.7444444444444445 0.9799196787148594 0.7444444444444445 0.9839357429718876 0.7388888888888889 0.9879518072289156 0.7388888888888889
19 0.46184738955823296 0.8666666666666667 0.46987951807228917 0.8666666666666667 0.46987951807228917 0.8722222222222222 0.4738955823293173 0.8777777777777778 0.4819277108433735 0.8777777777777778 0.4779116465863454 0.8833333333333333 0.4819277108433735 0.8888888888888888 0.4819277108433735 0.8944444444444445 0.4819277108433735 0.8888888888888888 0.4779116465863454 0.8833333333333333 0.46586345381526106 0.8833333333333333 0.46184738955823296 0.8777777777777778 0.46184738955823296 0.8722222222222222
19 0.7469879518072289 0.25555555555555554 0.751004016064257 0.2611111111111111 0.7550200803212851 0.2611111111111111 0.7550200803212851 0.2777777777777778 0.751004016064257 0.2833333333333333 0.7469879518072289 0.2833333333333333 0.7429718875502008 0.2777777777777778 0.7389558232931727 0.2777777777777778 0.7349397590361446 0.2833333333333333 0.7349397590361446 0.28888888888888886 0.7309236947791165 0.28888888888888886 0.7349397590361446 0.2833333333333333 0.7269076305220884 0.2722222222222222 0.7228915662650602 0.2777777777777778 0.7188755020080321 0.2777777777777778 0.714859437751004 0.2722222222222222 0.7068273092369478 0.2722222222222222 0.7028112449799196 0.2777777777777778 0.7068273092369478 0.2833333333333333 0.7068273092369478 0.28888888888888886 0.6907630522088354 0.28888888888888886 0.6867469879518072 0.29444444444444445 0.6867469879518072 0.3055555555555556 0.678714859437751 0.3055555555555556 0.6867469879518072 0.29444444444444445 0.6827309236947792 0.28888888888888886 0.678714859437751 0.28888888888888886 0.6827309236947792 0.28888888888888886 0.6867469879518072 0.2833333333333333 0.6947791164658634 0.2833333333333333 0.6987951807228916 0.28888888888888886 0.7028112449799196 0.2833333333333333 0.7028112449799196 0.2777777777777778 0.6987951807228916 0.2722222222222222 0.7108433734939759 0.2722222222222222 0.7188755020080321 0.2611111111111111 0.7228915662650602 0.2611111111111111 0.7269076305220884 0.26666666666666666 0.7349397590361446 0.26666666666666666 0.7389558232931727 0.2722222222222222 0.7429718875502008 0.26666666666666666 0.7429718875502008 0.2611111111111111
19 0.7630522088353414 0.6277777777777778 0.7751004016064257 0.6444444444444445 0.7751004016064257 0.65 0.7791164658634538 0.6555555555555556 0.7831325301204819 0.6555555555555556 0.7831325301204819 0.6611111111111111 0.7951807228915663 0.6777777777777778 0.7951807228915663 0.6888888888888889 0.7991967871485943 0.6944444444444444 0.7991967871485943 0.7 0.7911646586345381 0.7111111111111111 0.7791164658634538 0.7111111111111111 0.7751004016064257 0.7166666666666667 0.7670682730923695 0.7166666666666667 0.7630522088353414 0.7222222222222222 0.7590361445783133 0.7222222222222222 0.751004016064257 0.7333333333333333 0.7429718875502008 0.7333333333333333 0.7309236947791165 0.7444444444444445 0.7228915662650602 0.7444444444444445 0.7188755020080321 0.75 0.7108433734939759 0.75 0.7068273092369478 0.7555555555555555 0.6987951807228916 0.7555555555555555 0.6947791164658634 0.7611111111111111 0.678714859437751 0.7611111111111111 0.6706827309236948 0.75 0.6746987951807228 0.7444444444444445 0.6746987951807228 0.7388888888888889 0.6827309236947792 0.7277777777777777 0.6827309236947792 0.7222222222222222 0.6947791164658634 0.7055555555555556 0.6947791164658634 0.7 0.7068273092369478 0.6833333333333333 0.7068273092369478 0.6777777777777778 0.7188755020080321 0.6611111111111111 0.7188755020080321 0.6555555555555556 0.7349397590361446 0.6333333333333333 0.7349397590361446 0.6277777777777778 0.7469879518072289 0.6111111111111112 0.751004016064257 0.6111111111111112 0.751004016064257 0.6166666666666667 0.7590361445783133 0.6277777777777778
19 0.7630522088353414 0.6277777777777778 0.7871485943775101 0.6611111111111111 0.7871485943775101 0.6666666666666666 0.7951807228915663 0.6777777777777778 0.7951807228915663 0.6888888888888889 0.7991967871485943 0.6944444444444444 0.7991967871485943 0.7055555555555556 0.7951807228915663 0.7111111111111111 0.7831325301204819 0.7111111111111111 0.7791164658634538 0.7166666666666667 0.7670682730923695 0.7166666666666667 0.7590361445783133 0.7277777777777777 0.7550200803212851 0.7277777777777777 0.751004016064257 0.7333333333333333 0.7469879518072289 0.7333333333333333 0.7429718875502008 0.7388888888888889 0.7389558232931727 0.7388888888888889 0.7269076305220884 0.75 0.714859437751004 0.75 0.7108433734939759 0.7555555555555555 0.7028112449799196 0.7555555555555555 0.6987951807228916 0.7611111111111111 0.678714859437751 0.7611111111111111 0.6746987951807228 0.7555555555555555 0.6706827309236948 0.7555555555555555 0.6706827309236948 0.75 0.6746987951807228 0.7444444444444445 0.6746987951807228 0.7388888888888889 0.678714859437751 0.7333333333333333 0.678714859437751 0.7277777777777777 0.6867469879518072 0.7166666666666667 0.6867469879518072 0.7111111111111111 0.7068273092369478 0.6833333333333333 0.7068273092369478 0.6777777777777778 0.714859437751004 0.6666666666666666 0.714859437751004 0.6611111111111111 0.7309236947791165 0.6388888888888888 0.7309236947791165 0.6333333333333333 0.7469879518072289 0.6111111111111112 0.751004016064257 0.6111111111111112 0.7590361445783133 0.6277777777777778
19 0.1927710843373494 0 0.19678714859437751 0.005555555555555556 0.2289156626506024 0.005555555555555556 0.23293172690763053 0.011111111111111112 0.23694779116465864 0.005555555555555556 0.26907630522088355 0.005555555555555556 0.27309236947791166 0 0.2971887550200803 0 0.30120481927710846 0.005555555555555556 0.3333333333333333 0.005555555555555556 0.3373493975903614 0.011111111111111112 0.3534136546184739 0.011111111111111112 0.357429718875502 0.005555555555555556 0.37751004016064255 0.005555555555555556 0.3815261044176707 0 0.42570281124497994 0 0.42570281124497994 0.03333333333333333 0.41767068273092367 0.05 0.42168674698795183 0.05555555555555555 0.42168674698795183 0.09444444444444444 0.40963855421686746 0.09444444444444444 0.40562248995983935 0.1 0.40160642570281124 0.1 0.39759036144578314 0.09444444444444444 0.39357429718875503 0.1 0.3815261044176707 0.1 0.37751004016064255 0.09444444444444444 0.3654618473895582 0.09444444444444444 0.3614457831325301 0.08888888888888889 0.3453815261044177 0.08888888888888889 0.3413654618473896 0.09444444444444444 0.3333333333333333 0.09444444444444444 0.3172690763052209 0.11666666666666667 0.3172690763052209 0.12222222222222222 0.3132530120481928 0.12222222222222222 0.3092369477911647 0.12777777777777777 0.30120481927710846 0.12777777777777777 0.2971887550200803 0.13333333333333333 0.2891566265060241 0.13333333333333333 0.285140562248996 0.1388888888888889 0.26506024096385544 0.1388888888888889 0.26104417670682734 0.14444444444444443 0.25301204819277107 0.14444444444444443 0.24899598393574296 0.15 0.23694779116465864 0.15 0.23293172690763053 0.15555555555555556 0.2248995983935743 0.15555555555555556 0.22088353413654618 0.16111111111111112 0.20481927710843373 0.16111111111111112 0.20080321285140562 0.15555555555555556 0.18473895582329317 0.15555555555555556 0.18072289156626506 0.15 0.17670682730923695 0.15 0.1686746987951807 0.1388888888888889 0.1686746987951807 0.13333333333333333 0.1646586345381526 0.12777777777777777 0.1646586345381526 0.12222222222222222 0.1606425702811245 0.11666666666666667 0.1606425702811245 0.1111111111111111 0.15261044176706828 0.09444444444444444 0.15261044176706828 0.08333333333333333 0.14457831325301204 0.06666666666666667 0.14457831325301204 0.05555555555555555 0.14056224899598393 0.05 0.14056224899598393 0.03333333333333333 0.13654618473895583 0.027777777777777776 0.13654618473895583 0.016666666666666666 0.13253012048192772 0.011111111111111112 0.13253012048192772 0.005555555555555556 0.1566265060240964 0.005555555555555556 0.1606425702811245 0 0.18875502008032127 0
19 0.9397590361445783 0 0.9437751004016064 0.005555555555555556 0.9558232931726908 0.005555555555555556 0.9598393574297188 0 0.9759036144578314 0 0.9799196787148594 0.005555555555555556 0.9879518072289156 0.005555555555555556 0.9959839357429718 0.016666666666666666 0.9959839357429718 0.022222222222222223 0.9919678714859438 0.027777777777777776 0.9919678714859438 0.03888888888888889 0.9959839357429718 0.044444444444444446 0.9959839357429718 0.06111111111111111 0.9919678714859438 0.06666666666666667 0.9919678714859438 0.08333333333333333 0.9959839357429718 0.08888888888888889 0.9919678714859438 0.08888888888888889 0.9839357429718876 0.10555555555555556 0.9959839357429718 0.12222222222222222 0.9959839357429718 0.12777777777777777 0.9879518072289156 0.14444444444444443 0.9879518072289156 0.16666666666666666 0.9919678714859438 0.17222222222222222 0.9919678714859438 0.18333333333333332 0.9879518072289156 0.18888888888888888 0.9879518072289156 0.20555555555555555 0.9959839357429718 0.2222222222222222 0.9959839357429718 0.25555555555555554 0.9919678714859438 0.2611111111111111 0.9919678714859438 0.2777777777777778 0.9959839357429718 0.2833333333333333 0.9959839357429718 0.3055555555555556 0.9919678714859438 0.3111111111111111 0.9919678714859438 0.39444444444444443 0.9879518072289156 0.4 0.9879518072289156 0.4777777777777778 0.9919678714859438 0.48333333333333334 0.9919678714859438 0.5 0.9839357429718876 0.5111111111111111 0.9839357429718876 0.5222222222222223 0.9919678714859438 0.5388888888888889 0.9919678714859438 0.5444444444444444 0.9879518072289156 0.55 0.9879518072289156 0.5666666666666667 0.9919678714859438 0.5722222222222222 0.9919678714859438 0.5833333333333334 0.9959839357429718 0.5888888888888889 0.9959839357429718 0.5944444444444444 0.9919678714859438 0.6 0.9919678714859438 0.6111111111111112 0.9959839357429718 0.6166666666666667 0.9959839357429718 0.6222222222222222 0.9919678714859438 0.6277777777777778 0.9919678714859438 0.6666666666666666 0.9959839357429718 0.6722222222222223 0.9959839357429718 0.7 0.9759036144578314 0.7 0.9718875502008032 0.6944444444444444 0.963855421686747 0.6944444444444444 0.9598393574297188 0.6888888888888889 0.9558232931726908 0.6888888888888889 0.9558232931726908 0.6833333333333333 0.9518072289156626 0.6777777777777778 0.9518072289156626 0.6666666666666666 0.9477911646586346 0.6611111111111111 0.9477911646586346 0.6388888888888888 0.9437751004016064 0.6333333333333333 0.9437751004016064 0.6277777777777778 0.9477911646586346 0.6222222222222222 0.9437751004016064 0.6166666666666667 0.9437751004016064 0.6055555555555555 0.9397590361445783 0.6 0.9397590361445783 0.5555555555555556 0.9357429718875502 0.55 0.9357429718875502 0.49444444444444446 0.9317269076305221 0.4888888888888889 0.9317269076305221 0.4777777777777778 0.927710843373494 0.4722222222222222 0.927710843373494 0.4388888888888889 0.9236947791164659 0.43333333333333335 0.9236947791164659 0.4222222222222222 0.9196787148594378 0.4166666666666667 0.9196787148594378 0.39444444444444443 0.9156626506024096 0.3888888888888889 0.9156626506024096 0.31666666666666665 0.9196787148594378 0.3111111111111111 0.9196787148594378 0.29444444444444445 0.9317269076305221 0.2777777777777778 0.9317269076305221 0.2722222222222222 0.9357429718875502 0.26666666666666666 0.9357429718875502 0.2611111111111111 0.9397590361445783 0.25555555555555554 0.9397590361445783 0.25 0.9477911646586346 0.2388888888888889 0.9477911646586346 0.23333333333333334 0.9397590361445783 0.21666666666666667 0.9397590361445783 0.20555555555555555 0.9357429718875502 0.2 0.9357429718875502 0.18888888888888888 0.9317269076305221 0.18333333333333332 0.9317269076305221 0.17777777777777778 0.9156626506024096 0.15555555555555556 0.9156626506024096 0.15 0.9116465863453815 0.14444444444444443 0.9116465863453815 0.1388888888888889 0.9036144578313253 0.12777777777777777 0.9036144578313253 0.12222222222222222 0.8995983935742972 0.11666666666666667 0.8995983935742972 0.1111111111111111 0.8955823293172691 0.10555555555555556 0.8955823293172691 0.1 0.8875502008032129 0.08333333333333333 0.8875502008032129 0.07222222222222222 0.8795180722891566 0.06111111111111111 0.8795180722891566 0.05555555555555555 0.8674698795180723 0.044444444444444446 0.8674698795180723 0.03888888888888889 0.8795180722891566 0.027777777777777776 0.8714859437751004 0.016666666666666666 0.8714859437751004 0.005555555555555556 0.8875502008032129 0.005555555555555556 0.891566265060241 0 0.9357429718875502 0
19 0.8072289156626506 0.7166666666666667 0.8112449799196787 0.7222222222222222 0.8152610441767069 0.7222222222222222 0.8232931726907631 0.7333333333333333 0.8313253012048193 0.7333333333333333 0.8433734939759037 0.7444444444444445 0.8554216867469879 0.7444444444444445 0.8594377510040161 0.7388888888888889 0.8835341365461847 0.7388888888888889 0.8875502008032129 0.7333333333333333 0.891566265060241 0.7333333333333333 0.9036144578313253 0.7222222222222222 0.9116465863453815 0.7222222222222222 0.9156626506024096 0.7166666666666667 0.9196787148594378 0.7166666666666667 0.9236947791164659 0.7111111111111111 0.927710843373494 0.7111111111111111 0.9317269076305221 0.7055555555555556 0.9357429718875502 0.7055555555555556 0.9397590361445783 0.7 0.9598393574297188 0.7 0.963855421686747 0.7055555555555556 0.9718875502008032 0.7055555555555556 0.9759036144578314 0.7111111111111111 0.9839357429718876 0.7111111111111111 0.9919678714859438 0.7222222222222222 0.9919678714859438 0.7333333333333333 0.9879518072289156 0.7388888888888889 0.9799196787148594 0.7388888888888889 0.9759036144578314 0.7444444444444445 0.9718875502008032 0.7444444444444445 0.9678714859437751 0.75 0.963855421686747 0.75 0.9598393574297188 0.7555555555555555 0.9558232931726908 0.7555555555555555 0.9518072289156626 0.7611111111111111 0.9477911646586346 0.7611111111111111 0.9437751004016064 0.7666666666666667 0.9397590361445783 0.7666666666666667 0.9357429718875502 0.7722222222222223 0.9317269076305221 0.7722222222222223 0.927710843373494 0.7777777777777778 0.9236947791164659 0.7777777777777778 0.9156626506024096 0.7888888888888889 0.8835341365461847 0.7888888888888889 0.8795180722891566 0.7944444444444444 0.8594377510040161 0.7944444444444444 0.8554216867469879 0.8 0.8353413654618473 0.8 0.8313253012048193 0.8055555555555556 0.8152610441767069 0.8055555555555556 0.8112449799196787 0.8111111111111111 0.7951807228915663 0.8111111111111111 0.7911646586345381 0.8166666666666667 0.7751004016064257 0.8166666666666667 0.7710843373493976 0.8222222222222222 0.751004016064257 0.8222222222222222 0.7469879518072289 0.8277777777777777 0.7349397590361446 0.8277777777777777 0.7309236947791165 0.8333333333333334 0.7108433734939759 0.8333333333333334 0.7068273092369478 0.8388888888888889 0.6827309236947792 0.8388888888888889 0.678714859437751 0.8444444444444444 0.6706827309236948 0.8444444444444444 0.6666666666666666 0.85 0.6465863453815262 0.85 0.642570281124498 0.8555555555555555 0.6265060240963856 0.8555555555555555 0.6224899598393574 0.8611111111111112 0.6184738955823293 0.8555555555555555 0.6184738955823293 0.85 0.6224899598393574 0.8444444444444444 0.6224899598393574 0.8388888888888889 0.6305220883534136 0.8277777777777777 0.6305220883534136 0.8222222222222222 0.6546184738955824 0.7888888888888889 0.6586345381526104 0.7888888888888889 0.6626506024096386 0.7833333333333333 0.6706827309236948 0.7833333333333333 0.6746987951807228 0.7777777777777778 0.6867469879518072 0.7777777777777778 0.6987951807228916 0.7611111111111111 0.7028112449799196 0.7611111111111111 0.7068273092369478 0.7555555555555555 0.7228915662650602 0.7555555555555555 0.7269076305220884 0.75 0.7349397590361446 0.75 0.7429718875502008 0.7388888888888889 0.751004016064257 0.7388888888888889 0.7590361445783133 0.7277777777777777 0.7630522088353414 0.7277777777777777 0.7751004016064257 0.7166666666666667 0.8032128514056225 0.7166666666666667
19 0.6265060240963856 0.36666666666666664 0.6345381526104418 0.36666666666666664 0.642570281124498 0.37777777777777777 0.6465863453815262 0.37777777777777777 0.6546184738955824 0.3888888888888889 0.6586345381526104 0.3888888888888889 0.6746987951807228 0.4111111111111111 0.6746987951807228 0.4166666666666667 0.678714859437751 0.4222222222222222 0.678714859437751 0.42777777777777776 0.6867469879518072 0.4444444444444444 0.6867469879518072 0.46111111111111114 0.678714859437751 0.46111111111111114 0.6706827309236948 0.4722222222222222 0.6746987951807228 0.4777777777777778 0.6746987951807228 0.48333333333333334 0.6706827309236948 0.4888888888888889 0.6626506024096386 0.4888888888888889 0.6586345381526104 0.49444444444444446 0.6586345381526104 0.5166666666666667 0.6626506024096386 0.5222222222222223 0.6666666666666666 0.5222222222222223 0.6746987951807228 0.5333333333333333 0.6867469879518072 0.5333333333333333 0.6867469879518072 0.5388888888888889 0.6907630522088354 0.5444444444444444 0.6947791164658634 0.5444444444444444 0.6947791164658634 0.55 0.6987951807228916 0.5555555555555556 0.7028112449799196 0.5555555555555556 0.7068273092369478 0.5611111111111111 0.7108433734939759 0.5611111111111111 0.714859437751004 0.5666666666666667 0.714859437751004 0.5722222222222222 0.7269076305220884 0.5833333333333334 0.7269076305220884 0.5888888888888889 0.7349397590361446 0.6 0.7349397590361446 0.6111111111111112 0.7309236947791165 0.6166666666666667 0.7309236947791165 0.6222222222222222 0.7188755020080321 0.6388888888888888 0.7188755020080321 0.6444444444444445 0.714859437751004 0.65 0.714859437751004 0.6555555555555556 0.7068273092369478 0.6666666666666666 0.7068273092369478 0.6722222222222223 0.6947791164658634 0.6888888888888889 0.6947791164658634 0.6944444444444444 0.6746987951807228 0.7222222222222222 0.6746987951807228 0.7277777777777777 0.6666666666666666 0.7388888888888889 0.6666666666666666 0.7444444444444445 0.6546184738955824 0.7611111111111111 0.6546184738955824 0.7666666666666667 0.642570281124498 0.7833333333333333 0.642570281124498 0.7888888888888889 0.6265060240963856 0.8111111111111111 0.6265060240963856 0.8166666666666667 0.6104417670682731 0.8388888888888889 0.6104417670682731 0.8444444444444444 0.6024096385542169 0.8444444444444444 0.5983935742971888 0.85 0.5983935742971888 0.8555555555555555 0.5903614457831325 0.8722222222222222 0.5742971887550201 0.8722222222222222 0.5582329317269076 0.8944444444444445 0.5582329317269076 0.9 0.5542168674698795 0.9055555555555556 0.5542168674698795 0.9111111111111111 0.5100401606425703 0.9111111111111111 0.5060240963855421 0.9055555555555556 0.4939759036144578 0.9055555555555556 0.4859437751004016 0.8944444444444445 0.4819277108433735 0.9 0.4779116465863454 0.9 0.46987951807228917 0.9111111111111111 0.3855421686746988 0.9111111111111111 0.3815261044176707 0.9055555555555556 0.37349397590361444 0.9055555555555556 0.37349397590361444 0.9 0.36947791164658633 0.8944444444444445 0.3654618473895582 0.8944444444444445 0.3413654618473896 0.8611111111111112 0.3373493975903614 0.8611111111111112 0.3373493975903614 0.8555555555555555 0.3333333333333333 0.85 0.3293172690763052 0.85 0.321285140562249 0.8388888888888889 0.3172690763052209 0.8388888888888889 0.3092369477911647 0.8277777777777777 0.3092369477911647 0.8222222222222222 0.30120481927710846 0.8111111111111111 0.30120481927710846 0.7777777777777778 0.3092369477911647 0.7666666666666667 0.3092369477911647 0.7611111111111111 0.3172690763052209 0.75 0.3172690763052209 0.7444444444444445 0.321285140562249 0.7388888888888889 0.321285140562249 0.7333333333333333 0.3493975903614458 0.6944444444444444 0.3493975903614458 0.6888888888888889 0.357429718875502 0.6777777777777778 0.3614457831325301 0.6777777777777778 0.3654618473895582 0.6722222222222223 0.3654618473895582 0.6611111111111111 0.3815261044176707 0.6388888888888888 0.3815261044176707 0.6277777777777778 0.3895582329317269 0.6111111111111112 0.3895582329317269 0.6 0.39759036144578314 0.5888888888888889 0.40160642570281124 0.5888888888888889 0.40562248995983935 0.5833333333333334 0.40562248995983935 0.5777777777777777 0.40963855421686746 0.5722222222222222 0.40963855421686746 0.5666666666666667 0.42168674698795183 0.55 0.42570281124497994 0.55 0.42971887550200805 0.5444444444444444 0.43373493975903615 0.5444444444444444 0.43775100401606426 0.5388888888888889 0.44176706827309237 0.5388888888888889 0.4538152610441767 0.5222222222222223 0.4538152610441767 0.5166666666666667 0.4819277108433735 0.4777777777777778 0.4819277108433735 0.4722222222222222 0.4979919678714859 0.45 0.5020080321285141 0.45 0.5060240963855421 0.4444444444444444 0.5180722891566265 0.4444444444444444 0.5220883534136547 0.45 0.5421686746987951 0.45 0.5461847389558233 0.45555555555555555 0.5983935742971888 0.45555555555555555 0.6024096385542169 0.45 0.606425702811245 0.45 0.6224899598393574 0.42777777777777776 0.6224899598393574 0.4166666666666667 0.6265060240963856 0.4111111111111111 0.6265060240963856 0.37777777777777777 0.6305220883534136 0.37222222222222223
19 0.8072289156626506 0.7166666666666667 0.8152610441767069 0.7277777777777777 0.8192771084337349 0.7277777777777777 0.8313253012048193 0.7388888888888889 0.8393574297188755 0.7388888888888889 0.8433734939759037 0.7444444444444445 0.8594377510040161 0.7444444444444445 0.8634538152610441 0.7388888888888889 0.8875502008032129 0.7388888888888889 0.891566265060241 0.7333333333333333 0.8955823293172691 0.7333333333333333 0.8995983935742972 0.7277777777777777 0.9036144578313253 0.7277777777777777 0.9076305220883534 0.7222222222222222 0.9116465863453815 0.7222222222222222 0.9156626506024096 0.7166666666666667 0.9196787148594378 0.7166666666666667 0.9236947791164659 0.7111111111111111 0.927710843373494 0.7111111111111111 0.9317269076305221 0.7055555555555556 0.9357429718875502 0.7055555555555556 0.9397590361445783 0.7 0.9598393574297188 0.7 0.963855421686747 0.7055555555555556 0.9718875502008032 0.7055555555555556 0.9759036144578314 0.7111111111111111 0.9839357429718876 0.7111111111111111 0.9919678714859438 0.7222222222222222 0.9919678714859438 0.7333333333333333 0.9879518072289156 0.7388888888888889 0.9839357429718876 0.7388888888888889 0.9799196787148594 0.7444444444444445 0.9718875502008032 0.7444444444444445 0.9678714859437751 0.75 0.963855421686747 0.75 0.9598393574297188 0.7555555555555555 0.9558232931726908 0.7555555555555555 0.9518072289156626 0.7611111111111111 0.9477911646586346 0.7611111111111111 0.9437751004016064 0.7666666666666667 0.9397590361445783 0.7666666666666667 0.9317269076305221 0.7777777777777778 0.927710843373494 0.7777777777777778 0.9196787148594378 0.7888888888888889 0.8835341365461847 0.7888888888888889 0.8795180722891566 0.7944444444444444 0.8594377510040161 0.7944444444444444 0.8554216867469879 0.8 0.8473895582329317 0.8 0.8433734939759037 0.8055555555555556 0.8152610441767069 0.8055555555555556 0.8112449799196787 0.8111111111111111 0.7951807228915663 0.8111111111111111 0.7911646586345381 0.8166666666666667 0.7751004016064257 0.8166666666666667 0.7710843373493976 0.8222222222222222 0.7590361445783133 0.8222222222222222 0.7550200803212851 0.8277777777777777 0.7389558232931727 0.8277777777777777 0.7349397590361446 0.8333333333333334 0.714859437751004 0.8333333333333334 0.7108433734939759 0.8388888888888889 0.6907630522088354 0.8388888888888889 0.6867469879518072 0.8444444444444444 0.6746987951807228 0.8444444444444444 0.6706827309236948 0.85 0.6626506024096386 0.85 0.6586345381526104 0.8555555555555555 0.6546184738955824 0.8555555555555555 0.6506024096385542 0.8611111111111112 0.6506024096385542 0.8666666666666667 0.642570281124498 0.8666666666666667 0.6345381526104418 0.8833333333333333 0.6345381526104418 0.8944444444444445 0.6305220883534136 0.8944444444444445 0.6305220883534136 0.8777777777777778 0.642570281124498 0.8666666666666667 0.6385542168674698 0.8611111111111112 0.6305220883534136 0.8611111111111112 0.6265060240963856 0.8666666666666667 0.6144578313253012 0.8666666666666667 0.6144578313253012 0.8555555555555555 0.6184738955823293 0.85 0.6184738955823293 0.8444444444444444 0.6305220883534136 0.8277777777777777 0.6305220883534136 0.8222222222222222 0.642570281124498 0.8055555555555556 0.642570281124498 0.8 0.6506024096385542 0.7888888888888889 0.6546184738955824 0.7888888888888889 0.6666666666666666 0.7777777777777778 0.6746987951807228 0.7777777777777778 0.678714859437751 0.7722222222222223 0.6907630522088354 0.7722222222222223 0.6987951807228916 0.7611111111111111 0.7028112449799196 0.7611111111111111 0.7068273092369478 0.7555555555555555 0.7228915662650602 0.7555555555555555 0.7269076305220884 0.75 0.7349397590361446 0.75 0.7429718875502008 0.7388888888888889 0.7469879518072289 0.7388888888888889 0.751004016064257 0.7333333333333333 0.7550200803212851 0.7333333333333333 0.7590361445783133 0.7277777777777777 0.7630522088353414 0.7277777777777777 0.7751004016064257 0.7166666666666667 0.8032128514056225 0.7166666666666667
19 0.321285140562249 0 0.3253012048192771 0.005555555555555556 0.357429718875502 0.005555555555555556 0.3614457831325301 0 0.42570281124497994 0 0.42570281124497994 0.011111111111111112 0.40963855421686746 0.03333333333333333 0.40562248995983935 0.03333333333333333 0.40160642570281124 0.03888888888888889 0.39759036144578314 0.03888888888888889 0.39357429718875503 0.044444444444444446 0.39357429718875503 0.05 0.36947791164658633 0.05 0.3654618473895582 0.044444444444444446 0.357429718875502 0.044444444444444446 0.3534136546184739 0.03888888888888889 0.3493975903614458 0.044444444444444446 0.3453815261044177 0.044444444444444446 0.3413654618473896 0.03888888888888889 0.3373493975903614 0.03888888888888889 0.3293172690763052 0.027777777777777776 0.3253012048192771 0.027777777777777776 0.321285140562249 0.022222222222222223 0.3132530120481928 0.022222222222222223 0.3092369477911647 0.016666666666666666 0.30522088353413657 0.016666666666666666 0.30120481927710846 0.011111111111111112 0.2971887550200803 0.011111111111111112 0.2971887550200803 0.005555555555555556 0.30120481927710846 0.005555555555555556 0.30522088353413657 0 0.3172690763052209 0
19 0.6827309236947792 0 0.751004016064257 0 0.7469879518072289 0.005555555555555556 0.7469879518072289 0.016666666666666666 0.7429718875502008 0.022222222222222223 0.7429718875502008 0.027777777777777776 0.7349397590361446 0.03888888888888889 0.7429718875502008 0.05555555555555555 0.7389558232931727 0.06111111111111111 0.7389558232931727 0.06666666666666667 0.7429718875502008 0.07222222222222222 0.7429718875502008 0.07777777777777778 0.751004016064257 0.08888888888888889 0.7389558232931727 0.1 0.7309236947791165 0.08888888888888889 0.7108433734939759 0.08888888888888889 0.7068273092369478 0.08333333333333333 0.7028112449799196 0.08333333333333333 0.6907630522088354 0.07222222222222222 0.6827309236947792 0.07222222222222222 0.6706827309236948 0.05555555555555555 0.6706827309236948 0.05 0.6746987951807228 0.044444444444444446 0.6746987951807228 0.027777777777777776 0.678714859437751 0.022222222222222223 0.678714859437751 0.011111111111111112 0.6827309236947792 0.005555555555555556
19 0.46987951807228917 0.8805555555555555 0.008032128514056224 0.005555555555555556
19 0.6224899598393574 0 0.6224899598393574 0.16666666666666666 0.6184738955823293 0.17222222222222222 0.6184738955823293 0.29444444444444445 0.6144578313253012 0.3 0.6144578313253012 0.3277777777777778 0.6184738955823293 0.3333333333333333 0.6184738955823293 0.35 0.6144578313253012 0.35555555555555557 0.6144578313253012 0.4222222222222222 0.6024096385542169 0.4388888888888889 0.5983935742971888 0.4388888888888889 0.5943775100401606 0.4444444444444444 0.5461847389558233 0.4444444444444444 0.5421686746987951 0.4388888888888889 0.5220883534136547 0.4388888888888889 0.5180722891566265 0.43333333333333335 0.4939759036144578 0.43333333333333335 0.4899598393574297 0.42777777777777776 0.44176706827309237 0.42777777777777776 0.42971887550200805 0.4166666666666667 0.42971887550200805 0.40555555555555556 0.42570281124497994 0.4 0.42570281124497994 0.37777777777777777 0.42168674698795183 0.37222222222222223 0.42168674698795183 0.36666666666666664 0.42570281124497994 0.3611111111111111 0.42570281124497994 0.32222222222222224 0.42971887550200805 0.31666666666666665 0.42971887550200805 0.16111111111111112 0.43373493975903615 0.15555555555555556 0.43373493975903615 0.07777777777777778 0.43775100401606426 0.07222222222222222 0.43373493975903615 0.06666666666666667 0.43373493975903615 0.06111111111111111 0.43775100401606426 0.05555555555555555 0.43775100401606426 0.011111111111111112 0.44176706827309237 0.005555555555555556 0.4578313253012048 0.005555555555555556 0.46184738955823296 0 0.6184738955823293 0
19 0.7630522088353414 0.6277777777777778 0.7831325301204819 0.6555555555555556 0.7831325301204819 0.6611111111111111 0.7951807228915663 0.6777777777777778 0.7951807228915663 0.6833333333333333 0.7991967871485943 0.6888888888888889 0.7991967871485943 0.7055555555555556 0.7871485943775101 0.7166666666666667 0.7751004016064257 0.7166666666666667 0.7710843373493976 0.7222222222222222 0.7670682730923695 0.7222222222222222 0.7630522088353414 0.7277777777777777 0.7590361445783133 0.7277777777777777 0.7550200803212851 0.7333333333333333 0.751004016064257 0.7333333333333333 0.7469879518072289 0.7388888888888889 0.7429718875502008 0.7388888888888889 0.7309236947791165 0.75 0.7188755020080321 0.75 0.714859437751004 0.7555555555555555 0.7068273092369478 0.7555555555555555 0.7028112449799196 0.7611111111111111 0.6746987951807228 0.7611111111111111 0.6706827309236948 0.7555555555555555 0.6706827309236948 0.75 0.6746987951807228 0.7444444444444445 0.6746987951807228 0.7388888888888889 0.6827309236947792 0.7277777777777777 0.6827309236947792 0.7222222222222222 0.6947791164658634 0.7055555555555556 0.6947791164658634 0.7 0.7068273092369478 0.6833333333333333 0.7068273092369478 0.6777777777777778 0.7188755020080321 0.6611111111111111 0.7188755020080321 0.6555555555555556 0.7349397590361446 0.6333333333333333 0.7349397590361446 0.6277777777777778 0.7469879518072289 0.6111111111111112 0.751004016064257 0.6111111111111112 0.7590361445783133 0.6277777777777778
19 0.6746987951807228 0 0.678714859437751 0 0.6746987951807228 0.005555555555555556 0.6746987951807228 0.016666666666666666 0.6706827309236948 0.022222222222222223 0.6706827309236948 0.027777777777777776 0.6626506024096386 0.03888888888888889 0.6546184738955824 0.03888888888888889 0.6506024096385542 0.044444444444444446 0.642570281124498 0.044444444444444446 0.6385542168674698 0.05 0.6305220883534136 0.05 0.6305220883534136 0.005555555555555556 0.6345381526104418 0 0.6706827309236948 0
19 0.1285140562248996 0.5777777777777777 0.13654618473895583 0.5888888888888889 0.14056224899598393 0.5888888888888889 0.14457831325301204 0.5833333333333334 0.14859437751004015 0.5888888888888889 0.15261044176706828 0.5833333333333334 0.1566265060240964 0.5888888888888889 0.18473895582329317 0.5888888888888889 0.18875502008032127 0.5833333333333334 0.1927710843373494 0.5833333333333334 0.19678714859437751 0.5888888888888889 0.20481927710843373 0.5888888888888889 0.20883534136546184 0.5833333333333334 0.2570281124497992 0.5833333333333334 0.26104417670682734 0.5888888888888889 0.26506024096385544 0.5888888888888889 0.30120481927710846 0.6388888888888888 0.30120481927710846 0.7222222222222222 0.30522088353413657 0.7277777777777777 0.30522088353413657 0.7388888888888889 0.30120481927710846 0.7444444444444445 0.30120481927710846 0.7611111111111111 0.2931726907630522 0.7722222222222223 0.2931726907630522 0.7777777777777778 0.2891566265060241 0.7833333333333333 0.2891566265060241 0.8055555555555556 0.2931726907630522 0.8111111111111111 0.2931726907630522 0.8166666666666667 0.30120481927710846 0.8277777777777777 0.30120481927710846 0.8333333333333334 0.30522088353413657 0.8388888888888889 0.30522088353413657 0.8444444444444444 0.3092369477911647 0.85 0.321285140562249 0.85 0.321285140562249 0.8555555555555555 0.3333333333333333 0.8666666666666667 0.3293172690763052 0.8666666666666667 0.3253012048192771 0.8611111111111112 0.3092369477911647 0.8611111111111112 0.30522088353413657 0.8666666666666667 0.30522088353413657 0.8722222222222222 0.3132530120481928 0.8833333333333333 0.3092369477911647 0.8888888888888888 0.3172690763052209 0.9 0.3172690763052209 0.9055555555555556 0.321285140562249 0.9111111111111111 0.3253012048192771 0.9111111111111111 0.285140562248996 0.9111111111111111 0.28112449799196787 0.9166666666666666 0.25301204819277107 0.9166666666666666 0.24899598393574296 0.9111111111111111 0.24096385542168675 0.9111111111111111 0.23694779116465864 0.9166666666666666 0.23293172690763053 0.9111111111111111 0.2289156626506024 0.9166666666666666 0.18473895582329317 0.9166666666666666 0.18072289156626506 0.9111111111111111 0.17269076305220885 0.9111111111111111 0.17670682730923695 0.9111111111111111 0.18875502008032127 0.9 0.18875502008032127 0.8833333333333333 0.18473895582329317 0.8777777777777778 0.17670682730923695 0.8777777777777778 0.1646586345381526 0.8888888888888888 0.1646586345381526 0.8777777777777778 0.1686746987951807 0.8833333333333333 0.17269076305220885 0.8833333333333333 0.17670682730923695 0.8777777777777778 0.17269076305220885 0.8722222222222222 0.17269076305220885 0.8666666666666667 0.18072289156626506 0.8666666666666667 0.18072289156626506 0.8722222222222222 0.18473895582329317 0.8777777777777778 0.18875502008032127 0.8722222222222222 0.18875502008032127 0.8555555555555555 0.1927710843373494 0.85 0.1927710843373494 0.8333333333333334 0.18875502008032127 0.8277777777777777 0.17269076305220885 0.8277777777777777 0.1686746987951807 0.8222222222222222 0.1606425702811245 0.8222222222222222 0.1566265060240964 0.8166666666666667 0.14859437751004015 0.8166666666666667 0.14056224899598393 0.8333333333333334 0.14056224899598393 0.8388888888888889 0.14457831325301204 0.8444444444444444 0.14859437751004015 0.8444444444444444 0.14859437751004015 0.85 0.14457831325301204 0.8555555555555555 0.14457831325301204 0.8777777777777778 0.14859437751004015 0.8833333333333333 0.15261044176706828 0.8833333333333333 0.15261044176706828 0.8944444444444445 0.1566265060240964 0.9 0.1646586345381526 0.9 0.1566265060240964 0.9 0.15261044176706828 0.9055555555555556 0.15261044176706828 0.9111111111111111 0.1285140562248996 0.9111111111111111 0.12449799196787148 0.9166666666666666 0.11244979919678715 0.9166666666666666 0.10843373493975904 0.9111111111111111 0.0963855421686747 0.9111111111111111 0.10441767068273092 0.9 0.10441767068273092 0.8888888888888888 0.10843373493975904 0.8833333333333333 0.10843373493975904 0.8388888888888889 0.10441767068273092 0.8333333333333334 0.10040160642570281 0.8333333333333334 0.10040160642570281 0.8277777777777777 0.08835341365461848 0.8166666666666667 0.07228915662650602 0.8166666666666667 0.06827309236947791 0.8222222222222222 0.06827309236947791 0.8277777777777777 0.060240963855421686 0.8277777777777777 0.04819277108433735 0.8444444444444444 0.04819277108433735 0.9 0.05220883534136546 0.9055555555555556 0.05220883534136546 0.9111111111111111 0.04417670682730924 0.9111111111111111 0.040160642570281124 0.9166666666666666 0.03614457831325301 0.9111111111111111 0.012048192771084338 0.9111111111111111 0.012048192771084338 0.9 0.01606425702811245 0.8944444444444445 0.012048192771084338 0.8888888888888888 0.012048192771084338 0.8722222222222222 0.020080321285140562 0.8611111111111112 0.020080321285140562 0.8388888888888889 0.008032128514056224 0.8222222222222222 0.004016064257028112 0.8222222222222222 0 0.8166666666666667 0 0.7944444444444444 0.004016064257028112 0.7888888888888889 0.004016064257028112 0.7666666666666667 0.012048192771084338 0.7555555555555555 0.01606425702811245 0.7555555555555555 0.020080321285140562 0.75 0.020080321285140562 0.7444444444444445 0.0321285140562249 0.7277777777777777 0.0321285140562249 0.7111111111111111 0.028112449799196786 0.7055555555555556 0.028112449799196786 0.7 0.0321285140562249 0.6944444444444444 0.0321285140562249 0.6555555555555556 0.024096385542168676 0.6444444444444445 0.028112449799196786 0.6444444444444445 0.0321285140562249 0.6388888888888888 0.03614457831325301 0.6388888888888888 0.04417670682730924 0.6277777777777778 0.04819277108433735 0.6277777777777778 0.05622489959839357 0.6166666666666667 0.05622489959839357 0.5888888888888889 0.07228915662650602 0.5888888888888889 0.07630522088353414 0.5833333333333334 0.08433734939759036 0.5944444444444444 0.08835341365461848 0.5888888888888889 0.10040160642570281 0.6 0.10843373493975904 0.6 0.11244979919678715 0.5944444444444444 0.11646586345381527 0.5944444444444444 0.11646586345381527 0.6055555555555555 0.12449799196787148 0.6222222222222222 0.13253012048192772 0.6055555555555555 0.13654618473895583 0.6111111111111112 0.14457831325301204 0.6 0.14457831325301204 0.5944444444444444 0.14056224899598393 0.5888888888888889 0.1285140562248996 0.5888888888888889 0.1285140562248996 0.5833333333333334
19 0.7068273092369478 0.08333333333333333 0.7108433734939759 0.08888888888888889 0.7188755020080321 0.08888888888888889 0.7309236947791165 0.1 0.7389558232931727 0.1 0.7389558232931727 0.10555555555555556 0.7349397590361446 0.1111111111111111 0.7309236947791165 0.1111111111111111 0.7188755020080321 0.12222222222222222 0.7108433734939759 0.12222222222222222 0.6987951807228916 0.13333333333333333 0.6907630522088354 0.13333333333333333 0.6867469879518072 0.1388888888888889 0.678714859437751 0.1388888888888889 0.6746987951807228 0.14444444444444443 0.6626506024096386 0.14444444444444443 0.6586345381526104 0.15 0.6506024096385542 0.15 0.6465863453815262 0.15555555555555556 0.642570281124498 0.15 0.642570281124498 0.13333333333333333 0.6465863453815262 0.12777777777777777 0.6465863453815262 0.12222222222222222 0.6546184738955824 0.10555555555555556 0.6546184738955824 0.09444444444444444 0.6586345381526104 0.08888888888888889 0.6586345381526104 0.07777777777777778 0.6626506024096386 0.07222222222222222 0.6626506024096386 0.06666666666666667 0.6706827309236948 0.05555555555555555 0.6746987951807228 0.05555555555555555 0.6867469879518072 0.07222222222222222 0.6947791164658634 0.07222222222222222 0.7028112449799196 0.08333333333333333
19 0.6586345381526104 0.36666666666666664 0.6546184738955824 0.3611111111111111 0.6506024096385542 0.36666666666666664 0.6465863453815262 0.36666666666666664 0.6385542168674698 0.35555555555555557 0.6345381526104418 0.35555555555555557 0.6265060240963856 0.34444444444444444 0.6265060240963856 0.3333333333333333 0.6224899598393574 0.3277777777777778 0.6224899598393574 0.2777777777777778 0.6305220883534136 0.26666666666666666 0.6345381526104418 0.26666666666666666 0.6345381526104418 0.2722222222222222 0.6385542168674698 0.2777777777777778 0.6385542168674698 0.2833333333333333 0.642570281124498 0.28888888888888886 0.642570281124498 0.29444444444444445 0.6506024096385542 0.3055555555555556 0.6506024096385542 0.3111111111111111 0.6546184738955824 0.31666666666666665 0.6546184738955824 0.34444444444444444 0.6586345381526104 0.35 0.6666666666666666 0.35 0.6706827309236948 0.35555555555555557 0.6666666666666666 0.3611111111111111 0.6626506024096386 0.3611111111111111
19 0.8473895582329317 0.06111111111111111 0.8433734939759037 0.05555555555555555 0.8353413654618473 0.05555555555555555 0.8313253012048193 0.06111111111111111 0.8273092369477911 0.06111111111111111 0.8152610441767069 0.07222222222222222 0.8072289156626506 0.07222222222222222 0.8032128514056225 0.07777777777777778 0.7991967871485943 0.07777777777777778 0.7951807228915663 0.08333333333333333 0.7911646586345381 0.08333333333333333 0.7791164658634538 0.09444444444444444 0.7710843373493976 0.09444444444444444 0.7670682730923695 0.1 0.7550200803212851 0.1 0.751004016064257 0.10555555555555556 0.7349397590361446 0.10555555555555556 0.7309236947791165 0.1 0.7108433734939759 0.1 0.7068273092369478 0.10555555555555556 0.7028112449799196 0.10555555555555556 0.6947791164658634 0.09444444444444444 0.6947791164658634 0.08333333333333333 0.6867469879518072 0.07222222222222222 0.6827309236947792 0.07777777777777778 0.6827309236947792 0.09444444444444444 0.6706827309236948 0.1111111111111111 0.6706827309236948 0.11666666666666667 0.6666666666666666 0.12222222222222222 0.6666666666666666 0.13333333333333333 0.6626506024096386 0.1388888888888889 0.6506024096385542 0.1388888888888889 0.6506024096385542 0.12777777777777777 0.6546184738955824 0.12222222222222222 0.6546184738955824 0.1111111111111111 0.6586345381526104 0.10555555555555556 0.6586345381526104 0.08888888888888889 0.6626506024096386 0.08333333333333333 0.6626506024096386 0.07777777777777778 0.6706827309236948 0.06666666666666667 0.6706827309236948 0.05555555555555555 0.6746987951807228 0.05 0.6746987951807228 0.03333333333333333 0.678714859437751 0.027777777777777776 0.678714859437751 0.016666666666666666 0.6827309236947792 0.011111111111111112 0.6827309236947792 0.005555555555555556 0.6867469879518072 0 0.714859437751004 0 0.7188755020080321 0.005555555555555556 0.7228915662650602 0 0.9839357429718876 0 0.9919678714859438 0.011111111111111112 0.9919678714859438 0.03888888888888889 0.9959839357429718 0.044444444444444446 0.9959839357429718 0.06111111111111111 0.9919678714859438 0.06666666666666667 0.9919678714859438 0.08888888888888889 0.9839357429718876 0.1 0.9839357429718876 0.10555555555555556 0.9879518072289156 0.1111111111111111 0.9879518072289156 0.11666666666666667 0.9959839357429718 0.12777777777777777 0.9919678714859438 0.12777777777777777 0.9879518072289156 0.13333333333333333 0.9919678714859438 0.1388888888888889 0.9879518072289156 0.14444444444444443 0.9879518072289156 0.16111111111111112 0.9919678714859438 0.16666666666666666 0.9919678714859438 0.18333333333333332 0.9879518072289156 0.18888888888888888 0.9919678714859438 0.19444444444444445 0.9919678714859438 0.2111111111111111 0.9959839357429718 0.21666666666666667 0.9959839357429718 0.2222222222222222 0.9919678714859438 0.22777777777777777 0.9919678714859438 0.23333333333333334 0.9839357429718876 0.23333333333333334 0.9799196787148594 0.2388888888888889 0.9718875502008032 0.2388888888888889 0.9678714859437751 0.23333333333333334 0.9598393574297188 0.23333333333333334 0.9558232931726908 0.22777777777777777 0.9518072289156626 0.22777777777777777 0.9397590361445783 0.2111111111111111 0.9397590361445783 0.2 0.9357429718875502 0.19444444444444445 0.9357429718875502 0.18888888888888888 0.9317269076305221 0.18333333333333332 0.9317269076305221 0.17777777777777778 0.9116465863453815 0.15 0.9116465863453815 0.14444444444444443 0.9076305220883534 0.1388888888888889 0.9076305220883534 0.13333333333333333 0.8995983935742972 0.12222222222222222 0.8995983935742972 0.11666666666666667 0.891566265060241 0.1 0.891566265060241 0.08888888888888889 0.8835341365461847 0.07777777777777778 0.8835341365461847 0.07222222222222222 0.8714859437751004 0.05555555555555555 0.8634538152610441 0.05555555555555555 0.8594377510040161 0.06111111111111111 0.8554216867469879 0.05555555555555555 0.8514056224899599 0.05555555555555555
19 0.7710843373493976 0.6333333333333333 0.7751004016064257 0.6388888888888888 0.7751004016064257 0.6444444444444445 0.7911646586345381 0.6666666666666666 0.7911646586345381 0.6722222222222223 0.7991967871485943 0.6888888888888889 0.7991967871485943 0.7055555555555556 0.7951807228915663 0.7111111111111111 0.7871485943775101 0.7111111111111111 0.7831325301204819 0.7166666666666667 0.7710843373493976 0.7166666666666667 0.7670682730923695 0.7222222222222222 0.7630522088353414 0.7222222222222222 0.7550200803212851 0.7333333333333333 0.7469879518072289 0.7333333333333333 0.7429718875502008 0.7388888888888889 0.7389558232931727 0.7388888888888889 0.7269076305220884 0.75 0.714859437751004 0.75 0.7108433734939759 0.7555555555555555 0.7028112449799196 0.7555555555555555 0.6987951807228916 0.7611111111111111 0.678714859437751 0.7611111111111111 0.6746987951807228 0.7555555555555555 0.6746987951807228 0.7388888888888889 0.6827309236947792 0.7277777777777777 0.6827309236947792 0.7222222222222222 0.6987951807228916 0.7 0.6987951807228916 0.6944444444444444 0.7108433734939759 0.6777777777777778 0.7108433734939759 0.6722222222222223 0.7188755020080321 0.6611111111111111 0.7188755020080321 0.6555555555555556 0.7389558232931727 0.6277777777777778 0.7389558232931727 0.6222222222222222 0.7469879518072289 0.6111111111111112 0.751004016064257 0.6111111111111112 0.7670682730923695 0.6333333333333333