19 0.15120274914089346 0.7277777777777777 0.15807560137457044 0.7388888888888889 0.17869415807560138 0.7388888888888889 0.17869415807560138 0.75 0.17525773195876287 0.7555555555555555 0.17525773195876287 0.7611111111111111 0.16151202749140894 0.7833333333333333 0.15807560137457044 0.7833333333333333 0.15463917525773196 0.7888888888888889 0.140893470790378 0.7888888888888889 0.13745704467353953 0.7944444444444444 0.13402061855670103 0.7944444444444444 0.12027491408934708 0.8166666666666667 0.11683848797250859 0.8166666666666667 0.10996563573883161 0.8277777777777777 0.10309278350515463 0.8277777777777777 0.09965635738831616 0.8333333333333334 0.09278350515463918 0.8333333333333334 0.08934707903780069 0.8277777777777777 0.07560137457044673 0.8277777777777777 0.06872852233676977 0.8166666666666667 0.07216494845360824 0.8111111111111111 0.07903780068728522 0.8111111111111111 0.0859106529209622 0.8 0.09278350515463918 0.8 0.09621993127147767 0.7944444444444444 0.10652920962199312 0.7888888888888889 0.12714776632302405 0.7555555555555555 0.13058419243986255 0.7555555555555555 0.140893470790378 0.7388888888888889 0.14432989690721648 0.7388888888888889 0.14776632302405499 0.7333333333333333
19 0.8006872852233677 0.18333333333333332 0.8041237113402062 0.18888888888888888 0.8075601374570447 0.18888888888888888 0.8178694158075601 0.2 0.8247422680412371 0.2 0.8281786941580757 0.20555555555555555 0.8350515463917526 0.20555555555555555 0.8384879725085911 0.2111111111111111 0.8487972508591065 0.2111111111111111 0.852233676975945 0.21666666666666667 0.8591065292096219 0.21666666666666667 0.8625429553264605 0.2222222222222222 0.8762886597938144 0.2222222222222222 0.8797250859106529 0.22777777777777777 0.8969072164948454 0.22777777777777777 0.9003436426116839 0.23333333333333334 0.9106529209621993 0.23333333333333334 0.9140893470790378 0.2388888888888889 0.9243986254295533 0.2388888888888889 0.9278350515463918 0.24444444444444444 0.9312714776632303 0.24444444444444444 0.9312714776632303 0.25555555555555554 0.9381443298969072 0.26666666666666666 0.9450171821305842 0.26666666666666666 0.9553264604810997 0.2777777777777778 0.9621993127147767 0.2777777777777778 0.9656357388316151 0.2833333333333333 0.9725085910652921 0.2833333333333333 0.9759450171821306 0.28888888888888886 0.979381443298969 0.28888888888888886 0.9862542955326461 0.3 0.9862542955326461 0.31666666666666665 0.9828178694158075 0.32222222222222224 0.9828178694158075 0.3277777777777778 0.9862542955326461 0.3333333333333333 0.979381443298969 0.34444444444444444 0.9759450171821306 0.34444444444444444 0.9725085910652921 0.35 0.9656357388316151 0.35 0.9621993127147767 0.35555555555555557 0.9484536082474226 0.35555555555555557 0.9381443298969072 0.34444444444444444 0.9278350515463918 0.34444444444444444 0.9140893470790378 0.32222222222222224 0.9003436426116839 0.32222222222222224 0.8900343642611683 0.3333333333333333 0.8831615120274914 0.3333333333333333 0.8797250859106529 0.3277777777777778 0.8762886597938144 0.3277777777777778 0.8831615120274914 0.31666666666666665 0.872852233676976 0.3 0.8694158075601375 0.3 0.8591065292096219 0.28888888888888886 0.852233676975945 0.28888888888888886 0.8487972508591065 0.2833333333333333 0.8419243986254296 0.2833333333333333 0.8384879725085911 0.2777777777777778 0.8281786941580757 0.2777777777777778 0.8247422680412371 0.2722222222222222 0.8178694158075601 0.2722222222222222 0.8041237113402062 0.25 0.8006872852233677 0.25 0.7972508591065293 0.24444444444444444 0.7938144329896907 0.24444444444444444 0.7835051546391752 0.23333333333333334 0.7697594501718213 0.23333333333333334 0.7663230240549829 0.21666666666666667 0.7594501718213058 0.20555555555555555 0.7594501718213058 0.19444444444444445 0.7628865979381443 0.18888888888888888 0.7663230240549829 0.18888888888888888 0.7766323024054983 0.17777777777777778 0.7869415807560137 0.17777777777777778 0.7903780068728522 0.18333333333333332 0.7972508591065293 0.18333333333333332
19 0.4948453608247423 0.5222222222222223 0.49828178694158076 0.5277777777777778 0.5360824742268041 0.5277777777777778 0.5395189003436426 0.5333333333333333 0.5463917525773195 0.5333333333333333 0.5498281786941581 0.5388888888888889 0.5567010309278351 0.5388888888888889 0.5601374570446735 0.5444444444444444 0.5567010309278351 0.55 0.5567010309278351 0.5555555555555556 0.5360824742268041 0.5888888888888889 0.5326460481099656 0.5888888888888889 0.5189003436426117 0.6111111111111112 0.5189003436426117 0.6166666666666667 0.5154639175257731 0.6222222222222222 0.5120274914089347 0.6222222222222222 0.49828178694158076 0.6444444444444445 0.4948453608247423 0.6444444444444445 0.4845360824742268 0.6611111111111111 0.48109965635738833 0.6611111111111111 0.46735395189003437 0.6833333333333333 0.46735395189003437 0.6944444444444444 0.46048109965635736 0.7055555555555556 0.4570446735395189 0.7055555555555556 0.436426116838488 0.7388888888888889 0.4329896907216495 0.7388888888888889 0.42955326460481097 0.7444444444444445 0.39862542955326463 0.7444444444444445 0.3951890034364261 0.7388888888888889 0.38831615120274915 0.7388888888888889 0.3848797250859107 0.7333333333333333 0.3745704467353952 0.7277777777777777 0.3745704467353952 0.7222222222222222 0.3711340206185567 0.7166666666666667 0.3642611683848797 0.7166666666666667 0.36082474226804123 0.7111111111111111 0.3642611683848797 0.7055555555555556 0.36769759450171824 0.7055555555555556 0.36769759450171824 0.7111111111111111 0.3711340206185567 0.7166666666666667 0.3745704467353952 0.7166666666666667 0.38144329896907214 0.7055555555555556 0.38144329896907214 0.7 0.3848797250859107 0.7 0.38831615120274915 0.6944444444444444 0.3848797250859107 0.6888888888888889 0.3745704467353952 0.6833333333333333 0.3745704467353952 0.6777777777777778 0.3848797250859107 0.6722222222222223 0.3917525773195876 0.6611111111111111 0.3951890034364261 0.6611111111111111 0.39862542955326463 0.6555555555555556 0.3917525773195876 0.6444444444444445 0.3848797250859107 0.6444444444444445 0.3917525773195876 0.6333333333333333 0.3951890034364261 0.6333333333333333 0.4054982817869416 0.6166666666666667 0.40893470790378006 0.6166666666666667 0.422680412371134 0.5944444444444444 0.4261168384879725 0.5944444444444444 0.44329896907216493 0.5666666666666667 0.4536082474226804 0.5611111111111111 0.4639175257731959 0.5444444444444444 0.4742268041237113 0.5388888888888889 0.48109965635738833 0.5277777777777778 0.48109965635738833 0.5222222222222223 0.4845360824742268 0.5166666666666667 0.4879725085910653 0.5166666666666667 0.49140893470790376 0.5222222222222223
19 0.13745704467353953 0.42777777777777776 0.14776632302405499 0.4388888888888889 0.15807560137457044 0.4388888888888889 0.15807560137457044 0.45555555555555555 0.15120274914089346 0.4666666666666667 0.15120274914089346 0.48333333333333334 0.14432989690721648 0.48333333333333334 0.13745704467353953 0.49444444444444446 0.13058419243986255 0.49444444444444446 0.12027491408934708 0.5055555555555555 0.10309278350515463 0.5055555555555555 0.09965635738831616 0.5 0.09621993127147767 0.5 0.08934707903780069 0.4888888888888889 0.08934707903780069 0.4722222222222222 0.0859106529209622 0.4666666666666667 0.0859106529209622 0.45555555555555555 0.08247422680412371 0.45 0.0859106529209622 0.4444444444444444 0.0859106529209622 0.4388888888888889 0.08934707903780069 0.4388888888888889 0.09278350515463918 0.43333333333333335 0.12027491408934708 0.43333333333333335 0.12371134020618557 0.42777777777777776 0.13402061855670103 0.42777777777777776
19 0.6666666666666666 0.16666666666666666 0.6666666666666666 0.17777777777777778 0.6701030927835051 0.18333333333333332 0.6907216494845361 0.18333333333333332 0.6941580756013745 0.17777777777777778 0.718213058419244 0.17777777777777778 0.7216494845360825 0.18333333333333332 0.7250859106529209 0.18333333333333332 0.7353951890034365 0.2 0.738831615120275 0.2 0.7422680412371134 0.20555555555555555 0.7422680412371134 0.2111111111111111 0.7491408934707904 0.2222222222222222 0.7491408934707904 0.22777777777777777 0.7525773195876289 0.23333333333333334 0.7560137457044673 0.25 0.7594501718213058 0.25555555555555554 0.7628865979381443 0.25555555555555554 0.7628865979381443 0.2611111111111111 0.7560137457044673 0.2777777777777778 0.7560137457044673 0.2833333333333333 0.7594501718213058 0.28888888888888886 0.7594501718213058 0.3055555555555556 0.7525773195876289 0.31666666666666665 0.7491408934707904 0.31666666666666665 0.7422680412371134 0.3277777777777778 0.738831615120275 0.3277777777777778 0.7353951890034365 0.3333333333333333 0.7285223367697594 0.3333333333333333 0.7319587628865979 0.3277777777777778 0.7319587628865979 0.32222222222222224 0.7285223367697594 0.31666666666666665 0.718213058419244 0.31666666666666665 0.711340206185567 0.3 0.711340206185567 0.28888888888888886 0.6941580756013745 0.26666666666666666 0.6872852233676976 0.26666666666666666 0.6872852233676976 0.25555555555555554 0.6838487972508591 0.25 0.6735395189003437 0.25 0.6701030927835051 0.24444444444444444 0.6666666666666666 0.24444444444444444 0.6632302405498282 0.25 0.6563573883161512 0.25 0.6494845360824743 0.26666666666666666 0.6529209621993127 0.2722222222222222 0.6494845360824743 0.2722222222222222 0.6494845360824743 0.26666666666666666 0.6529209621993127 0.2611111111111111 0.6494845360824743 0.25555555555555554 0.6460481099656358 0.25555555555555554 0.6391752577319587 0.24444444444444444 0.6323024054982818 0.24444444444444444 0.6288659793814433 0.2388888888888889 0.6219931271477663 0.2388888888888889 0.6323024054982818 0.2388888888888889 0.6357388316151202 0.23333333333333334 0.6426116838487973 0.23333333333333334 0.6460481099656358 0.22777777777777777 0.6494845360824743 0.22777777777777777 0.6563573883161512 0.21666666666666667 0.6529209621993127 0.2111111111111111 0.6529209621993127 0.18888888888888888 0.6632302405498282 0.18333333333333332 0.6666666666666666 0.17777777777777778 0.6666666666666666 0.17222222222222222
19 0.6666666666666666 0.39444444444444443 0.6735395189003437 0.39444444444444443 0.6769759450171822 0.4 0.697594501718213 0.4 0.7010309278350515 0.40555555555555556 0.7147766323024055 0.40555555555555556 0.718213058419244 0.4111111111111111 0.7216494845360825 0.4111111111111111 0.7285223367697594 0.4222222222222222 0.7319587628865979 0.4388888888888889 0.7285223367697594 0.4444444444444444 0.7285223367697594 0.46111111111111114 0.7250859106529209 0.4666666666666667 0.7250859106529209 0.4777777777777778 0.718213058419244 0.49444444444444446 0.718213058419244 0.5166666666666667 0.7147766323024055 0.5222222222222223 0.7044673539518901 0.5222222222222223 0.7010309278350515 0.5166666666666667 0.697594501718213 0.5222222222222223 0.6838487972508591 0.5222222222222223 0.6804123711340206 0.5277777777777778 0.6769759450171822 0.5277777777777778 0.6735395189003437 0.5333333333333333 0.6701030927835051 0.5333333333333333 0.6666666666666666 0.5388888888888889 0.6563573883161512 0.5444444444444444 0.6529209621993127 0.55 0.6529209621993127 0.5611111111111111 0.6494845360824743 0.5611111111111111 0.6460481099656358 0.5666666666666667 0.6460481099656358 0.5722222222222222 0.6391752577319587 0.5833333333333334 0.6391752577319587 0.5944444444444444 0.6048109965635738 0.5944444444444444 0.6116838487972509 0.5944444444444444 0.6151202749140894 0.5888888888888889 0.6219931271477663 0.5888888888888889 0.6254295532646048 0.5833333333333334 0.6254295532646048 0.5722222222222222 0.6357388316151202 0.5555555555555556 0.6357388316151202 0.55 0.6426116838487973 0.5388888888888889 0.6460481099656358 0.5222222222222223 0.6494845360824743 0.5222222222222223 0.6529209621993127 0.5166666666666667 0.6426116838487973 0.5055555555555555 0.6494845360824743 0.5055555555555555 0.6529209621993127 0.5 0.6494845360824743 0.49444444444444446 0.6563573883161512 0.4777777777777778 0.6563573883161512 0.46111111111111114 0.6597938144329897 0.45555555555555555 0.6597938144329897 0.4388888888888889 0.6666666666666666 0.42777777777777776 0.6666666666666666 0.4222222222222222 0.6701030927835051 0.4166666666666667 0.6701030927835051 0.4111111111111111 0.6666666666666666 0.40555555555555556 0.6701030927835051 0.4
19 0.5429553264604811 0.24444444444444444 0.5463917525773195 0.25 0.5567010309278351 0.25 0.5601374570446735 0.25555555555555554 0.570446735395189 0.25555555555555554 0.5738831615120275 0.2611111111111111 0.584192439862543 0.2611111111111111 0.5876288659793815 0.26666666666666666 0.6082474226804123 0.26666666666666666 0.6116838487972509 0.2722222222222222 0.6151202749140894 0.2722222222222222 0.6254295532646048 0.2833333333333333 0.6254295532646048 0.28888888888888886 0.6288659793814433 0.29444444444444445 0.6288659793814433 0.31666666666666665 0.6151202749140894 0.34444444444444444 0.6151202749140894 0.35 0.6116838487972509 0.35555555555555557 0.6116838487972509 0.37222222222222223 0.6048109965635738 0.38333333333333336 0.584192439862543 0.38333333333333336 0.5807560137457045 0.37777777777777777 0.5738831615120275 0.37777777777777777 0.5463917525773195 0.3333333333333333 0.5395189003436426 0.3333333333333333 0.5326460481099656 0.32222222222222224 0.5326460481099656 0.3111111111111111 0.5292096219931272 0.3055555555555556 0.5292096219931272 0.29444444444444445 0.5326460481099656 0.28888888888888886 0.5326460481099656 0.25 0.5360824742268041 0.24444444444444444 0.5395189003436426 0.24444444444444444
19 0 0.21666666666666667 0.003436426116838488 0.2222222222222222 0.010309278350515464 0.2222222222222222 0.013745704467353952 0.22777777777777777 0.020618556701030927 0.22777777777777777 0.030927835051546393 0.24444444444444444 0.044673539518900345 0.24444444444444444 0.048109965635738834 0.25 0.058419243986254296 0.25555555555555554 0.061855670103092786 0.2611111111111111 0.061855670103092786 0.28888888888888886 0.06529209621993128 0.29444444444444445 0.06529209621993128 0.3055555555555556 0.06872852233676977 0.3111111111111111 0.06872852233676977 0.32222222222222224 0.07216494845360824 0.3277777777777778 0.07216494845360824 0.3333333333333333 0.06872852233676977 0.3388888888888889 0.06872852233676977 0.35 0.06529209621993128 0.35555555555555557 0.06529209621993128 0.36666666666666664 0.058419243986254296 0.37777777777777777 0.05154639175257732 0.37777777777777777 0.048109965635738834 0.38333333333333336 0.01718213058419244 0.38333333333333336 0.013745704467353952 0.3888888888888889 0 0.3888888888888889 0 0.2222222222222222
19 0.43986254295532645 0.34444444444444444 0.44673539518900346 0.34444444444444444 0.45017182130584193 0.3388888888888889 0.4570446735395189 0.3388888888888889 0.46048109965635736 0.3333333333333333 0.4639175257731959 0.3333333333333333 0.46735395189003437 0.3277777777777778 0.47079037800687284 0.3277777777777778 0.48109965635738833 0.31666666666666665 0.4879725085910653 0.31666666666666665 0.49140893470790376 0.3111111111111111 0.49828178694158076 0.3111111111111111 0.5017182130584192 0.3055555555555556 0.5085910652920962 0.3055555555555556 0.5120274914089347 0.3 0.5223367697594502 0.3 0.5257731958762887 0.3055555555555556 0.5292096219931272 0.32222222222222224 0.5429553264604811 0.34444444444444444 0.5463917525773195 0.34444444444444444 0.5738831615120275 0.3888888888888889 0.5807560137457045 0.3888888888888889 0.5773195876288659 0.3888888888888889 0.5738831615120275 0.39444444444444443 0.570446735395189 0.39444444444444443 0.5670103092783505 0.3888888888888889 0.5601374570446735 0.3888888888888889 0.5601374570446735 0.37222222222222223 0.5567010309278351 0.36666666666666664 0.5463917525773195 0.3611111111111111 0.5360824742268041 0.34444444444444444 0.5326460481099656 0.34444444444444444 0.5292096219931272 0.3388888888888889 0.5257731958762887 0.34444444444444444 0.5257731958762887 0.35 0.5189003436426117 0.35 0.5154639175257731 0.35555555555555557 0.5085910652920962 0.35555555555555557 0.49828178694158076 0.36666666666666664 0.48109965635738833 0.36666666666666664 0.47766323024054985 0.3611111111111111 0.4742268041237113 0.3611111111111111 0.4639175257731959 0.35 0.46048109965635736 0.35555555555555557 0.45017182130584193 0.35555555555555557 0.44673539518900346 0.35 0.44329896907216493 0.35
19 0.46735395189003437 0.2111111111111111 0.47766323024054985 0.2222222222222222 0.49140893470790376 0.2222222222222222 0.4948453608247423 0.22777777777777777 0.5017182130584192 0.22777777777777777 0.5051546391752577 0.23333333333333334 0.5154639175257731 0.23333333333333334 0.5189003436426117 0.2388888888888889 0.5223367697594502 0.2388888888888889 0.5223367697594502 0.25555555555555554 0.5257731958762887 0.2611111111111111 0.5257731958762887 0.2777777777777778 0.5120274914089347 0.3055555555555556 0.5017182130584192 0.3055555555555556 0.49828178694158076 0.3111111111111111 0.4948453608247423 0.3111111111111111 0.49140893470790376 0.3055555555555556 0.4879725085910653 0.3111111111111111 0.4742268041237113 0.3111111111111111 0.46735395189003437 0.32222222222222224 0.4570446735395189 0.32222222222222224 0.4536082474226804 0.3277777777777778 0.44673539518900346 0.3277777777777778 0.44329896907216493 0.3333333333333333 0.43986254295532645 0.3277777777777778 0.44329896907216493 0.32222222222222224 0.43986254295532645 0.31666666666666665 0.4329896907216495 0.31666666666666665 0.42955326460481097 0.32222222222222224 0.42955326460481097 0.31666666666666665 0.422680412371134 0.3055555555555556 0.41237113402061853 0.3055555555555556 0.40893470790378006 0.3 0.40893470790378006 0.28888888888888886 0.4054982817869416 0.2833333333333333 0.39862542955326463 0.2833333333333333 0.4020618556701031 0.2777777777777778 0.3951890034364261 0.26666666666666666 0.3917525773195876 0.26666666666666666 0.38831615120274915 0.2611111111111111 0.3917525773195876 0.2611111111111111 0.3951890034364261 0.25555555555555554 0.39862542955326463 0.2611111111111111 0.4020618556701031 0.2611111111111111 0.4054982817869416 0.25555555555555554 0.39862542955326463 0.24444444444444444 0.3951890034364261 0.24444444444444444 0.41237113402061853 0.24444444444444444 0.41580756013745707 0.25 0.41924398625429554 0.25 0.422680412371134 0.24444444444444444 0.422680412371134 0.2388888888888889 0.41924398625429554 0.23333333333333334 0.41237113402061853 0.23333333333333334 0.422680412371134 0.2222222222222222 0.42955326460481097 0.2222222222222222 0.43986254295532645 0.2111111111111111 0.4536082474226804 0.2111111111111111 0.4570446735395189 0.20555555555555555 0.46048109965635736 0.20555555555555555 0.4639175257731959 0.2111111111111111
19 0 0.39444444444444443 0.01718213058419244 0.39444444444444443 0.01718213058419244 0.4 0.020618556701030927 0.40555555555555556 0.020618556701030927 0.4166666666666667 0.024054982817869417 0.4222222222222222 0.024054982817869417 0.4388888888888889 0.01718213058419244 0.45 0.013745704467353952 0.4444444444444444 0.010309278350515464 0.45 0 0.43333333333333335 0 0.4
19 0.8384879725085911 0.2111111111111111 0.8419243986254296 0.2111111111111111 0.845360824742268 0.21666666666666667 0.8556701030927835 0.21666666666666667 0.8591065292096219 0.2222222222222222 0.8797250859106529 0.2222222222222222 0.8831615120274914 0.22777777777777777 0.8969072164948454 0.22777777777777777 0.9003436426116839 0.23333333333333334 0.9106529209621993 0.23333333333333334 0.9140893470790378 0.2388888888888889 0.9243986254295533 0.2388888888888889 0.9381443298969072 0.26666666666666666 0.9450171821305842 0.26666666666666666 0.9484536082474226 0.2722222222222222 0.9553264604810997 0.2722222222222222 0.9656357388316151 0.2833333333333333 0.9725085910652921 0.2833333333333333 0.9759450171821306 0.28888888888888886 0.979381443298969 0.28888888888888886 0.9862542955326461 0.3 0.9862542955326461 0.3111111111111111 0.9828178694158075 0.31666666666666665 0.9828178694158075 0.3333333333333333 0.9759450171821306 0.34444444444444444 0.9690721649484536 0.34444444444444444 0.9656357388316151 0.35 0.9484536082474226 0.35 0.9415807560137457 0.3333333333333333 0.9347079037800687 0.3333333333333333 0.9312714776632303 0.3277777777777778 0.9278350515463918 0.3277777777777778 0.9243986254295533 0.32222222222222224 0.9175257731958762 0.32222222222222224 0.9140893470790378 0.31666666666666665 0.9037800687285223 0.31666666666666665 0.9003436426116839 0.3111111111111111 0.8900343642611683 0.3111111111111111 0.8865979381443299 0.3055555555555556 0.8831615120274914 0.3055555555555556 0.8762886597938144 0.29444444444444445 0.8694158075601375 0.29444444444444445 0.865979381443299 0.28888888888888886 0.8625429553264605 0.28888888888888886 0.8556701030927835 0.2777777777777778 0.8419243986254296 0.2777777777777778 0.8316151202749141 0.26666666666666666 0.8247422680412371 0.26666666666666666 0.8178694158075601 0.25555555555555554 0.8178694158075601 0.25 0.8213058419243986 0.24444444444444444 0.8281786941580757 0.24444444444444444 0.8350515463917526 0.23333333333333334 0.8384879725085911 0.21666666666666667
19 0.6116838487972509 0.2222222222222222 0.6116838487972509 0.22777777777777777 0.6185567010309279 0.24444444444444444 0.6185567010309279 0.25555555555555554 0.6151202749140894 0.2611111111111111 0.6219931271477663 0.2722222222222222 0.6151202749140894 0.2722222222222222 0.6082474226804123 0.2611111111111111 0.584192439862543 0.2611111111111111 0.5807560137457045 0.25555555555555554 0.5738831615120275 0.25555555555555554 0.570446735395189 0.25 0.563573883161512 0.25 0.5601374570446735 0.24444444444444444 0.5498281786941581 0.24444444444444444 0.5463917525773195 0.2388888888888889 0.5326460481099656 0.2388888888888889 0.563573883161512 0.2388888888888889 0.5670103092783505 0.24444444444444444 0.5773195876288659 0.24444444444444444 0.5807560137457045 0.2388888888888889 0.5876288659793815 0.2388888888888889 0.5945017182130584 0.22777777777777777 0.6013745704467354 0.22777777777777777 0.6048109965635738 0.2222222222222222 0.6082474226804123 0.2222222222222222
19 0.12027491408934708 0.2222222222222222 0.12714776632302405 0.23333333333333334 0.13058419243986255 0.23333333333333334 0.13402061855670103 0.2388888888888889 0.13402061855670103 0.25 0.13058419243986255 0.25555555555555554 0.12027491408934708 0.25555555555555554 0.11683848797250859 0.2611111111111111 0.10996563573883161 0.2611111111111111 0.10652920962199312 0.26666666666666666 0.09965635738831616 0.26666666666666666 0.09621993127147767 0.2722222222222222 0.08247422680412371 0.2722222222222222 0.07903780068728522 0.2777777777777778 0.07216494845360824 0.2777777777777778 0.06872852233676977 0.2833333333333333 0.06872852233676977 0.28888888888888886 0.06872852233676977 0.26666666666666666 0.06529209621993128 0.2611111111111111 0.0859106529209622 0.22777777777777777 0.08934707903780069 0.22777777777777777 0.09278350515463918 0.2222222222222222 0.09965635738831616 0.2222222222222222 0.10309278350515463 0.21666666666666667 0.1134020618556701 0.21666666666666667 0.11683848797250859 0.2222222222222222
19 0.8178694158075601 0.2833333333333333 0.8213058419243986 0.2833333333333333 0.8247422680412371 0.28888888888888886 0.8384879725085911 0.28888888888888886 0.8419243986254296 0.29444444444444445 0.8487972508591065 0.29444444444444445 0.852233676975945 0.3 0.865979381443299 0.3 0.8694158075601375 0.3055555555555556 0.8762886597938144 0.3055555555555556 0.8797250859106529 0.3111111111111111 0.8900343642611683 0.3111111111111111 0.9003436426116839 0.32222222222222224 0.9140893470790378 0.32222222222222224 0.9175257731958762 0.3277777777777778 0.9209621993127147 0.3277777777777778 0.9278350515463918 0.3388888888888889 0.9381443298969072 0.3388888888888889 0.9415807560137457 0.34444444444444444 0.9450171821305842 0.34444444444444444 0.9518900343642611 0.35555555555555557 0.9621993127147767 0.35555555555555557 0.9656357388316151 0.35 0.9725085910652921 0.35 0.9759450171821306 0.34444444444444444 0.9862542955326461 0.34444444444444444 0.9862542955326461 0.35555555555555557 0.9828178694158075 0.35555555555555557 0.979381443298969 0.3611111111111111 0.9759450171821306 0.3611111111111111 0.9725085910652921 0.36666666666666664 0.9690721649484536 0.36666666666666664 0.9656357388316151 0.37222222222222223 0.9621993127147767 0.37222222222222223 0.9587628865979382 0.37777777777777777 0.9553264604810997 0.37777777777777777 0.9450171821305842 0.3888888888888889 0.9381443298969072 0.3888888888888889 0.9347079037800687 0.39444444444444443 0.9278350515463918 0.39444444444444443 0.9243986254295533 0.4 0.9175257731958762 0.4 0.9106529209621993 0.3888888888888889 0.8865979381443299 0.3888888888888889 0.8762886597938144 0.37777777777777777 0.8625429553264605 0.37777777777777777 0.8625429553264605 0.37222222222222223 0.8591065292096219 0.36666666666666664 0.852233676975945 0.36666666666666664 0.852233676975945 0.3611111111111111 0.845360824742268 0.35 0.8487972508591065 0.34444444444444444 0.845360824742268 0.3388888888888889 0.8419243986254296 0.3388888888888889 0.8384879725085911 0.3333333333333333 0.8384879725085911 0.3277777777777778 0.8281786941580757 0.3111111111111111 0.8247422680412371 0.3111111111111111 0.8247422680412371 0.3055555555555556 0.8213058419243986 0.3 0.8178694158075601 0.3 0.8144329896907216 0.29444444444444445 0.8178694158075601 0.28888888888888886
19 0.24742268041237114 0.49444444444444446 0.2508591065292096 0.4888888888888889 0.25773195876288657 0.4888888888888889 0.2646048109965636 0.4777777777777778 0.26804123711340205 0.4777777777777778 0.27147766323024053 0.4722222222222222 0.27835051546391754 0.4722222222222222 0.281786941580756 0.4666666666666667 0.2920962199312715 0.4666666666666667 0.29553264604810997 0.46111111111111114 0.29896907216494845 0.46111111111111114 0.29896907216494845 0.4666666666666667 0.30584192439862545 0.48333333333333334 0.30584192439862545 0.5055555555555555 0.30927835051546393 0.5111111111111111 0.30927835051546393 0.5166666666666667 0.3161512027491409 0.5333333333333333 0.3127147766323024 0.5333333333333333 0.30584192439862545 0.5444444444444444 0.30584192439862545 0.55 0.3024054982817869 0.5555555555555556 0.29896907216494845 0.55 0.29553264604810997 0.55 0.2852233676975945 0.5333333333333333 0.281786941580756 0.5333333333333333 0.2611683848797251 0.5 0.2542955326460481 0.5 0.2508591065292096 0.49444444444444446
19 0.8487972508591065 0.7833333333333333 0.852233676975945 0.7888888888888889 0.8694158075601375 0.7888888888888889 0.872852233676976 0.7833333333333333 0.8762886597938144 0.7833333333333333 0.8900343642611683 0.7555555555555555 0.9072164948453608 0.7555555555555555 0.9106529209621993 0.75 0.9415807560137457 0.75 0.9415807560137457 0.7611111111111111 0.9381443298969072 0.7666666666666667 0.9381443298969072 0.7888888888888889 0.9312714776632303 0.8055555555555556 0.9312714776632303 0.8166666666666667 0.9278350515463918 0.8222222222222222 0.9278350515463918 0.8333333333333334 0.9243986254295533 0.8333333333333334 0.9209621993127147 0.8388888888888889 0.9140893470790378 0.8388888888888889 0.9106529209621993 0.8333333333333334 0.8865979381443299 0.8333333333333334 0.8831615120274914 0.8277777777777777 0.8694158075601375 0.8277777777777777 0.865979381443299 0.8222222222222222 0.852233676975945 0.8222222222222222 0.8419243986254296 0.8111111111111111 0.8350515463917526 0.8111111111111111 0.8247422680412371 0.7944444444444444 0.8247422680412371 0.7888888888888889 0.8281786941580757 0.7833333333333333 0.845360824742268 0.7833333333333333
19 0.17869415807560138 0.14444444444444443 0.18213058419243985 0.15 0.18556701030927836 0.15 0.18900343642611683 0.14444444444444443 0.1958762886597938 0.14444444444444443 0.2027491408934708 0.16111111111111112 0.18900343642611683 0.18888888888888888 0.18213058419243985 0.18888888888888888 0.17869415807560138 0.19444444444444445 0.15807560137457044 0.19444444444444445 0.15463917525773196 0.2 0.14776632302405499 0.2 0.140893470790378 0.2111111111111111 0.13058419243986255 0.2111111111111111 0.12714776632302405 0.21666666666666667 0.12027491408934708 0.21666666666666667 0.11683848797250859 0.2111111111111111 0.10309278350515463 0.2111111111111111 0.09965635738831616 0.21666666666666667 0.08934707903780069 0.21666666666666667 0.07216494845360824 0.2388888888888889 0.06529209621993128 0.2388888888888889 0.061855670103092786 0.2222222222222222 0.054982817869415807 0.2111111111111111 0.054982817869415807 0.18888888888888888 0.061855670103092786 0.18888888888888888 0.07216494845360824 0.17777777777777778 0.07903780068728522 0.17777777777777778 0.08247422680412371 0.17222222222222222 0.08934707903780069 0.17222222222222222 0.09278350515463918 0.16666666666666666 0.09965635738831616 0.16666666666666666 0.10309278350515463 0.16111111111111112 0.1134020618556701 0.16111111111111112 0.11683848797250859 0.15555555555555556 0.12371134020618557 0.15555555555555556 0.12714776632302405 0.15 0.13402061855670103 0.15 0.13745704467353953 0.14444444444444443 0.14432989690721648 0.14444444444444443 0.14776632302405499 0.1388888888888889 0.16494845360824742 0.1388888888888889 0.16838487972508592 0.14444444444444443 0.17525773195876287 0.14444444444444443
19 0.6941580756013745 0.25555555555555554 0.697594501718213 0.25555555555555554 0.7010309278350515 0.25 0.7010309278350515 0.23333333333333334 0.7079037800687286 0.2222222222222222 0.7319587628865979 0.2222222222222222 0.7353951890034365 0.21666666666666667 0.738831615120275 0.21666666666666667 0.738831615120275 0.22777777777777777 0.7525773195876289 0.25 0.7525773195876289 0.25555555555555554 0.7560137457044673 0.2611111111111111 0.7560137457044673 0.2777777777777778 0.7628865979381443 0.29444444444444445 0.7628865979381443 0.3055555555555556 0.7594501718213058 0.3111111111111111 0.7594501718213058 0.3277777777777778 0.7628865979381443 0.3333333333333333 0.7663230240549829 0.35 0.7594501718213058 0.35 0.7560137457044673 0.35555555555555557 0.7525773195876289 0.35555555555555557 0.7491408934707904 0.3611111111111111 0.7491408934707904 0.37777777777777777 0.7216494845360825 0.37777777777777777 0.718213058419244 0.37222222222222223 0.711340206185567 0.37222222222222223 0.7079037800687286 0.37777777777777777 0.7010309278350515 0.37777777777777777 0.7010309278350515 0.35555555555555557 0.697594501718213 0.35 0.697594501718213 0.3388888888888889 0.7010309278350515 0.3333333333333333 0.7010309278350515 0.31666666666666665 0.7079037800687286 0.3 0.7079037800687286 0.28888888888888886 0.7010309278350515 0.2777777777777778 0.6941580756013745 0.2777777777777778 0.6872852233676976 0.26666666666666666 0.6907216494845361 0.2611111111111111
19 0.25773195876288657 0.12222222222222222 0.2611683848797251 0.12777777777777777 0.27147766323024053 0.13333333333333333 0.27147766323024053 0.14444444444444443 0.27491408934707906 0.15 0.27835051546391754 0.14444444444444443 0.281786941580756 0.14444444444444443 0.2852233676975945 0.15 0.2852233676975945 0.20555555555555555 0.281786941580756 0.2111111111111111 0.281786941580756 0.23333333333333334 0.2920962199312715 0.25 0.2920962199312715 0.26666666666666666 0.28865979381443296 0.26666666666666666 0.27835051546391754 0.2777777777777778 0.27147766323024053 0.2777777777777778 0.26804123711340205 0.2833333333333333 0.26804123711340205 0.28888888888888886 0.2611683848797251 0.3 0.2611683848797251 0.32222222222222224 0.25773195876288657 0.3277777777777778 0.2646048109965636 0.3388888888888889 0.2646048109965636 0.35 0.23711340206185566 0.35 0.23367697594501718 0.34444444444444444 0.23024054982817868 0.34444444444444444 0.23024054982817868 0.3388888888888889 0.22336769759450173 0.3277777777777778 0.22336769759450173 0.32222222222222224 0.21649484536082475 0.3055555555555556 0.21649484536082475 0.29444444444444445 0.2027491408934708 0.26666666666666666 0.2027491408934708 0.25 0.18900343642611683 0.2222222222222222 0.18556701030927836 0.2222222222222222 0.18213058419243985 0.21666666666666667 0.1718213058419244 0.21666666666666667 0.16838487972508592 0.2222222222222222 0.16494845360824742 0.2222222222222222 0.16151202749140894 0.22777777777777777 0.15463917525773196 0.22777777777777777 0.15120274914089346 0.23333333333333334 0.140893470790378 0.23333333333333334 0.13058419243986255 0.2222222222222222 0.13402061855670103 0.2222222222222222 0.13745704467353953 0.22777777777777777 0.14432989690721648 0.21666666666666667 0.15463917525773196 0.21666666666666667 0.16151202749140894 0.20555555555555555 0.1718213058419244 0.20555555555555555 0.17525773195876287 0.2 0.18900343642611683 0.2 0.19243986254295534 0.19444444444444445 0.2027491408934708 0.19444444444444445 0.20618556701030927 0.18888888888888888 0.20962199312714777 0.19444444444444445 0.22336769759450173 0.19444444444444445 0.23024054982817868 0.18333333333333332 0.23024054982817868 0.17777777777777778 0.23367697594501718 0.17222222222222222 0.23367697594501718 0.16111111111111112 0.24054982817869416 0.15 0.24398625429553264 0.13333333333333333 0.2508591065292096 0.12222222222222222 0.2542955326460481 0.12222222222222222
19 0.140893470790378 0.7444444444444445 0.14432989690721648 0.7444444444444445 0.15120274914089346 0.7333333333333333 0.15120274914089346 0.7277777777777777 0.16838487972508592 0.7 0.1718213058419244 0.7 0.1958762886597938 0.6611111111111111 0.19931271477663232 0.6611111111111111 0.20962199312714777 0.65 0.21305841924398625 0.65 0.21649484536082475 0.6555555555555556 0.19931271477663232 0.6777777777777778 0.2027491408934708 0.6833333333333333 0.20962199312714777 0.6833333333333333 0.20962199312714777 0.6888888888888889 0.21305841924398625 0.6944444444444444 0.20962199312714777 0.7 0.19931271477663232 0.7 0.19243986254295534 0.7111111111111111 0.18900343642611683 0.7111111111111111 0.17525773195876287 0.7333333333333333 0.17525773195876287 0.7388888888888889 0.1718213058419244 0.7388888888888889 0.16838487972508592 0.7444444444444445 0.16151202749140894 0.7444444444444445 0.15807560137457044 0.75 0.14776632302405499 0.75 0.14432989690721648 0.7444444444444445
19 0.6494845360824743 0.23333333333333334 0.6529209621993127 0.2388888888888889 0.6597938144329897 0.22777777777777777 0.6907216494845361 0.22777777777777777 0.6907216494845361 0.23333333333333334 0.6941580756013745 0.2388888888888889 0.6941580756013745 0.2611111111111111 0.697594501718213 0.26666666666666666 0.697594501718213 0.2722222222222222 0.6941580756013745 0.2722222222222222 0.6907216494845361 0.2777777777777778 0.6769759450171822 0.2777777777777778 0.6735395189003437 0.2833333333333333 0.6701030927835051 0.2833333333333333 0.6666666666666666 0.2777777777777778 0.6494845360824743 0.2777777777777778 0.6391752577319587 0.28888888888888886 0.6323024054982818 0.28888888888888886 0.6288659793814433 0.2833333333333333 0.6254295532646048 0.2833333333333333 0.6151202749140894 0.26666666666666666 0.6116838487972509 0.26666666666666666 0.6082474226804123 0.2611111111111111 0.6185567010309279 0.24444444444444444 0.6288659793814433 0.24444444444444444 0.6323024054982818 0.2388888888888889 0.6460481099656358 0.2388888888888889
19 0 0.39444444444444443 0.013745704467353952 0.39444444444444443 0.01718213058419244 0.3888888888888889 0.05154639175257732 0.3888888888888889 0.054982817869415807 0.38333333333333336 0.07216494845360824 0.38333333333333336 0.07903780068728522 0.39444444444444443 0.07903780068728522 0.40555555555555556 0.08247422680412371 0.4111111111111111 0.08247422680412371 0.4222222222222222 0.07903780068728522 0.42777777777777776 0.07903780068728522 0.4388888888888889 0.07560137457044673 0.4444444444444444 0.07560137457044673 0.45 0.048109965635738834 0.45 0.044673539518900345 0.4444444444444444 0.03436426116838488 0.4444444444444444 0.030927835051546393 0.45 0.027491408934707903 0.45 0.01718213058419244 0.4666666666666667 0.01718213058419244 0.4722222222222222 0 0.49444444444444446 0 0.4
19 0.281786941580756 0.37777777777777777 0.2920962199312715 0.3888888888888889 0.2920962199312715 0.43333333333333335 0.29553264604810997 0.4388888888888889 0.29553264604810997 0.45555555555555555 0.29896907216494845 0.46111111111111114 0.29896907216494845 0.4722222222222222 0.29553264604810997 0.4777777777777778 0.281786941580756 0.4777777777777778 0.27835051546391754 0.48333333333333334 0.27491408934707906 0.48333333333333334 0.2646048109965636 0.5 0.2611683848797251 0.49444444444444446 0.23711340206185566 0.49444444444444446 0.23367697594501718 0.5 0.20618556701030927 0.5 0.19931271477663232 0.4888888888888889 0.1958762886597938 0.4888888888888889 0.16838487972508592 0.4444444444444444 0.16838487972508592 0.4166666666666667 0.17525773195876287 0.40555555555555556 0.17869415807560138 0.40555555555555556 0.18900343642611683 0.39444444444444443 0.19931271477663232 0.39444444444444443 0.2027491408934708 0.3888888888888889 0.20618556701030927 0.3888888888888889 0.20962199312714777 0.38333333333333336 0.21305841924398625 0.38333333333333336 0.22336769759450173 0.37222222222222223 0.23367697594501718 0.37222222222222223 0.24054982817869416 0.38333333333333336 0.25773195876288657 0.38333333333333336 0.2611683848797251 0.37777777777777777 0.27835051546391754 0.37777777777777777
19 0.28865979381443296 0.08888888888888889 0.28865979381443296 0.11666666666666667 0.2852233676975945 0.12222222222222222 0.2852233676975945 0.14444444444444443 0.281786941580756 0.15 0.281786941580756 0.16111111111111112 0.27835051546391754 0.16666666666666666 0.26804123711340205 0.16666666666666666 0.26804123711340205 0.15 0.2646048109965636 0.14444444444444443 0.2646048109965636 0.13333333333333333 0.2611683848797251 0.12777777777777777 0.25773195876288657 0.12777777777777777 0.2542955326460481 0.13333333333333333 0.25773195876288657 0.1388888888888889 0.24742268041237114 0.1388888888888889 0.24398625429553264 0.14444444444444443 0.24398625429553264 0.15 0.23711340206185566 0.16111111111111112 0.23711340206185566 0.17222222222222222 0.23367697594501718 0.17222222222222222 0.23024054982817868 0.17777777777777778 0.23024054982817868 0.18888888888888888 0.19931271477663232 0.18888888888888888 0.1958762886597938 0.19444444444444445 0.18900343642611683 0.19444444444444445 0.18556701030927836 0.2 0.16151202749140894 0.2 0.15807560137457044 0.20555555555555555 0.15120274914089346 0.20555555555555555 0.14776632302405499 0.2111111111111111 0.14432989690721648 0.2111111111111111 0.13745704467353953 0.2222222222222222 0.12714776632302405 0.2222222222222222 0.11683848797250859 0.2111111111111111 0.10309278350515463 0.2111111111111111 0.09965635738831616 0.21666666666666667 0.09278350515463918 0.21666666666666667 0.08934707903780069 0.2222222222222222 0.0859106529209622 0.2222222222222222 0.07560137457044673 0.2388888888888889 0.06529209621993128 0.2388888888888889 0.061855670103092786 0.23333333333333334 0.061855670103092786 0.22777777777777777 0.054982817869415807 0.2111111111111111 0.054982817869415807 0.2 0.05154639175257732 0.19444444444444445 0.054982817869415807 0.18888888888888888 0.061855670103092786 0.18888888888888888 0.06529209621993128 0.18333333333333332 0.07216494845360824 0.18333333333333332 0.08247422680412371 0.17222222222222222 0.08934707903780069 0.17222222222222222 0.09278350515463918 0.16666666666666666 0.09965635738831616 0.16666666666666666 0.10309278350515463 0.16111111111111112 0.1134020618556701 0.16111111111111112 0.11683848797250859 0.15555555555555556 0.12371134020618557 0.15555555555555556 0.12714776632302405 0.15 0.13745704467353953 0.15 0.140893470790378 0.14444444444444443 0.14776632302405499 0.14444444444444443 0.15120274914089346 0.1388888888888889 0.15807560137457044 0.1388888888888889 0.16838487972508592 0.12222222222222222 0.18556701030927836 0.12222222222222222 0.18900343642611683 0.11666666666666667 0.20962199312714777 0.11666666666666667 0.21305841924398625 0.1111111111111111 0.2268041237113402 0.1111111111111111 0.23024054982817868 0.10555555555555556 0.23711340206185566 0.10555555555555556 0.24742268041237114 0.09444444444444444 0.27835051546391754 0.09444444444444444 0.281786941580756 0.08888888888888889 0.2852233676975945 0.08888888888888889
19 0.07560137457044673 0.36666666666666664 0.07903780068728522 0.36666666666666664 0.08247422680412371 0.3611111111111111 0.10996563573883161 0.3611111111111111 0.1134020618556701 0.35555555555555557 0.13745704467353953 0.35555555555555557 0.140893470790378 0.3611111111111111 0.140893470790378 0.37222222222222223 0.15807560137457044 0.4 0.16151202749140894 0.4 0.16494845360824742 0.40555555555555556 0.16494845360824742 0.4111111111111111 0.16151202749140894 0.4166666666666667 0.16151202749140894 0.43333333333333335 0.15807560137457044 0.4388888888888889 0.15463917525773196 0.43333333333333335 0.1134020618556701 0.43333333333333335 0.10996563573883161 0.4388888888888889 0.10996563573883161 0.4444444444444444 0.08934707903780069 0.4444444444444444 0.08247422680412371 0.43333333333333335 0.0859106529209622 0.4166666666666667 0.08247422680412371 0.4111111111111111 0.08247422680412371 0.39444444444444443 0.07903780068728522 0.3888888888888889 0.07560137457044673 0.37222222222222223
19 0.07560137457044673 0.37222222222222223 0.07903780068728522 0.37222222222222223 0.08247422680412371 0.36666666666666664 0.10996563573883161 0.36666666666666664 0.11683848797250859 0.35555555555555557 0.12027491408934708 0.35555555555555557 0.12371134020618557 0.3611111111111111 0.12714776632302405 0.35555555555555557 0.13745704467353953 0.35555555555555557 0.14432989690721648 0.36666666666666664 0.140893470790378 0.37222222222222223 0.15463917525773196 0.39444444444444443 0.15807560137457044 0.39444444444444443 0.16151202749140894 0.4 0.16151202749140894 0.45555555555555555 0.15463917525773196 0.4666666666666667 0.15120274914089346 0.48333333333333334 0.14432989690721648 0.48333333333333334 0.13402061855670103 0.49444444444444446 0.12714776632302405 0.49444444444444446 0.12371134020618557 0.5 0.11683848797250859 0.5 0.1134020618556701 0.5055555555555555 0.10309278350515463 0.5055555555555555 0.09965635738831616 0.5 0.09278350515463918 0.5 0.0859106529209622 0.4888888888888889 0.0859106529209622 0.4777777777777778 0.07903780068728522 0.46111111111111114 0.07903780068728522 0.4444444444444444 0.08247422680412371 0.4388888888888889 0.08247422680412371 0.3888888888888889 0.07903780068728522 0.38333333333333336 0.07903780068728522 0.37777777777777777
19 0.7766323024054983 0.37222222222222223 0.7800687285223368 0.37222222222222223 0.7766323024054983 0.37777777777777777 0.7903780068728522 0.4 0.7972508591065293 0.4 0.7938144329896907 0.40555555555555556 0.7972508591065293 0.4111111111111111 0.8144329896907216 0.4111111111111111 0.8178694158075601 0.40555555555555556 0.8178694158075601 0.4 0.8213058419243986 0.4 0.8178694158075601 0.40555555555555556 0.8213058419243986 0.4111111111111111 0.8556701030927835 0.4111111111111111 0.8556701030927835 0.4166666666666667 0.852233676975945 0.4222222222222222 0.852233676975945 0.42777777777777776 0.8487972508591065 0.43333333333333335 0.845360824742268 0.45 0.8384879725085911 0.46111111111111114 0.8316151202749141 0.46111111111111114 0.8281786941580757 0.4666666666666667 0.8178694158075601 0.4666666666666667 0.8144329896907216 0.4722222222222222 0.8041237113402062 0.4722222222222222 0.7972508591065293 0.46111111111111114 0.7869415807560137 0.46111111111111114 0.7835051546391752 0.45555555555555555 0.7800687285223368 0.46111111111111114 0.7731958762886598 0.46111111111111114 0.7697594501718213 0.45555555555555555 0.7731958762886598 0.45555555555555555 0.7766323024054983 0.45 0.7731958762886598 0.4444444444444444 0.7628865979381443 0.4444444444444444 0.7594501718213058 0.4388888888888889 0.7422680412371134 0.4388888888888889 0.7422680412371134 0.43333333333333335 0.7319587628865979 0.4166666666666667 0.7319587628865979 0.4111111111111111 0.7285223367697594 0.40555555555555556 0.7250859106529209 0.40555555555555556 0.7216494845360825 0.4 0.711340206185567 0.4 0.7079037800687286 0.39444444444444443 0.6941580756013745 0.39444444444444443 0.6907216494845361 0.3888888888888889 0.6941580756013745 0.38333333333333336 0.7594501718213058 0.38333333333333336 0.7628865979381443 0.37777777777777777 0.7731958762886598 0.37222222222222223
19 0.24742268041237114 0.13333333333333333 0.2611683848797251 0.13333333333333333 0.2646048109965636 0.1388888888888889 0.2646048109965636 0.15555555555555556 0.27147766323024053 0.17222222222222222 0.27835051546391754 0.17222222222222222 0.281786941580756 0.16666666666666666 0.281786941580756 0.15 0.281786941580756 0.15555555555555556 0.2852233676975945 0.16111111111111112 0.2852233676975945 0.16666666666666666 0.281786941580756 0.17222222222222222 0.2852233676975945 0.17777777777777778 0.2852233676975945 0.2 0.281786941580756 0.20555555555555555 0.281786941580756 0.2388888888888889 0.2852233676975945 0.24444444444444444 0.27835051546391754 0.24444444444444444 0.27491408934707906 0.25 0.27491408934707906 0.25555555555555554 0.27147766323024053 0.25555555555555554 0.26804123711340205 0.25 0.2542955326460481 0.25 0.2542955326460481 0.2388888888888889 0.2508591065292096 0.23333333333333334 0.24398625429553264 0.23333333333333334 0.24054982817869416 0.22777777777777777 0.23024054982817868 0.24444444444444444 0.23024054982817868 0.25 0.22336769759450173 0.2611111111111111 0.22336769759450173 0.26666666666666666 0.21993127147766323 0.26666666666666666 0.21649484536082475 0.2722222222222222 0.20618556701030927 0.2722222222222222 0.20618556701030927 0.26666666666666666 0.2027491408934708 0.2611111111111111 0.2027491408934708 0.25 0.1958762886597938 0.2388888888888889 0.1958762886597938 0.23333333333333334 0.18900343642611683 0.2222222222222222 0.18556701030927836 0.2222222222222222 0.18213058419243985 0.21666666666666667 0.17869415807560138 0.21666666666666667 0.17525773195876287 0.2222222222222222 0.16494845360824742 0.2222222222222222 0.15807560137457044 0.23333333333333334 0.15463917525773196 0.23333333333333334 0.15120274914089346 0.2388888888888889 0.13745704467353953 0.2388888888888889 0.13058419243986255 0.22777777777777777 0.12714776632302405 0.22777777777777777 0.12027491408934708 0.21666666666666667 0.11683848797250859 0.21666666666666667 0.140893470790378 0.21666666666666667 0.14432989690721648 0.2111111111111111 0.14776632302405499 0.2111111111111111 0.15463917525773196 0.2 0.18213058419243985 0.2 0.18556701030927836 0.19444444444444445 0.19243986254295534 0.19444444444444445 0.1958762886597938 0.18888888888888888 0.20962199312714777 0.18888888888888888 0.21305841924398625 0.19444444444444445 0.22336769759450173 0.19444444444444445 0.23024054982817868 0.18333333333333332 0.23024054982817868 0.17222222222222222 0.23367697594501718 0.16666666666666666 0.23367697594501718 0.16111111111111112 0.23711340206185566 0.16111111111111112 0.24054982817869416 0.15555555555555556 0.24054982817869416 0.15 0.24742268041237114 0.1388888888888889
19 0.05154639175257732 0.4166666666666667 0.06872852233676977 0.07777777777777778
19 0.6701030927835051 0.25 0.6735395189003437 0.25555555555555554 0.6872852233676976 0.25555555555555554 0.6872852233676976 0.2611111111111111 0.6907216494845361 0.26666666666666666 0.6941580756013745 0.26666666666666666 0.6941580756013745 0.2722222222222222 0.697594501718213 0.2777777777777778 0.7010309278350515 0.2777777777777778 0.711340206185567 0.29444444444444445 0.7147766323024055 0.3111111111111111 0.718213058419244 0.31666666666666665 0.7250859106529209 0.31666666666666665 0.7319587628865979 0.3277777777777778 0.7353951890034365 0.3277777777777778 0.738831615120275 0.3333333333333333 0.738831615120275 0.3388888888888889 0.7457044673539519 0.35 0.7457044673539519 0.37222222222222223 0.7422680412371134 0.37222222222222223 0.738831615120275 0.37777777777777777 0.6597938144329897 0.37777777777777777 0.6563573883161512 0.37222222222222223 0.6494845360824743 0.37222222222222223 0.6460481099656358 0.37777777777777777 0.6426116838487973 0.37222222222222223 0.6254295532646048 0.37222222222222223 0.6219931271477663 0.36666666666666664 0.6185567010309279 0.36666666666666664 0.6185567010309279 0.35555555555555557 0.6219931271477663 0.35 0.6219931271477663 0.3388888888888889 0.6254295532646048 0.3333333333333333 0.6254295532646048 0.3277777777777778 0.6288659793814433 0.3277777777777778 0.6357388316151202 0.31666666666666665 0.6357388316151202 0.3055555555555556 0.6391752577319587 0.3 0.6357388316151202 0.29444444444444445 0.6391752577319587 0.28888888888888886 0.6391752577319587 0.2833333333333333 0.6529209621993127 0.2833333333333333 0.6563573883161512 0.2777777777777778 0.6666666666666666 0.2777777777777778 0.6701030927835051 0.2722222222222222 0.6701030927835051 0.26666666666666666 0.6666666666666666 0.2611111111111111 0.6701030927835051 0.25555555555555554
19 0.30584192439862545 0.03888888888888889 0.30927835051546393 0.044444444444444446 0.3230240549828179 0.044444444444444446 0.32646048109965636 0.05 0.3402061855670103 0.05 0.3436426116838488 0.05555555555555555 0.3470790378006873 0.05 0.35051546391752575 0.05555555555555555 0.3539518900343643 0.05 0.36082474226804123 0.05 0.36082474226804123 0.06111111111111111 0.35738831615120276 0.06666666666666667 0.36082474226804123 0.07222222222222222 0.36769759450171824 0.07222222222222222 0.3711340206185567 0.07777777777777778 0.37800687285223367 0.07777777777777778 0.37800687285223367 0.08333333333333333 0.38144329896907214 0.08888888888888889 0.422680412371134 0.08888888888888889 0.42955326460481097 0.1 0.42955326460481097 0.18333333333333332 0.4329896907216495 0.18888888888888888 0.42955326460481097 0.19444444444444445 0.42955326460481097 0.2111111111111111 0.4261168384879725 0.2111111111111111 0.422680412371134 0.21666666666666667 0.41580756013745707 0.21666666666666667 0.4054982817869416 0.22777777777777777 0.39862542955326463 0.22777777777777777 0.3951890034364261 0.23333333333333334 0.38831615120274915 0.23333333333333334 0.3848797250859107 0.2388888888888889 0.37800687285223367 0.2388888888888889 0.3745704467353952 0.24444444444444444 0.35051546391752575 0.24444444444444444 0.3470790378006873 0.25 0.3436426116838488 0.24444444444444444 0.3333333333333333 0.25555555555555554 0.3230240549828179 0.25555555555555554 0.31958762886597936 0.2611111111111111 0.3127147766323024 0.2611111111111111 0.30927835051546393 0.25555555555555554 0.3024054982817869 0.25555555555555554 0.2920962199312715 0.2388888888888889 0.28865979381443296 0.2388888888888889 0.28865979381443296 0.1388888888888889 0.2920962199312715 0.13333333333333333 0.2920962199312715 0.08333333333333333 0.29553264604810997 0.07777777777777778 0.2920962199312715 0.07222222222222222 0.2920962199312715 0.06666666666666667 0.29553264604810997 0.06111111111111111 0.2920962199312715 0.05555555555555555 0.29553264604810997 0.05 0.29553264604810997 0.044444444444444446 0.29896907216494845 0.03888888888888889 0.3024054982817869 0.03888888888888889
19 0.8041237113402062 0.18333333333333332 0.8075601374570447 0.18888888888888888 0.8109965635738832 0.18888888888888888 0.8144329896907216 0.19444444444444445 0.8178694158075601 0.19444444444444445 0.8281786941580757 0.20555555555555555 0.8384879725085911 0.20555555555555555 0.8487972508591065 0.21666666666666667 0.8591065292096219 0.21666666666666667 0.8625429553264605 0.2222222222222222 0.872852233676976 0.2222222222222222 0.8762886597938144 0.22777777777777777 0.8969072164948454 0.22777777777777777 0.9003436426116839 0.23333333333333334 0.9106529209621993 0.23333333333333334 0.9140893470790378 0.2388888888888889 0.9278350515463918 0.2388888888888889 0.9312714776632303 0.24444444444444444 0.9312714776632303 0.2611111111111111 0.9243986254295533 0.2611111111111111 0.9175257731958762 0.2722222222222222 0.9140893470790378 0.2722222222222222 0.9106529209621993 0.2777777777777778 0.8969072164948454 0.2777777777777778 0.8969072164948454 0.2722222222222222 0.8934707903780069 0.26666666666666666 0.8900343642611683 0.26666666666666666 0.8865979381443299 0.2722222222222222 0.8865979381443299 0.2833333333333333 0.8831615120274914 0.28888888888888886 0.8831615120274914 0.29444444444444445 0.8762886597938144 0.29444444444444445 0.872852233676976 0.28888888888888886 0.872852233676976 0.2777777777777778 0.8694158075601375 0.2722222222222222 0.865979381443299 0.2722222222222222 0.8625429553264605 0.2777777777777778 0.8556701030927835 0.2777777777777778 0.845360824742268 0.26666666666666666 0.8316151202749141 0.26666666666666666 0.8384879725085911 0.26666666666666666 0.8419243986254296 0.2611111111111111 0.8419243986254296 0.25555555555555554 0.8384879725085911 0.25 0.8350515463917526 0.25 0.8316151202749141 0.25555555555555554 0.8213058419243986 0.25555555555555554 0.8178694158075601 0.2611111111111111 0.8075601374570447 0.2611111111111111 0.8006872852233677 0.25 0.7972508591065293 0.25 0.7938144329896907 0.24444444444444444 0.7869415807560137 0.24444444444444444 0.7835051546391752 0.2388888888888889 0.7766323024054983 0.2388888888888889 0.7731958762886598 0.24444444444444444 0.7628865979381443 0.2388888888888889 0.7560137457044673 0.2222222222222222 0.7560137457044673 0.19444444444444445 0.7594501718213058 0.19444444444444445 0.7663230240549829 0.18333333333333332 0.7697594501718213 0.18333333333333332 0.7731958762886598 0.17777777777777778 0.7903780068728522 0.17777777777777778 0.7938144329896907 0.18333333333333332 0.8006872852233677 0.18333333333333332
19 0 0.4388888888888889 0.010309278350515464 0.4388888888888889 0.01718213058419244 0.45 0.020618556701030927 0.45 0.020618556701030927 0.46111111111111114 0.013745704467353952 0.4722222222222222 0.013745704467353952 0.4777777777777778 0.010309278350515464 0.4777777777777778 0 0.49444444444444446 0 0.4444444444444444
19 0.23024054982817868 0.37222222222222223 0.24742268041237114 0.37222222222222223 0.2508591065292096 0.37777777777777777 0.2611683848797251 0.36666666666666664 0.27835051546391754 0.36666666666666664 0.2852233676975945 0.37777777777777777 0.28865979381443296 0.37777777777777777 0.3024054982817869 0.4 0.30584192439862545 0.4 0.29896907216494845 0.4111111111111111 0.29896907216494845 0.4222222222222222 0.29553264604810997 0.42777777777777776 0.29553264604810997 0.4388888888888889 0.29896907216494845 0.4444444444444444 0.29896907216494845 0.45555555555555555 0.3024054982817869 0.46111111111111114 0.3024054982817869 0.4722222222222222 0.30927835051546393 0.4888888888888889 0.30927835051546393 0.5166666666666667 0.3161512027491409 0.5277777777777778 0.31958762886597936 0.5277777777777778 0.31958762886597936 0.5333333333333333 0.3161512027491409 0.5333333333333333 0.30584192439862545 0.55 0.30584192439862545 0.5555555555555556 0.3024054982817869 0.5555555555555556 0.29553264604810997 0.5444444444444444 0.2920962199312715 0.5444444444444444 0.281786941580756 0.5277777777777778 0.27835051546391754 0.5277777777777778 0.27835051546391754 0.5222222222222223 0.2611683848797251 0.5 0.2542955326460481 0.5 0.2508591065292096 0.49444444444444446 0.23367697594501718 0.49444444444444446 0.23024054982817868 0.5 0.21305841924398625 0.5 0.21305841924398625 0.49444444444444446 0.20962199312714777 0.4888888888888889 0.20618556701030927 0.49444444444444446 0.2027491408934708 0.4888888888888889 0.19931271477663232 0.4888888888888889 0.19243986254295534 0.4777777777777778 0.18900343642611683 0.4777777777777778 0.18900343642611683 0.4722222222222222 0.18213058419243985 0.46111111111111114 0.18213058419243985 0.45555555555555555 0.1958762886597938 0.45555555555555555 0.19931271477663232 0.45 0.1958762886597938 0.4444444444444444 0.1958762886597938 0.43333333333333335 0.19243986254295534 0.42777777777777776 0.1958762886597938 0.42777777777777776 0.20618556701030927 0.4166666666666667 0.2027491408934708 0.4111111111111111 0.20618556701030927 0.40555555555555556 0.20618556701030927 0.4 0.21305841924398625 0.4 0.21993127147766323 0.3888888888888889 0.2268041237113402 0.3888888888888889 0.23024054982817868 0.38333333333333336 0.23024054982817868 0.37777777777777777
19 0.05154639175257732 0.49444444444444446 0.054982817869415807 0.5 0.058419243986254296 0.49444444444444446 0.06872852233676977 0.49444444444444446 0.08247422680412371 0.5166666666666667 0.0859106529209622 0.5166666666666667 0.08934707903780069 0.5222222222222223 0.08934707903780069 0.5277777777777778 0.044673539518900345 0.6 0.041237113402061855 0.6 0.037800687285223365 0.6055555555555555 0.03436426116838488 0.6055555555555555 0.030927835051546393 0.6 0.024054982817869417 0.6 0.020618556701030927 0.6055555555555555 0.010309278350515464 0.6055555555555555 0.006872852233676976 0.6111111111111112 0.003436426116838488 0.6111111111111112 0 0.6055555555555555 0 0.5722222222222222 0.003436426116838488 0.5666666666666667 0.003436426116838488 0.5444444444444444 0.010309278350515464 0.5444444444444444 0.013745704467353952 0.55 0.024054982817869417 0.5333333333333333 0.027491408934707903 0.5333333333333333 0.030927835051546393 0.5277777777777778 0.041237113402061855 0.5222222222222223 0.044673539518900345 0.5166666666666667 0.041237113402061855 0.5111111111111111 0.041237113402061855 0.5055555555555555 0.044673539518900345 0.5 0.048109965635738834 0.5
19 0 0.43333333333333335 0.006872852233676976 0.43333333333333335 0.010309278350515464 0.4388888888888889 0.01718213058419244 0.4388888888888889 0.024054982817869417 0.45 0.024054982817869417 0.45555555555555555 0.01718213058419244 0.4666666666666667 0.01718213058419244 0.4722222222222222 0 0.49444444444444446 0 0.4388888888888889
19 0.18213058419243985 0.2222222222222222 0.19243986254295534 0.23333333333333334 0.19243986254295534 0.2388888888888889 0.19931271477663232 0.25555555555555554 0.19931271477663232 0.26666666666666666 0.20618556701030927 0.2833333333333333 0.20618556701030927 0.29444444444444445 0.2027491408934708 0.3 0.20618556701030927 0.3055555555555556 0.20618556701030927 0.3111111111111111 0.2027491408934708 0.31666666666666665 0.19243986254295534 0.31666666666666665 0.19243986254295534 0.3111111111111111 0.18556701030927836 0.3 0.18213058419243985 0.3 0.17869415807560138 0.3055555555555556 0.17525773195876287 0.3055555555555556 0.1718213058419244 0.3 0.16494845360824742 0.3 0.15807560137457044 0.31666666666666665 0.15120274914089346 0.31666666666666665 0.14776632302405499 0.32222222222222224 0.14776632302405499 0.3333333333333333 0.14432989690721648 0.3277777777777778 0.140893470790378 0.3277777777777778 0.13745704467353953 0.3333333333333333 0.12714776632302405 0.3333333333333333 0.12371134020618557 0.3388888888888889 0.12027491408934708 0.3388888888888889 0.10996563573883161 0.35 0.09621993127147767 0.35 0.09278350515463918 0.34444444444444444 0.09278350515463918 0.3388888888888889 0.07560137457044673 0.3111111111111111 0.07560137457044673 0.3055555555555556 0.07216494845360824 0.3 0.07216494845360824 0.28888888888888886 0.06872852233676977 0.2833333333333333 0.07216494845360824 0.2777777777777778 0.06872852233676977 0.2722222222222222 0.06872852233676977 0.2611111111111111 0.07216494845360824 0.25555555555555554 0.07560137457044673 0.25555555555555554 0.09278350515463918 0.22777777777777777 0.09621993127147767 0.22777777777777777 0.09965635738831616 0.2222222222222222 0.11683848797250859 0.2222222222222222 0.13745704467353953 0.24444444444444444 0.140893470790378 0.2388888888888889 0.15120274914089346 0.2388888888888889 0.16151202749140894 0.22777777777777777 0.1718213058419244 0.22777777777777777 0.17525773195876287 0.2222222222222222 0.17869415807560138 0.2222222222222222
19 0.2920962199312715 0.4111111111111111 0.29553264604810997 0.4111111111111111 0.29553264604810997 0.4444444444444444 0.29896907216494845 0.45 0.29896907216494845 0.46111111111111114 0.3024054982817869 0.4666666666666667 0.3024054982817869 0.4777777777777778 0.30584192439862545 0.48333333333333334 0.30584192439862545 0.5 0.30927835051546393 0.5055555555555555 0.30927835051546393 0.5166666666666667 0.3127147766323024 0.5222222222222223 0.3127147766323024 0.5277777777777778 0.3161512027491409 0.5333333333333333 0.31958762886597936 0.5333333333333333 0.3127147766323024 0.5333333333333333 0.30584192439862545 0.5444444444444444 0.29553264604810997 0.5444444444444444 0.2920962199312715 0.5388888888888889 0.28865979381443296 0.5388888888888889 0.281786941580756 0.5277777777777778 0.27835051546391754 0.5277777777777778 0.27835051546391754 0.5222222222222223 0.26804123711340205 0.5055555555555555 0.24742268041237114 0.49444444444444446 0.24742268041237114 0.4888888888888889 0.2542955326460481 0.4888888888888889 0.25773195876288657 0.48333333333333334 0.2611683848797251 0.4666666666666667 0.2646048109965636 0.4722222222222222 0.26804123711340205 0.4722222222222222 0.27147766323024053 0.4666666666666667 0.26804123711340205 0.46111111111111114 0.27147766323024053 0.45555555555555555 0.27147766323024053 0.4444444444444444 0.26804123711340205 0.4388888888888889 0.27491408934707906 0.4388888888888889 0.27835051546391754 0.43333333333333335 0.27491408934707906 0.42777777777777776 0.281786941580756 0.42777777777777776 0.281786941580756 0.43333333333333335 0.2852233676975945 0.4388888888888889 0.2920962199312715 0.42777777777777776 0.2920962199312715 0.4166666666666667
19 0.03436426116838488 0.16111111111111112 0.037800687285223365 0.16666666666666666 0.037800687285223365 0.17222222222222222 0.044673539518900345 0.18333333333333332 0.044673539518900345 0.18888888888888888 0.05154639175257732 0.20555555555555555 0.05154639175257732 0.21666666666666667 0.054982817869415807 0.2222222222222222 0.054982817869415807 0.23333333333333334 0.058419243986254296 0.2388888888888889 0.058419243986254296 0.25 0.048109965635738834 0.25 0.044673539518900345 0.24444444444444444 0.030927835051546393 0.24444444444444444 0.027491408934707903 0.2388888888888889 0.024054982817869417 0.2388888888888889 0.013745704467353952 0.2222222222222222 0.003436426116838488 0.2222222222222222 0 0.21666666666666667 0 0.17777777777777778 0.010309278350515464 0.17777777777777778 0.013745704467353952 0.17222222222222222 0.01718213058419244 0.17222222222222222 0.020618556701030927 0.16666666666666666 0.030927835051546393 0.16111111111111112
19 0.9415807560137457 0.5222222222222223 0.9587628865979382 0.55 0.9621993127147767 0.55 0.979381443298969 0.5777777777777777 0.9828178694158075 0.5777777777777777 0.9828178694158075 0.5833333333333334 0.9862542955326461 0.5888888888888889 0.9828178694158075 0.5944444444444444 0.9828178694158075 0.6055555555555555 0.979381443298969 0.6111111111111112 0.979381443298969 0.6166666666666667 0.9759450171821306 0.6222222222222222 0.9759450171821306 0.6277777777777778 0.9690721649484536 0.6444444444444445 0.9690721649484536 0.6611111111111111 0.9656357388316151 0.6666666666666666 0.9656357388316151 0.6722222222222223 0.9587628865979382 0.6888888888888889 0.9587628865979382 0.7 0.9553264604810997 0.7055555555555556 0.9518900343642611 0.7222222222222222 0.9415807560137457 0.7388888888888889 0.9312714776632303 0.7388888888888889 0.9278350515463918 0.7444444444444445 0.8556701030927835 0.7444444444444445 0.852233676975945 0.7388888888888889 0.8213058419243986 0.7388888888888889 0.8178694158075601 0.7333333333333333 0.8075601374570447 0.7277777777777777 0.8075601374570447 0.7166666666666667 0.8109965635738832 0.7111111111111111 0.8109965635738832 0.7055555555555556 0.8178694158075601 0.6888888888888889 0.8178694158075601 0.6777777777777778 0.8213058419243986 0.6777777777777778 0.8419243986254296 0.6444444444444445 0.845360824742268 0.6444444444444445 0.8797250859106529 0.5888888888888889 0.8797250859106529 0.5833333333333334 0.8934707903780069 0.5611111111111111 0.8934707903780069 0.5555555555555556 0.9003436426116839 0.5444444444444444 0.9003436426116839 0.5388888888888889 0.9106529209621993 0.5222222222222223 0.9106529209621993 0.5166666666666667 0.9175257731958762 0.5055555555555555 0.9278350515463918 0.5055555555555555 0.9381443298969072 0.5222222222222223
19 0.6838487972508591 0.1111111111111111 0.6872852233676976 0.11666666666666667 0.697594501718213 0.11666666666666667 0.7147766323024055 0.14444444444444443 0.7147766323024055 0.15 0.7285223367697594 0.17222222222222222 0.7285223367697594 0.17777777777777778 0.7457044673539519 0.20555555555555555 0.7491408934707904 0.20555555555555555 0.7491408934707904 0.2222222222222222 0.7525773195876289 0.22777777777777777 0.7525773195876289 0.24444444444444444 0.7594501718213058 0.25555555555555554 0.7628865979381443 0.25555555555555554 0.7594501718213058 0.2611111111111111 0.7594501718213058 0.2722222222222222 0.7491408934707904 0.2777777777777778 0.7422680412371134 0.28888888888888886 0.738831615120275 0.2833333333333333 0.7353951890034365 0.28888888888888886 0.7147766323024055 0.28888888888888886 0.697594501718213 0.26666666666666666 0.6907216494845361 0.26666666666666666 0.6872852233676976 0.2611111111111111 0.6872852233676976 0.25555555555555554 0.6804123711340206 0.24444444444444444 0.6769759450171822 0.25 0.6735395189003437 0.25 0.6769759450171822 0.24444444444444444 0.6735395189003437 0.2388888888888889 0.6701030927835051 0.2388888888888889 0.6666666666666666 0.24444444444444444 0.6666666666666666 0.2611111111111111 0.6701030927835051 0.26666666666666666 0.6666666666666666 0.2722222222222222 0.6597938144329897 0.2722222222222222 0.6563573883161512 0.2777777777777778 0.6529209621993127 0.2777777777777778 0.6494845360824743 0.2722222222222222 0.6460481099656358 0.2722222222222222 0.6460481099656358 0.26666666666666666 0.6494845360824743 0.2611111111111111 0.6426116838487973 0.25 0.6391752577319587 0.25 0.6357388316151202 0.24444444444444444 0.6219931271477663 0.24444444444444444 0.6219931271477663 0.2388888888888889 0.6151202749140894 0.22777777777777777 0.6151202749140894 0.21666666666666667 0.6116838487972509 0.2111111111111111 0.6116838487972509 0.20555555555555555 0.6082474226804123 0.2 0.6048109965635738 0.18333333333333332 0.5979381443298969 0.17222222222222222 0.5979381443298969 0.16666666666666666 0.5945017182130584 0.16111111111111112 0.5945017182130584 0.14444444444444443 0.5979381443298969 0.1388888888888889 0.6082474226804123 0.1388888888888889 0.6116838487972509 0.13333333333333333 0.6357388316151202 0.13333333333333333 0.6391752577319587 0.12777777777777777 0.6563573883161512 0.12777777777777777 0.6597938144329897 0.12222222222222222 0.6632302405498282 0.12777777777777777 0.6735395189003437 0.11666666666666667 0.6804123711340206 0.11666666666666667
19 0.7250859106529209 0.18333333333333332 0.7285223367697594 0.18888888888888888 0.7319587628865979 0.18888888888888888 0.738831615120275 0.2 0.7422680412371134 0.2 0.7491408934707904 0.2111111111111111 0.7491408934707904 0.2222222222222222 0.7525773195876289 0.22777777777777777 0.7525773195876289 0.2388888888888889 0.7628865979381443 0.25555555555555554 0.7628865979381443 0.2722222222222222 0.7594501718213058 0.2777777777777778 0.7594501718213058 0.2833333333333333 0.7628865979381443 0.28888888888888886 0.7628865979381443 0.3 0.7525773195876289 0.31666666666666665 0.7319587628865979 0.31666666666666665 0.7216494845360825 0.3055555555555556 0.7147766323024055 0.3055555555555556 0.7147766323024055 0.29444444444444445 0.711340206185567 0.28888888888888886 0.711340206185567 0.2833333333333333 0.7079037800687286 0.2777777777777778 0.7044673539518901 0.2777777777777778 0.697594501718213 0.26666666666666666 0.697594501718213 0.23333333333333334 0.6941580756013745 0.22777777777777777 0.6941580756013745 0.2222222222222222 0.6872852233676976 0.2111111111111111 0.6804123711340206 0.2111111111111111 0.6769759450171822 0.20555555555555555 0.6735395189003437 0.2111111111111111 0.6632302405498282 0.21666666666666667 0.6597938144329897 0.2222222222222222 0.6597938144329897 0.22777777777777777 0.6529209621993127 0.2388888888888889 0.6391752577319587 0.2388888888888889 0.6494845360824743 0.23333333333333334 0.6563573883161512 0.2222222222222222 0.6597938144329897 0.2222222222222222 0.6632302405498282 0.21666666666666667 0.6597938144329897 0.2111111111111111 0.6597938144329897 0.20555555555555555 0.6632302405498282 0.2 0.6597938144329897 0.19444444444444445 0.6666666666666666 0.18333333333333332 0.6701030927835051 0.18333333333333332 0.6735395189003437 0.18888888888888888 0.6769759450171822 0.18333333333333332 0.6907216494845361 0.18333333333333332 0.6941580756013745 0.17777777777777778 0.718213058419244 0.17777777777777778 0.7216494845360825 0.18333333333333332
19 0.13402061855670103 0.43333333333333335 0.13745704467353953 0.4388888888888889 0.15463917525773196 0.4388888888888889 0.15807560137457044 0.4444444444444444 0.15807560137457044 0.4666666666666667 0.15463917525773196 0.4722222222222222 0.15463917525773196 0.48333333333333334 0.15120274914089346 0.48333333333333334 0.140893470790378 0.49444444444444446 0.13402061855670103 0.49444444444444446 0.13058419243986255 0.5 0.12371134020618557 0.5 0.12027491408934708 0.5055555555555555 0.11683848797250859 0.5055555555555555 0.10652920962199312 0.5166666666666667 0.09621993127147767 0.5055555555555555 0.08934707903780069 0.5055555555555555 0.0859106529209622 0.5 0.0859106529209622 0.48333333333333334 0.08934707903780069 0.4777777777777778 0.08934707903780069 0.4722222222222222 0.07903780068728522 0.46111111111111114 0.0859106529209622 0.4444444444444444 0.08934707903780069 0.4444444444444444 0.09965635738831616 0.45555555555555555 0.10309278350515463 0.45 0.10996563573883161 0.45 0.1134020618556701 0.4444444444444444 0.10996563573883161 0.4388888888888889 0.11683848797250859 0.4388888888888889 0.12027491408934708 0.43333333333333335 0.13058419243986255 0.43333333333333335
19 0.5945017182130584 0.4 0.5979381443298969 0.40555555555555556 0.5979381443298969 0.4111111111111111 0.5945017182130584 0.4166666666666667 0.5979381443298969 0.4222222222222222 0.5979381443298969 0.42777777777777776 0.5945017182130584 0.43333333333333335 0.5945017182130584 0.45 0.5910652920962199 0.45555555555555555 0.5910652920962199 0.4666666666666667 0.5876288659793815 0.4722222222222222 0.5876288659793815 0.48333333333333334 0.584192439862543 0.4888888888888889 0.584192439862543 0.5 0.5807560137457045 0.5055555555555555 0.5807560137457045 0.5166666666666667 0.5670103092783505 0.55 0.5670103092783505 0.5777777777777777 0.5738831615120275 0.5888888888888889 0.5807560137457045 0.5888888888888889 0.584192439862543 0.5944444444444444 0.5910652920962199 0.5944444444444444 0.5945017182130584 0.6 0.6048109965635738 0.6 0.6082474226804123 0.6055555555555555 0.6254295532646048 0.6055555555555555 0.6288659793814433 0.6111111111111112 0.6323024054982818 0.6111111111111112 0.6323024054982818 0.6222222222222222 0.6288659793814433 0.6277777777777778 0.6254295532646048 0.6444444444444445 0.6151202749140894 0.6611111111111111 0.6116838487972509 0.6611111111111111 0.6082474226804123 0.6666666666666666 0.6048109965635738 0.6666666666666666 0.6013745704467354 0.6722222222222223 0.5979381443298969 0.6722222222222223 0.5945017182130584 0.6777777777777778 0.584192439862543 0.6833333333333333 0.5773195876288659 0.6944444444444444 0.570446735395189 0.6944444444444444 0.5670103092783505 0.7 0.563573883161512 0.7 0.5601374570446735 0.7055555555555556 0.5498281786941581 0.7111111111111111 0.5429553264604811 0.7222222222222222 0.5257731958762887 0.7222222222222222 0.5223367697594502 0.7166666666666667 0.5120274914089347 0.7111111111111111 0.5085910652920962 0.7055555555555556 0.5017182130584192 0.7055555555555556 0.49828178694158076 0.7 0.4948453608247423 0.7 0.4879725085910653 0.6888888888888889 0.47766323024054985 0.6833333333333333 0.47766323024054985 0.6777777777777778 0.4879725085910653 0.6611111111111111 0.49140893470790376 0.6611111111111111 0.49828178694158076 0.65 0.5017182130584192 0.65 0.5154639175257731 0.6277777777777778 0.5189003436426117 0.6277777777777778 0.5223367697594502 0.6222222222222222 0.5223367697594502 0.6166666666666667 0.5463917525773195 0.5777777777777777 0.5498281786941581 0.5777777777777777 0.5670103092783505 0.55 0.5670103092783505 0.5444444444444444 0.5601374570446735 0.5333333333333333 0.5567010309278351 0.5333333333333333 0.5463917525773195 0.5166666666666667 0.5085910652920962 0.5166666666666667 0.49828178694158076 0.5055555555555555 0.49140893470790376 0.5055555555555555 0.4879725085910653 0.5 0.4879725085910653 0.49444444444444446 0.49140893470790376 0.4888888888888889 0.4948453608247423 0.4888888888888889 0.49828178694158076 0.48333333333333334 0.5017182130584192 0.48333333333333334 0.5051546391752577 0.4777777777777778 0.5085910652920962 0.4777777777777778 0.5120274914089347 0.4722222222222222 0.5154639175257731 0.4722222222222222 0.5257731958762887 0.46111111111111114 0.5326460481099656 0.46111111111111114 0.5360824742268041 0.45555555555555555 0.5395189003436426 0.45555555555555555 0.5429553264604811 0.45 0.5532646048109966 0.4444444444444444 0.5738831615120275 0.4111111111111111 0.5773195876288659 0.4111111111111111 0.5807560137457045 0.40555555555555556 0.5910652920962199 0.4
19 0.19243986254295534 0.18888888888888888 0.1958762886597938 0.19444444444444445 0.20962199312714777 0.19444444444444445 0.21305841924398625 0.2 0.21649484536082475 0.19444444444444445 0.21993127147766323 0.19444444444444445 0.22336769759450173 0.2 0.23024054982817868 0.2 0.2268041237113402 0.20555555555555555 0.2268041237113402 0.2111111111111111 0.21993127147766323 0.2111111111111111 0.21649484536082475 0.21666666666666667 0.21305841924398625 0.21666666666666667 0.2027491408934708 0.22777777777777777 0.19243986254295534 0.22777777777777777 0.18900343642611683 0.2222222222222222 0.16838487972508592 0.2222222222222222 0.16494845360824742 0.22777777777777777 0.16151202749140894 0.22777777777777777 0.15463917525773196 0.2388888888888889 0.13745704467353953 0.2388888888888889 0.11683848797250859 0.21666666666666667 0.10652920962199312 0.21666666666666667 0.10309278350515463 0.2222222222222222 0.09621993127147767 0.2222222222222222 0.09278350515463918 0.22777777777777777 0.08934707903780069 0.22777777777777777 0.07216494845360824 0.25 0.07216494845360824 0.24444444444444444 0.06872852233676977 0.2388888888888889 0.07903780068728522 0.22777777777777777 0.0859106529209622 0.22777777777777777 0.09621993127147767 0.21666666666666667 0.13402061855670103 0.21666666666666667 0.13745704467353953 0.2111111111111111 0.140893470790378 0.2111111111111111 0.14776632302405499 0.2 0.17525773195876287 0.2 0.17869415807560138 0.19444444444444445 0.18900343642611683 0.19444444444444445
19 0.23367697594501718 0.35 0.23711340206185566 0.35 0.24054982817869416 0.35555555555555557 0.27491408934707906 0.35555555555555557 0.281786941580756 0.37222222222222223 0.2920962199312715 0.37777777777777777 0.3024054982817869 0.39444444444444443 0.281786941580756 0.39444444444444443 0.27147766323024053 0.37777777777777777 0.25773195876288657 0.37777777777777777 0.2542955326460481 0.38333333333333336 0.24054982817869416 0.38333333333333336 0.23367697594501718 0.37222222222222223 0.2268041237113402 0.37222222222222223 0.23367697594501718 0.3611111111111111 0.23367697594501718 0.35555555555555557
19 0.2611683848797251 0.5055555555555555 0.3024054982817869 0.5722222222222222 0.3024054982817869 0.5777777777777777 0.29553264604810997 0.5888888888888889 0.29553264604810997 0.5944444444444444 0.2852233676975945 0.6111111111111112 0.281786941580756 0.6111111111111112 0.2646048109965636 0.6333333333333333 0.2611683848797251 0.6333333333333333 0.25773195876288657 0.6388888888888888 0.2542955326460481 0.6388888888888888 0.2508591065292096 0.6444444444444445 0.24742268041237114 0.6444444444444445 0.24398625429553264 0.65 0.24054982817869416 0.65 0.23711340206185566 0.6555555555555556 0.23367697594501718 0.6555555555555556 0.23024054982817868 0.6611111111111111 0.2268041237113402 0.6611111111111111 0.22336769759450173 0.6666666666666666 0.21305841924398625 0.6722222222222223 0.20962199312714777 0.6777777777777778 0.2027491408934708 0.6777777777777778 0.21305841924398625 0.6611111111111111 0.21305841924398625 0.6555555555555556 0.21649484536082475 0.65 0.21649484536082475 0.6388888888888888 0.21993127147766323 0.6333333333333333 0.21993127147766323 0.6222222222222222 0.21305841924398625 0.6111111111111112 0.21305841924398625 0.6055555555555555 0.20962199312714777 0.6 0.2027491408934708 0.6 0.19931271477663232 0.5944444444444444 0.18900343642611683 0.5944444444444444 0.18556701030927836 0.6 0.18213058419243985 0.6 0.17869415807560138 0.5944444444444444 0.15120274914089346 0.5944444444444444 0.14432989690721648 0.5833333333333334 0.14776632302405499 0.5777777777777777 0.14776632302405499 0.5722222222222222 0.15120274914089346 0.5722222222222222 0.16838487972508592 0.55 0.17525773195876287 0.55 0.17869415807560138 0.5444444444444444 0.18900343642611683 0.5444444444444444 0.19243986254295534 0.5388888888888889 0.19931271477663232 0.5388888888888889 0.20618556701030927 0.5277777777777778 0.2268041237113402 0.5166666666666667 0.23367697594501718 0.5055555555555555 0.25773195876288657 0.5055555555555555
19 0.5945017182130584 0.5944444444444444 0.5979381443298969 0.6 0.6048109965635738 0.6 0.6082474226804123 0.6055555555555555 0.6288659793814433 0.6055555555555555 0.6323024054982818 0.6111111111111112 0.6357388316151202 0.6111111111111112 0.6357388316151202 0.6166666666666667 0.6323024054982818 0.6222222222222222 0.6323024054982818 0.6277777777777778 0.6288659793814433 0.6333333333333333 0.6254295532646048 0.65 0.6185567010309279 0.6611111111111111 0.6151202749140894 0.6611111111111111 0.6116838487972509 0.6666666666666666 0.6082474226804123 0.6666666666666666 0.6048109965635738 0.6722222222222223 0.6013745704467354 0.6722222222222223 0.5979381443298969 0.6777777777777778 0.5945017182130584 0.6777777777777778 0.5910652920962199 0.6833333333333333 0.5876288659793815 0.6833333333333333 0.584192439862543 0.6888888888888889 0.5738831615120275 0.6944444444444444 0.5670103092783505 0.7055555555555556 0.5601374570446735 0.7055555555555556 0.5567010309278351 0.7111111111111111 0.5532646048109966 0.7111111111111111 0.5463917525773195 0.7222222222222222 0.5429553264604811 0.7222222222222222 0.5395189003436426 0.7277777777777777 0.5292096219931272 0.7277777777777777 0.5257731958762887 0.7222222222222222 0.5223367697594502 0.7222222222222222 0.5189003436426117 0.7166666666666667 0.5154639175257731 0.7166666666666667 0.5120274914089347 0.7111111111111111 0.5085910652920962 0.7111111111111111 0.5051546391752577 0.7055555555555556 0.5017182130584192 0.7055555555555556 0.49828178694158076 0.7 0.4948453608247423 0.7 0.49140893470790376 0.6944444444444444 0.48109965635738833 0.6888888888888889 0.47766323024054985 0.6833333333333333 0.47766323024054985 0.6722222222222223 0.48109965635738833 0.6722222222222223 0.49140893470790376 0.6555555555555556 0.5017182130584192 0.65 0.5463917525773195 0.5777777777777777 0.5498281786941581 0.5777777777777777 0.5601374570446735 0.5611111111111111 0.563573883161512 0.5611111111111111 0.5670103092783505 0.5666666666666667 0.5670103092783505 0.5777777777777777 0.5738831615120275 0.5888888888888889 0.5807560137457045 0.5888888888888889 0.584192439862543 0.5944444444444444 0.5910652920962199 0.5944444444444444
19 0.12371134020618557 0.5944444444444444 0.12714776632302405 0.6 0.13745704467353953 0.6055555555555555 0.15120274914089346 0.6277777777777778 0.17525773195876287 0.6277777777777778 0.17869415807560138 0.6333333333333333 0.18556701030927836 0.6333333333333333 0.18900343642611683 0.6388888888888888 0.19243986254295534 0.6388888888888888 0.2027491408934708 0.65 0.19931271477663232 0.65 0.19243986254295534 0.6611111111111111 0.18900343642611683 0.6611111111111111 0.17525773195876287 0.6888888888888889 0.1718213058419244 0.6888888888888889 0.140893470790378 0.7388888888888889 0.13745704467353953 0.7388888888888889 0.10996563573883161 0.7833333333333333 0.10652920962199312 0.7833333333333333 0.10309278350515463 0.7888888888888889 0.09278350515463918 0.7944444444444444 0.08934707903780069 0.8 0.08247422680412371 0.8 0.07903780068728522 0.8055555555555556 0.06529209621993128 0.8055555555555556 0.061855670103092786 0.8111111111111111 0.054982817869415807 0.8111111111111111 0.05154639175257732 0.8055555555555556 0.037800687285223365 0.8055555555555556 0.027491408934707903 0.7944444444444444 0.020618556701030927 0.7944444444444444 0.01718213058419244 0.7888888888888889 0.013745704467353952 0.7888888888888889 0.010309278350515464 0.7833333333333333 0 0.7777777777777778 0 0.7277777777777777 0.003436426116838488 0.7222222222222222 0.003436426116838488 0.7166666666666667 0 0.7111111111111111 0 0.7 0.003436426116838488 0.6944444444444444 0.003436426116838488 0.6444444444444445 0 0.6388888888888888 0 0.6277777777777778 0.006872852233676976 0.6166666666666667 0.037800687285223365 0.6166666666666667 0.041237113402061855 0.6222222222222222 0.06529209621993128 0.6222222222222222 0.06872852233676977 0.6166666666666667 0.08247422680412371 0.6166666666666667 0.0859106529209622 0.6111111111111112 0.0859106529209622 0.6055555555555555 0.08934707903780069 0.6055555555555555 0.09278350515463918 0.6 0.09965635738831616 0.6 0.10309278350515463 0.5944444444444444 0.12027491408934708 0.5944444444444444
19 0.18900343642611683 0.22777777777777777 0.18900343642611683 0.23333333333333334 0.1958762886597938 0.24444444444444444 0.1958762886597938 0.25 0.19931271477663232 0.25555555555555554 0.19931271477663232 0.26666666666666666 0.2027491408934708 0.2722222222222222 0.20618556701030927 0.28888888888888886 0.21305841924398625 0.3 0.21305841924398625 0.3055555555555556 0.21649484536082475 0.3111111111111111 0.21649484536082475 0.32222222222222224 0.21993127147766323 0.3277777777777778 0.21993127147766323 0.3333333333333333 0.2268041237113402 0.34444444444444444 0.2268041237113402 0.35555555555555557 0.21993127147766323 0.36666666666666664 0.21649484536082475 0.36666666666666664 0.20618556701030927 0.37777777777777777 0.19931271477663232 0.37777777777777777 0.1958762886597938 0.38333333333333336 0.18900343642611683 0.38333333333333336 0.18556701030927836 0.3888888888888889 0.17869415807560138 0.3888888888888889 0.17525773195876287 0.39444444444444443 0.16494845360824742 0.39444444444444443 0.16151202749140894 0.3888888888888889 0.15807560137457044 0.3888888888888889 0.13745704467353953 0.35 0.12714776632302405 0.35 0.12371134020618557 0.34444444444444444 0.12027491408934708 0.34444444444444444 0.11683848797250859 0.35 0.09621993127147767 0.35 0.09278350515463918 0.34444444444444444 0.09278350515463918 0.3388888888888889 0.07560137457044673 0.3111111111111111 0.07560137457044673 0.3 0.07216494845360824 0.29444444444444445 0.07903780068728522 0.2777777777777778 0.09278350515463918 0.2777777777777778 0.09621993127147767 0.2722222222222222 0.10309278350515463 0.2722222222222222 0.10652920962199312 0.26666666666666666 0.1134020618556701 0.26666666666666666 0.11683848797250859 0.2611111111111111 0.12714776632302405 0.2611111111111111 0.13745704467353953 0.25 0.15120274914089346 0.25 0.16151202749140894 0.23333333333333334 0.16494845360824742 0.23333333333333334 0.16838487972508592 0.22777777777777777 0.18556701030927836 0.22777777777777777
19 0.2611683848797251 0.5055555555555555 0.28865979381443296 0.55 0.2920962199312715 0.55 0.29553264604810997 0.5555555555555556 0.29553264604810997 0.5611111111111111 0.3024054982817869 0.5722222222222222 0.3024054982817869 0.5833333333333334 0.2920962199312715 0.6 0.2920962199312715 0.6055555555555555 0.28865979381443296 0.6111111111111112 0.27835051546391754 0.6166666666666667 0.2611683848797251 0.6388888888888888 0.25773195876288657 0.6388888888888888 0.2542955326460481 0.6444444444444445 0.2508591065292096 0.6444444444444445 0.24742268041237114 0.65 0.24398625429553264 0.65 0.24054982817869416 0.6555555555555556 0.23711340206185566 0.6555555555555556 0.23367697594501718 0.6611111111111111 0.23024054982817868 0.6611111111111111 0.2268041237113402 0.6666666666666666 0.22336769759450173 0.6666666666666666 0.21993127147766323 0.6722222222222223 0.20962199312714777 0.6777777777777778 0.20618556701030927 0.6833333333333333 0.2027491408934708 0.6833333333333333 0.1958762886597938 0.6944444444444444 0.19243986254295534 0.6944444444444444 0.17525773195876287 0.7222222222222222 0.1718213058419244 0.7222222222222222 0.16838487972508592 0.7277777777777777 0.16151202749140894 0.7277777777777777 0.16151202749140894 0.7222222222222222 0.16494845360824742 0.7222222222222222 0.16838487972508592 0.7166666666666667 0.1718213058419244 0.7 0.17525773195876287 0.7 0.18556701030927836 0.6833333333333333 0.18556701030927836 0.6777777777777778 0.18900343642611683 0.6722222222222223 0.1958762886597938 0.6722222222222223 0.20962199312714777 0.65 0.20962199312714777 0.6333333333333333 0.20618556701030927 0.6277777777777778 0.1958762886597938 0.6277777777777778 0.19243986254295534 0.6222222222222222 0.18900343642611683 0.6222222222222222 0.18556701030927836 0.6166666666666667 0.17869415807560138 0.6166666666666667 0.17525773195876287 0.6111111111111112 0.15463917525773196 0.6111111111111112 0.14776632302405499 0.6 0.140893470790378 0.6 0.13745704467353953 0.5944444444444444 0.13745704467353953 0.5833333333333334 0.15463917525773196 0.5611111111111111 0.15807560137457044 0.5611111111111111 0.16151202749140894 0.5555555555555556 0.16494845360824742 0.5555555555555556 0.17525773195876287 0.5444444444444444 0.18213058419243985 0.5444444444444444 0.18556701030927836 0.5388888888888889 0.19243986254295534 0.5388888888888889 0.1958762886597938 0.5333333333333333 0.2027491408934708 0.5333333333333333 0.21305841924398625 0.5222222222222223 0.21993127147766323 0.5222222222222223 0.22336769759450173 0.5166666666666667 0.2268041237113402 0.5166666666666667 0.23367697594501718 0.5055555555555555 0.25773195876288657 0.5055555555555555
19 0.14432989690721648 0.38333333333333336 0.15807560137457044 0.40555555555555556 0.15807560137457044 0.42777777777777776 0.16151202749140894 0.43333333333333335 0.16151202749140894 0.4388888888888889 0.15807560137457044 0.4444444444444444 0.15807560137457044 0.45555555555555555 0.15463917525773196 0.46111111111111114 0.14432989690721648 0.46111111111111114 0.140893470790378 0.4666666666666667 0.140893470790378 0.4777777777777778 0.13058419243986255 0.49444444444444446 0.12371134020618557 0.49444444444444446 0.12027491408934708 0.5 0.10309278350515463 0.5 0.09965635738831616 0.5055555555555555 0.0859106529209622 0.5055555555555555 0.08247422680412371 0.5 0.08247422680412371 0.49444444444444446 0.07560137457044673 0.4777777777777778 0.07216494845360824 0.4777777777777778 0.06872852233676977 0.4722222222222222 0.06529209621993128 0.4777777777777778 0.06529209621993128 0.4722222222222222 0.054982817869415807 0.45555555555555555 0.044673539518900345 0.45555555555555555 0.041237113402061855 0.45 0.030927835051546393 0.45 0.027491408934707903 0.45555555555555555 0.024054982817869417 0.45555555555555555 0.020618556701030927 0.46111111111111114 0.020618556701030927 0.4666666666666667 0.006872852233676976 0.4888888888888889 0 0.4888888888888889 0.003436426116838488 0.4888888888888889 0.010309278350515464 0.4777777777777778 0.010309278350515464 0.4444444444444444 0 0.43333333333333335 0 0.42777777777777776 0.003436426116838488 0.4222222222222222 0 0.4166666666666667 0 0.40555555555555556 0.003436426116838488 0.4 0.003436426116838488 0.39444444444444443 0.01718213058419244 0.39444444444444443 0.020618556701030927 0.3888888888888889 0.05154639175257732 0.3888888888888889 0.054982817869415807 0.38333333333333336 0.06529209621993128 0.38333333333333336 0.07560137457044673 0.36666666666666664 0.10652920962199312 0.36666666666666664 0.10996563573883161 0.37222222222222223 0.11683848797250859 0.37222222222222223 0.12027491408934708 0.36666666666666664 0.12371134020618557 0.36666666666666664 0.12714776632302405 0.37222222222222223 0.13402061855670103 0.37222222222222223 0.140893470790378 0.38333333333333336
19 0.4329896907216495 0.35 0.436426116838488 0.35555555555555557 0.45017182130584193 0.35555555555555557 0.44673539518900346 0.3611111111111111 0.45017182130584193 0.36666666666666664 0.4536082474226804 0.36666666666666664 0.46048109965635736 0.35555555555555557 0.46735395189003437 0.35555555555555557 0.46735395189003437 0.3611111111111111 0.47079037800687284 0.36666666666666664 0.47079037800687284 0.37777777777777777 0.46048109965635736 0.37777777777777777 0.4536082474226804 0.3888888888888889 0.44673539518900346 0.3888888888888889 0.43986254295532645 0.4 0.43986254295532645 0.40555555555555556 0.436426116838488 0.40555555555555556 0.42955326460481097 0.4166666666666667 0.4329896907216495 0.4222222222222222 0.4329896907216495 0.4444444444444444 0.44329896907216493 0.46111111111111114 0.44673539518900346 0.46111111111111114 0.44673539518900346 0.4666666666666667 0.44329896907216493 0.4722222222222222 0.42955326460481097 0.4722222222222222 0.42955326460481097 0.46111111111111114 0.4261168384879725 0.45555555555555555 0.422680412371134 0.45555555555555555 0.41924398625429554 0.46111111111111114 0.4054982817869416 0.46111111111111114 0.4020618556701031 0.4666666666666667 0.4020618556701031 0.4722222222222222 0.41237113402061853 0.4888888888888889 0.41580756013745707 0.4888888888888889 0.41924398625429554 0.48333333333333334 0.422680412371134 0.4888888888888889 0.4261168384879725 0.4888888888888889 0.42955326460481097 0.48333333333333334 0.4329896907216495 0.4888888888888889 0.43986254295532645 0.4888888888888889 0.44329896907216493 0.49444444444444446 0.44329896907216493 0.5 0.43986254295532645 0.5055555555555555 0.42955326460481097 0.5055555555555555 0.4261168384879725 0.5111111111111111 0.41237113402061853 0.5111111111111111 0.40893470790378006 0.5166666666666667 0.39862542955326463 0.5166666666666667 0.3951890034364261 0.5222222222222223 0.36769759450171824 0.5222222222222223 0.3642611683848797 0.5277777777777778 0.3230240549828179 0.5277777777777778 0.31958762886597936 0.5222222222222223 0.3161512027491409 0.5222222222222223 0.3161512027491409 0.5166666666666667 0.30927835051546393 0.5 0.30927835051546393 0.4777777777777778 0.30584192439862545 0.4722222222222222 0.30584192439862545 0.46111111111111114 0.3024054982817869 0.45555555555555555 0.3024054982817869 0.4111111111111111 0.31958762886597936 0.4111111111111111 0.3230240549828179 0.40555555555555556 0.3333333333333333 0.40555555555555556 0.33676975945017185 0.4 0.35051546391752575 0.4 0.3539518900343643 0.39444444444444443 0.36769759450171824 0.39444444444444443 0.3711340206185567 0.3888888888888889 0.3745704467353952 0.3888888888888889 0.38144329896907214 0.37777777777777777 0.4020618556701031 0.37777777777777777 0.4054982817869416 0.37222222222222223 0.41237113402061853 0.38333333333333336 0.44673539518900346 0.38333333333333336 0.45017182130584193 0.37777777777777777 0.44673539518900346 0.37222222222222223 0.436426116838488 0.37222222222222223 0.436426116838488 0.36666666666666664 0.43986254295532645 0.3611111111111111 0.436426116838488 0.35555555555555557 0.4329896907216495 0.35555555555555557
19 0.16494845360824742 0.16666666666666666 0.1718213058419244 0.16666666666666666 0.18213058419243985 0.17777777777777778 0.18900343642611683 0.17777777777777778 0.19931271477663232 0.19444444444444445 0.2027491408934708 0.19444444444444445 0.19243986254295534 0.2111111111111111 0.18900343642611683 0.2111111111111111 0.18556701030927836 0.21666666666666667 0.16838487972508592 0.21666666666666667 0.16494845360824742 0.2222222222222222 0.16151202749140894 0.2222222222222222 0.15120274914089346 0.23333333333333334 0.13058419243986255 0.23333333333333334 0.12371134020618557 0.2222222222222222 0.12027491408934708 0.2222222222222222 0.11683848797250859 0.21666666666666667 0.10309278350515463 0.21666666666666667 0.09965635738831616 0.2222222222222222 0.08934707903780069 0.22777777777777777 0.07216494845360824 0.25 0.06529209621993128 0.25 0.06529209621993128 0.24444444444444444 0.058419243986254296 0.22777777777777777 0.058419243986254296 0.21666666666666667 0.054982817869415807 0.2111111111111111 0.054982817869415807 0.18888888888888888 0.06529209621993128 0.18888888888888888 0.07560137457044673 0.17777777777777778 0.08247422680412371 0.17777777777777778 0.0859106529209622 0.17222222222222222 0.09278350515463918 0.17222222222222222 0.10309278350515463 0.16111111111111112 0.1134020618556701 0.16111111111111112 0.11683848797250859 0.15555555555555556 0.12714776632302405 0.15555555555555556 0.13058419243986255 0.15 0.13745704467353953 0.15 0.140893470790378 0.14444444444444443 0.14776632302405499 0.14444444444444443 0.15120274914089346 0.1388888888888889 0.16151202749140894 0.1388888888888889 0.16151202749140894 0.14444444444444443 0.16494845360824742 0.15 0.16494845360824742 0.15555555555555556 0.16151202749140894 0.16111111111111112
19 0.47079037800687284 0.5055555555555555 0.4742268041237113 0.5111111111111111 0.47079037800687284 0.5166666666666667 0.47079037800687284 0.5222222222222223 0.4536082474226804 0.55 0.45017182130584193 0.55 0.44329896907216493 0.5611111111111111 0.43986254295532645 0.5611111111111111 0.4261168384879725 0.5833333333333334 0.422680412371134 0.5833333333333334 0.40893470790378006 0.6055555555555555 0.4054982817869416 0.6055555555555555 0.3951890034364261 0.6222222222222222 0.3917525773195876 0.6222222222222222 0.3848797250859107 0.6333333333333333 0.38144329896907214 0.6333333333333333 0.3711340206185567 0.65 0.3642611683848797 0.65 0.36082474226804123 0.6555555555555556 0.35738831615120276 0.6555555555555556 0.3539518900343643 0.6611111111111111 0.35051546391752575 0.6611111111111111 0.3470790378006873 0.6666666666666666 0.33676975945017185 0.6722222222222223 0.3333333333333333 0.6777777777777778 0.32646048109965636 0.6777777777777778 0.3230240549828179 0.6833333333333333 0.30927835051546393 0.6833333333333333 0.30584192439862545 0.6888888888888889 0.29896907216494845 0.6888888888888889 0.29553264604810997 0.6833333333333333 0.26804123711340205 0.6833333333333333 0.2646048109965636 0.6777777777777778 0.27491408934707906 0.6611111111111111 0.27491408934707906 0.6388888888888888 0.281786941580756 0.6277777777777778 0.2852233676975945 0.6277777777777778 0.29553264604810997 0.6111111111111112 0.29553264604810997 0.6055555555555555 0.30927835051546393 0.5777777777777777 0.30927835051546393 0.55 0.3127147766323024 0.55 0.31958762886597936 0.5388888888888889 0.36082474226804123 0.5388888888888889 0.3642611683848797 0.5333333333333333 0.3951890034364261 0.5333333333333333 0.39862542955326463 0.5277777777777778 0.40893470790378006 0.5277777777777778 0.41237113402061853 0.5222222222222223 0.422680412371134 0.5222222222222223 0.4261168384879725 0.5166666666666667 0.436426116838488 0.5166666666666667 0.43986254295532645 0.5111111111111111 0.4536082474226804 0.5111111111111111 0.4570446735395189 0.5055555555555555 0.46735395189003437 0.5055555555555555
19 0.8006872852233677 0.25555555555555554 0.8041237113402062 0.2611111111111111 0.8075601374570447 0.2611111111111111 0.8109965635738832 0.26666666666666666 0.8109965635738832 0.2722222222222222 0.8213058419243986 0.28888888888888886 0.8281786941580757 0.28888888888888886 0.8316151202749141 0.29444444444444445 0.8419243986254296 0.29444444444444445 0.845360824742268 0.3 0.8487972508591065 0.3 0.8556701030927835 0.3111111111111111 0.8556701030927835 0.31666666666666665 0.8591065292096219 0.32222222222222224 0.8591065292096219 0.35 0.8350515463917526 0.35 0.8213058419243986 0.3277777777777778 0.8144329896907216 0.3277777777777778 0.8109965635738832 0.3333333333333333 0.8075601374570447 0.3333333333333333 0.8041237113402062 0.3388888888888889 0.8041237113402062 0.35 0.8006872852233677 0.35 0.7938144329896907 0.3611111111111111 0.7903780068728522 0.3611111111111111 0.7903780068728522 0.35555555555555557 0.7835051546391752 0.34444444444444444 0.7766323024054983 0.34444444444444444 0.7663230240549829 0.3333333333333333 0.7663230240549829 0.3277777777777778 0.7628865979381443 0.32222222222222224 0.7628865979381443 0.3 0.7663230240549829 0.29444444444444445 0.7663230240549829 0.2833333333333333 0.7628865979381443 0.2777777777777778 0.7628865979381443 0.2611111111111111 0.7731958762886598 0.24444444444444444 0.7903780068728522 0.24444444444444444 0.7972508591065293 0.25555555555555554
19 0.8900343642611683 0.2833333333333333 0.8900343642611683 0.29444444444444445 0.8969072164948454 0.3055555555555556 0.9003436426116839 0.3055555555555556 0.9037800687285223 0.3 0.9037800687285223 0.28888888888888886 0.9072164948453608 0.28888888888888886 0.9106529209621993 0.2833333333333333 0.9175257731958762 0.2833333333333333 0.9278350515463918 0.26666666666666666 0.9450171821305842 0.26666666666666666 0.9484536082474226 0.2722222222222222 0.9553264604810997 0.2722222222222222 0.9587628865979382 0.2777777777777778 0.9656357388316151 0.2777777777777778 0.9690721649484536 0.2833333333333333 0.9725085910652921 0.2833333333333333 0.9759450171821306 0.28888888888888886 0.9828178694158075 0.28888888888888886 0.9862542955326461 0.29444444444444445 0.9862542955326461 0.34444444444444444 0.9828178694158075 0.34444444444444444 0.979381443298969 0.35 0.9725085910652921 0.35 0.9690721649484536 0.35555555555555557 0.9621993127147767 0.35555555555555557 0.9587628865979382 0.3611111111111111 0.9553264604810997 0.35555555555555557 0.9450171821305842 0.35 0.9450171821305842 0.3388888888888889 0.9415807560137457 0.3333333333333333 0.9381443298969072 0.3333333333333333 0.9312714776632303 0.32222222222222224 0.9175257731958762 0.32222222222222224 0.9106529209621993 0.3111111111111111 0.9072164948453608 0.31666666666666665 0.9037800687285223 0.31666666666666665 0.8934707903780069 0.3277777777777778 0.8865979381443299 0.3277777777777778 0.8831615120274914 0.32222222222222224 0.8797250859106529 0.32222222222222224 0.8797250859106529 0.3111111111111111 0.8865979381443299 0.3111111111111111 0.8900343642611683 0.3055555555555556 0.8865979381443299 0.28888888888888886
19 0.48109965635738833 0.05 0.4845360824742268 0.05555555555555555 0.5085910652920962 0.05555555555555555 0.5120274914089347 0.06111111111111111 0.5257731958762887 0.06111111111111111 0.5292096219931272 0.06666666666666667 0.5670103092783505 0.06666666666666667 0.570446735395189 0.07222222222222222 0.5670103092783505 0.07777777777777778 0.5670103092783505 0.08333333333333333 0.5532646048109966 0.10555555555555556 0.5532646048109966 0.11666666666666667 0.5498281786941581 0.12222222222222222 0.5498281786941581 0.13333333333333333 0.5395189003436426 0.15 0.5189003436426117 0.15 0.4879725085910653 0.18333333333333332 0.48109965635738833 0.18333333333333332 0.47766323024054985 0.18888888888888888 0.4570446735395189 0.18888888888888888 0.4536082474226804 0.19444444444444445 0.44329896907216493 0.19444444444444445 0.43986254295532645 0.18888888888888888 0.436426116838488 0.18888888888888888 0.436426116838488 0.12777777777777777 0.4329896907216495 0.12222222222222222 0.4329896907216495 0.08333333333333333 0.44329896907216493 0.06666666666666667 0.44329896907216493 0.06111111111111111 0.44673539518900346 0.06111111111111111 0.4536082474226804 0.05 0.47766323024054985 0.05
19 0.8556701030927835 0.4222222222222222 0.865979381443299 0.4222222222222222 0.8762886597938144 0.4388888888888889 0.8797250859106529 0.4388888888888889 0.8900343642611683 0.45555555555555555 0.8934707903780069 0.45555555555555555 0.9140893470790378 0.4888888888888889 0.9140893470790378 0.5 0.9072164948453608 0.5111111111111111 0.9072164948453608 0.5166666666666667 0.9003436426116839 0.5277777777777778 0.9003436426116839 0.5333333333333333 0.8934707903780069 0.5444444444444444 0.8934707903780069 0.55 0.8865979381443299 0.5611111111111111 0.8865979381443299 0.5666666666666667 0.872852233676976 0.5888888888888889 0.872852233676976 0.5944444444444444 0.8419243986254296 0.6444444444444445 0.8384879725085911 0.6444444444444445 0.8281786941580757 0.6611111111111111 0.8247422680412371 0.6611111111111111 0.8213058419243986 0.6666666666666666 0.8178694158075601 0.6666666666666666 0.8075601374570447 0.6777777777777778 0.7938144329896907 0.6777777777777778 0.7903780068728522 0.6833333333333333 0.7800687285223368 0.6833333333333333 0.7800687285223368 0.6722222222222223 0.7903780068728522 0.6555555555555556 0.7938144329896907 0.6555555555555556 0.8006872852233677 0.6444444444444445 0.8006872852233677 0.6222222222222222 0.8041237113402062 0.6166666666666667 0.8041237113402062 0.5722222222222222 0.7938144329896907 0.5611111111111111 0.7869415807560137 0.5611111111111111 0.7835051546391752 0.5555555555555556 0.7835051546391752 0.55 0.8006872852233677 0.5222222222222223 0.8006872852233677 0.5166666666666667 0.8041237113402062 0.5166666666666667 0.8144329896907216 0.5 0.8144329896907216 0.49444444444444446 0.8281786941580757 0.4722222222222222 0.8316151202749141 0.4722222222222222 0.8350515463917526 0.4666666666666667 0.8419243986254296 0.4666666666666667 0.845360824742268 0.46111111111111114 0.845360824742268 0.45555555555555555 0.8487972508591065 0.45 0.8487972508591065 0.4444444444444444 0.8556701030927835 0.43333333333333335 0.8556701030927835 0.42777777777777776
19 0 0.39444444444444443 0.010309278350515464 0.39444444444444443 0.013745704467353952 0.4 0.013745704467353952 0.4111111111111111 0.020618556701030927 0.4222222222222222 0.020618556701030927 0.42777777777777776 0.027491408934707903 0.4444444444444444 0.027491408934707903 0.45 0.01718213058419244 0.4666666666666667 0.01718213058419244 0.4722222222222222 0 0.49444444444444446 0 0.4
19 0.7010309278350515 0.11666666666666667 0.7147766323024055 0.1388888888888889 0.7147766323024055 0.14444444444444443 0.7250859106529209 0.16111111111111112 0.7250859106529209 0.16666666666666666 0.7319587628865979 0.17777777777777778 0.7319587628865979 0.18333333333333332 0.7353951890034365 0.18888888888888888 0.7250859106529209 0.20555555555555555 0.7216494845360825 0.20555555555555555 0.718213058419244 0.2111111111111111 0.7079037800687286 0.2111111111111111 0.7010309278350515 0.2222222222222222 0.6941580756013745 0.2222222222222222 0.6872852233676976 0.2111111111111111 0.6769759450171822 0.20555555555555555 0.6735395189003437 0.2111111111111111 0.6666666666666666 0.2111111111111111 0.6632302405498282 0.21666666666666667 0.6597938144329897 0.21666666666666667 0.6494845360824743 0.22777777777777777 0.6426116838487973 0.22777777777777777 0.6391752577319587 0.23333333333333334 0.6288659793814433 0.23333333333333334 0.6254295532646048 0.2388888888888889 0.6219931271477663 0.2388888888888889 0.6219931271477663 0.23333333333333334 0.6185567010309279 0.22777777777777777 0.6185567010309279 0.2222222222222222 0.6116838487972509 0.2111111111111111 0.6116838487972509 0.20555555555555555 0.6082474226804123 0.2 0.6048109965635738 0.18333333333333332 0.5945017182130584 0.16666666666666666 0.5945017182130584 0.15555555555555556 0.5910652920962199 0.15 0.5945017182130584 0.14444444444444443 0.5945017182130584 0.1388888888888889 0.6013745704467354 0.1388888888888889 0.6048109965635738 0.13333333333333333 0.6323024054982818 0.13333333333333333 0.6357388316151202 0.12777777777777777 0.6426116838487973 0.12777777777777777 0.6460481099656358 0.12222222222222222 0.6529209621993127 0.12222222222222222 0.6563573883161512 0.11666666666666667 0.6632302405498282 0.11666666666666667 0.6735395189003437 0.10555555555555556 0.6769759450171822 0.10555555555555556 0.6804123711340206 0.1111111111111111 0.6941580756013745 0.1111111111111111 0.697594501718213 0.11666666666666667
19 0.5532646048109966 0.06666666666666667 0.5738831615120275 0.06666666666666667 0.5738831615120275 0.07222222222222222 0.570446735395189 0.07777777777777778 0.5807560137457045 0.09444444444444444 0.5979381443298969 0.09444444444444444 0.5910652920962199 0.09444444444444444 0.5876288659793815 0.1 0.584192439862543 0.09444444444444444 0.5807560137457045 0.09444444444444444 0.5773195876288659 0.1 0.5670103092783505 0.09444444444444444 0.5532646048109966 0.11666666666666667 0.5567010309278351 0.12222222222222222 0.5532646048109966 0.12777777777777777 0.5532646048109966 0.14444444444444443 0.5567010309278351 0.15 0.5532646048109966 0.14444444444444443 0.5498281786941581 0.15 0.5498281786941581 0.16666666666666666 0.5463917525773195 0.16666666666666666 0.5395189003436426 0.18333333333333332 0.5463917525773195 0.19444444444444445 0.5498281786941581 0.18888888888888888 0.5498281786941581 0.17777777777777778 0.563573883161512 0.17777777777777778 0.5670103092783505 0.18333333333333332 0.5738831615120275 0.18333333333333332 0.570446735395189 0.18888888888888888 0.570446735395189 0.19444444444444445 0.5670103092783505 0.19444444444444445 0.563573883161512 0.18888888888888888 0.5601374570446735 0.19444444444444445 0.5498281786941581 0.18888888888888888 0.5463917525773195 0.19444444444444445 0.5429553264604811 0.19444444444444445 0.5326460481099656 0.2111111111111111 0.5326460481099656 0.21666666666666667 0.5257731958762887 0.22777777777777777 0.5154639175257731 0.22777777777777777 0.5120274914089347 0.2222222222222222 0.5017182130584192 0.2222222222222222 0.49828178694158076 0.21666666666666667 0.4845360824742268 0.21666666666666667 0.48109965635738833 0.2111111111111111 0.47766323024054985 0.2111111111111111 0.47079037800687284 0.2 0.44329896907216493 0.2 0.43986254295532645 0.19444444444444445 0.43986254295532645 0.18888888888888888 0.44329896907216493 0.18888888888888888 0.44673539518900346 0.19444444444444445 0.47079037800687284 0.19444444444444445 0.4742268041237113 0.18888888888888888 0.47079037800687284 0.18333333333333332 0.4742268041237113 0.18333333333333332 0.47766323024054985 0.18888888888888888 0.4879725085910653 0.18333333333333332 0.4948453608247423 0.17222222222222222 0.4879725085910653 0.16111111111111112 0.48109965635738833 0.16111111111111112 0.47766323024054985 0.16666666666666666 0.47079037800687284 0.16666666666666666 0.46735395189003437 0.16111111111111112 0.4639175257731959 0.16111111111111112 0.46735395189003437 0.16111111111111112 0.47079037800687284 0.16666666666666666 0.47766323024054985 0.15555555555555556 0.48109965635738833 0.15555555555555556 0.4845360824742268 0.15 0.48109965635738833 0.14444444444444443 0.49140893470790376 0.14444444444444443 0.4948453608247423 0.1388888888888889 0.5051546391752577 0.1388888888888889 0.5085910652920962 0.14444444444444443 0.5154639175257731 0.14444444444444443 0.5189003436426117 0.1388888888888889 0.5223367697594502 0.1388888888888889 0.5360824742268041 0.11666666666666667 0.5395189003436426 0.11666666666666667 0.5498281786941581 0.10555555555555556 0.5498281786941581 0.09444444444444444 0.5532646048109966 0.09444444444444444 0.5567010309278351 0.08888888888888889 0.5532646048109966 0.08333333333333333 0.5498281786941581 0.08333333333333333 0.5498281786941581 0.07777777777777778 0.5532646048109966 0.07222222222222222
19 0.2542955326460481 0.3888888888888889 0.24742268041237114 0.4 0.24742268041237114 0.4166666666666667 0.2508591065292096 0.4222222222222222 0.25773195876288657 0.4111111111111111 0.2542955326460481 0.40555555555555556 0.25773195876288657 0.4 0.2542955326460481 0.40555555555555556 0.2646048109965636 0.4222222222222222 0.2611683848797251 0.42777777777777776 0.2646048109965636 0.43333333333333335 0.25773195876288657 0.43333333333333335 0.2542955326460481 0.4388888888888889 0.25773195876288657 0.4444444444444444 0.2646048109965636 0.4444444444444444 0.2646048109965636 0.45 0.2611683848797251 0.45 0.2542955326460481 0.46111111111111114 0.2542955326460481 0.4666666666666667 0.2508591065292096 0.4722222222222222 0.2508591065292096 0.48333333333333334 0.24054982817869416 0.49444444444444446 0.20618556701030927 0.49444444444444446 0.2027491408934708 0.4888888888888889 0.19243986254295534 0.48333333333333334 0.16838487972508592 0.4444444444444444 0.16838487972508592 0.4111111111111111 0.17869415807560138 0.4 0.18556701030927836 0.4 0.18900343642611683 0.39444444444444443 0.1958762886597938 0.39444444444444443 0.20618556701030927 0.38333333333333336 0.21305841924398625 0.38333333333333336 0.22336769759450173 0.37222222222222223 0.23367697594501718 0.37222222222222223 0.24398625429553264 0.3888888888888889 0.2508591065292096 0.3888888888888889
19 0.16151202749140894 0.46111111111111114 0.16838487972508592 0.46111111111111114 0.1718213058419244 0.4666666666666667 0.17525773195876287 0.4666666666666667 0.18556701030927836 0.48333333333333334 0.18900343642611683 0.48333333333333334 0.1958762886597938 0.49444444444444446 0.19931271477663232 0.49444444444444446 0.20618556701030927 0.5055555555555555 0.19931271477663232 0.5166666666666667 0.1958762886597938 0.5166666666666667 0.19243986254295534 0.5222222222222223 0.18556701030927836 0.5222222222222223 0.17525773195876287 0.5333333333333333 0.16838487972508592 0.5333333333333333 0.16151202749140894 0.5444444444444444 0.15120274914089346 0.55 0.14432989690721648 0.5611111111111111 0.140893470790378 0.5611111111111111 0.13745704467353953 0.5666666666666667 0.13058419243986255 0.5666666666666667 0.12714776632302405 0.5722222222222222 0.11683848797250859 0.5722222222222222 0.1134020618556701 0.5777777777777777 0.09621993127147767 0.5777777777777777 0.09278350515463918 0.5722222222222222 0.0859106529209622 0.5722222222222222 0.0859106529209622 0.5611111111111111 0.08247422680412371 0.5555555555555556 0.08247422680412371 0.55 0.09621993127147767 0.5222222222222223 0.09965635738831616 0.5222222222222223 0.10996563573883161 0.5111111111111111 0.1134020618556701 0.5111111111111111 0.11683848797250859 0.5055555555555555 0.12371134020618557 0.5055555555555555 0.12714776632302405 0.5 0.13745704467353953 0.49444444444444446 0.14776632302405499 0.4777777777777778 0.15120274914089346 0.4777777777777778 0.16151202749140894 0.4666666666666667
19 0.6116838487972509 0.2222222222222222 0.6116838487972509 0.22777777777777777 0.6185567010309279 0.2388888888888889 0.6185567010309279 0.25 0.6116838487972509 0.2611111111111111 0.6185567010309279 0.2722222222222222 0.6219931271477663 0.2722222222222222 0.6185567010309279 0.2722222222222222 0.6082474226804123 0.2611111111111111 0.584192439862543 0.2611111111111111 0.5807560137457045 0.25555555555555554 0.5738831615120275 0.25555555555555554 0.570446735395189 0.25 0.563573883161512 0.25 0.5601374570446735 0.24444444444444444 0.5532646048109966 0.24444444444444444 0.5498281786941581 0.2388888888888889 0.5463917525773195 0.2388888888888889 0.5601374570446735 0.2388888888888889 0.563573883161512 0.24444444444444444 0.5773195876288659 0.24444444444444444 0.5807560137457045 0.2388888888888889 0.5876288659793815 0.2388888888888889 0.5910652920962199 0.23333333333333334 0.5979381443298969 0.23333333333333334 0.6048109965635738 0.2222222222222222 0.6082474226804123 0.2222222222222222
19 0.6872852233676976 0.38333333333333336 0.738831615120275 0.38333333333333336 0.7457044673539519 0.37222222222222223 0.7457044673539519 0.36666666666666664 0.7491408934707904 0.3611111111111111 0.7663230240549829 0.3611111111111111 0.7697594501718213 0.36666666666666664 0.7766323024054983 0.36666666666666664 0.7800687285223368 0.37222222222222223 0.7766323024054983 0.37777777777777777 0.7800687285223368 0.38333333333333336 0.7800687285223368 0.3888888888888889 0.7938144329896907 0.4111111111111111 0.7972508591065293 0.4111111111111111 0.8006872852233677 0.4166666666666667 0.8041237113402062 0.4166666666666667 0.8075601374570447 0.4111111111111111 0.8144329896907216 0.4111111111111111 0.8178694158075601 0.40555555555555556 0.8178694158075601 0.4 0.8213058419243986 0.4 0.8213058419243986 0.40555555555555556 0.8247422680412371 0.4111111111111111 0.8316151202749141 0.4111111111111111 0.8350515463917526 0.4166666666666667 0.8419243986254296 0.4166666666666667 0.845360824742268 0.4222222222222222 0.8419243986254296 0.4166666666666667 0.8384879725085911 0.4222222222222222 0.8316151202749141 0.4222222222222222 0.8281786941580757 0.4166666666666667 0.8247422680412371 0.4222222222222222 0.8178694158075601 0.4222222222222222 0.8144329896907216 0.42777777777777776 0.8213058419243986 0.4388888888888889 0.8247422680412371 0.4388888888888889 0.8281786941580757 0.4444444444444444 0.8350515463917526 0.43333333333333335 0.8384879725085911 0.4388888888888889 0.8384879725085911 0.4444444444444444 0.8316151202749141 0.4444444444444444 0.8281786941580757 0.45 0.8281786941580757 0.45555555555555555 0.8144329896907216 0.45555555555555555 0.8109965635738832 0.46111111111111114 0.8041237113402062 0.46111111111111114 0.8041237113402062 0.45 0.8006872852233677 0.4444444444444444 0.7835051546391752 0.4444444444444444 0.7800687285223368 0.4388888888888889 0.7628865979381443 0.4388888888888889 0.7594501718213058 0.43333333333333335 0.7457044673539519 0.43333333333333335 0.7422680412371134 0.42777777777777776 0.738831615120275 0.42777777777777776 0.7319587628865979 0.4166666666666667 0.7319587628865979 0.4111111111111111 0.7285223367697594 0.40555555555555556 0.7250859106529209 0.40555555555555556 0.7216494845360825 0.4 0.7079037800687286 0.4 0.7044673539518901 0.39444444444444443 0.6941580756013745 0.39444444444444443 0.6907216494845361 0.3888888888888889
19 0.6151202749140894 0.38333333333333336 0.6219931271477663 0.38333333333333336 0.6323024054982818 0.39444444444444443 0.6357388316151202 0.39444444444444443 0.6391752577319587 0.3888888888888889 0.6426116838487973 0.39444444444444443 0.6872852233676976 0.39444444444444443 0.6907216494845361 0.4 0.7044673539518901 0.4 0.7079037800687286 0.40555555555555556 0.718213058419244 0.40555555555555556 0.7216494845360825 0.4111111111111111 0.7250859106529209 0.4111111111111111 0.7319587628865979 0.42777777777777776 0.7319587628865979 0.4444444444444444 0.7285223367697594 0.45 0.7285223367697594 0.46111111111111114 0.7250859106529209 0.4666666666666667 0.7250859106529209 0.48333333333333334 0.7216494845360825 0.4888888888888889 0.7216494845360825 0.5 0.718213058419244 0.5055555555555555 0.718213058419244 0.5222222222222223 0.7147766323024055 0.5277777777777778 0.711340206185567 0.5222222222222223 0.6907216494845361 0.5222222222222223 0.6804123711340206 0.5333333333333333 0.6735395189003437 0.5333333333333333 0.6666666666666666 0.5444444444444444 0.6632302405498282 0.5444444444444444 0.6563573883161512 0.5555555555555556 0.6563573883161512 0.5611111111111111 0.6529209621993127 0.5611111111111111 0.6460481099656358 0.5722222222222222 0.6460481099656358 0.5833333333333334 0.6391752577319587 0.6 0.6254295532646048 0.6 0.6219931271477663 0.5944444444444444 0.6013745704467354 0.5944444444444444 0.5979381443298969 0.5888888888888889 0.5876288659793815 0.5888888888888889 0.584192439862543 0.5833333333333334 0.5773195876288659 0.5833333333333334 0.5738831615120275 0.5777777777777777 0.5738831615120275 0.55 0.5807560137457045 0.5388888888888889 0.5807560137457045 0.5277777777777778 0.584192439862543 0.5222222222222223 0.584192439862543 0.5111111111111111 0.5910652920962199 0.49444444444444446 0.5910652920962199 0.48333333333333334 0.5945017182130584 0.4777777777777778 0.5945017182130584 0.4666666666666667 0.5979381443298969 0.46111111111111114 0.5979381443298969 0.45 0.6013745704467354 0.4444444444444444 0.6013745704467354 0.43333333333333335 0.6048109965635738 0.42777777777777776 0.6048109965635738 0.4111111111111111 0.6082474226804123 0.40555555555555556 0.6082474226804123 0.4 0.6151202749140894 0.3888888888888889
19 0.2920962199312715 0.25 0.29896907216494845 0.2611111111111111 0.3024054982817869 0.2611111111111111 0.30584192439862545 0.26666666666666666 0.32646048109965636 0.26666666666666666 0.32989690721649484 0.2611111111111111 0.3402061855670103 0.2611111111111111 0.32989690721649484 0.2777777777777778 0.32646048109965636 0.2777777777777778 0.31958762886597936 0.28888888888888886 0.32989690721649484 0.3 0.3402061855670103 0.3 0.3436426116838488 0.3055555555555556 0.3436426116838488 0.3111111111111111 0.3402061855670103 0.31666666666666665 0.3333333333333333 0.3055555555555556 0.32646048109965636 0.3055555555555556 0.3230240549828179 0.3111111111111111 0.3230240549828179 0.31666666666666665 0.3161512027491409 0.3277777777777778 0.3161512027491409 0.34444444444444444 0.3127147766323024 0.35 0.30927835051546393 0.34444444444444444 0.3024054982817869 0.34444444444444444 0.29896907216494845 0.35 0.30584192439862545 0.36666666666666664 0.30927835051546393 0.3611111111111111 0.30927835051546393 0.36666666666666664 0.3161512027491409 0.37777777777777777 0.3161512027491409 0.38333333333333336 0.3127147766323024 0.38333333333333336 0.30927835051546393 0.37777777777777777 0.29896907216494845 0.38333333333333336 0.28865979381443296 0.36666666666666664 0.2852233676975945 0.36666666666666664 0.27835051546391754 0.35555555555555557 0.27491408934707906 0.35555555555555557 0.27147766323024053 0.35 0.2646048109965636 0.35 0.2542955326460481 0.3333333333333333 0.24742268041237114 0.3333333333333333 0.24742268041237114 0.3277777777777778 0.2508591065292096 0.32222222222222224 0.2542955326460481 0.32222222222222224 0.2611683848797251 0.3055555555555556 0.2611683848797251 0.29444444444444445 0.25773195876288657 0.28888888888888886 0.25773195876288657 0.2833333333333333 0.2646048109965636 0.2722222222222222 0.2646048109965636 0.26666666666666666 0.27147766323024053 0.25555555555555554 0.27491408934707906 0.25555555555555554 0.27835051546391754 0.25 0.28865979381443296 0.25
19 0.6323024054982818 0.05 0.6357388316151202 0.05555555555555555 0.6391752577319587 0.05555555555555555 0.6597938144329897 0.08888888888888889 0.6632302405498282 0.08888888888888889 0.6735395189003437 0.10555555555555556 0.6701030927835051 0.1111111111111111 0.6632302405498282 0.1111111111111111 0.6597938144329897 0.11666666666666667 0.6529209621993127 0.11666666666666667 0.6494845360824743 0.12222222222222222 0.6391752577319587 0.12222222222222222 0.6391752577319587 0.11666666666666667 0.6426116838487973 0.1111111111111111 0.6426116838487973 0.1 0.6357388316151202 0.08888888888888889 0.6185567010309279 0.08888888888888889 0.6151202749140894 0.09444444444444444 0.584192439862543 0.09444444444444444 0.5807560137457045 0.08888888888888889 0.5807560137457045 0.08333333333333333 0.5910652920962199 0.07777777777777778 0.6013745704467354 0.06111111111111111 0.6048109965635738 0.06111111111111111 0.6116838487972509 0.05 0.6185567010309279 0.05 0.6219931271477663 0.044444444444444446 0.6254295532646048 0.044444444444444446 0.6288659793814433 0.05
19 0.2508591065292096 0.09444444444444444 0.2542955326460481 0.1 0.27147766323024053 0.1 0.27491408934707906 0.09444444444444444 0.2852233676975945 0.09444444444444444 0.28865979381443296 0.1 0.28865979381443296 0.1111111111111111 0.2852233676975945 0.11666666666666667 0.2852233676975945 0.18888888888888888 0.281786941580756 0.19444444444444445 0.281786941580756 0.2388888888888889 0.28865979381443296 0.25 0.2852233676975945 0.25555555555555554 0.2852233676975945 0.2611111111111111 0.27835051546391754 0.2722222222222222 0.27491408934707906 0.2722222222222222 0.2646048109965636 0.28888888888888886 0.2646048109965636 0.29444444444444445 0.2611683848797251 0.3 0.2611683848797251 0.32222222222222224 0.25773195876288657 0.3277777777777778 0.2611683848797251 0.3333333333333333 0.2646048109965636 0.35 0.24054982817869416 0.35 0.23711340206185566 0.34444444444444444 0.23367697594501718 0.34444444444444444 0.22336769759450173 0.3277777777777778 0.22336769759450173 0.31666666666666665 0.21649484536082475 0.3055555555555556 0.21649484536082475 0.29444444444444445 0.2027491408934708 0.26666666666666666 0.2027491408934708 0.25 0.1958762886597938 0.2388888888888889 0.1958762886597938 0.23333333333333334 0.18900343642611683 0.2222222222222222 0.18556701030927836 0.2222222222222222 0.18213058419243985 0.21666666666666667 0.17869415807560138 0.21666666666666667 0.17525773195876287 0.2222222222222222 0.16494845360824742 0.2222222222222222 0.15807560137457044 0.23333333333333334 0.14776632302405499 0.23333333333333334 0.14432989690721648 0.2388888888888889 0.140893470790378 0.23333333333333334 0.13058419243986255 0.23333333333333334 0.12714776632302405 0.22777777777777777 0.12371134020618557 0.22777777777777777 0.11683848797250859 0.21666666666666667 0.10309278350515463 0.21666666666666667 0.09621993127147767 0.22777777777777777 0.08934707903780069 0.22777777777777777 0.08247422680412371 0.2388888888888889 0.07903780068728522 0.2388888888888889 0.07560137457044673 0.24444444444444444 0.06872852233676977 0.24444444444444444 0.06872852233676977 0.2388888888888889 0.061855670103092786 0.22777777777777777 0.061855670103092786 0.2222222222222222 0.058419243986254296 0.21666666666666667 0.061855670103092786 0.2111111111111111 0.061855670103092786 0.19444444444444445 0.07560137457044673 0.19444444444444445 0.08247422680412371 0.18333333333333332 0.08247422680412371 0.17777777777777778 0.08934707903780069 0.17777777777777778 0.09278350515463918 0.17222222222222222 0.09965635738831616 0.17222222222222222 0.09965635738831616 0.17777777777777778 0.10309278350515463 0.18333333333333332 0.10652920962199312 0.17777777777777778 0.10996563573883161 0.17777777777777778 0.1134020618556701 0.18333333333333332 0.12714776632302405 0.18333333333333332 0.12371134020618557 0.18888888888888888 0.12714776632302405 0.19444444444444445 0.13058419243986255 0.19444444444444445 0.13745704467353953 0.18333333333333332 0.12714776632302405 0.16666666666666666 0.12027491408934708 0.16666666666666666 0.12027491408934708 0.16111111111111112 0.12371134020618557 0.15555555555555556 0.12714776632302405 0.15555555555555556 0.13058419243986255 0.16111111111111112 0.13745704467353953 0.16111111111111112 0.140893470790378 0.16666666666666666 0.14432989690721648 0.16666666666666666 0.14776632302405499 0.16111111111111112 0.14776632302405499 0.15 0.15120274914089346 0.14444444444444443 0.15807560137457044 0.14444444444444443 0.1718213058419244 0.12222222222222222 0.18900343642611683 0.12222222222222222 0.19243986254295534 0.11666666666666667 0.21649484536082475 0.11666666666666667 0.21993127147766323 0.1111111111111111 0.23024054982817868 0.1111111111111111 0.23367697594501718 0.10555555555555556 0.24054982817869416 0.10555555555555556 0.24398625429553264 0.1 0.24742268041237114 0.1
19 0.48109965635738833 0.05 0.4845360824742268 0.05555555555555555 0.5051546391752577 0.05555555555555555 0.5085910652920962 0.06111111111111111 0.5223367697594502 0.06111111111111111 0.5257731958762887 0.06666666666666667 0.570446735395189 0.06666666666666667 0.570446735395189 0.08333333333333333 0.5532646048109966 0.10555555555555556 0.5532646048109966 0.12777777777777777 0.5498281786941581 0.13333333333333333 0.5498281786941581 0.1388888888888889 0.5429553264604811 0.15 0.5429553264604811 0.16666666666666666 0.5360824742268041 0.18333333333333332 0.5360824742268041 0.19444444444444445 0.5292096219931272 0.20555555555555555 0.5292096219931272 0.2111111111111111 0.5189003436426117 0.22777777777777777 0.5120274914089347 0.22777777777777777 0.5085910652920962 0.2222222222222222 0.49828178694158076 0.2222222222222222 0.4948453608247423 0.21666666666666667 0.48109965635738833 0.21666666666666667 0.4742268041237113 0.20555555555555555 0.47079037800687284 0.20555555555555555 0.46735395189003437 0.2 0.43986254295532645 0.2 0.43986254295532645 0.19444444444444445 0.436426116838488 0.18888888888888888 0.436426116838488 0.11666666666666667 0.4329896907216495 0.1111111111111111 0.4329896907216495 0.08888888888888889 0.43986254295532645 0.07777777777777778 0.43986254295532645 0.07222222222222222 0.4536082474226804 0.05 0.47766323024054985 0.05
19 0.5463917525773195 0.12222222222222222 0.5498281786941581 0.12222222222222222 0.5498281786941581 0.12777777777777777 0.5429553264604811 0.14444444444444443 0.5429553264604811 0.16111111111111112 0.5395189003436426 0.16666666666666666 0.5395189003436426 0.17777777777777778 0.5360824742268041 0.18333333333333332 0.5360824742268041 0.18888888888888888 0.5326460481099656 0.19444444444444445 0.5292096219931272 0.2111111111111111 0.5189003436426117 0.22777777777777777 0.5120274914089347 0.22777777777777777 0.5085910652920962 0.2222222222222222 0.4948453608247423 0.2222222222222222 0.49140893470790376 0.21666666666666667 0.48109965635738833 0.21666666666666667 0.47766323024054985 0.2111111111111111 0.4742268041237113 0.2111111111111111 0.46735395189003437 0.2 0.44329896907216493 0.2 0.45017182130584193 0.2 0.4536082474226804 0.19444444444444445 0.47766323024054985 0.19444444444444445 0.48109965635738833 0.18888888888888888 0.49140893470790376 0.18333333333333332 0.49828178694158076 0.17222222222222222 0.5017182130584192 0.17222222222222222 0.5154639175257731 0.15 0.5257731958762887 0.15 0.5463917525773195 0.12777777777777777
19 0.041237113402061855 0.45 0.044673539518900345 0.45555555555555555 0.054982817869415807 0.45555555555555555 0.058419243986254296 0.46111111111111114 0.06529209621993128 0.46111111111111114 0.08934707903780069 0.5 0.09278350515463918 0.5 0.09621993127147767 0.5055555555555555 0.09621993127147767 0.5111111111111111 0.09278350515463918 0.5166666666666667 0.09278350515463918 0.5222222222222223 0.044673539518900345 0.6 0.041237113402061855 0.6 0.037800687285223365 0.6055555555555555 0.013745704467353952 0.6055555555555555 0.010309278350515464 0.6111111111111112 0 0.6111111111111112 0 0.5 0.003436426116838488 0.49444444444444446 0.006872852233676976 0.49444444444444446 0.013745704467353952 0.48333333333333334 0.027491408934707903 0.45555555555555555 0.037800687285223365 0.45
19 0.15807560137457044 0.7 0.15807560137457044 0.7055555555555556 0.15120274914089346 0.7222222222222222 0.15120274914089346 0.7277777777777777 0.15807560137457044 0.7388888888888889 0.15807560137457044 0.7444444444444445 0.15463917525773196 0.7444444444444445 0.14776632302405499 0.7611111111111111 0.15120274914089346 0.7666666666666667 0.15120274914089346 0.7722222222222223 0.14776632302405499 0.7777777777777778 0.13745704467353953 0.7777777777777778 0.13058419243986255 0.7888888888888889 0.12371134020618557 0.7888888888888889 0.12027491408934708 0.7944444444444444 0.12027491408934708 0.8 0.1134020618556701 0.8111111111111111 0.10652920962199312 0.8111111111111111 0.10309278350515463 0.8166666666666667 0.09965635738831616 0.8166666666666667 0.09621993127147767 0.8222222222222222 0.09621993127147767 0.8277777777777777 0.09278350515463918 0.8222222222222222 0.07216494845360824 0.8222222222222222 0.06529209621993128 0.8111111111111111 0.06529209621993128 0.8 0.061855670103092786 0.7944444444444444 0.061855670103092786 0.7888888888888889 0.058419243986254296 0.7833333333333333 0.048109965635738834 0.7833333333333333 0.044673539518900345 0.7777777777777778 0.048109965635738834 0.7722222222222223 0.048109965635738834 0.7666666666666667 0.058419243986254296 0.75 0.061855670103092786 0.7555555555555555 0.06529209621993128 0.75 0.06872852233676977 0.7555555555555555 0.07216494845360824 0.7555555555555555 0.07903780068728522 0.7444444444444445 0.08247422680412371 0.7444444444444445 0.0859106529209622 0.7388888888888889 0.08934707903780069 0.7444444444444445 0.10652920962199312 0.7444444444444445 0.1134020618556701 0.7333333333333333 0.1134020618556701 0.7166666666666667 0.11683848797250859 0.7166666666666667 0.11683848797250859 0.7222222222222222 0.12027491408934708 0.7277777777777777 0.12371134020618557 0.7222222222222222 0.12714776632302405 0.7222222222222222 0.13402061855670103 0.7111111111111111 0.15463917525773196 0.7
19 0.6185567010309279 0.13333333333333333 0.6219931271477663 0.1388888888888889 0.6254295532646048 0.13333333333333333 0.6357388316151202 0.13333333333333333 0.6391752577319587 0.12777777777777777 0.6529209621993127 0.12777777777777777 0.6563573883161512 0.12222222222222222 0.6666666666666666 0.12222222222222222 0.6769759450171822 0.1111111111111111 0.6872852233676976 0.1111111111111111 0.6907216494845361 0.11666666666666667 0.697594501718213 0.11666666666666667 0.718213058419244 0.15 0.718213058419244 0.15555555555555556 0.7250859106529209 0.16666666666666666 0.7250859106529209 0.17222222222222222 0.7457044673539519 0.2111111111111111 0.7457044673539519 0.21666666666666667 0.7525773195876289 0.23333333333333334 0.7525773195876289 0.24444444444444444 0.7594501718213058 0.25555555555555554 0.7594501718213058 0.2777777777777778 0.7560137457044673 0.2833333333333333 0.7628865979381443 0.29444444444444445 0.7628865979381443 0.3 0.7560137457044673 0.31666666666666665 0.7560137457044673 0.34444444444444444 0.7457044673539519 0.34444444444444444 0.7422680412371134 0.35 0.738831615120275 0.35 0.7353951890034365 0.34444444444444444 0.7250859106529209 0.34444444444444444 0.7216494845360825 0.35 0.711340206185567 0.35 0.7044673539518901 0.3611111111111111 0.7010309278350515 0.3611111111111111 0.7044673539518901 0.35555555555555557 0.7044673539518901 0.35 0.7010309278350515 0.34444444444444444 0.7010309278350515 0.3111111111111111 0.697594501718213 0.3055555555555556 0.7010309278350515 0.3 0.7010309278350515 0.2833333333333333 0.697594501718213 0.2777777777777778 0.6907216494845361 0.2777777777777778 0.6872852233676976 0.2722222222222222 0.6804123711340206 0.2722222222222222 0.6769759450171822 0.2777777777777778 0.6701030927835051 0.2777777777777778 0.6666666666666666 0.2833333333333333 0.6632302405498282 0.2777777777777778 0.6597938144329897 0.2777777777777778 0.6563573883161512 0.2833333333333333 0.6529209621993127 0.2833333333333333 0.6494845360824743 0.2777777777777778 0.6323024054982818 0.2777777777777778 0.6219931271477663 0.2611111111111111 0.6219931271477663 0.25 0.6254295532646048 0.24444444444444444 0.6185567010309279 0.23333333333333334 0.6185567010309279 0.22777777777777777 0.6151202749140894 0.2222222222222222 0.6151202749140894 0.21666666666666667 0.6116838487972509 0.2111111111111111 0.6116838487972509 0.20555555555555555 0.6082474226804123 0.2 0.6048109965635738 0.18333333333333332 0.5979381443298969 0.17222222222222222 0.5979381443298969 0.16666666666666666 0.5945017182130584 0.16111111111111112 0.5945017182130584 0.14444444444444443 0.5979381443298969 0.14444444444444443 0.6013745704467354 0.1388888888888889 0.6151202749140894 0.1388888888888889
19 0.8247422680412371 0.28888888888888886 0.8281786941580757 0.29444444444444445 0.8419243986254296 0.29444444444444445 0.845360824742268 0.3 0.852233676975945 0.3 0.8556701030927835 0.3055555555555556 0.8591065292096219 0.3055555555555556 0.8625429553264605 0.3 0.865979381443299 0.3055555555555556 0.872852233676976 0.3055555555555556 0.8762886597938144 0.3111111111111111 0.8900343642611683 0.3111111111111111 0.9003436426116839 0.32222222222222224 0.9106529209621993 0.32222222222222224 0.9140893470790378 0.3277777777777778 0.9209621993127147 0.3277777777777778 0.9278350515463918 0.3388888888888889 0.9381443298969072 0.3388888888888889 0.9484536082474226 0.35555555555555557 0.9656357388316151 0.35555555555555557 0.9690721649484536 0.35 0.9828178694158075 0.35 0.9759450171821306 0.3611111111111111 0.9725085910652921 0.3611111111111111 0.9621993127147767 0.37222222222222223 0.9553264604810997 0.37222222222222223 0.9518900343642611 0.37777777777777777 0.9484536082474226 0.37777777777777777 0.9381443298969072 0.3888888888888889 0.9278350515463918 0.3888888888888889 0.9243986254295533 0.39444444444444443 0.9209621993127147 0.3888888888888889 0.9072164948453608 0.3888888888888889 0.9037800687285223 0.38333333333333336 0.8934707903780069 0.38333333333333336 0.8900343642611683 0.37777777777777777 0.8831615120274914 0.37777777777777777 0.8797250859106529 0.37222222222222223 0.872852233676976 0.37222222222222223 0.8694158075601375 0.37777777777777777 0.865979381443299 0.37777777777777777 0.865979381443299 0.36666666666666664 0.8625429553264605 0.3611111111111111 0.852233676975945 0.3611111111111111 0.852233676975945 0.35 0.8556701030927835 0.34444444444444444 0.8556701030927835 0.3333333333333333 0.852233676975945 0.3277777777777778 0.852233676975945 0.32222222222222224 0.8487972508591065 0.31666666666666665 0.845360824742268 0.31666666666666665 0.8419243986254296 0.3111111111111111 0.8316151202749141 0.3055555555555556 0.8247422680412371 0.29444444444444445
19 0.5910652920962199 0.39444444444444443 0.5945017182130584 0.4 0.5979381443298969 0.4 0.5979381443298969 0.43333333333333335 0.5945017182130584 0.4388888888888889 0.5945017182130584 0.45555555555555555 0.5910652920962199 0.46111111111111114 0.5910652920962199 0.4722222222222222 0.5876288659793815 0.4777777777777778 0.5876288659793815 0.4888888888888889 0.584192439862543 0.49444444444444446 0.584192439862543 0.5055555555555555 0.5807560137457045 0.5111111111111111 0.5807560137457045 0.5166666666666667 0.5773195876288659 0.5222222222222223 0.5738831615120275 0.5388888888888889 0.570446735395189 0.5388888888888889 0.5670103092783505 0.5444444444444444 0.5601374570446735 0.5333333333333333 0.5498281786941581 0.5277777777777778 0.5498281786941581 0.5222222222222223 0.5463917525773195 0.5166666666666667 0.5292096219931272 0.5166666666666667 0.5257731958762887 0.5222222222222223 0.5189003436426117 0.5222222222222223 0.5154639175257731 0.5166666666666667 0.5085910652920962 0.5166666666666667 0.5051546391752577 0.5111111111111111 0.49828178694158076 0.5111111111111111 0.4948453608247423 0.5055555555555555 0.4879725085910653 0.5055555555555555 0.4845360824742268 0.5 0.4845360824742268 0.49444444444444446 0.49140893470790376 0.48333333333333334 0.4948453608247423 0.48333333333333334 0.5051546391752577 0.4722222222222222 0.5120274914089347 0.4722222222222222 0.5154639175257731 0.4666666666666667 0.5189003436426117 0.4666666666666667 0.5223367697594502 0.46111111111111114 0.5257731958762887 0.46111111111111114 0.5292096219931272 0.45555555555555555 0.5326460481099656 0.45555555555555555 0.5360824742268041 0.45 0.5395189003436426 0.45 0.5429553264604811 0.4444444444444444 0.5532646048109966 0.4388888888888889 0.570446735395189 0.4111111111111111 0.570446735395189 0.40555555555555556 0.5738831615120275 0.4 0.5773195876288659 0.4 0.5807560137457045 0.39444444444444443 0.584192439862543 0.39444444444444443 0.5876288659793815 0.4
19 0.8247422680412371 0.3277777777777778 0.8247422680412371 0.3333333333333333 0.8281786941580757 0.3388888888888889 0.8316151202749141 0.3388888888888889 0.8419243986254296 0.35555555555555557 0.8419243986254296 0.3611111111111111 0.845360824742268 0.36666666666666664 0.8487972508591065 0.36666666666666664 0.8487972508591065 0.37222222222222223 0.8556701030927835 0.38333333333333336 0.8556701030927835 0.4 0.865979381443299 0.4111111111111111 0.865979381443299 0.4166666666666667 0.872852233676976 0.43333333333333335 0.8625429553264605 0.43333333333333335 0.8591065292096219 0.4388888888888889 0.8625429553264605 0.4444444444444444 0.852233676975945 0.4444444444444444 0.845360824742268 0.45555555555555555 0.8487972508591065 0.46111111111111114 0.845360824742268 0.46111111111111114 0.8419243986254296 0.4666666666666667 0.8281786941580757 0.4666666666666667 0.8281786941580757 0.46111111111111114 0.8213058419243986 0.45 0.8178694158075601 0.45 0.8144329896907216 0.4444444444444444 0.8109965635738832 0.4444444444444444 0.8075601374570447 0.4388888888888889 0.8041237113402062 0.4388888888888889 0.7938144329896907 0.42777777777777776 0.7869415807560137 0.42777777777777776 0.7835051546391752 0.4222222222222222 0.7766323024054983 0.4222222222222222 0.7766323024054983 0.4111111111111111 0.7731958762886598 0.40555555555555556 0.7731958762886598 0.37777777777777777 0.7800687285223368 0.36666666666666664 0.7835051546391752 0.36666666666666664 0.7938144329896907 0.35 0.7972508591065293 0.35 0.8109965635738832 0.3277777777777778 0.8213058419243986 0.3277777777777778
19 0.8865979381443299 0.23333333333333334 0.8900343642611683 0.2388888888888889 0.9037800687285223 0.2388888888888889 0.9072164948453608 0.24444444444444444 0.9175257731958762 0.24444444444444444 0.9209621993127147 0.25 0.9209621993127147 0.25555555555555554 0.9140893470790378 0.25555555555555554 0.9106529209621993 0.2611111111111111 0.8969072164948454 0.2611111111111111 0.8934707903780069 0.26666666666666666 0.9003436426116839 0.2777777777777778 0.9037800687285223 0.2722222222222222 0.9072164948453608 0.2722222222222222 0.9106529209621993 0.2777777777777778 0.9140893470790378 0.2722222222222222 0.9209621993127147 0.2722222222222222 0.9243986254295533 0.2777777777777778 0.9278350515463918 0.2777777777777778 0.9312714776632303 0.2722222222222222 0.9381443298969072 0.2722222222222222 0.9347079037800687 0.2777777777777778 0.9381443298969072 0.2833333333333333 0.9518900343642611 0.2833333333333333 0.9553264604810997 0.28888888888888886 0.9587628865979382 0.2833333333333333 0.9621993127147767 0.2833333333333333 0.9587628865979382 0.28888888888888886 0.9587628865979382 0.29444444444444445 0.9621993127147767 0.3 0.9656357388316151 0.29444444444444445 0.9759450171821306 0.3055555555555556 0.9759450171821306 0.32222222222222224 0.9725085910652921 0.3277777777777778 0.9759450171821306 0.3333333333333333 0.9725085910652921 0.3388888888888889 0.9621993127147767 0.3388888888888889 0.9587628865979382 0.34444444444444444 0.9621993127147767 0.35 0.9587628865979382 0.35 0.9587628865979382 0.34444444444444444 0.9553264604810997 0.3388888888888889 0.9553264604810997 0.3277777777777778 0.9518900343642611 0.32222222222222224 0.9484536082474226 0.32222222222222224 0.9553264604810997 0.32222222222222224 0.9587628865979382 0.31666666666666665 0.9587628865979382 0.3055555555555556 0.9518900343642611 0.28888888888888886 0.9484536082474226 0.29444444444444445 0.9450171821305842 0.29444444444444445 0.9450171821305842 0.28888888888888886 0.9415807560137457 0.2833333333333333 0.9381443298969072 0.2833333333333333 0.9312714776632303 0.29444444444444445 0.9312714776632303 0.3 0.9347079037800687 0.3055555555555556 0.9312714776632303 0.3055555555555556 0.9278350515463918 0.3111111111111111 0.9312714776632303 0.31666666666666665 0.9312714776632303 0.32222222222222224 0.9312714776632303 0.31666666666666665 0.9278350515463918 0.3111111111111111 0.9175257731958762 0.32222222222222224 0.9072164948453608 0.32222222222222224 0.9037800687285223 0.31666666666666665 0.8934707903780069 0.31666666666666665 0.8900343642611683 0.3111111111111111 0.872852233676976 0.3111111111111111 0.8694158075601375 0.3055555555555556 0.8591065292096219 0.32222222222222224 0.8556701030927835 0.32222222222222224 0.8591065292096219 0.32222222222222224 0.8625429553264605 0.31666666666666665 0.8556701030927835 0.3055555555555556 0.852233676975945 0.3055555555555556 0.8419243986254296 0.29444444444444445 0.8350515463917526 0.29444444444444445 0.8316151202749141 0.28888888888888886 0.8178694158075601 0.28888888888888886 0.8178694158075601 0.25555555555555554 0.8247422680412371 0.24444444444444444 0.8316151202749141 0.24444444444444444 0.8384879725085911 0.23333333333333334 0.8419243986254296 0.23333333333333334 0.845360824742268 0.22777777777777777 0.8694158075601375 0.22777777777777777 0.872852233676976 0.23333333333333334 0.872852233676976 0.2388888888888889 0.8797250859106529 0.25 0.8865979381443299 0.25 0.8900343642611683 0.24444444444444444 0.8865979381443299 0.2388888888888889
19 0.28865979381443296 0.08888888888888889 0.28865979381443296 0.12777777777777777 0.2852233676975945 0.13333333333333333 0.2852233676975945 0.16666666666666666 0.281786941580756 0.17222222222222222 0.2611683848797251 0.17222222222222222 0.2508591065292096 0.15555555555555556 0.24742268041237114 0.15555555555555556 0.23711340206185566 0.17222222222222222 0.23711340206185566 0.17777777777777778 0.23367697594501718 0.17777777777777778 0.23024054982817868 0.18333333333333332 0.23024054982817868 0.18888888888888888 0.19931271477663232 0.18888888888888888 0.1958762886597938 0.18333333333333332 0.2027491408934708 0.17222222222222222 0.2027491408934708 0.16111111111111112 0.18556701030927836 0.1388888888888889 0.16838487972508592 0.1388888888888889 0.16494845360824742 0.13333333333333333 0.16494845360824742 0.12777777777777777 0.16838487972508592 0.12222222222222222 0.18213058419243985 0.12222222222222222 0.18556701030927836 0.11666666666666667 0.20618556701030927 0.11666666666666667 0.20962199312714777 0.1111111111111111 0.22336769759450173 0.1111111111111111 0.2268041237113402 0.10555555555555556 0.23711340206185566 0.10555555555555556 0.24742268041237114 0.09444444444444444 0.27147766323024053 0.09444444444444444 0.27491408934707906 0.08888888888888889 0.2852233676975945 0.08888888888888889
19 0.6804123711340206 0.25 0.6838487972508591 0.25555555555555554 0.6872852233676976 0.25555555555555554 0.6872852233676976 0.26666666666666666 0.6907216494845361 0.2722222222222222 0.6941580756013745 0.26666666666666666 0.6941580756013745 0.2722222222222222 0.697594501718213 0.2777777777777778 0.7010309278350515 0.2777777777777778 0.7147766323024055 0.3 0.7147766323024055 0.3055555555555556 0.718213058419244 0.3111111111111111 0.7285223367697594 0.31666666666666665 0.7457044673539519 0.3388888888888889 0.7525773195876289 0.3388888888888889 0.7525773195876289 0.34444444444444444 0.7560137457044673 0.35 0.7594501718213058 0.35 0.7560137457044673 0.35 0.7491408934707904 0.3611111111111111 0.7491408934707904 0.37222222222222223 0.7457044673539519 0.37222222222222223 0.7422680412371134 0.37777777777777777 0.711340206185567 0.37777777777777777 0.7079037800687286 0.38333333333333336 0.7044673539518901 0.38333333333333336 0.7010309278350515 0.37777777777777777 0.6288659793814433 0.37777777777777777 0.6254295532646048 0.37222222222222223 0.6185567010309279 0.37222222222222223 0.6151202749140894 0.36666666666666664 0.6151202749140894 0.35555555555555557 0.6185567010309279 0.35 0.6185567010309279 0.34444444444444444 0.6219931271477663 0.3388888888888889 0.6254295532646048 0.32222222222222224 0.6288659793814433 0.32222222222222224 0.6357388316151202 0.3055555555555556 0.6357388316151202 0.28888888888888886 0.6323024054982818 0.2833333333333333 0.6357388316151202 0.2833333333333333 0.6391752577319587 0.2777777777777778 0.6426116838487973 0.2777777777777778 0.6460481099656358 0.2833333333333333 0.6529209621993127 0.2833333333333333 0.6563573883161512 0.2777777777777778 0.6666666666666666 0.2777777777777778 0.6701030927835051 0.2722222222222222 0.6632302405498282 0.2611111111111111 0.6701030927835051 0.25 0.6735395189003437 0.25 0.6769759450171822 0.25555555555555554
19 0.006872852233676976 0.6111111111111112 0.010309278350515464 0.6166666666666667 0.01718213058419244 0.6166666666666667 0.020618556701030927 0.6111111111111112 0.030927835051546393 0.6111111111111112 0.03436426116838488 0.6166666666666667 0.037800687285223365 0.6166666666666667 0.041237113402061855 0.6222222222222222 0.05154639175257732 0.6277777777777778 0.058419243986254296 0.6388888888888888 0.061855670103092786 0.6388888888888888 0.06529209621993128 0.6444444444444445 0.06529209621993128 0.6611111111111111 0.06872852233676977 0.6666666666666666 0.07216494845360824 0.6666666666666666 0.06872852233676977 0.6722222222222223 0.06872852233676977 0.6666666666666666 0.06529209621993128 0.6611111111111111 0.058419243986254296 0.6722222222222223 0.061855670103092786 0.6777777777777778 0.061855670103092786 0.6833333333333333 0.058419243986254296 0.6833333333333333 0.054982817869415807 0.6888888888888889 0.054982817869415807 0.6944444444444444 0.058419243986254296 0.7 0.058419243986254296 0.7111111111111111 0.06872852233676977 0.7277777777777777 0.06872852233676977 0.7333333333333333 0.06529209621993128 0.7388888888888889 0.061855670103092786 0.7388888888888889 0.044673539518900345 0.7666666666666667 0.044673539518900345 0.7722222222222223 0.041237113402061855 0.7777777777777778 0.041237113402061855 0.7833333333333333 0.044673539518900345 0.7888888888888889 0.05154639175257732 0.7888888888888889 0.054982817869415807 0.7944444444444444 0.061855670103092786 0.7944444444444444 0.061855670103092786 0.8 0.06529209621993128 0.8055555555555556 0.048109965635738834 0.8055555555555556 0.044673539518900345 0.8 0.041237113402061855 0.8055555555555556 0.037800687285223365 0.8 0.030927835051546393 0.8 0.027491408934707903 0.7944444444444444 0.020618556701030927 0.7944444444444444 0.01718213058419244 0.7888888888888889 0.010309278350515464 0.7888888888888889 0 0.7777777777777778 0 0.6166666666666667 0.003436426116838488 0.6166666666666667
19 0.8006872852233677 0.18333333333333332 0.8041237113402062 0.18888888888888888 0.8109965635738832 0.18888888888888888 0.8144329896907216 0.19444444444444445 0.8178694158075601 0.19444444444444445 0.8281786941580757 0.20555555555555555 0.8419243986254296 0.20555555555555555 0.845360824742268 0.2111111111111111 0.8487972508591065 0.2111111111111111 0.852233676975945 0.21666666666666667 0.8591065292096219 0.21666666666666667 0.8625429553264605 0.2222222222222222 0.8831615120274914 0.2222222222222222 0.8865979381443299 0.22777777777777777 0.9003436426116839 0.22777777777777777 0.9037800687285223 0.23333333333333334 0.9140893470790378 0.23333333333333334 0.9175257731958762 0.2388888888888889 0.9278350515463918 0.2388888888888889 0.9312714776632303 0.24444444444444444 0.9312714776632303 0.2611111111111111 0.9243986254295533 0.2611111111111111 0.9140893470790378 0.2777777777777778 0.9106529209621993 0.2777777777777778 0.9072164948453608 0.2833333333333333 0.9037800687285223 0.2833333333333333 0.8934707903780069 0.29444444444444445 0.8762886597938144 0.29444444444444445 0.865979381443299 0.2777777777777778 0.852233676975945 0.2777777777777778 0.8487972508591065 0.2722222222222222 0.8419243986254296 0.2722222222222222 0.8384879725085911 0.26666666666666666 0.8281786941580757 0.26666666666666666 0.8247422680412371 0.2611111111111111 0.8144329896907216 0.25555555555555554 0.8075601374570447 0.24444444444444444 0.8041237113402062 0.24444444444444444 0.8006872852233677 0.2388888888888889 0.7903780068728522 0.2388888888888889 0.7835051546391752 0.22777777777777777 0.7800687285223368 0.22777777777777777 0.7800687285223368 0.2222222222222222 0.7766323024054983 0.21666666666666667 0.7766323024054983 0.20555555555555555 0.7697594501718213 0.19444444444444445 0.7628865979381443 0.19444444444444445 0.7697594501718213 0.18333333333333332 0.7731958762886598 0.18333333333333332 0.7766323024054983 0.17777777777777778 0.7869415807560137 0.17777777777777778 0.7903780068728522 0.18333333333333332 0.7972508591065293 0.18333333333333332
19 0.46735395189003437 0.2111111111111111 0.47079037800687284 0.21666666666666667 0.4742268041237113 0.21666666666666667 0.4845360824742268 0.22777777777777777 0.4948453608247423 0.22777777777777777 0.5051546391752577 0.2388888888888889 0.5154639175257731 0.2388888888888889 0.5223367697594502 0.25 0.5223367697594502 0.25555555555555554 0.5257731958762887 0.2611111111111111 0.5257731958762887 0.2722222222222222 0.5223367697594502 0.2777777777777778 0.5223367697594502 0.2833333333333333 0.5154639175257731 0.29444444444444445 0.5120274914089347 0.29444444444444445 0.5085910652920962 0.3 0.5017182130584192 0.3 0.49828178694158076 0.3055555555555556 0.4879725085910653 0.3055555555555556 0.47766323024054985 0.31666666666666665 0.47079037800687284 0.31666666666666665 0.46735395189003437 0.32222222222222224 0.46048109965635736 0.32222222222222224 0.45017182130584193 0.3333333333333333 0.43986254295532645 0.3333333333333333 0.436426116838488 0.3388888888888889 0.42955326460481097 0.3388888888888889 0.4261168384879725 0.34444444444444444 0.41924398625429554 0.34444444444444444 0.41580756013745707 0.35 0.40893470790378006 0.35 0.39862542955326463 0.3611111111111111 0.38831615120274915 0.3611111111111111 0.3848797250859107 0.36666666666666664 0.37800687285223367 0.36666666666666664 0.3745704467353952 0.37222222222222223 0.36769759450171824 0.37222222222222223 0.3642611683848797 0.37777777777777777 0.35738831615120276 0.37777777777777777 0.3539518900343643 0.38333333333333336 0.3470790378006873 0.38333333333333336 0.3436426116838488 0.3888888888888889 0.33676975945017185 0.3888888888888889 0.3333333333333333 0.39444444444444443 0.3127147766323024 0.39444444444444443 0.30927835051546393 0.3888888888888889 0.30584192439862545 0.3888888888888889 0.29896907216494845 0.37777777777777777 0.29553264604810997 0.37777777777777777 0.28865979381443296 0.36666666666666664 0.2852233676975945 0.36666666666666664 0.2646048109965636 0.3333333333333333 0.2646048109965636 0.3111111111111111 0.27147766323024053 0.29444444444444445 0.28865979381443296 0.29444444444444445 0.29553264604810997 0.2833333333333333 0.29896907216494845 0.2833333333333333 0.30927835051546393 0.2722222222222222 0.3161512027491409 0.2722222222222222 0.31958762886597936 0.26666666666666666 0.33676975945017185 0.26666666666666666 0.3470790378006873 0.25555555555555554 0.35738831615120276 0.25555555555555554 0.36082474226804123 0.25 0.38144329896907214 0.25 0.3917525773195876 0.2388888888888889 0.4020618556701031 0.2388888888888889 0.4054982817869416 0.23333333333333334 0.40893470790378006 0.23333333333333334 0.41924398625429554 0.2222222222222222 0.4261168384879725 0.2222222222222222 0.42955326460481097 0.21666666666666667 0.43986254295532645 0.21666666666666667 0.44329896907216493 0.2111111111111111 0.4536082474226804 0.2111111111111111 0.4570446735395189 0.20555555555555555 0.46048109965635736 0.20555555555555555 0.4639175257731959 0.2111111111111111
19 0.9862542955326461 0.36666666666666664 0.9896907216494846 0.37222222222222223 0.993127147766323 0.36666666666666664 0.9965635738831615 0.36666666666666664 0.9965635738831615 0.5777777777777777 0.9896907216494846 0.5777777777777777 0.9828178694158075 0.5666666666666667 0.979381443298969 0.5666666666666667 0.9656357388316151 0.5444444444444444 0.9621993127147767 0.5444444444444444 0.9450171821305842 0.5166666666666667 0.9415807560137457 0.5166666666666667 0.9175257731958762 0.4777777777777778 0.9140893470790378 0.4777777777777778 0.8969072164948454 0.45 0.8934707903780069 0.45 0.8694158075601375 0.4111111111111111 0.8694158075601375 0.40555555555555556 0.865979381443299 0.4 0.865979381443299 0.39444444444444443 0.872852233676976 0.38333333333333336 0.8762886597938144 0.3888888888888889 0.8831615120274914 0.3888888888888889 0.8865979381443299 0.39444444444444443 0.8934707903780069 0.39444444444444443 0.8969072164948454 0.4 0.9003436426116839 0.4 0.9037800687285223 0.39444444444444443 0.9106529209621993 0.40555555555555556 0.9243986254295533 0.40555555555555556 0.9278350515463918 0.4111111111111111 0.9347079037800687 0.4111111111111111 0.9450171821305842 0.39444444444444443 0.9518900343642611 0.39444444444444443 0.9587628865979382 0.38333333333333336 0.979381443298969 0.38333333333333336 0.9862542955326461 0.37222222222222223
19 0.7835051546391752 0.6888888888888889 0.7869415807560137 0.6944444444444444 0.7972508591065293 0.6888888888888889 0.7972508591065293 0.6944444444444444 0.8006872852233677 0.7 0.8075601374570447 0.7 0.8075601374570447 0.7055555555555556 0.8041237113402062 0.7111111111111111 0.8041237113402062 0.7277777777777777 0.8109965635738832 0.7388888888888889 0.8144329896907216 0.7388888888888889 0.8178694158075601 0.7444444444444445 0.8487972508591065 0.7444444444444445 0.852233676975945 0.75 0.8797250859106529 0.75 0.8831615120274914 0.7555555555555555 0.8865979381443299 0.7555555555555555 0.8797250859106529 0.7666666666666667 0.8797250859106529 0.7722222222222223 0.8694158075601375 0.7833333333333333 0.8487972508591065 0.7833333333333333 0.845360824742268 0.7777777777777778 0.8075601374570447 0.7777777777777778 0.8041237113402062 0.7722222222222223 0.7903780068728522 0.7722222222222223 0.7869415807560137 0.7666666666666667 0.7766323024054983 0.7666666666666667 0.7731958762886598 0.7611111111111111 0.7663230240549829 0.7611111111111111 0.7628865979381443 0.7555555555555555 0.7594501718213058 0.7555555555555555 0.7560137457044673 0.75 0.7560137457044673 0.7444444444444445 0.7594501718213058 0.7388888888888889 0.7594501718213058 0.7333333333333333 0.7628865979381443 0.7277777777777777 0.7628865979381443 0.7222222222222222 0.7697594501718213 0.7055555555555556 0.7697594501718213 0.7 0.7731958762886598 0.6944444444444444 0.7800687285223368 0.6944444444444444
19 0.5738831615120275 0.4111111111111111 0.570446735395189 0.4166666666666667 0.570446735395189 0.4222222222222222 0.563573883161512 0.43333333333333335 0.563573883161512 0.4444444444444444 0.5601374570446735 0.45 0.5601374570446735 0.45555555555555555 0.5532646048109966 0.4666666666666667 0.5532646048109966 0.4777777777777778 0.5567010309278351 0.48333333333333334 0.5532646048109966 0.48333333333333334 0.5498281786941581 0.4888888888888889 0.5532646048109966 0.49444444444444446 0.5463917525773195 0.5055555555555555 0.5463917525773195 0.5111111111111111 0.5360824742268041 0.5111111111111111 0.5257731958762887 0.5222222222222223 0.5189003436426117 0.5222222222222223 0.5154639175257731 0.5166666666666667 0.5051546391752577 0.5166666666666667 0.5017182130584192 0.5111111111111111 0.4948453608247423 0.5111111111111111 0.49140893470790376 0.5055555555555555 0.4879725085910653 0.5055555555555555 0.4845360824742268 0.5 0.4845360824742268 0.4888888888888889 0.4879725085910653 0.4888888888888889 0.49140893470790376 0.48333333333333334 0.4948453608247423 0.48333333333333334 0.49828178694158076 0.4777777777777778 0.5017182130584192 0.4777777777777778 0.5051546391752577 0.4722222222222222 0.5085910652920962 0.4722222222222222 0.5189003436426117 0.46111111111111114 0.5257731958762887 0.46111111111111114 0.5292096219931272 0.45555555555555555 0.5326460481099656 0.45555555555555555 0.5360824742268041 0.45 0.5395189003436426 0.45 0.5429553264604811 0.4444444444444444 0.5532646048109966 0.4388888888888889 0.5670103092783505 0.4166666666666667 0.570446735395189 0.4166666666666667
19 0.4742268041237113 0.3333333333333333 0.47766323024054985 0.3277777777777778 0.5017182130584192 0.3277777777777778 0.5051546391752577 0.3333333333333333 0.5120274914089347 0.3333333333333333 0.5154639175257731 0.3277777777777778 0.5189003436426117 0.3277777777777778 0.5257731958762887 0.3388888888888889 0.5326460481099656 0.3388888888888889 0.5360824742268041 0.34444444444444444 0.5429553264604811 0.34444444444444444 0.5601374570446735 0.37222222222222223 0.5601374570446735 0.37777777777777777 0.5670103092783505 0.3888888888888889 0.5670103092783505 0.40555555555555556 0.563573883161512 0.4111111111111111 0.563573883161512 0.4166666666666667 0.5532646048109966 0.43333333333333335 0.5498281786941581 0.43333333333333335 0.5463917525773195 0.4388888888888889 0.5429553264604811 0.4388888888888889 0.5395189003436426 0.4444444444444444 0.5360824742268041 0.4444444444444444 0.5257731958762887 0.45555555555555555 0.5189003436426117 0.45555555555555555 0.5154639175257731 0.46111111111111114 0.5120274914089347 0.46111111111111114 0.5017182130584192 0.4722222222222222 0.4948453608247423 0.4722222222222222 0.4845360824742268 0.48333333333333334 0.47766323024054985 0.48333333333333334 0.4742268041237113 0.4888888888888889 0.46735395189003437 0.4888888888888889 0.4639175257731959 0.49444444444444446 0.4536082474226804 0.49444444444444446 0.45017182130584193 0.5 0.44329896907216493 0.5 0.43986254295532645 0.5055555555555555 0.42955326460481097 0.5055555555555555 0.4261168384879725 0.5111111111111111 0.41580756013745707 0.5111111111111111 0.41237113402061853 0.5166666666666667 0.4020618556701031 0.5166666666666667 0.39862542955326463 0.5222222222222223 0.37800687285223367 0.5222222222222223 0.3745704467353952 0.5277777777777778 0.3230240549828179 0.5277777777777778 0.3161512027491409 0.5166666666666667 0.3161512027491409 0.5111111111111111 0.30927835051546393 0.49444444444444446 0.3127147766323024 0.4888888888888889 0.30584192439862545 0.4722222222222222 0.30584192439862545 0.46111111111111114 0.3024054982817869 0.45555555555555555 0.3024054982817869 0.4388888888888889 0.29896907216494845 0.43333333333333335 0.3024054982817869 0.42777777777777776 0.3024054982817869 0.4166666666666667 0.30584192439862545 0.4111111111111111 0.3230240549828179 0.4111111111111111 0.3333333333333333 0.4 0.35051546391752575 0.4 0.3539518900343643 0.39444444444444443 0.35738831615120276 0.39444444444444443 0.36082474226804123 0.4 0.3711340206185567 0.4 0.3745704467353952 0.39444444444444443 0.38144329896907214 0.39444444444444443 0.3848797250859107 0.3888888888888889 0.3848797250859107 0.38333333333333336 0.3917525773195876 0.38333333333333336 0.3951890034364261 0.37777777777777777 0.4054982817869416 0.37777777777777777 0.41237113402061853 0.3888888888888889 0.41580756013745707 0.3888888888888889 0.4261168384879725 0.37777777777777777 0.43986254295532645 0.37777777777777777 0.45017182130584193 0.36666666666666664 0.4639175257731959 0.36666666666666664 0.46735395189003437 0.37222222222222223 0.47766323024054985 0.35555555555555557 0.47766323024054985 0.3388888888888889
19 0.8797250859106529 0.2222222222222222 0.8831615120274914 0.22777777777777777 0.8969072164948454 0.22777777777777777 0.9003436426116839 0.23333333333333334 0.9106529209621993 0.23333333333333334 0.9140893470790378 0.2388888888888889 0.9278350515463918 0.2388888888888889 0.9312714776632303 0.24444444444444444 0.9312714776632303 0.25555555555555554 0.9381443298969072 0.26666666666666666 0.9415807560137457 0.26666666666666666 0.9518900343642611 0.2777777777777778 0.9518900343642611 0.28888888888888886 0.9484536082474226 0.28888888888888886 0.9450171821305842 0.29444444444444445 0.9415807560137457 0.29444444444444445 0.9381443298969072 0.28888888888888886 0.9278350515463918 0.28888888888888886 0.9243986254295533 0.29444444444444445 0.9278350515463918 0.3 0.9243986254295533 0.3055555555555556 0.9312714776632303 0.31666666666666665 0.9347079037800687 0.31666666666666665 0.9347079037800687 0.32222222222222224 0.9209621993127147 0.32222222222222224 0.9175257731958762 0.31666666666666665 0.9106529209621993 0.31666666666666665 0.9072164948453608 0.3111111111111111 0.9003436426116839 0.3111111111111111 0.8969072164948454 0.3055555555555556 0.8900343642611683 0.3055555555555556 0.8865979381443299 0.3 0.8762886597938144 0.3 0.872852233676976 0.29444444444444445 0.8694158075601375 0.29444444444444445 0.865979381443299 0.28888888888888886 0.8625429553264605 0.28888888888888886 0.852233676975945 0.2777777777777778 0.8350515463917526 0.2777777777777778 0.8316151202749141 0.2722222222222222 0.8247422680412371 0.2722222222222222 0.8178694158075601 0.2611111111111111 0.8178694158075601 0.25 0.8213058419243986 0.24444444444444444 0.8281786941580757 0.24444444444444444 0.8350515463917526 0.23333333333333334 0.8350515463917526 0.22777777777777777 0.8384879725085911 0.22777777777777777 0.8487972508591065 0.21666666666666667 0.852233676975945 0.21666666666666667 0.8556701030927835 0.2222222222222222 0.8762886597938144 0.2222222222222222
19 0.29553264604810997 0.03888888888888889 0.3127147766323024 0.03888888888888889 0.3161512027491409 0.044444444444444446 0.36082474226804123 0.044444444444444446 0.37800687285223367 0.07222222222222222 0.37800687285223367 0.07777777777777778 0.38144329896907214 0.08333333333333333 0.38144329896907214 0.08888888888888889 0.37800687285223367 0.09444444444444444 0.3745704467353952 0.09444444444444444 0.3711340206185567 0.1 0.36769759450171824 0.1 0.35738831615120276 0.1111111111111111 0.36082474226804123 0.11666666666666667 0.36082474226804123 0.12777777777777777 0.35738831615120276 0.13333333333333333 0.35738831615120276 0.1388888888888889 0.36082474226804123 0.14444444444444443 0.36082474226804123 0.15555555555555556 0.3642611683848797 0.16111111111111112 0.36082474226804123 0.16666666666666666 0.36082474226804123 0.17777777777777778 0.35738831615120276 0.18333333333333332 0.35738831615120276 0.18888888888888888 0.3539518900343643 0.18333333333333332 0.3436426116838488 0.18333333333333332 0.3402061855670103 0.18888888888888888 0.3402061855670103 0.19444444444444445 0.33676975945017185 0.18888888888888888 0.32989690721649484 0.2 0.32646048109965636 0.2 0.3230240549828179 0.19444444444444445 0.31958762886597936 0.2 0.31958762886597936 0.23333333333333334 0.3127147766323024 0.23333333333333334 0.30927835051546393 0.2388888888888889 0.3161512027491409 0.25 0.3333333333333333 0.25 0.32989690721649484 0.25555555555555554 0.31958762886597936 0.25555555555555554 0.3161512027491409 0.2611111111111111 0.3127147766323024 0.2611111111111111 0.30927835051546393 0.25555555555555554 0.29896907216494845 0.25 0.2920962199312715 0.2388888888888889 0.28865979381443296 0.2388888888888889 0.28865979381443296 0.22777777777777777 0.2852233676975945 0.2222222222222222 0.2852233676975945 0.2111111111111111 0.28865979381443296 0.20555555555555555 0.28865979381443296 0.12777777777777777 0.2920962199312715 0.12222222222222222 0.2920962199312715 0.05 0.29553264604810997 0.044444444444444446
19 0.6838487972508591 0.10555555555555556 0.6872852233676976 0.1111111111111111 0.697594501718213 0.1111111111111111 0.7044673539518901 0.12222222222222222 0.7079037800687286 0.12222222222222222 0.711340206185567 0.12777777777777777 0.711340206185567 0.13333333333333333 0.7250859106529209 0.15555555555555556 0.7285223367697594 0.17222222222222222 0.7353951890034365 0.18333333333333332 0.7353951890034365 0.19444444444444445 0.7285223367697594 0.20555555555555555 0.7250859106529209 0.20555555555555555 0.7147766323024055 0.21666666666666667 0.711340206185567 0.2111111111111111 0.7010309278350515 0.2222222222222222 0.697594501718213 0.21666666666666667 0.6941580756013745 0.21666666666666667 0.6735395189003437 0.18333333333333332 0.6666666666666666 0.18333333333333332 0.6632302405498282 0.18888888888888888 0.6563573883161512 0.18888888888888888 0.6563573883161512 0.18333333333333332 0.6529209621993127 0.17777777777777778 0.6529209621993127 0.1388888888888889 0.6494845360824743 0.13333333333333333 0.6494845360824743 0.12777777777777777 0.6563573883161512 0.12777777777777777 0.6597938144329897 0.12222222222222222 0.6632302405498282 0.12222222222222222 0.6735395189003437 0.1111111111111111 0.6804123711340206 0.1111111111111111
19 0.5292096219931272 0.5277777777777778 0.5326460481099656 0.5333333333333333 0.5463917525773195 0.5333333333333333 0.5498281786941581 0.5388888888888889 0.5601374570446735 0.5444444444444444 0.5567010309278351 0.55 0.5567010309278351 0.5555555555555556 0.5395189003436426 0.5833333333333334 0.5360824742268041 0.5833333333333334 0.5017182130584192 0.6388888888888888 0.49828178694158076 0.6388888888888888 0.4879725085910653 0.6555555555555556 0.4845360824742268 0.6555555555555556 0.46735395189003437 0.6833333333333333 0.47079037800687284 0.6888888888888889 0.4536082474226804 0.7166666666666667 0.45017182130584193 0.7166666666666667 0.4329896907216495 0.7444444444444445 0.42955326460481097 0.7444444444444445 0.4261168384879725 0.75 0.4020618556701031 0.75 0.39862542955326463 0.7444444444444445 0.38831615120274915 0.7444444444444445 0.3848797250859107 0.7388888888888889 0.3745704467353952 0.7388888888888889 0.3711340206185567 0.7333333333333333 0.3642611683848797 0.7333333333333333 0.36082474226804123 0.7277777777777777 0.3539518900343643 0.7277777777777777 0.35051546391752575 0.7222222222222222 0.3436426116838488 0.7222222222222222 0.3402061855670103 0.7166666666666667 0.33676975945017185 0.7166666666666667 0.3333333333333333 0.7111111111111111 0.32989690721649484 0.7111111111111111 0.32646048109965636 0.7055555555555556 0.3161512027491409 0.7 0.3127147766323024 0.6944444444444444 0.3161512027491409 0.6888888888888889 0.32646048109965636 0.6888888888888889 0.32989690721649484 0.6833333333333333 0.3333333333333333 0.6833333333333333 0.33676975945017185 0.6777777777777778 0.3402061855670103 0.6777777777777778 0.35051546391752575 0.6666666666666666 0.35738831615120276 0.6666666666666666 0.36082474226804123 0.6611111111111111 0.3711340206185567 0.6555555555555556 0.37800687285223367 0.6444444444444445 0.38144329896907214 0.6444444444444445 0.3917525773195876 0.6277777777777778 0.3951890034364261 0.6277777777777778 0.4020618556701031 0.6166666666666667 0.4054982817869416 0.6166666666666667 0.41580756013745707 0.6 0.41924398625429554 0.6 0.4329896907216495 0.5777777777777777 0.436426116838488 0.5777777777777777 0.44673539518900346 0.5611111111111111 0.45017182130584193 0.5611111111111111 0.46048109965635736 0.5444444444444444 0.4639175257731959 0.5444444444444444 0.48109965635738833 0.5166666666666667 0.49828178694158076 0.5166666666666667 0.5017182130584192 0.5222222222222223 0.5085910652920962 0.5222222222222223 0.5120274914089347 0.5277777777777778 0.5257731958762887 0.5277777777777778
19 0.6116838487972509 0.39444444444444443 0.6151202749140894 0.4 0.6185567010309279 0.4 0.6219931271477663 0.39444444444444443 0.6288659793814433 0.39444444444444443 0.6391752577319587 0.40555555555555556 0.6460481099656358 0.40555555555555556 0.6494845360824743 0.4 0.6632302405498282 0.4 0.6701030927835051 0.4111111111111111 0.6735395189003437 0.4111111111111111 0.6701030927835051 0.4166666666666667 0.6701030927835051 0.4222222222222222 0.6632302405498282 0.43333333333333335 0.6666666666666666 0.4388888888888889 0.6632302405498282 0.4444444444444444 0.6666666666666666 0.45 0.6701030927835051 0.45 0.6735395189003437 0.4444444444444444 0.6563573883161512 0.4666666666666667 0.6597938144329897 0.4722222222222222 0.6597938144329897 0.48333333333333334 0.6563573883161512 0.4888888888888889 0.6597938144329897 0.49444444444444446 0.6597938144329897 0.5055555555555555 0.6632302405498282 0.5111111111111111 0.6632302405498282 0.5277777777777778 0.6597938144329897 0.5333333333333333 0.6597938144329897 0.5388888888888889 0.6563573883161512 0.5388888888888889 0.6529209621993127 0.5444444444444444 0.6494845360824743 0.5444444444444444 0.6391752577319587 0.5555555555555556 0.6426116838487973 0.5611111111111111 0.6426116838487973 0.5666666666666667 0.6391752577319587 0.5722222222222222 0.6426116838487973 0.5777777777777777 0.6391752577319587 0.5944444444444444 0.6357388316151202 0.6 0.6323024054982818 0.6 0.6288659793814433 0.5944444444444444 0.6013745704467354 0.5944444444444444 0.5979381443298969 0.5888888888888889 0.5876288659793815 0.5888888888888889 0.584192439862543 0.5833333333333334 0.5773195876288659 0.5833333333333334 0.5738831615120275 0.5777777777777777 0.5738831615120275 0.55 0.5773195876288659 0.5444444444444444 0.5773195876288659 0.5388888888888889 0.584192439862543 0.5222222222222223 0.584192439862543 0.5111111111111111 0.5876288659793815 0.5055555555555555 0.5876288659793815 0.49444444444444446 0.5910652920962199 0.4888888888888889 0.5910652920962199 0.4777777777777778 0.5979381443298969 0.46111111111111114 0.5979381443298969 0.4444444444444444 0.6048109965635738 0.42777777777777776 0.6048109965635738 0.40555555555555556 0.6082474226804123 0.4
19 0.6872852233676976 0.21666666666666667 0.697594501718213 0.23333333333333334 0.697594501718213 0.25 0.7044673539518901 0.2611111111111111 0.7044673539518901 0.2777777777777778 0.6804123711340206 0.2777777777777778 0.6769759450171822 0.2833333333333333 0.6288659793814433 0.2833333333333333 0.6185567010309279 0.26666666666666666 0.6151202749140894 0.26666666666666666 0.6116838487972509 0.2611111111111111 0.6116838487972509 0.25555555555555554 0.6151202749140894 0.25555555555555554 0.6219931271477663 0.24444444444444444 0.6185567010309279 0.2388888888888889 0.6391752577319587 0.2388888888888889 0.6426116838487973 0.23333333333333334 0.6460481099656358 0.23333333333333334 0.6494845360824743 0.22777777777777777 0.6529209621993127 0.22777777777777777 0.6563573883161512 0.2222222222222222 0.6597938144329897 0.2222222222222222 0.6701030927835051 0.2111111111111111 0.6804123711340206 0.2111111111111111 0.6838487972508591 0.21666666666666667
19 0.6941580756013745 0.5333333333333333 0.697594501718213 0.5388888888888889 0.7010309278350515 0.5333333333333333 0.7079037800687286 0.5333333333333333 0.711340206185567 0.5388888888888889 0.7147766323024055 0.5333333333333333 0.718213058419244 0.5388888888888889 0.7216494845360825 0.5388888888888889 0.7250859106529209 0.5444444444444444 0.7319587628865979 0.5444444444444444 0.7353951890034365 0.55 0.7491408934707904 0.55 0.7525773195876289 0.5555555555555556 0.7628865979381443 0.5555555555555556 0.7663230240549829 0.5611111111111111 0.7731958762886598 0.5611111111111111 0.7766323024054983 0.5666666666666667 0.7869415807560137 0.5666666666666667 0.7903780068728522 0.5722222222222222 0.7972508591065293 0.5722222222222222 0.7972508591065293 0.6055555555555555 0.7903780068728522 0.6222222222222222 0.7903780068728522 0.6333333333333333 0.7869415807560137 0.6388888888888888 0.7869415807560137 0.65 0.7731958762886598 0.6722222222222223 0.7731958762886598 0.6777777777777778 0.7697594501718213 0.6833333333333333 0.7697594501718213 0.6888888888888889 0.7663230240549829 0.6944444444444444 0.7663230240549829 0.7 0.7628865979381443 0.7055555555555556 0.7628865979381443 0.7111111111111111 0.7594501718213058 0.7166666666666667 0.7594501718213058 0.7222222222222222 0.7560137457044673 0.7277777777777777 0.7525773195876289 0.7444444444444445 0.7491408934707904 0.75 0.7491408934707904 0.7555555555555555 0.7457044673539519 0.7611111111111111 0.7457044673539519 0.7666666666666667 0.738831615120275 0.7777777777777778 0.738831615120275 0.7833333333333333 0.7353951890034365 0.7888888888888889 0.7353951890034365 0.8 0.7319587628865979 0.8055555555555556 0.7319587628865979 0.8111111111111111 0.7250859106529209 0.8222222222222222 0.7250859106529209 0.8277777777777777 0.718213058419244 0.8388888888888889 0.718213058419244 0.8444444444444444 0.711340206185567 0.8555555555555555 0.711340206185567 0.8611111111111112 0.7079037800687286 0.8666666666666667 0.6838487972508591 0.8666666666666667 0.6804123711340206 0.8611111111111112 0.6735395189003437 0.8611111111111112 0.6632302405498282 0.85 0.6529209621993127 0.85 0.6494845360824743 0.8444444444444444 0.6357388316151202 0.8444444444444444 0.6323024054982818 0.8388888888888889 0.6254295532646048 0.8388888888888889 0.6219931271477663 0.8333333333333334 0.6151202749140894 0.8333333333333334 0.6116838487972509 0.8277777777777777 0.6082474226804123 0.8277777777777777 0.5910652920962199 0.8 0.5876288659793815 0.8 0.584192439862543 0.7944444444444444 0.584192439862543 0.7722222222222223 0.5876288659793815 0.7666666666666667 0.5910652920962199 0.75 0.5979381443298969 0.7388888888888889 0.6013745704467354 0.7222222222222222 0.6082474226804123 0.7111111111111111 0.6082474226804123 0.7055555555555556 0.6116838487972509 0.7 0.6116838487972509 0.6944444444444444 0.6151202749140894 0.6888888888888889 0.6185567010309279 0.6722222222222223 0.6288659793814433 0.6555555555555556 0.6288659793814433 0.65 0.6323024054982818 0.6444444444444445 0.6323024054982818 0.6388888888888888 0.6357388316151202 0.6333333333333333 0.6357388316151202 0.6277777777777778 0.6391752577319587 0.6222222222222222 0.6426116838487973 0.6055555555555555 0.6460481099656358 0.6055555555555555 0.6563573883161512 0.5888888888888889 0.6563573883161512 0.5777777777777777 0.6632302405498282 0.5666666666666667 0.6597938144329897 0.5611111111111111 0.6701030927835051 0.5444444444444444 0.6769759450171822 0.5444444444444444 0.6804123711340206 0.5388888888888889 0.6907216494845361 0.5333333333333333
19 0.5738831615120275 0.09444444444444444 0.5773195876288659 0.1 0.6151202749140894 0.1 0.6185567010309279 0.09444444444444444 0.6357388316151202 0.09444444444444444 0.6391752577319587 0.1 0.6391752577319587 0.10555555555555556 0.6357388316151202 0.1111111111111111 0.6357388316151202 0.12222222222222222 0.6288659793814433 0.12222222222222222 0.6254295532646048 0.12777777777777777 0.5945017182130584 0.12777777777777777 0.5876288659793815 0.1388888888888889 0.5876288659793815 0.15555555555555556 0.5910652920962199 0.16111111111111112 0.5910652920962199 0.17222222222222222 0.6013745704467354 0.18888888888888888 0.6082474226804123 0.2222222222222222 0.6048109965635738 0.22777777777777777 0.6013745704467354 0.22777777777777777 0.5979381443298969 0.23333333333333334 0.5945017182130584 0.23333333333333334 0.584192439862543 0.24444444444444444 0.5807560137457045 0.24444444444444444 0.5773195876288659 0.2388888888888889 0.5532646048109966 0.2388888888888889 0.5498281786941581 0.23333333333333334 0.5326460481099656 0.23333333333333334 0.5292096219931272 0.22777777777777777 0.5223367697594502 0.22777777777777777 0.5292096219931272 0.21666666666666667 0.5292096219931272 0.2111111111111111 0.5326460481099656 0.20555555555555555 0.5326460481099656 0.2 0.5360824742268041 0.19444444444444445 0.5360824742268041 0.18888888888888888 0.5395189003436426 0.18333333333333332 0.5395189003436426 0.17777777777777778 0.5463917525773195 0.16111111111111112 0.5463917525773195 0.15 0.5498281786941581 0.14444444444444443 0.5498281786941581 0.1388888888888889 0.5567010309278351 0.12777777777777777 0.5567010309278351 0.1111111111111111 0.5601374570446735 0.10555555555555556 0.5601374570446735 0.1 0.570446735395189 0.1
19 0.1134020618556701 0.5888888888888889 0.11683848797250859 0.5944444444444444 0.13058419243986255 0.5944444444444444 0.13402061855670103 0.6 0.140893470790378 0.6 0.14432989690721648 0.6055555555555555 0.15120274914089346 0.6055555555555555 0.16151202749140894 0.6166666666666667 0.19243986254295534 0.6166666666666667 0.1958762886597938 0.6222222222222222 0.1958762886597938 0.6277777777777778 0.20618556701030927 0.6388888888888888 0.20618556701030927 0.6555555555555556 0.19931271477663232 0.6666666666666666 0.18900343642611683 0.6722222222222223 0.16494845360824742 0.7055555555555556 0.16151202749140894 0.7055555555555556 0.15120274914089346 0.7222222222222222 0.15120274914089346 0.7333333333333333 0.14776632302405499 0.7333333333333333 0.14432989690721648 0.7388888888888889 0.140893470790378 0.7388888888888889 0.13402061855670103 0.75 0.13058419243986255 0.75 0.12027491408934708 0.7666666666666667 0.12027491408934708 0.7722222222222223 0.1134020618556701 0.7833333333333333 0.10996563573883161 0.7833333333333333 0.10652920962199312 0.7888888888888889 0.10309278350515463 0.7888888888888889 0.09278350515463918 0.8 0.0859106529209622 0.8 0.08247422680412371 0.8055555555555556 0.07560137457044673 0.8055555555555556 0.07216494845360824 0.8111111111111111 0.06872852233676977 0.8055555555555556 0.058419243986254296 0.8055555555555556 0.061855670103092786 0.8 0.05154639175257732 0.7833333333333333 0.048109965635738834 0.7833333333333333 0.048109965635738834 0.7666666666666667 0.061855670103092786 0.7444444444444445 0.06529209621993128 0.7444444444444445 0.06872852233676977 0.7388888888888889 0.06872852233676977 0.7055555555555556 0.07216494845360824 0.7 0.07216494845360824 0.6833333333333333 0.07560137457044673 0.6833333333333333 0.08247422680412371 0.6722222222222223 0.08247422680412371 0.6555555555555556 0.07903780068728522 0.65 0.06872852233676977 0.6555555555555556 0.06872852233676977 0.65 0.07216494845360824 0.6444444444444445 0.06872852233676977 0.6388888888888888 0.06872852233676977 0.6222222222222222 0.07216494845360824 0.6222222222222222 0.07560137457044673 0.6166666666666667 0.08247422680412371 0.6166666666666667 0.0859106529209622 0.6111111111111112 0.0859106529209622 0.6055555555555555 0.08934707903780069 0.6055555555555555 0.09621993127147767 0.5944444444444444 0.10309278350515463 0.5944444444444444 0.10652920962199312 0.5888888888888889 0.10996563573883161 0.5888888888888889
19 0.738831615120275 0.42777777777777776 0.7422680412371134 0.42777777777777776 0.7457044673539519 0.43333333333333335 0.7560137457044673 0.43333333333333335 0.7594501718213058 0.4388888888888889 0.8006872852233677 0.4388888888888889 0.8041237113402062 0.4444444444444444 0.8075601374570447 0.4444444444444444 0.8109965635738832 0.45 0.8213058419243986 0.45555555555555555 0.8213058419243986 0.46111111111111114 0.8247422680412371 0.4666666666666667 0.8213058419243986 0.4722222222222222 0.8213058419243986 0.4777777777777778 0.8109965635738832 0.49444444444444446 0.8109965635738832 0.5 0.8075601374570447 0.5 0.8041237113402062 0.5055555555555555 0.8041237113402062 0.5111111111111111 0.7766323024054983 0.5555555555555556 0.7731958762886598 0.55 0.7628865979381443 0.55 0.7594501718213058 0.5444444444444444 0.7525773195876289 0.5444444444444444 0.7491408934707904 0.5388888888888889 0.7353951890034365 0.5388888888888889 0.7319587628865979 0.5333333333333333 0.7250859106529209 0.5333333333333333 0.7216494845360825 0.5277777777777778 0.7216494845360825 0.5111111111111111 0.7250859106529209 0.5055555555555555 0.7250859106529209 0.49444444444444446 0.7285223367697594 0.4888888888888889 0.7285223367697594 0.4722222222222222 0.7319587628865979 0.4666666666666667 0.7319587628865979 0.45555555555555555 0.7353951890034365 0.45 0.7353951890034365 0.4388888888888889 0.738831615120275 0.43333333333333335
19 0.7010309278350515 0.11666666666666667 0.7147766323024055 0.1388888888888889 0.7147766323024055 0.14444444444444443 0.7250859106529209 0.16111111111111112 0.7250859106529209 0.16666666666666666 0.7319587628865979 0.17777777777777778 0.7319587628865979 0.18333333333333332 0.738831615120275 0.2 0.738831615120275 0.2111111111111111 0.7353951890034365 0.21666666666666667 0.7285223367697594 0.21666666666666667 0.7250859106529209 0.2222222222222222 0.7216494845360825 0.21666666666666667 0.718213058419244 0.21666666666666667 0.7147766323024055 0.2222222222222222 0.7147766323024055 0.23333333333333334 0.7079037800687286 0.24444444444444444 0.7044673539518901 0.24444444444444444 0.7079037800687286 0.2388888888888889 0.7044673539518901 0.23333333333333334 0.6941580756013745 0.22777777777777777 0.6838487972508591 0.2111111111111111 0.6701030927835051 0.2111111111111111 0.6666666666666666 0.21666666666666667 0.6632302405498282 0.21666666666666667 0.6597938144329897 0.2222222222222222 0.6563573883161512 0.2222222222222222 0.6460481099656358 0.23333333333333334 0.6357388316151202 0.23333333333333334 0.6323024054982818 0.2388888888888889 0.6219931271477663 0.2388888888888889 0.6219931271477663 0.23333333333333334 0.6185567010309279 0.22777777777777777 0.6185567010309279 0.2222222222222222 0.6116838487972509 0.2111111111111111 0.6116838487972509 0.20555555555555555 0.6082474226804123 0.2 0.6048109965635738 0.18333333333333332 0.5979381443298969 0.17222222222222222 0.5979381443298969 0.16666666666666666 0.5945017182130584 0.16111111111111112 0.5945017182130584 0.15 0.5910652920962199 0.14444444444444443 0.5945017182130584 0.1388888888888889 0.6013745704467354 0.1388888888888889 0.6048109965635738 0.13333333333333333 0.6323024054982818 0.13333333333333333 0.6426116838487973 0.12222222222222222 0.6529209621993127 0.12222222222222222 0.6597938144329897 0.1111111111111111 0.6701030927835051 0.1111111111111111 0.6735395189003437 0.10555555555555556 0.6769759450171822 0.10555555555555556 0.6804123711340206 0.1111111111111111 0.6941580756013745 0.1111111111111111 0.697594501718213 0.11666666666666667
19 0.7938144329896907 0.25 0.7972508591065293 0.25555555555555554 0.8006872852233677 0.25555555555555554 0.8144329896907216 0.2777777777777778 0.8213058419243986 0.2777777777777778 0.8247422680412371 0.2833333333333333 0.8419243986254296 0.2833333333333333 0.845360824742268 0.28888888888888886 0.852233676975945 0.28888888888888886 0.8556701030927835 0.29444444444444445 0.8625429553264605 0.29444444444444445 0.865979381443299 0.3 0.872852233676976 0.3 0.8762886597938144 0.3055555555555556 0.8831615120274914 0.3055555555555556 0.8865979381443299 0.3111111111111111 0.8934707903780069 0.3111111111111111 0.9037800687285223 0.32222222222222224 0.9140893470790378 0.32222222222222224 0.9175257731958762 0.3277777777777778 0.9209621993127147 0.3277777777777778 0.9312714776632303 0.3388888888888889 0.9415807560137457 0.3388888888888889 0.9484536082474226 0.35 0.9518900343642611 0.35 0.9553264604810997 0.35555555555555557 0.9587628865979382 0.35555555555555557 0.9621993127147767 0.35 0.9725085910652921 0.35 0.9759450171821306 0.34444444444444444 0.9862542955326461 0.34444444444444444 0.9862542955326461 0.35555555555555557 0.9759450171821306 0.3611111111111111 0.9690721649484536 0.37222222222222223 0.9621993127147767 0.37222222222222223 0.9587628865979382 0.37777777777777777 0.9553264604810997 0.37777777777777777 0.9450171821305842 0.3888888888888889 0.9381443298969072 0.3888888888888889 0.9347079037800687 0.39444444444444443 0.9278350515463918 0.39444444444444443 0.9243986254295533 0.4 0.9106529209621993 0.4 0.9037800687285223 0.3888888888888889 0.8762886597938144 0.3888888888888889 0.872852233676976 0.38333333333333336 0.865979381443299 0.38333333333333336 0.8625429553264605 0.37777777777777777 0.8591065292096219 0.38333333333333336 0.8487972508591065 0.36666666666666664 0.8487972508591065 0.3611111111111111 0.845360824742268 0.35555555555555557 0.8419243986254296 0.35555555555555557 0.8247422680412371 0.3277777777777778 0.8144329896907216 0.3277777777777778 0.8109965635738832 0.3333333333333333 0.8041237113402062 0.3333333333333333 0.8006872852233677 0.3388888888888889 0.8006872852233677 0.34444444444444444 0.7972508591065293 0.34444444444444444 0.7938144329896907 0.35 0.7903780068728522 0.34444444444444444 0.7800687285223368 0.34444444444444444 0.7766323024054983 0.3388888888888889 0.7697594501718213 0.3388888888888889 0.7697594501718213 0.3333333333333333 0.7628865979381443 0.32222222222222224 0.7628865979381443 0.3055555555555556 0.7697594501718213 0.28888888888888886 0.7697594501718213 0.2611111111111111 0.7766323024054983 0.24444444444444444 0.7869415807560137 0.24444444444444444 0.7903780068728522 0.25
19 0.36082474226804123 0.044444444444444446 0.3642611683848797 0.05 0.36769759450171824 0.05 0.3711340206185567 0.05555555555555555 0.3711340206185567 0.06111111111111111 0.38144329896907214 0.07777777777777778 0.38144329896907214 0.08888888888888889 0.3745704467353952 0.08888888888888889 0.3711340206185567 0.09444444444444444 0.3539518900343643 0.09444444444444444 0.3470790378006873 0.08333333333333333 0.3436426116838488 0.08333333333333333 0.3402061855670103 0.07777777777777778 0.33676975945017185 0.07777777777777778 0.3333333333333333 0.07222222222222222 0.32989690721649484 0.07222222222222222 0.31958762886597936 0.06111111111111111 0.29553264604810997 0.06111111111111111 0.2920962199312715 0.06666666666666667 0.2920962199312715 0.044444444444444446 0.29553264604810997 0.03888888888888889 0.3127147766323024 0.03888888888888889 0.3161512027491409 0.044444444444444446 0.35738831615120276 0.044444444444444446
19 0.2508591065292096 0.5055555555555555 0.2542955326460481 0.5111111111111111 0.2611683848797251 0.5111111111111111 0.2920962199312715 0.5611111111111111 0.29553264604810997 0.5611111111111111 0.29553264604810997 0.5666666666666667 0.29896907216494845 0.5722222222222222 0.29896907216494845 0.5833333333333334 0.2920962199312715 0.5944444444444444 0.2920962199312715 0.6 0.28865979381443296 0.6055555555555555 0.27835051546391754 0.6111111111111112 0.26804123711340205 0.6277777777777778 0.2646048109965636 0.6277777777777778 0.25773195876288657 0.6388888888888888 0.2542955326460481 0.6388888888888888 0.2508591065292096 0.6444444444444445 0.24742268041237114 0.6444444444444445 0.23711340206185566 0.6555555555555556 0.23024054982817868 0.6555555555555556 0.2268041237113402 0.6611111111111111 0.22336769759450173 0.6611111111111111 0.21993127147766323 0.6666666666666666 0.21649484536082475 0.6666666666666666 0.21305841924398625 0.6722222222222223 0.2027491408934708 0.6777777777777778 0.19243986254295534 0.6944444444444444 0.18900343642611683 0.6944444444444444 0.18556701030927836 0.7 0.18556701030927836 0.7055555555555556 0.1718213058419244 0.7277777777777777 0.16838487972508592 0.7277777777777777 0.16838487972508592 0.7222222222222222 0.1718213058419244 0.7166666666666667 0.16838487972508592 0.7111111111111111 0.16494845360824742 0.7111111111111111 0.16151202749140894 0.7166666666666667 0.16151202749140894 0.7222222222222222 0.15120274914089346 0.7222222222222222 0.14776632302405499 0.7277777777777777 0.14776632302405499 0.7333333333333333 0.13745704467353953 0.7388888888888889 0.1134020618556701 0.7777777777777778 0.10996563573883161 0.7777777777777778 0.10652920962199312 0.7833333333333333 0.10309278350515463 0.7833333333333333 0.09965635738831616 0.7888888888888889 0.08934707903780069 0.7944444444444444 0.0859106529209622 0.8 0.07903780068728522 0.8 0.07560137457044673 0.8055555555555556 0.048109965635738834 0.8055555555555556 0.044673539518900345 0.8 0.037800687285223365 0.8 0.044673539518900345 0.7888888888888889 0.044673539518900345 0.7777777777777778 0.041237113402061855 0.7722222222222223 0.044673539518900345 0.7666666666666667 0.041237113402061855 0.7611111111111111 0.048109965635738834 0.7611111111111111 0.05154639175257732 0.7555555555555555 0.05154639175257732 0.75 0.054982817869415807 0.7444444444444445 0.054982817869415807 0.7277777777777777 0.058419243986254296 0.7222222222222222 0.058419243986254296 0.7166666666666667 0.06529209621993128 0.7055555555555556 0.06529209621993128 0.6944444444444444 0.061855670103092786 0.6888888888888889 0.058419243986254296 0.6888888888888889 0.054982817869415807 0.6944444444444444 0.048109965635738834 0.6944444444444444 0.044673539518900345 0.7 0.041237113402061855 0.6944444444444444 0.037800687285223365 0.7 0.037800687285223365 0.7055555555555556 0.037800687285223365 0.7 0.044673539518900345 0.6833333333333333 0.041237113402061855 0.6777777777777778 0.048109965635738834 0.6777777777777778 0.058419243986254296 0.6888888888888889 0.06529209621993128 0.6777777777777778 0.06872852233676977 0.6777777777777778 0.07216494845360824 0.6722222222222223 0.07216494845360824 0.6666666666666666 0.06872852233676977 0.6611111111111111 0.06529209621993128 0.6666666666666666 0.05154639175257732 0.6666666666666666 0.054982817869415807 0.6611111111111111 0.058419243986254296 0.6444444444444445 0.054982817869415807 0.6388888888888888 0.048109965635738834 0.6388888888888888 0.044673539518900345 0.6333333333333333 0.05154639175257732 0.6333333333333333 0.054982817869415807 0.6277777777777778 0.054982817869415807 0.6222222222222222 0.061855670103092786 0.6111111111111112 0.061855670103092786 0.6 0.06529209621993128 0.5944444444444444 0.06529209621993128 0.5888888888888889 0.06872852233676977 0.5888888888888889 0.07216494845360824 0.5833333333333334 0.08934707903780069 0.5833333333333334 0.09278350515463918 0.5888888888888889 0.13402061855670103 0.5888888888888889 0.13745704467353953 0.5833333333333334 0.13745704467353953 0.5777777777777777 0.140893470790378 0.5777777777777777 0.14432989690721648 0.5722222222222222 0.14776632302405499 0.5722222222222222 0.15120274914089346 0.5666666666666667 0.15463917525773196 0.5666666666666667 0.15807560137457044 0.5611111111111111 0.16151202749140894 0.5611111111111111 0.1718213058419244 0.55 0.17869415807560138 0.55 0.18213058419243985 0.5444444444444444 0.19243986254295534 0.5444444444444444 0.1958762886597938 0.5388888888888889 0.19931271477663232 0.5388888888888889 0.2027491408934708 0.5333333333333333 0.20618556701030927 0.5333333333333333 0.21649484536082475 0.5222222222222223 0.22336769759450173 0.5222222222222223 0.23367697594501718 0.5111111111111111 0.24054982817869416 0.5111111111111111 0.24398625429553264 0.5055555555555555 0.24742268041237114 0.5055555555555555
19 0.2508591065292096 0.17222222222222222 0.2542955326460481 0.17777777777777778 0.26804123711340205 0.17777777777777778 0.27147766323024053 0.18333333333333332 0.281786941580756 0.18333333333333332 0.281786941580756 0.23333333333333334 0.2920962199312715 0.25 0.2920962199312715 0.26666666666666666 0.2852233676975945 0.2777777777777778 0.27491408934707906 0.2833333333333333 0.2646048109965636 0.3 0.2646048109965636 0.3055555555555556 0.2611683848797251 0.3111111111111111 0.2611683848797251 0.3333333333333333 0.26804123711340205 0.34444444444444444 0.26804123711340205 0.35 0.23367697594501718 0.35 0.23024054982817868 0.34444444444444444 0.23024054982817868 0.3388888888888889 0.22336769759450173 0.3277777777777778 0.22336769759450173 0.31666666666666665 0.21649484536082475 0.3055555555555556 0.21649484536082475 0.29444444444444445 0.20962199312714777 0.2833333333333333 0.20962199312714777 0.2777777777777778 0.2027491408934708 0.2611111111111111 0.2027491408934708 0.25 0.19931271477663232 0.24444444444444444 0.19931271477663232 0.2388888888888889 0.19243986254295534 0.22777777777777777 0.19243986254295534 0.2222222222222222 0.18900343642611683 0.21666666666666667 0.1958762886597938 0.21666666666666667 0.19931271477663232 0.2111111111111111 0.22336769759450173 0.2111111111111111 0.23367697594501718 0.19444444444444445 0.23711340206185566 0.19444444444444445 0.24398625429553264 0.17777777777777778 0.24742268041237114 0.17777777777777778
19 0.7800687285223368 0.34444444444444444 0.7903780068728522 0.35 0.7938144329896907 0.34444444444444444 0.7972508591065293 0.34444444444444444 0.8109965635738832 0.32222222222222224 0.8281786941580757 0.32222222222222224 0.8316151202749141 0.3277777777777778 0.8316151202749141 0.3333333333333333 0.8419243986254296 0.35 0.8419243986254296 0.35555555555555557 0.8487972508591065 0.36666666666666664 0.8487972508591065 0.37222222222222223 0.8556701030927835 0.38333333333333336 0.8556701030927835 0.4 0.8625429553264605 0.4111111111111111 0.845360824742268 0.4388888888888889 0.845360824742268 0.4444444444444444 0.8419243986254296 0.4444444444444444 0.8384879725085911 0.45 0.8350515463917526 0.4444444444444444 0.8178694158075601 0.4444444444444444 0.8144329896907216 0.4388888888888889 0.8109965635738832 0.4388888888888889 0.8075601374570447 0.43333333333333335 0.8041237113402062 0.43333333333333335 0.8006872852233677 0.42777777777777776 0.7903780068728522 0.4222222222222222 0.7800687285223368 0.40555555555555556 0.7800687285223368 0.39444444444444443 0.7766323024054983 0.3888888888888889 0.7731958762886598 0.37222222222222223 0.7835051546391752 0.35555555555555557 0.7835051546391752 0.35
19 0.17869415807560138 0.6 0.18556701030927836 0.6 0.1958762886597938 0.6111111111111112 0.19931271477663232 0.6111111111111112 0.2027491408934708 0.6055555555555555 0.21305841924398625 0.6055555555555555 0.22336769759450173 0.6222222222222222 0.2268041237113402 0.6222222222222222 0.2268041237113402 0.6277777777777778 0.22336769759450173 0.6277777777777778 0.21993127147766323 0.6333333333333333 0.21993127147766323 0.6388888888888888 0.22336769759450173 0.6444444444444445 0.23024054982817868 0.6444444444444445 0.23367697594501718 0.65 0.24054982817869416 0.65 0.24398625429553264 0.6444444444444445 0.2508591065292096 0.6444444444444445 0.25773195876288657 0.6333333333333333 0.25773195876288657 0.6277777777777778 0.26804123711340205 0.6333333333333333 0.27491408934707906 0.6222222222222222 0.27147766323024053 0.6166666666666667 0.27835051546391754 0.6166666666666667 0.2852233676975945 0.6055555555555555 0.281786941580756 0.6 0.2852233676975945 0.6055555555555555 0.28865979381443296 0.6 0.2920962199312715 0.6 0.28865979381443296 0.6055555555555555 0.28865979381443296 0.6111111111111112 0.27147766323024053 0.6333333333333333 0.26804123711340205 0.65 0.2611683848797251 0.6611111111111111 0.2611683848797251 0.6666666666666666 0.25773195876288657 0.6722222222222223 0.24742268041237114 0.6722222222222223 0.24398625429553264 0.6777777777777778 0.2268041237113402 0.6777777777777778 0.22336769759450173 0.6833333333333333 0.22336769759450173 0.6777777777777778 0.21993127147766323 0.6722222222222223 0.21649484536082475 0.6722222222222223 0.20962199312714777 0.6833333333333333 0.20962199312714777 0.6944444444444444 0.20618556701030927 0.6944444444444444 0.2027491408934708 0.6888888888888889 0.1958762886597938 0.7 0.1958762886597938 0.7055555555555556 0.19243986254295534 0.7111111111111111 0.18900343642611683 0.7111111111111111 0.1718213058419244 0.7388888888888889 0.16494845360824742 0.7388888888888889 0.16151202749140894 0.7444444444444445 0.14432989690721648 0.7444444444444445 0.15120274914089346 0.7333333333333333 0.15120274914089346 0.7277777777777777 0.1718213058419244 0.6944444444444444 0.17525773195876287 0.6944444444444444 0.1958762886597938 0.6611111111111111 0.19931271477663232 0.6611111111111111 0.20618556701030927 0.65 0.20618556701030927 0.6333333333333333 0.2027491408934708 0.6277777777777778 0.1958762886597938 0.6277777777777778 0.19243986254295534 0.6222222222222222 0.18213058419243985 0.6222222222222222 0.18213058419243985 0.6111111111111112 0.17869415807560138 0.6055555555555555